ID,Target_LogLoss,Target_AUC
ID_LEG1GM,0.00047725265635010204,0.00047725265635010204
ID_1UKOKW,0.0011557730048524079,0.0011557730048524079
ID_U5H2YK,0.048325172467254505,0.048325172467254505
ID_55957A,0.03437819428551739,0.03437819428551739
ID_N1AC0A,0.0004786660971927086,0.0004786660971927086
ID_4R3SGT,0.0004895417270903191,0.0004895417270903191
ID_NVW38U,0.014343020763460453,0.014343020763460453
ID_15LAWX,0.00047725265635010204,0.00047725265635010204
ID_DPNOLZ,0.009645897248564787,0.009645897248564787
ID_GXO4MZ,0.001291255502564372,0.001291255502564372
ID_TWJ95S,0.01129729764743749,0.01129729764743749
ID_F6RQR5,0.00025552380104953775,0.00025552380104953775
ID_OD0S5Q,0.03286996174186173,0.03286996174186173
ID_L4DEEY,0.008587841602150223,0.008587841602150223
ID_H0WWMP,0.0004895417270903191,0.0004895417270903191
ID_NK0GGQ,0.0004786660971927086,0.0004786660971927086
ID_C3E07L,0.0016779743298462528,0.0016779743298462528
ID_8ZHOIS,0.00047725265635010204,0.00047725265635010204
ID_WEM7E6,0.12195953177567284,0.12195953177567284
ID_EI276D,0.015211150258781678,0.015211150258781678
ID_WY9YFZ,0.0007582873348978884,0.0007582873348978884
ID_VGITCI,0.009645897248564787,0.009645897248564787
ID_NHFYZX,0.00025552380104953775,0.00025552380104953775
ID_PZPP2T,0.000916507244716476,0.000916507244716476
ID_YSGK3Y,0.0004786660971927086,0.0004786660971927086
ID_RT29AK,0.0010115927827506665,0.0010115927827506665
ID_AUK2TM,0.0475461302279037,0.0475461302279037
ID_QZA91L,0.03655032845404171,0.03655032845404171
ID_CWTE3D,0.023712406635260103,0.023712406635260103
ID_E04V5D,0.00025552380104953775,0.00025552380104953775
ID_XTGV9Y,0.00047725265635010204,0.00047725265635010204
ID_ADLLTR,0.00047725265635010204,0.00047725265635010204
ID_938PPA,0.00047725265635010204,0.00047725265635010204
ID_68PA5Q,0.00047725265635010204,0.00047725265635010204
ID_EJJIM0,0.0004895417270903191,0.0004895417270903191
ID_9EEUE8,0.0010115927827506665,0.0010115927827506665
ID_EZ948R,0.05219700979860813,0.05219700979860813
ID_E0HFQZ,0.00036187820190316367,0.00036187820190316367
ID_KGXIB9,0.009831841714571915,0.009831841714571915
ID_ZXY6XK,0.0004786660971927086,0.0004786660971927086
ID_TEKWLH,0.0013776698973477202,0.0013776698973477202
ID_BWUBOA,0.0005672783489714583,0.0005672783489714583
ID_0KPGAQ,0.0006032434622778236,0.0006032434622778236
ID_3LJO3C,0.0010472782492781088,0.0010472782492781088
ID_WRG2RD,0.00045834568811762937,0.00045834568811762937
ID_4K4IHE,0.0003007094643060137,0.0003007094643060137
ID_U9Z9PF,0.0008658976531252038,0.0008658976531252038
ID_HX6A7Q,0.04203209891998881,0.04203209891998881
ID_CB9JIH,0.018877515291816433,0.018877515291816433
ID_HP3OJC,0.014343020763460453,0.014343020763460453
ID_15CTIR,0.04753610419257599,0.04753610419257599
ID_A7QLXN,0.001291255502564372,0.001291255502564372
ID_97B102,0.009835574883859576,0.009835574883859576
ID_2JV0A5,0.05974728847428049,0.05974728847428049
ID_4BHS4D,0.008021687116759829,0.008021687116759829
ID_475FQ7,0.0004895417270903191,0.0004895417270903191
ID_OOU6SR,0.0004895417270903191,0.0004895417270903191
ID_K9F2L9,0.0007582873348978884,0.0007582873348978884
ID_HVXRWN,0.008021687116759829,0.008021687116759829
ID_OD84X2,0.014343020763460453,0.014343020763460453
ID_S015G9,0.00025552380104953775,0.00025552380104953775
ID_SV5TAT,0.028433081203890653,0.028433081203890653
ID_CDCTHP,0.00045834568811762937,0.00045834568811762937
ID_AROTJX,0.0005307684774054838,0.0005307684774054838
ID_EHAJ1K,0.5796006399934169,0.5796006399934169
ID_IEX25G,0.0010472782492781088,0.0010472782492781088
ID_W88WIY,0.001176867494670328,0.001176867494670328
ID_J6RJJ3,0.015211150258781678,0.015211150258781678
ID_HXXXEO,0.0004895417270903191,0.0004895417270903191
ID_X4RW56,0.01018930775159621,0.01018930775159621
ID_R34IVE,0.26027640934465335,0.26027640934465335
ID_42HTPO,0.01174875681521468,0.01174875681521468
ID_S29RDB,0.0004786660971927086,0.0004786660971927086
ID_D92BW9,0.0004895417270903191,0.0004895417270903191
ID_LM303R,0.0006705939788264608,0.0006705939788264608
ID_9D1349,0.009831841714571915,0.009831841714571915
ID_YXYTNR,0.010634894865320446,0.010634894865320446
ID_LGBT94,0.015211150258781678,0.015211150258781678
ID_F5D4F1,0.00025552380104953775,0.00025552380104953775
ID_LCRAB6,0.009014620520786821,0.009014620520786821
ID_2S8CNZ,0.0005523356300466672,0.0005523356300466672
ID_1SGSZE,0.00047848269953058625,0.00047848269953058625
ID_KKBQQS,0.05464671184027223,0.05464671184027223
ID_XMDQ0Y,0.00024342597910047227,0.00024342597910047227
ID_J1LSS5,0.00027903124214752,0.00027903124214752
ID_UKASHO,0.0001447358406955845,0.0001447358406955845
ID_3RTT5L,0.0012891358422238884,0.0012891358422238884
ID_HWGAEQ,0.00015957563503566947,0.00015957563503566947
ID_U0LN1Z,0.002363541577516685,0.002363541577516685
ID_XCBXS7,0.0012966421674581552,0.0012966421674581552
ID_YFDC0M,0.00015957563503566947,0.00015957563503566947
ID_RCNWC6,0.0016683246506655613,0.0016683246506655613
ID_671WLE,0.0011850217584636511,0.0011850217584636511
ID_JXJ5V1,0.0003158992280548798,0.0003158992280548798
ID_QMT9FM,0.0014152674855057198,0.0014152674855057198
ID_VUL81Z,0.0003570905730657242,0.0003570905730657242
ID_MRZSZ3,0.00034092398179980614,0.00034092398179980614
ID_8HVUID,0.00010156460833632328,0.00010156460833632328
ID_3410TA,0.00040382767365740335,0.00040382767365740335
ID_ETZB50,0.00020911518668731972,0.00020911518668731972
ID_C19QG9,0.00015957563503566947,0.00015957563503566947
ID_L44KDR,0.00027903124214752,0.00027903124214752
ID_4DI6LA,0.00024342597910047227,0.00024342597910047227
ID_MLY1IW,0.0002805860925107657,0.0002805860925107657
ID_93HGEN,0.0027024531678834837,0.0027024531678834837
ID_LIHISF,0.0003749801140414638,0.0003749801140414638
ID_WE6D86,0.0001784163302861753,0.0001784163302861753
ID_GPFY9L,0.0004313227271055552,0.0004313227271055552
ID_RODTO0,0.00027903124214752,0.00027903124214752
ID_RX87BE,0.00015957563503566947,0.00015957563503566947
ID_38DTWE,0.0004974064657884913,0.0004974064657884913
ID_OZURHC,0.004431693914784925,0.004431693914784925
ID_C837CJ,0.0002453182495490128,0.0002453182495490128
ID_P91IX6,0.00015957563503566947,0.00015957563503566947
ID_8NF6B2,0.00020911518668731972,0.00020911518668731972
ID_4TNPPX,0.00015910057833274906,0.00015910057833274906
ID_B3KWIH,0.00027903124214752,0.00027903124214752
ID_SG931P,0.00023938897370442562,0.00023938897370442562
ID_BEPICH,0.00016879762456335578,0.00016879762456335578
ID_08XJFG,0.00023938897370442562,0.00023938897370442562
ID_D3YDST,0.00098467893941975,0.00098467893941975
ID_I6YHZD,0.00033045865161121816,0.00033045865161121816
ID_85J874,0.00023871638510912206,0.00023871638510912206
ID_VQEIBY,0.00023938897370442562,0.00023938897370442562
ID_0JQSZK,7.625911324596719e-05,7.625911324596719e-05
ID_JIDZNT,0.00023687502629523405,0.00023687502629523405
ID_15PDE4,0.0004940652705165377,0.0004940652705165377
ID_PKN25B,0.00011385867556407546,0.00011385867556407546
ID_D5RQPV,0.00041667602319557447,0.00041667602319557447
ID_0QRDVL,0.0001045945907953333,0.0001045945907953333
ID_LCBLI1,0.0001326224792152625,0.0001326224792152625
ID_RC9RKR,0.0002889503569623931,0.0002889503569623931
ID_HFEO8Z,0.00010602899938202635,0.00010602899938202635
ID_EFQEXF,0.00027627959835185053,0.00027627959835185053
ID_9UK4KJ,6.482424560106154e-05,6.482424560106154e-05
ID_VEMXQ2,3.817556130850151e-05,3.817556130850151e-05
ID_VGN8QR,6.482424560106154e-05,6.482424560106154e-05
ID_04QBJK,4.973234562874041e-05,4.973234562874041e-05
ID_M6902J,0.00018399769748467915,0.00018399769748467915
ID_5662X6,0.0002523638413283574,0.0002523638413283574
ID_EMVPFU,0.00011385867556407546,0.00011385867556407546
ID_7KALEL,0.0028619506281705523,0.0028619506281705523
ID_8APH0Q,0.000195568807684978,0.000195568807684978
ID_KR985R,5.663874454566293e-05,5.663874454566293e-05
ID_87YV3I,5.663874454566293e-05,5.663874454566293e-05
ID_TR8ASA,0.00010602899938202635,0.00010602899938202635
ID_MCNRLY,0.00021683319565523883,0.00021683319565523883
ID_U2C1OY,3.817556130850151e-05,3.817556130850151e-05
ID_02VC5B,0.00011651381395802091,0.00011651381395802091
ID_IMR2O6,0.00011385867556407546,0.00011385867556407546
ID_11U5X3,0.0001045945907953333,0.0001045945907953333
ID_BWQ4QE,0.00011385867556407546,0.00011385867556407546
ID_LMJQO0,0.0001045945907953333,0.0001045945907953333
ID_J8X1JQ,5.663874454566293e-05,5.663874454566293e-05
ID_IVOGMZ,0.003291453713993554,0.003291453713993554
ID_Z9OCJD,5.663874454566293e-05,5.663874454566293e-05
ID_W22JQT,3.817556130850151e-05,3.817556130850151e-05
ID_JG6KVB,0.00011385867556407546,0.00011385867556407546
ID_IRIQ9N,0.002615224143182299,0.002615224143182299
ID_O059B0,0.00011651381395802091,0.00011651381395802091
ID_CTIZD5,8.549152897863173e-05,8.549152897863173e-05
ID_ZIXA8E,0.00011385867556407546,0.00011385867556407546
ID_NB1NLU,5.938721973231132e-05,5.938721973231132e-05
ID_U6ULCZ,0.00011385867556407546,0.00011385867556407546
ID_QSX3RO,0.006049246450205892,0.006049246450205892
ID_1UA6WQ,0.0024967658138937633,0.0024967658138937633
ID_XPSO6B,3.817556130850151e-05,3.817556130850151e-05
ID_2ZQ7PC,0.00017758614596334745,0.00017758614596334745
ID_WDF4T1,0.00011385867556407546,0.00011385867556407546
ID_P6V6NH,0.00037079692382703793,0.00037079692382703793
ID_224AL4,3.817556130850151e-05,3.817556130850151e-05
ID_BOJ8C6,0.0002481624778067147,0.0002481624778067147
ID_FHTL2A,6.482424560106154e-05,6.482424560106154e-05
ID_4JT5BR,7.86993643185828e-05,7.86993643185828e-05
ID_3JRM7J,5.663874454566293e-05,5.663874454566293e-05
ID_QCP4DY,0.00010557971378194413,0.00010557971378194413
ID_N9NVTY,0.00017249372602018976,0.00017249372602018976
ID_L8NEX2,0.00011651381395802091,0.00011651381395802091
ID_V0ITZI,3.817556130850151e-05,3.817556130850151e-05
ID_U810NE,0.00011651381395802091,0.00011651381395802091
ID_T7IUG7,0.0001045945907953333,0.0001045945907953333
ID_P2HPA7,0.00011651381395802091,0.00011651381395802091
ID_7HCA07,0.00016514050670703823,0.00016514050670703823
ID_H1MCDH,0.00011385867556407546,0.00011385867556407546
ID_JAGL6N,3.817556130850151e-05,3.817556130850151e-05
ID_Q07G0X,0.00012932999473430146,0.00012932999473430146
ID_GFGBJP,0.0004115116966226385,0.0004115116966226385
ID_CCCZIE,0.00022526990562750493,0.00022526990562750493
ID_590HV5,0.00021411033867937162,0.00021411033867937162
ID_3V4E7G,0.00010775236428857871,0.00010775236428857871
ID_GIQVVF,8.291650544986364e-05,8.291650544986364e-05
ID_QLQOL2,0.00020362518064642745,0.00020362518064642745
ID_0CE2HK,0.00036445036667719,0.00036445036667719
ID_QG2TA1,0.0003582160609425562,0.0003582160609425562
ID_06I476,0.00041860711945903244,0.00041860711945903244
ID_MJ1FKS,0.00037348823594177447,0.00037348823594177447
ID_CVPRQL,0.00023977805834263788,0.00023977805834263788
ID_SZV3JP,0.0004298949187682586,0.0004298949187682586
ID_97O1LE,0.00015924476830309875,0.00015924476830309875
ID_DXPTCG,0.00020180063345487338,0.00020180063345487338
ID_VP7MWU,0.00021411033867937162,0.00021411033867937162
ID_YI13PR,9.570286836655115e-05,9.570286836655115e-05
ID_GKSEUX,0.00031133979938326677,0.00031133979938326677
ID_2JDZDR,0.00022910025148874488,0.00022910025148874488
ID_ESCEIY,0.0009215277478646359,0.0009215277478646359
ID_7YX6BJ,0.00010247510921700439,0.00010247510921700439
ID_K1MSGS,8.525689371237522e-05,8.525689371237522e-05
ID_HACR8W,0.00021411033867937162,0.00021411033867937162
ID_7IAGGB,0.00020180063345487338,0.00020180063345487338
ID_K1P3J8,0.0017655475284429967,0.0017655475284429967
ID_GHJU0P,0.00010586324434959004,0.00010586324434959004
ID_QB2VOQ,0.00019386436335940135,0.00019386436335940135
ID_917FV8,8.291650544986364e-05,8.291650544986364e-05
ID_XW1VHF,0.00020180063345487338,0.00020180063345487338
ID_UK4G6M,0.00023576923145431363,0.00023576923145431363
ID_BIPA8U,0.00012057181943262785,0.00012057181943262785
ID_Z3YZCX,0.00031133979938326677,0.00031133979938326677
ID_OII8NJ,0.00022910025148874488,0.00022910025148874488
ID_KVZHRX,8.277466171072929e-05,8.277466171072929e-05
ID_KKWKS6,0.00030458202395799533,0.00030458202395799533
ID_OABA3T,0.00017425026986160353,0.00017425026986160353
ID_XK9A5W,0.00019191817601725173,0.00019191817601725173
ID_QCOJ3X,0.00030458202395799533,0.00030458202395799533
ID_10YMBD,6.645283849024365e-05,6.645283849024365e-05
ID_LPH3DB,0.0004545883140775496,0.0004545883140775496
ID_KHSX16,0.00026806900440920733,0.00026806900440920733
ID_LTGA17,0.00012057181943262785,0.00012057181943262785
ID_3B3D83,0.00016199965324293093,0.00016199965324293093
ID_UQ2ERA,9.395583317120102e-05,9.395583317120102e-05
ID_RJVPF3,0.00031133979938326677,0.00031133979938326677
ID_HV0S70,0.00018834028400357104,0.00018834028400357104
ID_XBEH87,0.00022910025148874488,0.00022910025148874488
ID_RU36LB,0.00023106730457737843,0.00023106730457737843
ID_ZX0HBQ,0.0003433211023976708,0.0003433211023976708
ID_GKT8DV,0.00023576923145431363,0.00023576923145431363
ID_KHKU4Q,0.00023977805834263788,0.00023977805834263788
ID_XIMM99,0.0003758674901586069,0.0003758674901586069
ID_TBU5R1,0.00017289783040890238,0.00017289783040890238
ID_IXDD5C,0.00017425026986160353,0.00017425026986160353
ID_O6NVIA,0.00044732726989397053,0.00044732726989397053
ID_SUN5EY,0.0004931311249674521,0.0004931311249674521
ID_GYZ4QD,0.002304740794002428,0.002304740794002428
ID_L7KG54,0.0001686315371811869,0.0001686315371811869
ID_S6HTFD,0.00022910025148874488,0.00022910025148874488
ID_P06QON,6.645283849024365e-05,6.645283849024365e-05
ID_YOWRSL,0.000543710788677169,0.000543710788677169
ID_U5VLSB,6.00368155583923e-05,6.00368155583923e-05
ID_XGW2O2,0.00020180063345487338,0.00020180063345487338
ID_GQEHIP,0.00040704012212601254,0.00040704012212601254
ID_SG18NS,6.645283849024365e-05,6.645283849024365e-05
ID_V1RUP1,0.00010775236428857871,0.00010775236428857871
ID_SATMW5,0.0004115116966226385,0.0004115116966226385
ID_7BECWT,0.0002115008889840356,0.0002115008889840356
ID_S0YLSK,8.795635853290098e-05,8.795635853290098e-05
ID_KQF7DD,0.0003096145820472645,0.0003096145820472645
ID_L0BWUO,0.00012057181943262785,0.00012057181943262785
ID_QFB1JA,8.277466171072929e-05,8.277466171072929e-05
ID_5H2YDZ,0.00018508917929998818,0.00018508917929998818
ID_DT5H48,0.00017289783040890238,0.00017289783040890238
ID_EPUV7F,0.00011809829626412362,0.00011809829626412362
ID_D1W7AZ,0.00022910025148874488,0.00022910025148874488
ID_UOLZNR,6.00368155583923e-05,6.00368155583923e-05
ID_J7N1FB,0.00017559629030467275,0.00017559629030467275
ID_Q56GYN,0.00020362518064642745,0.00020362518064642745
ID_QM0CUB,0.000520790897555517,0.000520790897555517
ID_KFZM4L,0.00017289783040890238,0.00017289783040890238
ID_0JG3TM,0.00021411033867937162,0.00021411033867937162
ID_SU3V8X,6.645283849024365e-05,6.645283849024365e-05
ID_85P4YH,0.0002172052534511485,0.0002172052534511485
ID_IZF4GN,0.00017289783040890238,0.00017289783040890238
ID_9V9BNJ,0.0004985256910303326,0.0004985256910303326
ID_COSLW0,8.525689371237522e-05,8.525689371237522e-05
ID_JNAKG5,0.00022526990562750493,0.00022526990562750493
ID_22FKG1,0.0004115116966226385,0.0004115116966226385
ID_GO2BVN,0.0003164702788991735,0.0003164702788991735
ID_1D3R5U,0.00022526990562750493,0.00022526990562750493
ID_6HDHTS,0.00036445036667719,0.00036445036667719
ID_W82UZ2,0.0004171662581863537,0.0004171662581863537
ID_B8QQ14,0.00021411033867937162,0.00021411033867937162
ID_D50NYH,0.00021411033867937162,0.00021411033867937162
ID_TR3LZI,0.0001384872486681217,0.0001384872486681217
ID_X03IG4,0.00044332556659406507,0.00044332556659406507
ID_9W1DTW,7.419888723453523e-05,7.419888723453523e-05
ID_ELVMT3,0.0003111196816610556,0.0003111196816610556
ID_ACLR4X,0.00021411033867937162,0.00021411033867937162
ID_526E6B,0.00021411033867937162,0.00021411033867937162
ID_85BO18,0.00036445036667719,0.00036445036667719
ID_F7ZIJZ,0.0002870579094245305,0.0002870579094245305
ID_8DRM77,0.0003563019190723245,0.0003563019190723245
ID_7HA42W,0.0004029638040800332,0.0004029638040800332
ID_H0LTUX,0.0031550924708889116,0.0031550924708889116
ID_60JSZD,0.00032574008304599075,0.00032574008304599075
ID_U03OKF,0.00022910025148874488,0.00022910025148874488
ID_PG3BYK,0.00020362518064642745,0.00020362518064642745
ID_1VXGUB,0.000442652424635209,0.000442652424635209
ID_SA0EJV,0.0003259038150370652,0.0003259038150370652
ID_TG0ZNO,0.0001643804028416322,0.0001643804028416322
ID_OK1VUP,0.00019647106385103515,0.00019647106385103515
ID_NMESH4,0.00043293160955771583,0.00043293160955771583
ID_EWJ9VO,9.395583317120102e-05,9.395583317120102e-05
ID_HY4MBL,0.00017425026986160353,0.00017425026986160353
ID_VR31M9,0.0003563019190723245,0.0003563019190723245
ID_DPT0O6,8.291650544986364e-05,8.291650544986364e-05
ID_0CCA4F,0.0003259038150370652,0.0003259038150370652
ID_8DEOE6,0.00017425026986160353,0.00017425026986160353
ID_6PMH8O,0.0002787023927186015,0.0002787023927186015
ID_G4SI0V,0.00014414179347299253,0.00014414179347299253
ID_FFXJXU,0.00021411033867937162,0.00021411033867937162
ID_FP7DXV,9.395583317120102e-05,9.395583317120102e-05
ID_9GWO0I,0.00012189189316938198,0.00012189189316938198
ID_5K7ETI,0.00012057181943262785,0.00012057181943262785
ID_IUXQPV,0.00035763256304520983,0.00035763256304520983
ID_0OMUID,0.00037348823594177447,0.00037348823594177447
ID_YFBVK9,0.00022526990562750493,0.00022526990562750493
ID_V8VLC8,0.00013289404201145933,0.00013289404201145933
ID_00DZUV,0.0004298949187682586,0.0004298949187682586
ID_ZOW6TO,8.277466171072929e-05,8.277466171072929e-05
ID_HI16T2,0.00023977805834263788,0.00023977805834263788
ID_O76VHW,0.0007001386122220943,0.0007001386122220943
ID_UUULV5,0.0004505142983456756,0.0004505142983456756
ID_MHJ12U,0.0001643804028416322,0.0001643804028416322
ID_WKRV0S,0.0003209655378815913,0.0003209655378815913
ID_0EDVOO,0.0003195099936916327,0.0003195099936916327
ID_LZENBE,0.0005329573790484488,0.0005329573790484488
ID_SWD2XV,0.00045924927176786023,0.00045924927176786023
ID_HRPHAH,0.0003736515472700358,0.0003736515472700358
ID_LOIBL7,0.0008424408503773895,0.0008424408503773895
ID_O5A5SL,6.93799742744692e-05,6.93799742744692e-05
ID_JDKEGM,0.0001896660287577994,0.0001896660287577994
ID_9BJ65V,0.0008952152832468375,0.0008952152832468375
ID_TOUBDS,0.00017289496673268144,0.00017289496673268144
ID_LYPHKJ,8.62844571079223e-05,8.62844571079223e-05
ID_7BRQK3,0.00014991024092684684,0.00014991024092684684
ID_QFQB36,0.0005362022498926759,0.0005362022498926759
ID_RD2HT8,0.001904656078254756,0.001904656078254756
ID_3IQMTD,6.93799742744692e-05,6.93799742744692e-05
ID_YVW8FX,0.0003132967461871392,0.0003132967461871392
ID_8X19A2,0.0001409310440606787,0.0001409310440606787
ID_7UBQQ1,0.0005284513740284226,0.0005284513740284226
ID_RPDIFP,0.0009845037788350829,0.0009845037788350829
ID_M6XT25,0.0002659979644286122,0.0002659979644286122
ID_RDJTK6,0.0008713989999947882,0.0008713989999947882
ID_IK48F6,0.00035019965924329633,0.00035019965924329633
ID_BH8L7O,9.55650978651188e-05,9.55650978651188e-05
ID_5MC5NZ,0.0009656571203690712,0.0009656571203690712
ID_U8UVJ0,0.0005089244681451173,0.0005089244681451173
ID_28EYPT,0.001904656078254756,0.001904656078254756
ID_93YWC8,0.000782484474754517,0.000782484474754517
ID_V5332N,9.70649390929031e-05,9.70649390929031e-05
ID_W6HDV5,0.00027134101865222216,0.00027134101865222216
ID_63DZQ1,0.0003991835724393228,0.0003991835724393228
ID_IU1RUI,0.0008424408503773895,0.0008424408503773895
ID_OXNKLU,0.0005329573790484488,0.0005329573790484488
ID_VM1XCG,6.93799742744692e-05,6.93799742744692e-05
ID_35VBIN,0.0010344020290816338,0.0010344020290816338
ID_SVQ88Q,0.0007001671125056659,0.0007001671125056659
ID_JFWEX9,0.0008424408503773895,0.0008424408503773895
ID_PHWF17,0.00013634623687930708,0.00013634623687930708
ID_Y5BIWA,0.0011424629316392795,0.0011424629316392795
ID_FZVHYY,0.00036370906439575136,0.00036370906439575136
ID_EPTS2K,0.00013634623687930708,0.00013634623687930708
ID_Y7L6RK,6.93799742744692e-05,6.93799742744692e-05
ID_M3CIP9,0.000782484474754517,0.000782484474754517
ID_GJR246,6.93799742744692e-05,6.93799742744692e-05
ID_WOOP5X,0.0001358576102823905,0.0001358576102823905
ID_89A4YE,0.00019398209437166157,0.00019398209437166157
ID_R1CD9F,0.00018762027974042884,0.00018762027974042884
ID_NEBCGE,0.0006832923879124303,0.0006832923879124303
ID_AY542M,0.0030809558874799743,0.0030809558874799743
ID_KC3CBG,8.62844571079223e-05,8.62844571079223e-05
ID_K4ZNMT,0.0001336974187743216,0.0001336974187743216
ID_SBU7DK,0.0008424408503773895,0.0008424408503773895
ID_60I9OZ,0.00028703541248666103,0.00028703541248666103
ID_CON7O4,0.0008611013481915566,0.0008611013481915566
ID_WYGX88,0.0011413031614517482,0.0011413031614517482
ID_KEJ9UP,0.0008385008108770365,0.0008385008108770365
ID_49D2AR,9.70649390929031e-05,9.70649390929031e-05
ID_V7DMUX,0.00022198957212197137,0.00022198957212197137
ID_ZLQ4JH,6.93799742744692e-05,6.93799742744692e-05
ID_677O8P,0.0001837861137963776,0.0001837861137963776
ID_D02ECF,0.0005473269606688394,0.0005473269606688394
ID_5QBTV9,0.00012311050573028898,0.00012311050573028898
ID_25GIGF,0.0001262824342825241,0.0001262824342825241
ID_2EYUSI,0.0007276417959012276,0.0007276417959012276
ID_AFJISS,0.0001336974187743216,0.0001336974187743216
ID_P95MFR,9.70649390929031e-05,9.70649390929031e-05
ID_7LNIHE,0.0009432625056296702,0.0009432625056296702
ID_RJFY9O,0.0007663287248361909,0.0007663287248361909
ID_DHPPV2,0.00016585206651357402,0.00016585206651357402
ID_GW0TFH,9.70649390929031e-05,9.70649390929031e-05
ID_NL68DQ,0.001904656078254756,0.001904656078254756
ID_7V19DB,0.000843892157340146,0.000843892157340146
ID_8H47OG,0.0004620374272331322,0.0004620374272331322
ID_ZVKA4U,6.93799742744692e-05,6.93799742744692e-05
ID_ATOU9I,0.0001855236164012715,0.0001855236164012715
ID_XYCHYM,6.93799742744692e-05,6.93799742744692e-05
ID_E34NO5,0.000204977900233584,0.000204977900233584
ID_P64AZ0,0.0008385008108770365,0.0008385008108770365
ID_1QOZJU,6.93799742744692e-05,6.93799742744692e-05
ID_XLYALT,0.00018930127869342986,0.00018930127869342986
ID_WGDRNV,0.0008948854646935059,0.0008948854646935059
ID_B6R04O,0.00019538130447628626,0.00019538130447628626
ID_LNUKMI,0.0002824229068900718,0.0002824229068900718
ID_YQU1KF,6.93799742744692e-05,6.93799742744692e-05
ID_8NHM2A,0.000333912791767322,0.000333912791767322
ID_CDOW4B,0.000782484474754517,0.000782484474754517
ID_EX6VFO,0.00032831881291870574,0.00032831881291870574
ID_5RO8MY,0.00023113706903083773,0.00023113706903083773
ID_JLMYMA,9.55650978651188e-05,9.55650978651188e-05
ID_MVEV3V,0.0007430086147096115,0.0007430086147096115
ID_5S5YUE,6.93799742744692e-05,6.93799742744692e-05
ID_6VX4DA,0.0004520267198562825,0.0004520267198562825
ID_SC5634,0.000782484474754517,0.000782484474754517
ID_EZO6E7,0.0003983663778038392,0.0003983663778038392
ID_6QKL3H,0.00027134101865222216,0.00027134101865222216
ID_A11EEW,0.0010848223595508585,0.0010848223595508585
ID_1F53HQ,0.0001855236164012715,0.0001855236164012715
ID_BPD0T4,6.93799742744692e-05,6.93799742744692e-05
ID_6P0J6L,0.0002702770070869117,0.0002702770070869117
ID_2M35S8,0.0028294097032018567,0.0028294097032018567
ID_Z0NFOR,0.0006832923879124303,0.0006832923879124303
ID_EXDP8Y,0.00018363626753832238,0.00018363626753832238
ID_QRLVAL,0.00028703541248666103,0.00028703541248666103
ID_Y8G6YL,9.70649390929031e-05,9.70649390929031e-05
ID_X6X0ZN,0.00018762027974042884,0.00018762027974042884
ID_LYVJ1L,6.93799742744692e-05,6.93799742744692e-05
ID_MNE22V,0.00010048653748040168,0.00010048653748040168
ID_PUNH2D,0.000333912791767322,0.000333912791767322
ID_8WSWMT,0.0008182577093622613,0.0008182577093622613
ID_ZDYSIZ,0.0001458194014825384,0.0001458194014825384
ID_PFPEKM,0.0001409310440606787,0.0001409310440606787
ID_NNZAIC,0.0005509374967471804,0.0005509374967471804
ID_1TLG7R,0.0009656571203690712,0.0009656571203690712
ID_9H2JEC,0.0001409310440606787,0.0001409310440606787
ID_LLCJJG,0.0008503623457611606,0.0008503623457611606
ID_7ILKZQ,0.0001972805472134136,0.0001972805472134136
ID_UBXNCV,0.00027134101865222216,0.00027134101865222216
ID_UXA3BF,0.0009377759431927722,0.0009377759431927722
ID_249DRM,0.0004319854683466065,0.0004319854683466065
ID_Z9QNGS,0.0005329573790484488,0.0005329573790484488
ID_5V5YL7,0.0002824229068900718,0.0002824229068900718
ID_A7GQU5,0.00018363626753832238,0.00018363626753832238
ID_B33J1S,6.93799742744692e-05,6.93799742744692e-05
ID_KO7FBB,0.0006034011468860982,0.0006034011468860982
ID_7DB6U3,0.00122604403902083,0.00122604403902083
ID_L6C55N,0.0005646052786011236,0.0005646052786011236
ID_5S3A5Z,0.00013634623687930708,0.00013634623687930708
ID_WNRIP1,0.00036515422537144684,0.00036515422537144684
ID_14WLPI,0.0002715013875578573,0.0002715013875578573
ID_O9X6J6,0.0007867363225394489,0.0007867363225394489
ID_RA2DLW,0.0015742823254175887,0.0015742823254175887
ID_3ARXWX,0.0011214208096941753,0.0011214208096941753
ID_GTXRS7,0.0007430086147096115,0.0007430086147096115
ID_53HFX3,0.0005799847659639369,0.0005799847659639369
ID_MHS7P6,0.0009656571203690712,0.0009656571203690712
ID_83W356,0.0006034011468860982,0.0006034011468860982
ID_YYDX2H,0.0005522649128991092,0.0005522649128991092
ID_LM4X5P,0.00010048653748040168,0.00010048653748040168
ID_RUYJOV,6.93799742744692e-05,6.93799742744692e-05
ID_VWYZDV,0.00041813519142449006,0.00041813519142449006
ID_SMEEWO,0.00027134101865222216,0.00027134101865222216
ID_6AMJI3,0.0005646052786011236,0.0005646052786011236
ID_34VCUO,9.55650978651188e-05,9.55650978651188e-05
ID_B3QCGW,9.55650978651188e-05,9.55650978651188e-05
ID_YJ4QD4,0.00013173301743990432,0.00013173301743990432
ID_H4YDLW,0.00034671902053051305,0.00034671902053051305
ID_E03C34,0.00013173301743990432,0.00013173301743990432
ID_170IHM,8.760191955519037e-05,8.760191955519037e-05
ID_AQD45I,0.002053760947705197,0.002053760947705197
ID_XVPUUZ,0.002053760947705197,0.002053760947705197
ID_XI6QQ0,0.0009274021598683872,0.0009274021598683872
ID_GN5HJG,0.001155395320710999,0.001155395320710999
ID_72UHEN,6.876730714252912e-05,6.876730714252912e-05
ID_TM0IMP,0.0015392470607791195,0.0015392470607791195
ID_YGEZQG,0.0028163544742776676,0.0028163544742776676
ID_NB35EZ,8.760191955519037e-05,8.760191955519037e-05
ID_B44OOF,8.760191955519037e-05,8.760191955519037e-05
ID_NTHRCW,8.760191955519037e-05,8.760191955519037e-05
ID_4M0YMS,0.00011971685767474662,0.00011971685767474662
ID_MDPJ5N,8.760191955519037e-05,8.760191955519037e-05
ID_GCE89L,0.00045133957728235797,0.00045133957728235797
ID_5I780C,0.00011088689977871246,0.00011088689977871246
ID_2B7SR5,0.00013173301743990432,0.00013173301743990432
ID_NUEHVL,0.00013173301743990432,0.00013173301743990432
ID_M0Z56V,6.876730714252912e-05,6.876730714252912e-05
ID_QWOKAX,6.876730714252912e-05,6.876730714252912e-05
ID_6E3ARV,8.760191955519037e-05,8.760191955519037e-05
ID_F120A9,0.0028163544742776676,0.0028163544742776676
ID_92GH8G,0.00010934258393991695,0.00010934258393991695
ID_SK11B2,8.760191955519037e-05,8.760191955519037e-05
ID_3ONHGA,0.0009274021598683872,0.0009274021598683872
ID_CCEFHU,8.760191955519037e-05,8.760191955519037e-05
ID_N914ML,0.0005739560142298525,0.0005739560142298525
ID_DT1RJO,0.002860867531731992,0.002860867531731992
ID_AKS62G,0.00010695190462850504,0.00010695190462850504
ID_AOUGMR,0.0001222802390229646,0.0001222802390229646
ID_5R164Q,0.00010695190462850504,0.00010695190462850504
ID_HNW1SP,0.00013173301743990432,0.00013173301743990432
ID_OOPSZH,0.00018965038977050567,0.00018965038977050567
ID_VAJKEF,8.760191955519037e-05,8.760191955519037e-05
ID_XO432P,0.00026915054485386207,0.00026915054485386207
ID_EIKAR0,8.760191955519037e-05,8.760191955519037e-05
ID_DYDUC0,0.002053760947705197,0.002053760947705197
ID_0E6AWX,0.00034671902053051305,0.00034671902053051305
ID_RCKGWH,8.760191955519037e-05,8.760191955519037e-05
ID_MPEJJ7,0.0009274021598683872,0.0009274021598683872
ID_92GB4X,0.0009274021598683872,0.0009274021598683872
ID_PF9MLB,6.876730714252912e-05,6.876730714252912e-05
ID_BKPXHW,0.00013173301743990432,0.00013173301743990432
ID_0U0CZ6,5.880759389418627e-05,5.880759389418627e-05
ID_W2OT9E,0.00019847564906058185,0.00019847564906058185
ID_533G8B,5.880759389418627e-05,5.880759389418627e-05
ID_Z8YTI6,0.0009274021598683872,0.0009274021598683872
ID_6C4OE9,0.004142694814590606,0.004142694814590606
ID_KL4MG7,0.0001274999237445177,0.0001274999237445177
ID_MTIIWZ,8.760191955519037e-05,8.760191955519037e-05
ID_FUAXKT,8.760191955519037e-05,8.760191955519037e-05
ID_2FIUCN,0.03651488012837975,0.03651488012837975
ID_BZ0G9W,0.00026164584708862436,0.00026164584708862436
ID_UK2N3N,0.02824299335992407,0.02824299335992407
ID_51JHHB,0.008984300358133345,0.008984300358133345
ID_E8M783,0.0005335143179675969,0.0005335143179675969
ID_HGRL68,0.00011761007872448004,0.00011761007872448004
ID_Z099ZD,0.019374007605889525,0.019374007605889525
ID_J98CG9,0.0006215205958215767,0.0006215205958215767
ID_3UQ81U,0.0004894476459930423,0.0004894476459930423
ID_NZIYML,0.0002921215666772713,0.0002921215666772713
ID_TDYO22,9.754339209311949e-05,9.754339209311949e-05
ID_PJ4KK1,0.000475666912951894,0.000475666912951894
ID_I9K28A,0.00011761007872448004,0.00011761007872448004
ID_1DU4K9,0.00011761007872448004,0.00011761007872448004
ID_GTAZM3,0.00011761007872448004,0.00011761007872448004
ID_85BE9E,0.00023529291551436138,0.00023529291551436138
ID_7P1FDA,9.754339209311949e-05,9.754339209311949e-05
ID_RUN0MH,9.754339209311949e-05,9.754339209311949e-05
ID_YBFBW4,0.006435770876007793,0.006435770876007793
ID_NE459Y,0.003362841907821192,0.003362841907821192
ID_GGZZ9O,0.004659179726874573,0.004659179726874573
ID_H1PP14,0.0002921215666772713,0.0002921215666772713
ID_0PPL34,0.002332705732666982,0.002332705732666982
ID_CRMQQO,0.00017352142225454897,0.00017352142225454897
ID_A0YIQ0,0.004826456031902331,0.004826456031902331
ID_Q1TCRH,0.00026164584708862436,0.00026164584708862436
ID_94MXFN,0.00026164584708862436,0.00026164584708862436
ID_88SLJ5,0.00791762611234685,0.00791762611234685
ID_ECEAEJ,0.00011761007872448004,0.00011761007872448004
ID_4QDWP4,0.00018223582751010936,0.00018223582751010936
ID_UH4UW8,0.00011761007872448004,0.00011761007872448004
ID_VCFVPX,0.00018223582751010936,0.00018223582751010936
ID_04ZSOG,0.0005935304017020834,0.0005935304017020834
ID_BQ8JLJ,0.00018223582751010936,0.00018223582751010936
ID_35RX02,0.00011761007872448004,0.00011761007872448004
ID_GOXE3K,0.0003967188732429497,0.0003967188732429497
ID_U5RFQ3,0.0006821236952203189,0.0006821236952203189
ID_DM55ZQ,0.0004198438608939091,0.0004198438608939091
ID_A1QQRA,0.005720921943167065,0.005720921943167065
ID_19O4B5,0.0003952875026043066,0.0003952875026043066
ID_5REP3T,0.00011761007872448004,0.00011761007872448004
ID_OF5R7M,0.00839396421642662,0.00839396421642662
ID_Q1LGPO,9.754339209311949e-05,9.754339209311949e-05
ID_K5EEX9,0.0002921215666772713,0.0002921215666772713
ID_IQGKMC,0.00018223582751010936,0.00018223582751010936
ID_HT38F6,0.00011761007872448004,0.00011761007872448004
ID_LZLRNV,0.00023529291551436138,0.00023529291551436138
ID_TWJQGO,0.0002827523184665151,0.0002827523184665151
ID_0CL91E,0.00017352142225454897,0.00017352142225454897
ID_57W8R1,0.00011198569091237746,0.00011198569091237746
ID_5WL00B,0.011109634631298777,0.011109634631298777
ID_GXWOO5,0.0031309482885771575,0.0031309482885771575
ID_TWRUWM,0.0031309482885771575,0.0031309482885771575
ID_A9BGIR,0.0027345029846651252,0.0027345029846651252
ID_2JI71I,0.0034629349312508607,0.0034629349312508607
ID_ML47TN,0.0017899466418167776,0.0017899466418167776
ID_7WZ9FK,0.0031309482885771575,0.0031309482885771575
ID_DRELA9,0.0031309482885771575,0.0031309482885771575
ID_J8US98,0.0027345029846651252,0.0027345029846651252
ID_H10W0Q,0.0031309482885771575,0.0031309482885771575
ID_9ZL287,0.0017899466418167776,0.0017899466418167776
ID_TZBCSR,0.00265890433671668,0.00265890433671668
ID_FTIP85,0.0020747364519525437,0.0020747364519525437
ID_FJN24X,0.0019215579403006383,0.0019215579403006383
ID_VKFW41,0.0019215579403006383,0.0019215579403006383
ID_TAJUDM,0.0017899466418167776,0.0017899466418167776
ID_MTGYGV,0.0027345029846651252,0.0027345029846651252
ID_71YOL3,0.016583075891962066,0.016583075891962066
ID_7CNHAN,0.016583075891962066,0.016583075891962066
ID_OZTOGX,0.022971319909894795,0.022971319909894795
ID_S9GOKQ,0.14537179128197503,0.14537179128197503
ID_TCCXJY,0.02625368005020494,0.02625368005020494
ID_UJI7EY,0.0015662315765100799,0.0015662315765100799
ID_WSXVUU,0.0019215579403006383,0.0019215579403006383
ID_FXV3ZJ,0.0017899466418167776,0.0017899466418167776
ID_CFIC5L,0.00139672675168701,0.00139672675168701
ID_T9BUYJ,0.03641183254649723,0.03641183254649723
ID_2KG52B,0.02541119417663358,0.02541119417663358
ID_U4YBEU,0.00265890433671668,0.00265890433671668
ID_J8SQUH,0.0018698445076948164,0.0018698445076948164
ID_UMRHMM,0.0019215579403006383,0.0019215579403006383
ID_XS0D20,0.02541119417663358,0.02541119417663358
ID_UT4QJ0,0.0027345029846651252,0.0027345029846651252
ID_LWNW4V,0.0027345029846651252,0.0027345029846651252
ID_I5ITGA,0.0027345029846651252,0.0027345029846651252
ID_63LRW5,0.02027047024491605,0.02027047024491605
ID_ECWV3B,0.0027345029846651252,0.0027345029846651252
ID_WYQ24M,0.028227191598658646,0.028227191598658646
ID_H9HY14,0.0019938106052142077,0.0019938106052142077
ID_UHQ8W8,0.016583075891962066,0.016583075891962066
ID_0U4OWS,0.0027345029846651252,0.0027345029846651252
ID_0ISQF0,0.027706540657285835,0.027706540657285835
ID_1AME4K,0.002866802476953372,0.002866802476953372
ID_2WSSFW,0.0019598985268967297,0.0019598985268967297
ID_LFVE77,0.0015662315765100799,0.0015662315765100799
ID_NEY52P,0.0027345029846651252,0.0027345029846651252
ID_17EACN,0.0020747364519525437,0.0020747364519525437
ID_6O0STD,0.0027345029846651252,0.0027345029846651252
ID_5YH0SU,0.0031309482885771575,0.0031309482885771575
ID_VQRYU1,0.0007950444962850883,0.0007950444962850883
ID_B6QT72,0.0003579952910711732,0.0003579952910711732
ID_XGRMG5,0.0006175258298533572,0.0006175258298533572
ID_MDIKUJ,0.0007135290687851678,0.0007135290687851678
ID_R4G4CS,0.0007271761660837482,0.0007271761660837482
ID_7841GQ,0.0005868883839880726,0.0005868883839880726
ID_68H8D0,0.13116453052780647,0.13116453052780647
ID_MQ1XM6,0.0004773945969169118,0.0004773945969169118
ID_2ELMR8,0.13116453052780647,0.13116453052780647
ID_EVBKW0,0.0065386970759743765,0.0065386970759743765
ID_Z6ZMD2,0.0003579952910711732,0.0003579952910711732
ID_QJVZET,0.0005343951880183724,0.0005343951880183724
ID_CQT5H1,0.00047655756290743145,0.00047655756290743145
ID_973XDF,0.0006719927758653477,0.0006719927758653477
ID_NSA0JJ,0.0007103124222096209,0.0007103124222096209
ID_FL0OCB,0.0007689467081476907,0.0007689467081476907
ID_2VHH1D,0.00047655756290743145,0.00047655756290743145
ID_U6MZRL,0.019428179072906643,0.019428179072906643
ID_MC3FP5,0.000671735356180618,0.000671735356180618
ID_9UV0JT,0.13116453052780647,0.13116453052780647
ID_58OZCP,0.14879541722222608,0.14879541722222608
ID_DE895W,0.16138921827608552,0.16138921827608552
ID_YXE8JJ,0.13116453052780647,0.13116453052780647
ID_TB9U7O,0.0007013378788477845,0.0007013378788477845
ID_R8NWKZ,0.0005422504099330819,0.0005422504099330819
ID_W9UZJB,0.0003579952910711732,0.0003579952910711732
ID_2323FO,0.0003874712911168062,0.0003874712911168062
ID_L6SYR3,0.0012131430565315215,0.0012131430565315215
ID_KEGBSM,0.0009611353437573469,0.0009611353437573469
ID_KD638L,0.0012131430565315215,0.0012131430565315215
ID_UV1C91,0.0010837448706794062,0.0010837448706794062
ID_2R99F6,0.0841075888386607,0.0841075888386607
ID_NDABA2,0.0005422504099330819,0.0005422504099330819
ID_VHW1SA,0.11757552397478659,0.11757552397478659
ID_6Q0PHL,0.16138921827608552,0.16138921827608552
ID_N526QO,0.11757552397478659,0.11757552397478659
ID_O3XAMU,0.0010000078775758022,0.0010000078775758022
ID_PUWLBC,0.0006172892618858261,0.0006172892618858261
ID_VD6HTN,0.0011633920441049888,0.0011633920441049888
ID_0T2A2U,0.000129973549839768,0.000129973549839768
ID_H1QAOB,0.0001638953891083402,0.0001638953891083402
ID_0DGOAR,0.000129973549839768,0.000129973549839768
ID_G2AFM5,7.742407018012031e-05,7.742407018012031e-05
ID_HMY17R,0.00015250519120815656,0.00015250519120815656
ID_XAUH6E,0.0007016986595204063,0.0007016986595204063
ID_PDT688,0.0016297206428987903,0.0016297206428987903
ID_DJB815,0.000147768045086789,0.000147768045086789
ID_PCHYP9,0.002184264084584915,0.002184264084584915
ID_WA6QND,6.241367147392048e-05,6.241367147392048e-05
ID_7ELMZ7,0.0001296489667691542,0.0001296489667691542
ID_CVNZQF,8.072683496384934e-05,8.072683496384934e-05
ID_GAHF28,0.00012485066362859525,0.00012485066362859525
ID_X2RBI1,0.0004269048416939327,0.0004269048416939327
ID_IVO26V,0.0011040322574428166,0.0011040322574428166
ID_AFMCOW,0.00015978763830202007,0.00015978763830202007
ID_1C94ID,0.00019040888239338916,0.00019040888239338916
ID_0C4EDO,0.0001296489667691542,0.0001296489667691542
ID_DOH3RS,0.0027095195467843063,0.0027095195467843063
ID_GPQQOT,0.0013397054440014544,0.0013397054440014544
ID_6UR8NI,8.726855437611613e-05,8.726855437611613e-05
ID_W6QZ1Q,0.00025433570158358914,0.00025433570158358914
ID_XI9QKS,0.000129973549839768,0.000129973549839768
ID_WZZ662,0.0002680067232908134,0.0002680067232908134
ID_9FITRJ,8.726855437611613e-05,8.726855437611613e-05
ID_JI0NUP,6.241367147392048e-05,6.241367147392048e-05
ID_36R17J,0.0004845217211551631,0.0004845217211551631
ID_KCZ1QX,0.00012485066362859525,0.00012485066362859525
ID_DG9EBL,0.001284874373311182,0.001284874373311182
ID_BPEU3X,0.000129973549839768,0.000129973549839768
ID_JWXL0Z,8.726855437611613e-05,8.726855437611613e-05
ID_IZ777T,9.187625146548477e-05,9.187625146548477e-05
ID_08BIU5,0.00015250519120815656,0.00015250519120815656
ID_BUYSNI,0.0004700142031359085,0.0004700142031359085
ID_U9DXQ2,0.0002680067232908134,0.0002680067232908134
ID_TMUJCJ,0.0003252351656770674,0.0003252351656770674
ID_RJR9RN,0.00015403038626394952,0.00015403038626394952
ID_3YHYSL,0.00018574069081974098,0.00018574069081974098
ID_9AQYF7,0.00011842096243622194,0.00011842096243622194
ID_54RAVH,5.534078476403185e-05,5.534078476403185e-05
ID_J5P69A,0.00015236894681982383,0.00015236894681982383
ID_G1V02M,0.00016272895466783811,0.00016272895466783811
ID_6PA6IV,0.001580486145913257,0.001580486145913257
ID_JQYQPR,0.0003252351656770674,0.0003252351656770674
ID_FB0WKU,0.00011842096243622194,0.00011842096243622194
ID_TA5143,0.000129973549839768,0.000129973549839768
ID_94CW70,0.00011818031986838843,0.00011818031986838843
ID_0JC80K,0.000327047394694501,0.000327047394694501
ID_SNIBU6,0.0001707301285506656,0.0001707301285506656
ID_TJU7KY,0.0003252351656770674,0.0003252351656770674
ID_7WX39F,0.0017450760157444708,0.0017450760157444708
ID_AOFGSF,0.00019040888239338916,0.00019040888239338916
ID_KBYL88,8.072683496384934e-05,8.072683496384934e-05
ID_YTS87K,0.0004298390649710973,0.0004298390649710973
ID_GEF4SU,0.004145273668051155,0.004145273668051155
ID_2UMLV4,6.444427923951874e-05,6.444427923951874e-05
ID_AG56N6,0.006849519098243005,0.006849519098243005
ID_PJRXEY,8.072683496384934e-05,8.072683496384934e-05
ID_BIYAR6,8.072683496384934e-05,8.072683496384934e-05
ID_Q5KE8B,0.000327047394694501,0.000327047394694501
ID_JYQN2M,9.175990197737361e-05,9.175990197737361e-05
ID_GI8IYT,8.072683496384934e-05,8.072683496384934e-05
ID_UI3NV7,0.00012195815917818706,0.00012195815917818706
ID_LSLZLB,0.005346423650940318,0.005346423650940318
ID_U80UCB,0.001116632452875765,0.001116632452875765
ID_7YIFAF,0.000129973549839768,0.000129973549839768
ID_X1XYBC,0.00015236894681982383,0.00015236894681982383
ID_Z7PXEJ,0.0004785388800557012,0.0004785388800557012
ID_FZHPYW,6.241367147392048e-05,6.241367147392048e-05
ID_9SPXYO,8.072683496384934e-05,8.072683496384934e-05
ID_WRT76C,0.000129973549839768,0.000129973549839768
ID_J2FJRW,0.00016801587351895932,0.00016801587351895932
ID_IEUVNM,0.0011388841211629086,0.0011388841211629086
ID_1U9QOZ,0.0005147211770333004,0.0005147211770333004
ID_ELOPWG,0.0001877110504014911,0.0001877110504014911
ID_ZI5Y1E,0.00010273756256841197,0.00010273756256841197
ID_ASGRG0,0.0003252351656770674,0.0003252351656770674
ID_PSAMCJ,6.241367147392048e-05,6.241367147392048e-05
ID_2A4701,6.241367147392048e-05,6.241367147392048e-05
ID_8AQJGL,0.0003238803800555025,0.0003238803800555025
ID_4NNDXH,0.00013442897346063813,0.00013442897346063813
ID_3PVLGV,0.000327047394694501,0.000327047394694501
ID_NM26QX,0.0003109508659745071,0.0003109508659745071
ID_JPHAG6,6.444427923951874e-05,6.444427923951874e-05
ID_WKK2CS,0.000327047394694501,0.000327047394694501
ID_MTFXPX,0.0001278453779476603,0.0001278453779476603
ID_8Y14DK,9.171615930616837e-05,9.171615930616837e-05
ID_ET1AOI,5.534078476403185e-05,5.534078476403185e-05
ID_B4CFP4,0.0020465495573106255,0.0020465495573106255
ID_4WUH73,0.00016801587351895932,0.00016801587351895932
ID_B6GW66,0.0004532954152098088,0.0004532954152098088
ID_BKO8EP,0.0010665920435161621,0.0010665920435161621
ID_3KYFSE,0.0060288879639030886,0.0060288879639030886
ID_ILOCIE,0.00035364899463158746,0.00035364899463158746
ID_79UIX6,0.00012485066362859525,0.00012485066362859525
ID_K29ICA,0.0003098400981593557,0.0003098400981593557
ID_EMCF89,9.175990197737361e-05,9.175990197737361e-05
ID_VVPJT8,0.0002897584666833229,0.0002897584666833229
ID_6RW7WE,0.0016721748355626159,0.0016721748355626159
ID_RP4S9G,0.00047386131426287924,0.00047386131426287924
ID_BW4GGG,8.451882563617806e-05,8.451882563617806e-05
ID_7Y1J8O,0.000129973549839768,0.000129973549839768
ID_U9XJOX,8.160512926894895e-05,8.160512926894895e-05
ID_9HLS3W,8.072683496384934e-05,8.072683496384934e-05
ID_VHEXDH,6.241367147392048e-05,6.241367147392048e-05
ID_GJUTJ6,0.000129973549839768,0.000129973549839768
ID_3K6BSM,0.0004808110155028268,0.0004808110155028268
ID_9QHKM5,0.0004731203462372374,0.0004731203462372374
ID_2IDMK7,0.0003099451358290678,0.0003099451358290678
ID_2UT2U6,0.00012485066362859525,0.00012485066362859525
ID_UR6FEW,0.000129973549839768,0.000129973549839768
ID_TRQZ0M,9.175990197737361e-05,9.175990197737361e-05
ID_KKGOZ3,9.175990197737361e-05,9.175990197737361e-05
ID_MWBQU9,0.001116632452875765,0.001116632452875765
ID_SHGMZJ,0.0003886330617320754,0.0003886330617320754
ID_KYD4DW,0.0003252351656770674,0.0003252351656770674
ID_QAIAUU,0.00021949899373238443,0.00021949899373238443
ID_2LRZL3,0.00013442897346063813,0.00013442897346063813
ID_V7A541,8.726855437611613e-05,8.726855437611613e-05
ID_9DXFRR,0.00047310065902903534,0.00047310065902903534
ID_S7KKUF,0.0006060332648765629,0.0006060332648765629
ID_GX5WM0,0.0010665920435161621,0.0010665920435161621
ID_9CLKA6,0.00033220714991009,0.00033220714991009
ID_CEKPDU,0.0002253372100813211,0.0002253372100813211
ID_5LE4HE,6.444427923951874e-05,6.444427923951874e-05
ID_2YYGLW,0.0008578276718069721,0.0008578276718069721
ID_I76YXQ,0.00019040888239338916,0.00019040888239338916
ID_L8Y0QF,6.444427923951874e-05,6.444427923951874e-05
ID_B3CDOU,0.0004447368401070398,0.0004447368401070398
ID_LVNFZZ,0.00016272895466783811,0.00016272895466783811
ID_HKFQ1V,0.00047057438726006253,0.00047057438726006253
ID_803TPA,8.072683496384934e-05,8.072683496384934e-05
ID_GLQ3DX,8.072683496384934e-05,8.072683496384934e-05
ID_IQPKA6,0.00011072754165858962,0.00011072754165858962
ID_ZVCB1F,0.000327047394694501,0.000327047394694501
ID_J55KEV,0.0008789508599598914,0.0008789508599598914
ID_F0XW09,0.0004919007735696312,0.0004919007735696312
ID_DHZUBS,0.0017436740135651563,0.0017436740135651563
ID_W41W7O,0.0031318474322505154,0.0031318474322505154
ID_6AQOOX,0.0030169104291984943,0.0030169104291984943
ID_WQ0W7P,0.0013894197277759738,0.0013894197277759738
ID_GARNGB,0.002060889666077851,0.002060889666077851
ID_ZRFZ0T,0.0009130313580938978,0.0009130313580938978
ID_TSKMGA,0.001862634548936088,0.001862634548936088
ID_CZJREO,0.0012428597402260283,0.0012428597402260283
ID_7UONQC,0.0005865431336294453,0.0005865431336294453
ID_VM84AE,0.004715560677614445,0.004715560677614445
ID_LYQHB8,0.002830155687862099,0.002830155687862099
ID_SRMPF6,0.0032333422293454673,0.0032333422293454673
ID_AQEDUU,0.004336945460781732,0.004336945460781732
ID_URYB4G,0.006784243787500833,0.006784243787500833
ID_L1C8T4,7.852405927136967e-05,7.852405927136967e-05
ID_GQHEYV,0.0035222093957031353,0.0035222093957031353
ID_E0O1TE,6.361146903962742e-05,6.361146903962742e-05
ID_P7I8OT,0.0018734697167706335,0.0018734697167706335
ID_KU8IY3,0.010891975096653406,0.010891975096653406
ID_56TEHN,4.4293433393865085e-05,4.4293433393865085e-05
ID_QMWF8O,0.006959371983557846,0.006959371983557846
ID_22YEQD,7.852405927136967e-05,7.852405927136967e-05
ID_7GZXR0,6.361146903962742e-05,6.361146903962742e-05
ID_G9WW3Y,0.002790781588433753,0.002790781588433753
ID_AXB1LU,7.852405927136967e-05,7.852405927136967e-05
ID_EWJGNL,0.000337380959332751,0.000337380959332751
ID_Z8A224,0.0018419447268740346,0.0018419447268740346
ID_SMAV0S,0.004909352530022858,0.004909352530022858
ID_4W0S35,0.0013572898985520247,0.0013572898985520247
ID_32HYGC,0.0006549983445619677,0.0006549983445619677
ID_Y0V0Q8,0.004669586418593717,0.004669586418593717
ID_VEHMX4,7.852405927136967e-05,7.852405927136967e-05
ID_B8VB2S,0.0010854304841339641,0.0010854304841339641
ID_YU423E,7.467817604867151e-05,7.467817604867151e-05
ID_NYYJM9,0.00010385163083893983,0.00010385163083893983
ID_WP14OU,0.00014122816911720572,0.00014122816911720572
ID_XDWYCC,0.0008164095339453278,0.0008164095339453278
ID_H0ZGLY,0.0007556957930533974,0.0007556957930533974
ID_BEKEYZ,0.0006549983445619677,0.0006549983445619677
ID_JB2Y8O,0.01976738033837274,0.01976738033837274
ID_FO98FY,0.011997628639611858,0.011997628639611858
ID_JGO3WB,6.361146903962742e-05,6.361146903962742e-05
ID_MENRNK,6.361146903962742e-05,6.361146903962742e-05
ID_60PIJY,6.361146903962742e-05,6.361146903962742e-05
ID_N05EO9,0.0063023688453560855,0.0063023688453560855
ID_GO6AEU,6.361146903962742e-05,6.361146903962742e-05
ID_V8O1QV,0.0022777488686014625,0.0022777488686014625
ID_Z5Q2AH,0.0002854246783656346,0.0002854246783656346
ID_84O0XR,0.0012428597402260283,0.0012428597402260283
ID_G5ULLS,0.0006549983445619677,0.0006549983445619677
ID_UQLI5V,7.852405927136967e-05,7.852405927136967e-05
ID_P5TQAL,0.0023893533172400926,0.0023893533172400926
ID_DNX620,0.002956072200753599,0.002956072200753599
ID_7JV87P,7.852405927136967e-05,7.852405927136967e-05
ID_A23KNJ,0.0001565268249642521,0.0001565268249642521
ID_KNF9P6,0.0027697710955821345,0.0027697710955821345
ID_MMVYLE,0.0001432714753046873,0.0001432714753046873
ID_GFGI4F,6.361146903962742e-05,6.361146903962742e-05
ID_I8FAWN,7.852405927136967e-05,7.852405927136967e-05
ID_42E5J9,6.361146903962742e-05,6.361146903962742e-05
ID_8QIBGT,0.03516839431504317,0.03516839431504317
ID_AV3PSZ,0.00426286310306126,0.00426286310306126
ID_NJNVR3,6.361146903962742e-05,6.361146903962742e-05
ID_C1X1NC,0.00031476440411519333,0.00031476440411519333
ID_1AT9KW,0.00011135019276976136,0.00011135019276976136
ID_TXM3UJ,0.00635354775267812,0.00635354775267812
ID_AQNPGS,0.0012454060636111239,0.0012454060636111239
ID_VQ7W0A,0.005820703450490104,0.005820703450490104
ID_PP9RGH,7.467817604867151e-05,7.467817604867151e-05
ID_CCQCPK,0.003689419255120254,0.003689419255120254
ID_K3NMVQ,7.852405927136967e-05,7.852405927136967e-05
ID_XRKPXN,0.0010894255363609476,0.0010894255363609476
ID_Z26KY5,0.0008399555359726003,0.0008399555359726003
ID_IVLEST,0.0001882927933005683,0.0001882927933005683
ID_0J1LF5,6.131789688963933e-05,6.131789688963933e-05
ID_6UN1T6,3.98430570448666e-05,3.98430570448666e-05
ID_K2FMPI,9.151172514884913e-05,9.151172514884913e-05
ID_FM755F,0.005886978485018575,0.005886978485018575
ID_XRDXXZ,0.0026671301122778825,0.0026671301122778825
ID_OOT7EU,0.00013553542491126803,0.00013553542491126803
ID_2IAGXT,0.00014418605480999878,0.00014418605480999878
ID_TVWIUG,3.98430570448666e-05,3.98430570448666e-05
ID_WZNIA5,0.00013197563550907808,0.00013197563550907808
ID_4UD817,0.0018674376980278558,0.0018674376980278558
ID_Y8QP8D,3.98430570448666e-05,3.98430570448666e-05
ID_MVMMZ5,6.131789688963933e-05,6.131789688963933e-05
ID_DMI52X,9.151172514884913e-05,9.151172514884913e-05
ID_CAFKO7,0.00030397814194312457,0.00030397814194312457
ID_7N507C,0.00015836987489836803,0.00015836987489836803
ID_54A9SS,0.0015349057574551787,0.0015349057574551787
ID_0USD12,7.233267957250082e-05,7.233267957250082e-05
ID_RPZ22Z,6.879001150984826e-05,6.879001150984826e-05
ID_ST1G3A,0.00017786689830474731,0.00017786689830474731
ID_R653PC,0.0001456715995784032,0.0001456715995784032
ID_MXKXHH,3.98430570448666e-05,3.98430570448666e-05
ID_EBHVGH,6.131789688963933e-05,6.131789688963933e-05
ID_UTUSKA,0.00014240186691718586,0.00014240186691718586
ID_QXI7WO,6.879001150984826e-05,6.879001150984826e-05
ID_JUWIIQ,6.879001150984826e-05,6.879001150984826e-05
ID_KG679D,9.151172514884913e-05,9.151172514884913e-05
ID_0SBJWI,0.00014240186691718586,0.00014240186691718586
ID_BZ3FXA,0.004316363639505227,0.004316363639505227
ID_HUWRBN,6.879001150984826e-05,6.879001150984826e-05
ID_REHHGY,3.98430570448666e-05,3.98430570448666e-05
ID_PMEGO0,9.151172514884913e-05,9.151172514884913e-05
ID_IL6LSS,0.00013427731043646392,0.00013427731043646392
ID_PHPRJV,6.879001150984826e-05,6.879001150984826e-05
ID_YZPT9I,6.0856808550408154e-05,6.0856808550408154e-05
ID_INX5GB,0.0003565986130764207,0.0003565986130764207
ID_SWPYGT,0.0013111782617612176,0.0013111782617612176
ID_FJI00V,0.0006244843779517116,0.0006244843779517116
ID_IEX2UL,0.0011359566149536288,0.0011359566149536288
ID_0O39EX,0.00037978671766782844,0.00037978671766782844
ID_S4XD8H,9.267720561420071e-05,9.267720561420071e-05
ID_T922CM,0.0063071200626117745,0.0063071200626117745
ID_IZKU1L,0.000407920211078425,0.000407920211078425
ID_HT4WWZ,0.00021067710835659124,0.00021067710835659124
ID_N57ZY0,0.003230237375614946,0.003230237375614946
ID_97YIMP,0.00021067710835659124,0.00021067710835659124
ID_D51DKG,0.0008072504959307828,0.0008072504959307828
ID_8DBGRU,0.0005175404131012628,0.0005175404131012628
ID_9CQJQW,0.00037978671766782844,0.00037978671766782844
ID_DZTIC5,0.0009983999281781264,0.0009983999281781264
ID_RT2NGQ,6.0856808550408154e-05,6.0856808550408154e-05
ID_3TV8X9,0.000679422666740703,0.000679422666740703
ID_JSJFMM,0.0009983999281781264,0.0009983999281781264
ID_U7DE1J,0.0005416081209462481,0.0005416081209462481
ID_QYPSZ8,0.0003565986130764207,0.0003565986130764207
ID_HXWPHV,0.00014833406803532894,0.00014833406803532894
ID_4XJUM7,0.0001560272481178659,0.0001560272481178659
ID_OOZOIL,8.862656294632435e-05,8.862656294632435e-05
ID_95I388,6.0856808550408154e-05,6.0856808550408154e-05
ID_Z9ECXM,0.0001560272481178659,0.0001560272481178659
ID_VJMSAU,8.862656294632435e-05,8.862656294632435e-05
ID_2SWR73,0.00026201569557085725,0.00026201569557085725
ID_KEQHOC,0.00043729671075698256,0.00043729671075698256
ID_59TJN8,8.862656294632435e-05,8.862656294632435e-05
ID_Y9ZQLU,6.0856808550408154e-05,6.0856808550408154e-05
ID_KH6UO0,6.0856808550408154e-05,6.0856808550408154e-05
ID_RSQVI7,0.00013319108238367343,0.00013319108238367343
ID_539EVX,0.0003565986130764207,0.0003565986130764207
ID_BI2VMU,0.0013111782617612176,0.0013111782617612176
ID_4D3I04,9.267720561420071e-05,9.267720561420071e-05
ID_U45SXA,0.0011359566149536288,0.0011359566149536288
ID_4JPZY9,0.0013111782617612176,0.0013111782617612176
ID_EMQNRZ,0.0011359566149536288,0.0011359566149536288
ID_LP9JYH,6.0856808550408154e-05,6.0856808550408154e-05
ID_XBNGOR,0.0002605637250848406,0.0002605637250848406
ID_6P6UZG,0.0006244843779517116,0.0006244843779517116
ID_EVADQD,0.00026201569557085725,0.00026201569557085725
ID_STBPWO,9.267720561420071e-05,9.267720561420071e-05
ID_XU7MY3,9.740594188506066e-05,9.740594188506066e-05
ID_UE54M8,0.00026424170765856734,0.00026424170765856734
ID_0NEC9T,6.0856808550408154e-05,6.0856808550408154e-05
ID_2MDCUV,0.0003159038056640338,0.0003159038056640338
ID_BXXMB9,0.0011359566149536288,0.0011359566149536288
ID_F4K9RH,0.0005416081209462481,0.0005416081209462481
ID_YC2PUL,6.0856808550408154e-05,6.0856808550408154e-05
ID_Q3GQZC,0.00014833406803532894,0.00014833406803532894
ID_8R80X6,0.00014833406803532894,0.00014833406803532894
ID_1IESDO,0.0003565986130764207,0.0003565986130764207
ID_EQG3A7,0.0008224323950352455,0.0008224323950352455
ID_JMND8O,0.00013534010224627057,0.00013534010224627057
ID_DNU0QM,0.00019947769965275285,0.00019947769965275285
ID_5UJIQ7,0.00013534010224627057,0.00013534010224627057
ID_DGWKWK,0.0003565986130764207,0.0003565986130764207
ID_8Y16EG,0.0001560272481178659,0.0001560272481178659
ID_QCEB9N,0.0003565986130764207,0.0003565986130764207
ID_IB3VU7,0.00021067710835659124,0.00021067710835659124
ID_OFXODK,6.0856808550408154e-05,6.0856808550408154e-05
ID_1CMCRH,0.0005416081209462481,0.0005416081209462481
ID_3RH6TN,8.862656294632435e-05,8.862656294632435e-05
ID_7HH5IO,0.001789537009260313,0.001789537009260313
ID_BOVCXK,0.0002106276583549185,0.0002106276583549185
ID_DYZZ59,0.0001560272481178659,0.0001560272481178659
ID_752ORM,0.00021067710835659124,0.00021067710835659124
ID_BWW8DE,0.000146823724364181,0.000146823724364181
ID_2J1VXU,0.0002605637250848406,0.0002605637250848406
ID_895UNA,0.0002605637250848406,0.0002605637250848406
ID_BF9GRX,0.0011359566149536288,0.0011359566149536288
ID_S7XMZ6,0.0004982570205289938,0.0004982570205289938
ID_Q2MLKE,0.00033964235435291184,0.00033964235435291184
ID_T3NEEY,0.0004982570205289938,0.0004982570205289938
ID_C2YB30,0.0009825293183582432,0.0009825293183582432
ID_5RJHPE,0.000146823724364181,0.000146823724364181
ID_0NKOI7,0.0011359566149536288,0.0011359566149536288
ID_07AJO5,8.862656294632435e-05,8.862656294632435e-05
ID_6UV94Z,0.000463854777052986,0.000463854777052986
ID_TVDDBE,0.000407920211078425,0.000407920211078425
ID_876BNL,0.0019476986738959734,0.0019476986738959734
ID_HDUN96,0.0021123385472762786,0.0021123385472762786
ID_O7XCVA,0.0033693775961550327,0.0033693775961550327
ID_HN3Q2B,0.0003101136287041942,0.0003101136287041942
ID_43WX04,0.004905738202929971,0.004905738202929971
ID_18QI1A,0.006891591447453214,0.006891591447453214
ID_LZIJWN,0.0010033738062636623,0.0010033738062636623
ID_A8HYQ6,0.0029011590113458543,0.0029011590113458543
ID_FE5SES,0.006034918420814087,0.006034918420814087
ID_YVKYBF,0.0009638185490901991,0.0009638185490901991
ID_ML1SA5,0.001613472916674131,0.001613472916674131
ID_DBPJBC,0.0009231738433024127,0.0009231738433024127
ID_Q51LM9,0.006891591447453214,0.006891591447453214
ID_KSCMRK,0.003283330860245443,0.003283330860245443
ID_YBTPCY,0.001613472916674131,0.001613472916674131
ID_9HS5DB,0.0009038490164937068,0.0009038490164937068
ID_8GOXK3,0.0032677855257606816,0.0032677855257606816
ID_PP01G2,0.0009643239947705765,0.0009643239947705765
ID_R4LUTD,0.0009004721510539796,0.0009004721510539796
ID_QD9ZYZ,0.0009038490164937068,0.0009038490164937068
ID_9A3RGH,0.0009038490164937068,0.0009038490164937068
ID_9SL27X,0.0012980019415852109,0.0012980019415852109
ID_1JDULR,0.0008308211697042999,0.0008308211697042999
ID_NPK8WH,0.0012980019415852109,0.0012980019415852109
ID_UIQ2M6,0.0027487968752772022,0.0027487968752772022
ID_KZ7WF1,0.0012064742147280235,0.0012064742147280235
ID_SL826W,0.0009038490164937068,0.0009038490164937068
ID_JU38M1,0.0015567016938493887,0.0015567016938493887
ID_2ESPZK,0.0009038490164937068,0.0009038490164937068
ID_K2YFYU,0.004553869479074283,0.004553869479074283
ID_TBP5FU,0.0007597492254692543,0.0007597492254692543
ID_35L0LZ,0.002011805816966897,0.002011805816966897
ID_Y4KXQM,0.002130788452728195,0.002130788452728195
ID_DN79ZG,0.0015955366615055802,0.0015955366615055802
ID_3SXP9A,0.0027487968752772022,0.0027487968752772022
ID_2V2H8G,0.004921389445272528,0.004921389445272528
ID_X49G2U,0.0008568902288532105,0.0008568902288532105
ID_7R2JHD,0.0008568902288532105,0.0008568902288532105
ID_I79GFF,0.013344995974446694,0.013344995974446694
ID_ZC1AQA,0.0009038490164937068,0.0009038490164937068
ID_D5ZZFS,0.0011625096759836325,0.0011625096759836325
ID_OJKN2W,0.0027487968752772022,0.0027487968752772022
ID_B2Z1PP,0.013344995974446694,0.013344995974446694
ID_T7A33E,0.008007245870999114,0.008007245870999114
ID_DL8DPL,0.001209564560150079,0.001209564560150079
ID_7IE517,0.007251567313635983,0.007251567313635983
ID_KV3UHT,0.0027487968752772022,0.0027487968752772022
ID_GY618Y,0.0027487968752772022,0.0027487968752772022
ID_7IHCZE,0.0010571602818173571,0.0010571602818173571
ID_L41OWZ,0.002130788452728195,0.002130788452728195
ID_B2UV3T,0.0008568902288532105,0.0008568902288532105
ID_T8EQ3F,0.0011625096759836325,0.0011625096759836325
ID_ZW0DVE,0.0012618814448850564,0.0012618814448850564
ID_SSS3KA,0.0011479636493286194,0.0011479636493286194
ID_D4HDFD,0.0024550175342480996,0.0024550175342480996
ID_T6ZYQU,0.0012482256337309067,0.0012482256337309067
ID_DWK7UW,0.002390683038844662,0.002390683038844662
ID_RUJKIR,0.0010298874700974585,0.0010298874700974585
ID_0SN05S,0.0012980019415852109,0.0012980019415852109
ID_A6J8PW,0.002382764530489255,0.002382764530489255
ID_GH8L5Y,0.0012683876405094273,0.0012683876405094273
ID_TRDBZE,0.001209564560150079,0.001209564560150079
ID_O3H4R1,0.001895427957725326,0.001895427957725326
ID_TGLP6W,0.002317002083946485,0.002317002083946485
ID_1SXWML,0.0008433573924477028,0.0008433573924477028
ID_91OUIW,0.0027487968752772022,0.0027487968752772022
ID_1N0WJJ,0.0027487968752772022,0.0027487968752772022
ID_UTMX3S,0.004891852124824679,0.004891852124824679
ID_SP2RUN,0.003444517540476907,0.003444517540476907
ID_ZU20XJ,0.0012980019415852109,0.0012980019415852109
ID_H6JGLH,0.006611165042099183,0.006611165042099183
ID_8IHXOY,0.0009364366016512697,0.0009364366016512697
ID_4VK4NE,0.0009638185490901991,0.0009638185490901991
ID_I71IWR,0.0012980019415852109,0.0012980019415852109
ID_C368SW,0.0027487968752772022,0.0027487968752772022
ID_VT6L20,0.0012437920357390524,0.0012437920357390524
ID_6XBTY9,0.0016028134090554135,0.0016028134090554135
ID_UIEG1P,0.0008433573924477028,0.0008433573924477028
ID_9HR4BX,0.0008170031482989263,0.0008170031482989263
ID_OPWJP4,0.0012769437311913596,0.0012769437311913596
ID_1KUZ5C,0.03794687281269239,0.03794687281269239
ID_KBW7CU,0.016920877229922346,0.016920877229922346
ID_2ILIQY,0.0009038490164937068,0.0009038490164937068
ID_KFS68B,0.0009754180843205617,0.0009754180843205617
ID_8P12DQ,0.004553869479074283,0.004553869479074283
ID_J3426Q,0.0009038490164937068,0.0009038490164937068
ID_2TM2XS,0.005562724214963896,0.005562724214963896
ID_8CHBZO,0.0027487968752772022,0.0027487968752772022
ID_F6CFLR,0.009824995757525328,0.009824995757525328
ID_WEUPHB,0.0009038490164937068,0.0009038490164937068
ID_T9CUR2,0.0008568902288532105,0.0008568902288532105
ID_6NT1J7,0.0013769531521479006,0.0013769531521479006
ID_5XJZ15,0.0009038490164937068,0.0009038490164937068
ID_4C75NZ,0.0009038490164937068,0.0009038490164937068
ID_4I22LB,0.0015567016938493887,0.0015567016938493887
ID_71ANPU,0.0011085826425786518,0.0011085826425786518
ID_TLRRWX,0.0009038490164937068,0.0009038490164937068
ID_11MWYB,0.0015929791583277162,0.0015929791583277162
ID_ZJYYTF,0.0008308211697042999,0.0008308211697042999
ID_XS5IZB,0.0008568902288532105,0.0008568902288532105
ID_OAMCTD,0.0009339560170506204,0.0009339560170506204
ID_VZ2BA0,0.0009038490164937068,0.0009038490164937068
ID_OUFL3R,0.0012980019415852109,0.0012980019415852109
ID_C9JHEM,0.0012730241452952047,0.0012730241452952047
ID_ZULTCR,0.006283856228598418,0.006283856228598418
ID_0M1QAK,0.004164044523944457,0.004164044523944457
ID_22EOFV,0.012224444765335445,0.012224444765335445
ID_CC1868,0.029503788479122137,0.029503788479122137
ID_RRHEAY,0.0057616540069603105,0.0057616540069603105
ID_312RLJ,0.0038919106738913175,0.0038919106738913175
ID_FW5MN2,0.04540669056841193,0.04540669056841193
ID_UJT70Q,0.005890978168672847,0.005890978168672847
ID_T6DWM5,0.0031428424010132507,0.0031428424010132507
ID_P35RKU,0.004164044523944457,0.004164044523944457
ID_0LNF2H,0.007935210038242517,0.007935210038242517
ID_FE89WN,0.004164044523944457,0.004164044523944457
ID_FNIMWZ,0.005890978168672847,0.005890978168672847
ID_MRNN7B,0.010173711630211664,0.010173711630211664
ID_J8YA05,0.010173711630211664,0.010173711630211664
ID_6NXJX5,0.010173711630211664,0.010173711630211664
ID_BJV0W6,0.04872308945776252,0.04872308945776252
ID_8L1YW7,0.0027962773087661236,0.0027962773087661236
ID_XJPLJC,0.004164044523944457,0.004164044523944457
ID_R652CL,0.0038527825889253945,0.0038527825889253945
ID_E69JOD,0.004308175153305131,0.004308175153305131
ID_CZS6OU,0.0036657299709666495,0.0036657299709666495
ID_GRQZ05,0.0038919106738913175,0.0038919106738913175
ID_Y0BSPY,0.009793518300462108,0.009793518300462108
ID_K2JIN9,0.004308175153305131,0.004308175153305131
ID_FUI65H,0.038725348895271,0.038725348895271
ID_95L18T,0.0038046876666589153,0.0038046876666589153
ID_LP5DMO,0.0994715081153351,0.0994715081153351
ID_DMJWXV,0.0031653430562932805,0.0031653430562932805
ID_DQP3PY,0.004308175153305131,0.004308175153305131
ID_PV90XU,0.006596042714624968,0.006596042714624968
ID_3105ME,0.005703835730450119,0.005703835730450119
ID_YQQHQ3,0.002319588633339802,0.002319588633339802
ID_V44WY3,0.0039791015218246404,0.0039791015218246404
ID_UCO85D,0.004308175153305131,0.004308175153305131
ID_1XHBUV,0.004268607372516476,0.004268607372516476
ID_6HMBCZ,0.007935210038242517,0.007935210038242517
ID_3AFMQB,0.005890978168672847,0.005890978168672847
ID_0HGHQZ,0.0035845282912594476,0.0035845282912594476
ID_86OGKU,0.004481281830247304,0.004481281830247304
ID_CIAW5T,0.011887531511642268,0.011887531511642268
ID_SPZWF2,0.0057616540069603105,0.0057616540069603105
ID_PHOPIB,0.006920392095640255,0.006920392095640255
ID_MNZEHD,0.006680687510844405,0.006680687510844405
ID_797ML8,0.006680687510844405,0.006680687510844405
ID_BYU5HD,0.0024318644784862104,0.0024318644784862104
ID_RXCEKJ,0.0038527825889253945,0.0038527825889253945
ID_ELSO35,0.006909358390883708,0.006909358390883708
ID_VINNFK,0.0035484795263673137,0.0035484795263673137
ID_N6DOKU,0.0035484795263673137,0.0035484795263673137
ID_0EFT4F,0.006283856228598418,0.006283856228598418
ID_XKQHVP,0.001458392044974732,0.001458392044974732
ID_SU4Q41,0.006680687510844405,0.006680687510844405
ID_D11XF1,0.0038527825889253945,0.0038527825889253945
ID_P86BG6,0.004308175153305131,0.004308175153305131
ID_PADGJY,0.006283856228598418,0.006283856228598418
ID_7PYROJ,0.008587970895892147,0.008587970895892147
ID_4ZP64K,0.005817109182684873,0.005817109182684873
ID_6UI50R,0.004308175153305131,0.004308175153305131
ID_0CQMTS,0.0035484795263673137,0.0035484795263673137
ID_GWHZQX,0.0035484795263673137,0.0035484795263673137
ID_75RX5W,0.006680687510844405,0.006680687510844405
ID_O9HFAP,0.0031428424010132507,0.0031428424010132507
ID_Y6EXY9,0.006680687510844405,0.006680687510844405
ID_G0KUFV,0.03511432169813138,0.03511432169813138
ID_4U98W5,0.005890978168672847,0.005890978168672847
ID_M6LH16,0.004164044523944457,0.004164044523944457
ID_IBYOA8,0.005890978168672847,0.005890978168672847
ID_JCS18T,0.004245374025696151,0.004245374025696151
ID_PDAYPC,0.005817109182684873,0.005817109182684873
ID_6MSHHO,0.004164044523944457,0.004164044523944457
ID_KXJDXJ,0.005703835730450119,0.005703835730450119
ID_X06P29,0.005890978168672847,0.005890978168672847
ID_SU0E3L,0.004308175153305131,0.004308175153305131
ID_86RCT1,0.0050561698627528415,0.0050561698627528415
ID_BHSPH0,0.004308175153305131,0.004308175153305131
ID_BSI555,0.0035845282912594476,0.0035845282912594476
ID_AJZY4W,0.009892380157781235,0.009892380157781235
ID_5JVBFT,0.008287609207062077,0.008287609207062077
ID_KOBTYW,0.04540669056841193,0.04540669056841193
ID_5O17MO,0.0038527825889253945,0.0038527825889253945
ID_K11Q5X,0.009306911247584315,0.009306911247584315
ID_G7GY5M,0.0038046876666589153,0.0038046876666589153
ID_WKHNNC,0.002434813609610347,0.002434813609610347
ID_VJ5MEA,0.0031653430562932805,0.0031653430562932805
ID_Y8KTAQ,0.0041989398783407045,0.0041989398783407045
ID_9AT8CS,0.005731655629038541,0.005731655629038541
ID_1UYUHI,0.005731655629038541,0.005731655629038541
ID_IW1QYO,0.005338838516393118,0.005338838516393118
ID_C4MM2J,0.0028829196895019268,0.0028829196895019268
ID_HFZ0HI,0.00695264780497265,0.00695264780497265
ID_ZV17K7,0.005338838516393118,0.005338838516393118
ID_4I93LT,0.00695264780497265,0.00695264780497265
ID_RIUVLU,0.004031411313636644,0.004031411313636644
ID_GMAXQ3,0.0041989398783407045,0.0041989398783407045
ID_30V9V7,0.00695264780497265,0.00695264780497265
ID_00D47V,0.007200498175279461,0.007200498175279461
ID_COCODS,0.0041989398783407045,0.0041989398783407045
ID_HR5HVM,0.005731655629038541,0.005731655629038541
ID_WGYIZG,0.005519970289581116,0.005519970289581116
ID_O5CFG3,0.0041989398783407045,0.0041989398783407045
ID_U0K12F,0.0067435947493603874,0.0067435947493603874
ID_VRYVS7,0.0041989398783407045,0.0041989398783407045
ID_G4MECV,0.0067435947493603874,0.0067435947493603874
ID_OXEA7H,0.004072346099711395,0.004072346099711395
ID_DH682H,0.005519970289581116,0.005519970289581116
ID_4ZJ6HT,0.0041989398783407045,0.0041989398783407045
ID_1619HA,0.0041989398783407045,0.0041989398783407045
ID_A66ERH,0.00695264780497265,0.00695264780497265
ID_SRS330,0.0041989398783407045,0.0041989398783407045
ID_3D2WF7,0.004349055039873947,0.004349055039873947
ID_X8YETU,0.005731655629038541,0.005731655629038541
ID_PQ0W7T,0.00695264780497265,0.00695264780497265
ID_SO28RE,0.0041989398783407045,0.0041989398783407045
ID_JFSXTY,0.00695264780497265,0.00695264780497265
ID_RPQFKB,0.0041989398783407045,0.0041989398783407045
ID_EV4Z1I,0.0041989398783407045,0.0041989398783407045
ID_B9T63O,0.0041989398783407045,0.0041989398783407045
ID_VLJU6A,0.00695264780497265,0.00695264780497265
ID_FKK9MW,0.005731655629038541,0.005731655629038541
ID_RVEFZ9,0.006675988849116708,0.006675988849116708
ID_VQ4UCJ,0.00695264780497265,0.00695264780497265
ID_2R7V3V,0.0041989398783407045,0.0041989398783407045
ID_K8P06C,0.00695264780497265,0.00695264780497265
ID_6T87EC,0.0041989398783407045,0.0041989398783407045
ID_45LBG7,0.005519970289581116,0.005519970289581116
ID_O1ZMUJ,0.005338838516393118,0.005338838516393118
ID_REIL7X,0.005731655629038541,0.005731655629038541
ID_TLNC9J,0.0067435947493603874,0.0067435947493603874
ID_F5NEVH,0.005519970289581116,0.005519970289581116
ID_7OQTQ4,0.005731655629038541,0.005731655629038541
ID_UPPGOC,0.005519970289581116,0.005519970289581116
ID_WRR93C,0.00695264780497265,0.00695264780497265
ID_UJ3S2W,0.005731655629038541,0.005731655629038541
ID_W3HZK9,0.005519970289581116,0.005519970289581116
ID_EYK26U,0.005519970289581116,0.005519970289581116
ID_4KT11I,0.00695264780497265,0.00695264780497265
ID_16FUTF,0.0041989398783407045,0.0041989398783407045
ID_KO4YXJ,0.0041989398783407045,0.0041989398783407045
ID_WWKLVE,0.005141585938259616,0.005141585938259616
ID_QY3MHP,0.005519970289581116,0.005519970289581116
ID_INQA11,0.0006721074707992032,0.0006721074707992032
ID_S2ISZ6,0.0006700027525132701,0.0006700027525132701
ID_A5YCBL,0.00043144764788259014,0.00043144764788259014
ID_LUMWXR,0.0003490487956760245,0.0003490487956760245
ID_EP24JU,0.008427088001221097,0.008427088001221097
ID_SL31EO,0.012516951584387669,0.012516951584387669
ID_I52U1R,0.03379070917799007,0.03379070917799007
ID_11K6P1,0.012516951584387669,0.012516951584387669
ID_9MROM2,0.0012634482311788407,0.0012634482311788407
ID_MXJE6Z,0.012516951584387669,0.012516951584387669
ID_HXOTEN,0.007149060352872659,0.007149060352872659
ID_3GRDZX,0.0004785862018563682,0.0004785862018563682
ID_QUV2SL,0.007982320906777527,0.007982320906777527
ID_XVD7XJ,0.0010092914224314536,0.0010092914224314536
ID_D4H6PR,0.012516951584387669,0.012516951584387669
ID_P50S8V,0.03291463728297517,0.03291463728297517
ID_B1P8NI,0.036413836590760223,0.036413836590760223
ID_VHAKMG,0.14195370352887712,0.14195370352887712
ID_P1BZK5,0.04705038656614112,0.04705038656614112
ID_1VFWEO,0.012483983972555233,0.012483983972555233
ID_DS7LOZ,0.0006700027525132701,0.0006700027525132701
ID_3PM5TY,0.0004785862018563682,0.0004785862018563682
ID_ACVINX,0.006669166784161961,0.006669166784161961
ID_N9WXLE,0.008502737808118634,0.008502737808118634
ID_HOZEHI,0.01704566228700814,0.01704566228700814
ID_ACNM6Y,0.008427088001221097,0.008427088001221097
ID_4E94FT,0.0005139124855203862,0.0005139124855203862
ID_PCOVC8,0.01127869713306798,0.01127869713306798
ID_Q9IZA8,0.0005139124855203862,0.0005139124855203862
ID_PBDHXZ,0.008502737808118634,0.008502737808118634
ID_CY8HQK,0.008657397128080693,0.008657397128080693
ID_SPCMX9,0.0008809912233639409,0.0008809912233639409
ID_T242K8,0.0005684001734071074,0.0005684001734071074
ID_3B5N8K,0.008502737808118634,0.008502737808118634
ID_5GKAF9,0.00104576772158337,0.00104576772158337
ID_KTCVZC,0.0005139124855203862,0.0005139124855203862
ID_T2WXE1,0.0006265810690218663,0.0006265810690218663
ID_6QKMNI,0.006669166784161961,0.006669166784161961
ID_3FZUIO,0.07435070072227938,0.07435070072227938
ID_O00R2A,0.03379070917799007,0.03379070917799007
ID_XJTAL7,0.00136536826654927,0.00136536826654927
ID_NT0QPX,0.8666283990925044,0.8666283990925044
ID_UQ658O,0.008502737808118634,0.008502737808118634
ID_ZKA4ZO,0.012516951584387669,0.012516951584387669
ID_F7RSFR,0.0009780172138813947,0.0009780172138813947
ID_2R52MU,0.07435070072227938,0.07435070072227938
ID_134UJF,0.0010633476274273968,0.0010633476274273968
ID_UX404U,0.0007245978634542751,0.0007245978634542751
ID_MRF8HI,0.034052398735484386,0.034052398735484386
ID_FPUZW4,0.0008784456802778257,0.0008784456802778257
ID_J55FHB,0.008427088001221097,0.008427088001221097
ID_NUI7QC,0.008427088001221097,0.008427088001221097
ID_PAH8E7,0.0007245978634542751,0.0007245978634542751
ID_NPER5O,0.00104576772158337,0.00104576772158337
ID_SXC6H6,0.03302149526489971,0.03302149526489971
ID_9ECTWS,0.03282455643997116,0.03282455643997116
ID_BJ7D96,0.0003490487956760245,0.0003490487956760245
ID_YSS4R7,0.00104576772158337,0.00104576772158337
ID_HKTMZS,0.0006619688691623117,0.0006619688691623117
ID_BMNQKP,0.007149060352872659,0.007149060352872659
ID_6SD288,0.006669166784161961,0.006669166784161961
ID_VCUVSI,0.48204014128755734,0.48204014128755734
ID_1E6RRT,0.008502737808118634,0.008502737808118634
ID_QWHDJ6,0.2584708940413818,0.2584708940413818
ID_7A81Z0,0.007349708048620827,0.007349708048620827
ID_V1IGD1,0.0007881576748278004,0.0007881576748278004
ID_KGJM6D,0.0003490487956760245,0.0003490487956760245
ID_PB7GWB,0.0004785862018563682,0.0004785862018563682
ID_RU0BM2,0.0003490487956760245,0.0003490487956760245
ID_KQBP25,0.0007619133597437884,0.0007619133597437884
ID_S12YPO,0.026158063599709347,0.026158063599709347
ID_4STW9Z,0.07101272845145061,0.07101272845145061
ID_3HJ5U2,0.8180840685459523,0.8180840685459523
ID_IWBR0X,0.31164304512171287,0.31164304512171287
ID_F702MM,0.000513715590384861,0.000513715590384861
ID_P3UTGI,0.0006544640332783018,0.0006544640332783018
ID_Z5BDVD,0.12218537118721932,0.12218537118721932
ID_POLQ33,0.0020163178316511773,0.0020163178316511773
ID_00FGHV,0.0025569102330011873,0.0025569102330011873
ID_YDQNRI,0.0005705866835551038,0.0005705866835551038
ID_GD1YS3,0.0005841631043099114,0.0005841631043099114
ID_KQNHNN,0.0019204340762493687,0.0019204340762493687
ID_R4SVZT,0.0007961047155846025,0.0007961047155846025
ID_ANQ3L6,0.00031627426239269716,0.00031627426239269716
ID_GGDIMC,0.00031627426239269716,0.00031627426239269716
ID_DA5QKQ,3.41537588282806e-05,3.41537588282806e-05
ID_ENU5TU,5.2562309212788684e-05,5.2562309212788684e-05
ID_IJNDAU,7.51157130448823e-05,7.51157130448823e-05
ID_QNWUIA,0.0001454252999228875,0.0001454252999228875
ID_0WNG6D,0.0007909068188881576,0.0007909068188881576
ID_8EX44U,0.004677889443769699,0.004677889443769699
ID_92PU7R,0.0061265605017782445,0.0061265605017782445
ID_N2FZUH,3.93148237127453e-05,3.93148237127453e-05
ID_90OLRU,3.93148237127453e-05,3.93148237127453e-05
ID_XZY8MP,0.0005997052906735065,0.0005997052906735065
ID_HAAT76,5.977802876831182e-05,5.977802876831182e-05
ID_U088B7,0.0007929593110166769,0.0007929593110166769
ID_Q8URMK,0.001248280603922768,0.001248280603922768
ID_GS2DIL,0.0034235473464404235,0.0034235473464404235
ID_C5THPI,0.005351152493037062,0.005351152493037062
ID_JP5OOL,0.0030966321439685708,0.0030966321439685708
ID_PX9PLQ,0.0025661626390510923,0.0025661626390510923
ID_7330RT,0.0005882712569884243,0.0005882712569884243
ID_O33VRI,0.0001454252999228875,0.0001454252999228875
ID_YF2V6H,0.00022471792148513642,0.00022471792148513642
ID_Q7ZF74,0.005494715925200021,0.005494715925200021
ID_8J8ZIO,0.0031992784073691747,0.0031992784073691747
ID_60GJ5S,0.00012021759947025378,0.00012021759947025378
ID_2OUBT5,0.0005516782191334936,0.0005516782191334936
ID_12WOGA,0.00016417205002047786,0.00016417205002047786
ID_ZWFCLM,0.0039013485747806313,0.0039013485747806313
ID_VGMTRR,3.41537588282806e-05,3.41537588282806e-05
ID_5YECKD,0.0001454252999228875,0.0001454252999228875
ID_2149G2,0.0007243388832740262,0.0007243388832740262
ID_KIDIEK,0.0001844314030006941,0.0001844314030006941
ID_5KFOE3,0.00013896181524065358,0.00013896181524065358
ID_CJJFN7,5.977802876831182e-05,5.977802876831182e-05
ID_KMFM96,0.0001454252999228875,0.0001454252999228875
ID_XK9L0I,5.5722176907860336e-05,5.5722176907860336e-05
ID_06TUVJ,0.0032615310766429596,0.0032615310766429596
ID_XHG003,0.0010450988232800524,0.0010450988232800524
ID_NX5RVU,0.0025478249763509577,0.0025478249763509577
ID_9TQ75E,0.0001454252999228875,0.0001454252999228875
ID_N7FKWB,8.348932769802334e-05,8.348932769802334e-05
ID_6YYGIZ,0.005765588723550601,0.005765588723550601
ID_2FSC9D,0.001126691640240292,0.001126691640240292
ID_SJQSN7,3.41537588282806e-05,3.41537588282806e-05
ID_1D43WK,0.0008143333456402558,0.0008143333456402558
ID_UPPKDE,3.41537588282806e-05,3.41537588282806e-05
ID_WLOGY7,0.00016093078853696537,0.00016093078853696537
ID_6IE66T,0.0002666986766021331,0.0002666986766021331
ID_JLGA9S,5.9263322076443754e-05,5.9263322076443754e-05
ID_AWHF2K,0.002330257118935067,0.002330257118935067
ID_UHB821,0.0032615310766429596,0.0032615310766429596
ID_I1RLPK,0.00013896181524065358,0.00013896181524065358
ID_FZ714I,0.0001454252999228875,0.0001454252999228875
ID_BW2KFV,0.0001852607008941593,0.0001852607008941593
ID_WZ4ZLP,0.0005997052906735065,0.0005997052906735065
ID_A804C8,0.0001454252999228875,0.0001454252999228875
ID_O0SAC9,5.5722176907860336e-05,5.5722176907860336e-05
ID_2FZGUI,0.0001454252999228875,0.0001454252999228875
ID_048GQG,0.0001454252999228875,0.0001454252999228875
ID_J1UM6R,0.0007613989958414531,0.0007613989958414531
ID_T5VKMK,0.00028133216647545486,0.00028133216647545486
ID_0BYJ5N,5.7981418843323176e-05,5.7981418843323176e-05
ID_K8ESYM,8.126124451382731e-05,8.126124451382731e-05
ID_KNY5YG,0.000443078871242565,0.000443078871242565
ID_D2DLCV,7.286454862295765e-05,7.286454862295765e-05
ID_UYNICE,0.00023062963218093885,0.00023062963218093885
ID_G60X6Z,2.8332821510088047e-05,2.8332821510088047e-05
ID_HSPNIW,0.0008642065943549525,0.0008642065943549525
ID_5VE34C,5.193093404121394e-05,5.193093404121394e-05
ID_1UIH4F,0.018472107419915115,0.018472107419915115
ID_J6NXSU,2.8332821510088047e-05,2.8332821510088047e-05
ID_VBT4T1,0.0005302459278221793,0.0005302459278221793
ID_3A48N3,0.001769812244777033,0.001769812244777033
ID_8JDABW,0.0010491206360647401,0.0010491206360647401
ID_RXFZLF,0.00031774680784477186,0.00031774680784477186
ID_VFFFGX,0.0007872071265848115,0.0007872071265848115
ID_NFHSAZ,0.00034964915671174433,0.00034964915671174433
ID_7ZY0NG,5.193093404121394e-05,5.193093404121394e-05
ID_8QIBCL,4.9387441495465e-05,4.9387441495465e-05
ID_MNWT6P,0.0003635450227031813,0.0003635450227031813
ID_S8PJBH,0.0007730410804463783,0.0007730410804463783
ID_GSOEX8,4.9387441495465e-05,4.9387441495465e-05
ID_65S4A3,0.0002542972682424001,0.0002542972682424001
ID_01C6IY,0.00010996725924081093,0.00010996725924081093
ID_4QEIOH,5.193093404121394e-05,5.193093404121394e-05
ID_KQAT5X,0.00031774680784477186,0.00031774680784477186
ID_FHFMAM,3.922090012522665e-05,3.922090012522665e-05
ID_16IYHJ,0.0024575794293637755,0.0024575794293637755
ID_S2R9OO,0.0004354939423081528,0.0004354939423081528
ID_1YPD87,8.126124451382731e-05,8.126124451382731e-05
ID_IZPAAG,2.8332821510088047e-05,2.8332821510088047e-05
ID_LU1WVW,0.0002587957784880587,0.0002587957784880587
ID_JYWA52,0.0005200249675546622,0.0005200249675546622
ID_DAAUON,0.00011259121239607536,0.00011259121239607536
ID_63MA7T,6.929583279143204e-05,6.929583279143204e-05
ID_WPMWMW,0.0006825263653391155,0.0006825263653391155
ID_XWS3E2,0.00040607762210877825,0.00040607762210877825
ID_RQW2NY,2.8332821510088047e-05,2.8332821510088047e-05
ID_CF06U6,0.0011800375367436765,0.0011800375367436765
ID_K9GCJZ,0.0007486779672707292,0.0007486779672707292
ID_UDX6J6,4.9387441495465e-05,4.9387441495465e-05
ID_YEK3N6,0.00033955102715195365,0.00033955102715195365
ID_RZMYEA,4.360407898665311e-05,4.360407898665311e-05
ID_KGBQSU,0.0010822946801550902,0.0010822946801550902
ID_ANMF9T,5.193093404121394e-05,5.193093404121394e-05
ID_12IR7V,4.9387441495465e-05,4.9387441495465e-05
ID_7L6OKC,0.00043548124364668533,0.00043548124364668533
ID_L18EB0,0.000709815009471624,0.000709815009471624
ID_KS8ESR,0.00018729300094786364,0.00018729300094786364
ID_MGLJCN,2.8332821510088047e-05,2.8332821510088047e-05
ID_K6VD1U,0.00043548124364668533,0.00043548124364668533
ID_NBOI6E,7.286454862295765e-05,7.286454862295765e-05
ID_295N8V,0.0003123141134689744,0.0003123141134689744
ID_8GVR4A,0.00027175695869444567,0.00027175695869444567
ID_92ZY5Y,3.922090012522665e-05,3.922090012522665e-05
ID_UOTTW5,0.00036987729241784006,0.00036987729241784006
ID_NUS824,0.0013620335440916824,0.0013620335440916824
ID_6M47S2,0.00017318375095729888,0.00017318375095729888
ID_QU3QNZ,6.929583279143204e-05,6.929583279143204e-05
ID_V0BREC,8.92317047702761e-05,8.92317047702761e-05
ID_A6QKLH,0.00014256558017740947,0.00014256558017740947
ID_210G9G,5.14094775935159e-05,5.14094775935159e-05
ID_9RATZ5,0.00010771608782488958,0.00010771608782488958
ID_B0QCIA,7.286454862295765e-05,7.286454862295765e-05
ID_EPSM9H,0.0001941742336789425,0.0001941742336789425
ID_36E2M8,0.00028204244937638564,0.00028204244937638564
ID_XJB20Q,0.00036396502380050996,0.00036396502380050996
ID_V6J8WF,0.00018505015252719245,0.00018505015252719245
ID_B8PE1F,0.001600262751329672,0.001600262751329672
ID_D3HW6G,7.286454862295765e-05,7.286454862295765e-05
ID_8L8UWY,5.193093404121394e-05,5.193093404121394e-05
ID_C4XYDR,0.00021416895509006117,0.00021416895509006117
ID_9ZHQSC,0.0018797348622842144,0.0018797348622842144
ID_VV6B0Z,0.0017653924294555286,0.0017653924294555286
ID_LJ3UDV,0.0006413317443751241,0.0006413317443751241
ID_SMRPHF,0.001388083335100066,0.001388083335100066
ID_8P2W83,0.0016234903480321654,0.0016234903480321654
ID_9AOX8N,0.0016234903480321654,0.0016234903480321654
ID_0V4XZ0,0.0008899637241532992,0.0008899637241532992
ID_71YN0L,0.021156549348440513,0.021156549348440513
ID_BSCWO5,0.000993554574653719,0.000993554574653719
ID_1CJ5FO,0.0018880427857910947,0.0018880427857910947
ID_L620RV,0.0011100404880177571,0.0011100404880177571
ID_XQT8TW,0.000993554574653719,0.000993554574653719
ID_N5ZN4G,0.0011100404880177571,0.0011100404880177571
ID_V12YNL,0.000993554574653719,0.000993554574653719
ID_A3DNUK,0.000993554574653719,0.000993554574653719
ID_5B3NF6,0.000993554574653719,0.000993554574653719
ID_41NZ9C,0.000993554574653719,0.000993554574653719
ID_JDHBFC,0.000993554574653719,0.000993554574653719
ID_IY9L9I,0.010597432506900643,0.010597432506900643
ID_U2SJ08,0.010233404521925312,0.010233404521925312
ID_ESM8N8,0.0013094156960172627,0.0013094156960172627
ID_Y8LOYK,0.0005829044695211201,0.0005829044695211201
ID_B7XTJ9,0.0010489733060778323,0.0010489733060778323
ID_KE6EOH,0.0002861107091034133,0.0002861107091034133
ID_ZOEHP1,0.0010489733060778323,0.0010489733060778323
ID_OF19CG,0.000993554574653719,0.000993554574653719
ID_YUT4M4,0.000993554574653719,0.000993554574653719
ID_CWUZQ1,0.0018985465305766756,0.0018985465305766756
ID_6FWUC1,0.0023969911474427943,0.0023969911474427943
ID_4AWIOL,0.000993554574653719,0.000993554574653719
ID_MSJYWZ,0.0002861107091034133,0.0002861107091034133
ID_N9NW32,0.000993554574653719,0.000993554574653719
ID_STP6PQ,0.013902880622989718,0.013902880622989718
ID_2Q1AXB,0.000993554574653719,0.000993554574653719
ID_X8CXRN,0.000993554574653719,0.000993554574653719
ID_ZEJHY1,0.000993554574653719,0.000993554574653719
ID_JT0RBZ,0.000993554574653719,0.000993554574653719
ID_GXNTBL,0.0005829044695211201,0.0005829044695211201
ID_I4N3U4,0.0011100404880177571,0.0011100404880177571
ID_CFDN0Q,0.0008837870370799179,0.0008837870370799179
ID_6SL7FX,0.000492635457250702,0.000492635457250702
ID_D4UOPR,8.486070285441285e-05,8.486070285441285e-05
ID_V2FWTM,5.9203340336912416e-05,5.9203340336912416e-05
ID_XR61KW,0.0011962696660425371,0.0011962696660425371
ID_0LJATN,0.000492635457250702,0.000492635457250702
ID_81ZCO6,5.122998331408542e-05,5.122998331408542e-05
ID_T74SPZ,0.0003306701519142927,0.0003306701519142927
ID_2Q0H2I,0.00014283579044344763,0.00014283579044344763
ID_XZC1XA,7.541986883587944e-05,7.541986883587944e-05
ID_9EVQEO,0.0033775147749353935,0.0033775147749353935
ID_TBMDR7,0.0003995019382841668,0.0003995019382841668
ID_PX3V1E,0.00021783421889891134,0.00021783421889891134
ID_GFNMAQ,0.00019312729575044377,0.00019312729575044377
ID_4IKKFX,0.00023721317254459442,0.00023721317254459442
ID_PXX6LX,0.0004200690313672326,0.0004200690313672326
ID_9Y7QYI,0.000492635457250702,0.000492635457250702
ID_NCMGQO,0.00017752483184310983,0.00017752483184310983
ID_L1RS7T,0.0003995019382841668,0.0003995019382841668
ID_UBNAI1,0.000492635457250702,0.000492635457250702
ID_ZLFFSD,0.00034252300486054877,0.00034252300486054877
ID_89E64C,0.000492635457250702,0.000492635457250702
ID_ZGKPYC,0.0033775147749353935,0.0033775147749353935
ID_TQ2SKG,0.00029939218875705995,0.00029939218875705995
ID_SYXTO4,0.00018708747223376309,0.00018708747223376309
ID_4OJFGR,0.00017752483184310983,0.00017752483184310983
ID_RSKO1F,0.0003306701519142927,0.0003306701519142927
ID_H8UYPI,0.00019672123081230356,0.00019672123081230356
ID_8GEYYG,0.0033775147749353935,0.0033775147749353935
ID_P2D00R,0.00021739965206420646,0.00021739965206420646
ID_90GUIW,9.590635208088132e-05,9.590635208088132e-05
ID_T3J7SY,9.607621175667183e-05,9.607621175667183e-05
ID_2V5UEE,0.00014283579044344763,0.00014283579044344763
ID_E9CUC6,6.690959626383484e-05,6.690959626383484e-05
ID_5R7WSC,8.486070285441285e-05,8.486070285441285e-05
ID_OF67ZH,0.0002521784801787607,0.0002521784801787607
ID_0ZINW1,5.122998331408542e-05,5.122998331408542e-05
ID_XCZR6Z,0.000492635457250702,0.000492635457250702
ID_3J6JIM,0.0001728675899453374,0.0001728675899453374
ID_0KVUYB,0.000492635457250702,0.000492635457250702
ID_31AGWA,0.000492635457250702,0.000492635457250702
ID_JOHIEH,7.343213051499083e-05,7.343213051499083e-05
ID_SY5ACF,0.00019443158317739457,0.00019443158317739457
ID_51HR8B,7.035543023426583e-05,7.035543023426583e-05
ID_FBOIDY,5.9203340336912416e-05,5.9203340336912416e-05
ID_KXXYIZ,0.00017752483184310983,0.00017752483184310983
ID_7JDECQ,0.00026196331978794264,0.00026196331978794264
ID_ZNDJO0,9.590635208088132e-05,9.590635208088132e-05
ID_NO00XI,0.000492635457250702,0.000492635457250702
ID_MXVMHB,8.486070285441285e-05,8.486070285441285e-05
ID_47X9RR,0.00017174194235705398,0.00017174194235705398
ID_875Q3P,0.0003995019382841668,0.0003995019382841668
ID_0CP43G,8.925585353683447e-05,8.925585353683447e-05
ID_BLCTDI,0.0001393403860974355,0.0001393403860974355
ID_V7NFWN,0.00019672123081230356,0.00019672123081230356
ID_RZH309,0.0001008453639340595,0.0001008453639340595
ID_MKWIN3,0.000492635457250702,0.000492635457250702
ID_M5QVXA,7.635736520346781e-05,7.635736520346781e-05
ID_KEMXON,7.24925921874256e-05,7.24925921874256e-05
ID_UF64U6,0.0003995019382841668,0.0003995019382841668
ID_390VSL,0.0001008453639340595,0.0001008453639340595
ID_E1PRPX,0.00020709583407951734,0.00020709583407951734
ID_4XBB4P,0.0003517599073967333,0.0003517599073967333
ID_FDZWH6,0.00022953288835930838,0.00022953288835930838
ID_CYGOO8,0.00014011728534977347,0.00014011728534977347
ID_7ILHH1,0.0001707901420340791,0.0001707901420340791
ID_3J4B56,0.0006182963266300756,0.0006182963266300756
ID_Y5SQ1L,5.122998331408542e-05,5.122998331408542e-05
ID_LIBKDI,9.945455084630763e-05,9.945455084630763e-05
ID_6S3LGU,7.541986883587944e-05,7.541986883587944e-05
ID_CCL3L7,0.00025461611245838244,0.00025461611245838244
ID_N51IQT,0.0003995019382841668,0.0003995019382841668
ID_KVRLKK,0.00010339025331574434,0.00010339025331574434
ID_NH7ABP,7.445133984826114e-05,7.445133984826114e-05
ID_VTBHST,5.122998331408542e-05,5.122998331408542e-05
ID_4KV1ZV,5.9203340336912416e-05,5.9203340336912416e-05
ID_5Z1DAT,0.0008375205625946674,0.0008375205625946674
ID_ZXQRP1,0.00018708747223376309,0.00018708747223376309
ID_16O9TG,7.035543023426583e-05,7.035543023426583e-05
ID_86Z5BT,5.9203340336912416e-05,5.9203340336912416e-05
ID_02VGAQ,9.590635208088132e-05,9.590635208088132e-05
ID_7UZ111,5.9203340336912416e-05,5.9203340336912416e-05
ID_2X5YMF,0.00012805497570545003,0.00012805497570545003
ID_PPMQQ3,0.00010269329229905661,0.00010269329229905661
ID_IR01XD,0.00034752559002524953,0.00034752559002524953
ID_GEWJ3P,7.343213051499083e-05,7.343213051499083e-05
ID_H3GX6C,0.00013864886656123187,0.00013864886656123187
ID_DJ6NAP,9.590635208088132e-05,9.590635208088132e-05
ID_QLXTHH,0.0003306701519142927,0.0003306701519142927
ID_E1CQQL,7.343213051499083e-05,7.343213051499083e-05
ID_1LB0SW,7.635736520346781e-05,7.635736520346781e-05
ID_LRT2RR,7.035543023426583e-05,7.035543023426583e-05
ID_4OCPML,7.035543023426583e-05,7.035543023426583e-05
ID_3PPVTQ,9.945455084630763e-05,9.945455084630763e-05
ID_OHA3B2,0.00014283579044344763,0.00014283579044344763
ID_X2EZX0,6.690959626383484e-05,6.690959626383484e-05
ID_N7CKJM,0.0003306701519142927,0.0003306701519142927
ID_ED5XL6,0.00026196331978794264,0.00026196331978794264
ID_UPMG2P,0.000492635457250702,0.000492635457250702
ID_I8ZJUM,0.00010820520090418004,0.00010820520090418004
ID_T01X1E,0.00011978839446544026,0.00011978839446544026
ID_TX3T1U,0.00019672123081230356,0.00019672123081230356
ID_BK85LX,0.00014283579044344763,0.00014283579044344763
ID_I3EHXO,9.257085303644175e-05,9.257085303644175e-05
ID_S6GDVH,0.0001798659783089012,0.0001798659783089012
ID_Q29IAO,0.00021113413993122075,0.00021113413993122075
ID_CM5IWG,0.00019672123081230356,0.00019672123081230356
ID_Y0V2PI,0.00014733274859851067,0.00014733274859851067
ID_9QINRQ,0.0002681482175713033,0.0002681482175713033
ID_JFKDW9,0.000492635457250702,0.000492635457250702
ID_GO0M2G,0.000492635457250702,0.000492635457250702
ID_PIGI7K,0.00014283579044344763,0.00014283579044344763
ID_IJXCEY,0.00017316265789322756,0.00017316265789322756
ID_VI4U4R,5.122998331408542e-05,5.122998331408542e-05
ID_258MZC,6.690959626383484e-05,6.690959626383484e-05
ID_H18RCQ,7.445133984826114e-05,7.445133984826114e-05
ID_07BV8U,0.00023874314227966459,0.00023874314227966459
ID_VZICF1,0.00019672123081230356,0.00019672123081230356
ID_WRL982,6.690959626383484e-05,6.690959626383484e-05
ID_9YG2KN,0.000492635457250702,0.000492635457250702
ID_KERY7T,0.0008861890943760068,0.0008861890943760068
ID_SZCEKW,0.00019672123081230356,0.00019672123081230356
ID_6O5TR9,0.00020192355031786066,0.00020192355031786066
ID_2VWEN3,0.000492635457250702,0.000492635457250702
ID_390114,0.00019672123081230356,0.00019672123081230356
ID_414HOK,0.0003600145034787407,0.0003600145034787407
ID_OM9I7H,0.0023341976100094523,0.0023341976100094523
ID_UAFWJ8,0.0013514250877167914,0.0013514250877167914
ID_JEO0RE,0.005229831435679688,0.005229831435679688
ID_2FK7L8,0.0007907983535841468,0.0007907983535841468
ID_BR0ZVK,0.0007907983535841468,0.0007907983535841468
ID_4XW3SG,0.002055770089459051,0.002055770089459051
ID_ND0JUF,0.004762084767371613,0.004762084767371613
ID_LRK0VM,0.006517649252982277,0.006517649252982277
ID_F9LL3S,0.004291397473631636,0.004291397473631636
ID_QYNGUD,0.033061572453446014,0.033061572453446014
ID_RZE5NT,0.0021439742021992893,0.0021439742021992893
ID_Y3XGHG,0.0021439742021992893,0.0021439742021992893
ID_PAN2FG,0.002055770089459051,0.002055770089459051
ID_E1VE1N,0.0027315318580663477,0.0027315318580663477
ID_V9V15D,0.12312590485605088,0.12312590485605088
ID_6LSQM7,0.0006693983350683514,0.0006693983350683514
ID_O5CMPP,0.002269725471461754,0.002269725471461754
ID_7UEYP5,0.0010408712925196726,0.0010408712925196726
ID_GE4M9Q,0.0006914718471372249,0.0006914718471372249
ID_V2I3KR,0.0024560905392068486,0.0024560905392068486
ID_O59IL2,0.030161037263120635,0.030161037263120635
ID_2RX566,0.003245295926459841,0.003245295926459841
ID_3TZG4C,0.002269725471461754,0.002269725471461754
ID_QB7IZK,0.0021439742021992893,0.0021439742021992893
ID_XCQ47J,0.0016358574880351619,0.0016358574880351619
ID_GEIU3Q,0.03859901157319949,0.03859901157319949
ID_BAJPY0,0.004762084767371613,0.004762084767371613
ID_BSVNKG,0.0015680390030458798,0.0015680390030458798
ID_QM4O2S,0.0008299238738744932,0.0008299238738744932
ID_ZB10X6,0.002055770089459051,0.002055770089459051
ID_VLOALM,0.30523580525537053,0.30523580525537053
ID_CG3L2H,0.0024711733689479413,0.0024711733689479413
ID_VAG0Q5,0.012358004389712678,0.012358004389712678
ID_7J1S3Y,0.006205824321350069,0.006205824321350069
ID_JW1LBC,0.03898076545125331,0.03898076545125331
ID_083PSL,0.0006693983350683514,0.0006693983350683514
ID_EALA41,0.03411165312297772,0.03411165312297772
ID_3ZIHQR,0.002055770089459051,0.002055770089459051
ID_F5HANJ,0.01240639660482027,0.01240639660482027
ID_DHARBL,0.005229831435679688,0.005229831435679688
ID_H3K94A,0.005229831435679688,0.005229831435679688
ID_BV33ZV,0.0008299238738744932,0.0008299238738744932
ID_GOSZ8L,0.0012045866483988996,0.0012045866483988996
ID_S9JF8F,0.0346416954834897,0.0346416954834897
ID_UOLBI5,0.003453840753694885,0.003453840753694885
ID_K3PNUV,0.0011727902123663488,0.0011727902123663488
ID_ANWYJ9,0.0006914718471372249,0.0006914718471372249
ID_AMSE7R,0.002055770089459051,0.002055770089459051
ID_I88AP8,0.002269725471461754,0.002269725471461754
ID_NWA3L6,0.0012939292945763044,0.0012939292945763044
ID_BEJ4NZ,0.15666004825492325,0.15666004825492325
ID_QW38O7,0.006397539532949338,0.006397539532949338
ID_0BO03Q,0.0067145911090749815,0.0067145911090749815
ID_CKOUOI,0.01705651935438222,0.01705651935438222
ID_LB4MOB,0.0006693983350683514,0.0006693983350683514
ID_M3EGOP,0.059168139448204156,0.059168139448204156
ID_3DR3OC,0.0024560905392068486,0.0024560905392068486
ID_CII7S2,0.0006914718471372249,0.0006914718471372249
ID_PS36LP,0.0008299238738744932,0.0008299238738744932
ID_UMATGZ,0.005229831435679688,0.005229831435679688
ID_RZXWDX,0.0013227778464243384,0.0013227778464243384
ID_MBP2SR,0.0006914718471372249,0.0006914718471372249
ID_26D5YY,0.0012939292945763044,0.0012939292945763044
ID_F7H73Q,0.002055770089459051,0.002055770089459051
ID_W4PRR2,0.0012939292945763044,0.0012939292945763044
ID_UY4Z5F,0.0006914718471372249,0.0006914718471372249
ID_Y8KQBZ,0.01240639660482027,0.01240639660482027
ID_QVEUCL,0.029638732646414763,0.029638732646414763
ID_4ZRHI7,0.004762084767371613,0.004762084767371613
ID_WLTHN7,0.01216593497874596,0.01216593497874596
ID_1FYJNL,0.0015858541331632162,0.0015858541331632162
ID_D9L64Q,0.005229831435679688,0.005229831435679688
ID_86WW5J,0.0019554438883177846,0.0019554438883177846
ID_7Y6T5F,0.0679773085407224,0.0679773085407224
ID_H6BCXL,0.001863191445813369,0.001863191445813369
ID_HWUQNT,0.0026520771218818628,0.0026520771218818628
ID_42K0G3,0.005229831435679688,0.005229831435679688
ID_RJA1CY,0.0015680390030458798,0.0015680390030458798
ID_KUD6LS,0.0027315318580663477,0.0027315318580663477
ID_YF4XAS,0.046630831725602825,0.046630831725602825
ID_9L5QZW,0.0006313087901488532,0.0006313087901488532
ID_PKRBWM,0.004291397473631636,0.004291397473631636
ID_KV5X78,0.0026994379216914444,0.0026994379216914444
ID_K05FSC,0.0006313087901488532,0.0006313087901488532
ID_VKADHX,0.04116918288492997,0.04116918288492997
ID_FJ9WOU,0.01001695638994438,0.01001695638994438
ID_42T9XM,0.002055770089459051,0.002055770089459051
ID_9ZLKG2,0.0021439742021992893,0.0021439742021992893
ID_HXOU9G,0.021439039731357364,0.021439039731357364
ID_WB4AC6,0.006387334089859159,0.006387334089859159
ID_I62XI1,0.005093716722166312,0.005093716722166312
ID_3ZWI9L,0.0006313087901488532,0.0006313087901488532
ID_3SR2CY,0.031401909866363445,0.031401909866363445
ID_ZBZKT1,0.0027315318580663477,0.0027315318580663477
ID_O4VQ7G,0.0012939292945763044,0.0012939292945763044
ID_N744FI,0.002502882696109761,0.002502882696109761
ID_TV8IEH,0.0008299238738744932,0.0008299238738744932
ID_NMAF4Q,0.005229831435679688,0.005229831435679688
ID_K2ZCCX,0.0017096110738300922,0.0017096110738300922
ID_R18GZ6,0.0007841424705216601,0.0007841424705216601
ID_IFP722,0.0015273753466713454,0.0015273753466713454
ID_IR8CDY,0.061862465333280964,0.061862465333280964
ID_Z2I4JV,0.005229831435679688,0.005229831435679688
ID_6KEY2P,0.0017096110738300922,0.0017096110738300922
ID_5S0DH2,0.0008299238738744932,0.0008299238738744932
ID_XNJ95S,0.002055770089459051,0.002055770089459051
ID_H6CCOD,0.002161042842540357,0.002161042842540357
ID_WQCUST,0.031401909866363445,0.031401909866363445
ID_T75BT1,0.005091309629603772,0.005091309629603772
ID_XS9OXI,0.003843980289282653,0.003843980289282653
ID_EA1206,0.0035837808629569606,0.0035837808629569606
ID_YH37JO,0.09348330144965444,0.09348330144965444
ID_B8H7AK,0.0035837808629569606,0.0035837808629569606
ID_C09NJ3,0.0036397939563254126,0.0036397939563254126
ID_0P1U7I,0.004845586282257969,0.004845586282257969
ID_KJZGN2,0.003608926660399642,0.003608926660399642
ID_XBCJ33,0.003608926660399642,0.003608926660399642
ID_QPKPCR,0.0035837808629569606,0.0035837808629569606
ID_GAOAHL,0.0059702768534974715,0.0059702768534974715
ID_9KT6CB,0.0036144338660413803,0.0036144338660413803
ID_KUJ9FC,0.0035837808629569606,0.0035837808629569606
ID_I81UCW,0.0035837808629569606,0.0035837808629569606
ID_GB2SDS,0.0059702768534974715,0.0059702768534974715
ID_X9A4JH,0.0059702768534974715,0.0059702768534974715
ID_RTGELG,0.00661298689329433,0.00661298689329433
ID_HNXAGO,0.0059702768534974715,0.0059702768534974715
ID_5FC3QJ,0.020623103214859877,0.020623103214859877
ID_CWTFLH,0.006107180779614637,0.006107180779614637
ID_B38JUX,0.024010070134334167,0.024010070134334167
ID_UH1KTJ,0.024010070134334167,0.024010070134334167
ID_5LLHBD,0.004315217965913826,0.004315217965913826
ID_3YY9DP,0.004315217965913826,0.004315217965913826
ID_744ERE,0.00661298689329433,0.00661298689329433
ID_QV8YW3,0.0074160820594491635,0.0074160820594491635
ID_G5ERJR,0.005064352280025351,0.005064352280025351
ID_MNB1L3,0.0059702768534974715,0.0059702768534974715
ID_B84S8R,0.003608926660399642,0.003608926660399642
ID_VI1CDO,0.020620527445760206,0.020620527445760206
ID_31K8SP,0.003608926660399642,0.003608926660399642
ID_3F8T7O,0.004315217965913826,0.004315217965913826
ID_RW3Q5J,0.005064352280025351,0.005064352280025351
ID_T3FYEA,0.024010070134334167,0.024010070134334167
ID_OZU9F0,0.016416088814103513,0.016416088814103513
ID_JLNANL,0.005064352280025351,0.005064352280025351
ID_09QFQF,0.0059702768534974715,0.0059702768534974715
ID_CJR13W,0.005064352280025351,0.005064352280025351
ID_1U5ABT,0.0059702768534974715,0.0059702768534974715
ID_J3WB2P,0.0034751021213693767,0.0034751021213693767
ID_CYJMO0,0.006982207608775097,0.006982207608775097
ID_RIZD06,0.003608926660399642,0.003608926660399642
ID_K565PV,0.0059702768534974715,0.0059702768534974715
ID_KGPDZS,0.005064352280025351,0.005064352280025351
ID_PD7IH8,0.0036144338660413803,0.0036144338660413803
ID_FM7JHM,0.0035837808629569606,0.0035837808629569606
ID_JKUDBT,0.024010070134334167,0.024010070134334167
ID_ZSTDRG,0.005064352280025351,0.005064352280025351
ID_WM2OCW,0.003608926660399642,0.003608926660399642
ID_V2VKWX,0.0059702768534974715,0.0059702768534974715
ID_Z0V4IF,0.0035837808629569606,0.0035837808629569606
ID_ZKWY5H,0.024010070134334167,0.024010070134334167
ID_Y92YDT,0.00661298689329433,0.00661298689329433
ID_SUKNX3,0.004315217965913826,0.004315217965913826
ID_UQ2MN7,0.0059702768534974715,0.0059702768534974715
ID_R4B5Y3,0.020623103214859877,0.020623103214859877
ID_5FIQN2,0.004315217965913826,0.004315217965913826
ID_CK7R8V,0.0048406269451802845,0.0048406269451802845
ID_9CKT1G,0.016416088814103513,0.016416088814103513
ID_OP7PVS,0.0035837808629569606,0.0035837808629569606
ID_E958NN,0.0035837808629569606,0.0035837808629569606
ID_DEFSVV,0.0035837808629569606,0.0035837808629569606
ID_BKDCXA,0.012018431000632167,0.012018431000632167
ID_I0OGOO,0.003608926660399642,0.003608926660399642
ID_5A0PRD,0.0035837808629569606,0.0035837808629569606
ID_KEK3CV,0.0036144338660413803,0.0036144338660413803
ID_G5CBCM,0.0035837808629569606,0.0035837808629569606
ID_6K7MP9,0.009021053624592618,0.009021053624592618
ID_9972R1,0.004315217965913826,0.004315217965913826
ID_PNK92C,0.0003614190366071687,0.0003614190366071687
ID_W39B3I,0.00017565505014107476,0.00017565505014107476
ID_HD9ID6,0.0003614190366071687,0.0003614190366071687
ID_BN91DN,0.0003244499506344587,0.0003244499506344587
ID_3GOCN3,0.5238959111590825,0.5238959111590825
ID_ET6KNZ,0.4238677164547024,0.4238677164547024
ID_OTOWTK,0.0008883587923239966,0.0008883587923239966
ID_WX5YV9,0.00043610602214569236,0.00043610602214569236
ID_BKG1JJ,0.00047940218983497134,0.00047940218983497134
ID_N7EE5X,0.6849886077857356,0.6849886077857356
ID_3HJF2B,0.034816256375729146,0.034816256375729146
ID_L77EMA,0.0003243256206682739,0.0003243256206682739
ID_UONM6Q,0.00017565505014107476,0.00017565505014107476
ID_ZCOCP7,0.00042706895520955616,0.00042706895520955616
ID_9HPWEF,0.034579328101994086,0.034579328101994086
ID_48PTGW,0.00039084000271036594,0.00039084000271036594
ID_GSHF7X,0.0003243256206682739,0.0003243256206682739
ID_72DBE5,0.0008880185631498994,0.0008880185631498994
ID_H8FI6N,0.0003243256206682739,0.0003243256206682739
ID_897NU8,0.0003244499506344587,0.0003244499506344587
ID_PS57CR,0.00017565505014107476,0.00017565505014107476
ID_VLC084,0.0004353312782445117,0.0004353312782445117
ID_0TQQFQ,0.0003243256206682739,0.0003243256206682739
ID_E94KOM,0.11316281744906616,0.11316281744906616
ID_DBOXYC,0.0003614190366071687,0.0003614190366071687
ID_Z8WJLG,0.0003243256206682739,0.0003243256206682739
ID_D7H9P4,0.0008880185631498994,0.0008880185631498994
ID_HNBXAQ,0.0002565098878151595,0.0002565098878151595
ID_T0YIRE,0.0003614190366071687,0.0003614190366071687
ID_9PTBA8,0.027502735745228577,0.027502735745228577
ID_7GNPFS,0.0096596030237933,0.0096596030237933
ID_LDL582,0.0002565098878151595,0.0002565098878151595
ID_QDFKYG,0.00032750233045860744,0.00032750233045860744
ID_E9HXCI,0.0002575182223123877,0.0002575182223123877
ID_VXNUAB,0.0002441746006756708,0.0002441746006756708
ID_7X3ANU,0.00014237749028972623,0.00014237749028972623
ID_JHEJ6C,0.0007869201918387622,0.0007869201918387622
ID_PQEFSA,0.00021882276701287842,0.00021882276701287842
ID_74362O,0.00014503436738241637,0.00014503436738241637
ID_ZYEPM4,0.000485662725844394,0.000485662725844394
ID_NO41LI,0.002328299706536658,0.002328299706536658
ID_A1BP0L,0.0002441746006756708,0.0002441746006756708
ID_833EID,0.0010593558115583653,0.0010593558115583653
ID_QVFOVQ,0.00022377385275284753,0.00022377385275284753
ID_E8JXTE,0.009466803962248275,0.009466803962248275
ID_SW35TS,0.00028762635729854554,0.00028762635729854554
ID_UE2F8Y,0.00021882276701287842,0.00021882276701287842
ID_EW9NJ2,0.00028762635729854554,0.00028762635729854554
ID_J6FHL2,0.0010593558115583653,0.0010593558115583653
ID_UGEC57,0.00026400970836250315,0.00026400970836250315
ID_VSQBO6,0.00012642658046837105,0.00012642658046837105
ID_UVXMIM,0.02141459829559848,0.02141459829559848
ID_T058KG,9.310612104710223e-05,9.310612104710223e-05
ID_VACRZA,0.00011267060900925694,0.00011267060900925694
ID_Y56MW9,6.86521222307443e-05,6.86521222307443e-05
ID_0DPIA8,0.000331388128108265,0.000331388128108265
ID_3U9J6G,0.00018155358400526173,0.00018155358400526173
ID_EUSZBN,0.00022108324838069094,0.00022108324838069094
ID_9E5OMC,0.00011267060900925694,0.00011267060900925694
ID_3R6KBU,0.00013646894547056433,0.00013646894547056433
ID_4TGSZ9,6.0965252417650356e-05,6.0965252417650356e-05
ID_NX8EEE,0.00028604243024969234,0.00028604243024969234
ID_RWKSD3,0.0003580094100388153,0.0003580094100388153
ID_7X97V1,0.0003638719781617502,0.0003638719781617502
ID_2AFQRA,6.0965252417650356e-05,6.0965252417650356e-05
ID_Q1RU6X,6.0965252417650356e-05,6.0965252417650356e-05
ID_YC254M,0.0001323032261456574,0.0001323032261456574
ID_UNWPJB,0.00018155358400526173,0.00018155358400526173
ID_B660BU,0.00011302647835383897,0.00011302647835383897
ID_4ORCRP,6.0965252417650356e-05,6.0965252417650356e-05
ID_YFLCSJ,0.00036498760291746665,0.00036498760291746665
ID_733Z0L,0.00018209827290224123,0.00018209827290224123
ID_KB7EEN,0.00018155358400526173,0.00018155358400526173
ID_066CHB,9.565110784620044e-05,9.565110784620044e-05
ID_BEU1N6,9.602370057972586e-05,9.602370057972586e-05
ID_C8R4WH,6.0965252417650356e-05,6.0965252417650356e-05
ID_PI3I2J,6.0965252417650356e-05,6.0965252417650356e-05
ID_9PMVYR,6.0965252417650356e-05,6.0965252417650356e-05
ID_Q7EXXO,6.0965252417650356e-05,6.0965252417650356e-05
ID_CQKKBK,0.00013378573256597973,0.00013378573256597973
ID_9QR9WA,0.00020429974323830593,0.00020429974323830593
ID_FELSNU,0.0001866743529431478,0.0001866743529431478
ID_PNKANZ,0.00017352858949376088,0.00017352858949376088
ID_22JIZ1,0.00035508444476453394,0.00035508444476453394
ID_IRZOS2,0.0014939854317809781,0.0014939854317809781
ID_PHQQ0F,0.0009637197688322232,0.0009637197688322232
ID_IW2314,0.0010161532837348688,0.0010161532837348688
ID_8UX59T,0.00028869095816551105,0.00028869095816551105
ID_4VMFY1,0.00010962988700078234,0.00010962988700078234
ID_NAS5OH,9.310612104710223e-05,9.310612104710223e-05
ID_B5C6RJ,6.0965252417650356e-05,6.0965252417650356e-05
ID_PXCAKA,6.86521222307443e-05,6.86521222307443e-05
ID_T7JWJL,0.0003708756837452884,0.0003708756837452884
ID_Z40GIH,0.00028869095816551105,0.00028869095816551105
ID_7B6TSR,0.00018155358400526173,0.00018155358400526173
ID_T8UE85,6.86521222307443e-05,6.86521222307443e-05
ID_N2GA6J,0.00021508515201134633,0.00021508515201134633
ID_X7QNEK,0.00029736465053736025,0.00029736465053736025
ID_L03W0G,0.00039803717542182497,0.00039803717542182497
ID_5UDF18,0.00018209827290224123,0.00018209827290224123
ID_TT098H,0.0001619823492333138,0.0001619823492333138
ID_5QZP6R,0.00017588958283047958,0.00017588958283047958
ID_EH54DK,0.00030948572054095906,0.00030948572054095906
ID_PALW0Q,0.0008827227758327013,0.0008827227758327013
ID_KSA6SI,9.310612104710223e-05,9.310612104710223e-05
ID_YDQ1KZ,0.0003580094100388153,0.0003580094100388153
ID_7TRIGH,6.0965252417650356e-05,6.0965252417650356e-05
ID_T2KMPX,9.602370057972586e-05,9.602370057972586e-05
ID_W6H2GG,6.0965252417650356e-05,6.0965252417650356e-05
ID_CQOM1C,0.00014067519279056483,0.00014067519279056483
ID_V4PFS3,0.00015870294922684666,0.00015870294922684666
ID_7SSXA0,0.00012582372500294053,0.00012582372500294053
ID_904OMU,6.0965252417650356e-05,6.0965252417650356e-05
ID_UPD1SQ,0.00011992703588251948,0.00011992703588251948
ID_3BE6BK,8.866561656191938e-05,8.866561656191938e-05
ID_ROX1RX,0.00022108324838069094,0.00022108324838069094
ID_HJN7VE,0.00022179234086284035,0.00022179234086284035
ID_HQT8FR,0.0015023002177100163,0.0015023002177100163
ID_IT2HDM,0.00017352858949376088,0.00017352858949376088
ID_YNKD7B,0.001140917052246629,0.001140917052246629
ID_9QKC85,0.00011992703588251948,0.00011992703588251948
ID_QO4II7,6.86521222307443e-05,6.86521222307443e-05
ID_EXZ3UM,6.86521222307443e-05,6.86521222307443e-05
ID_REKC8W,6.86521222307443e-05,6.86521222307443e-05
ID_ATOZFV,0.0001749148001488928,0.0001749148001488928
ID_XUPA46,6.259409713074265e-05,6.259409713074265e-05
ID_BTIN8A,0.00014652525629974087,0.00014652525629974087
ID_4A8R3V,0.0010445624575764808,0.0010445624575764808
ID_QPZL6F,6.0965252417650356e-05,6.0965252417650356e-05
ID_45449H,0.0003045884757658433,0.0003045884757658433
ID_3QF1JY,0.0001229098867915538,0.0001229098867915538
ID_ZO8KHA,0.00035508444476453394,0.00035508444476453394
ID_K9PYT8,0.00018164763824038608,0.00018164763824038608
ID_QI8JG9,0.0006951563164331473,0.0006951563164331473
ID_QQTRMM,0.00014067519279056483,0.00014067519279056483
ID_TH808E,6.86521222307443e-05,6.86521222307443e-05
ID_LMWRAC,0.00014067519279056483,0.00014067519279056483
ID_AW91U7,9.310612104710223e-05,9.310612104710223e-05
ID_G90D2D,0.00030948572054095906,0.00030948572054095906
ID_RAVU77,4.783158661691848e-05,4.783158661691848e-05
ID_61GEC6,0.0005021842876553491,0.0005021842876553491
ID_MVNZ8F,0.001140917052246629,0.001140917052246629
ID_1QI418,7.028843761216996e-05,7.028843761216996e-05
ID_DQP75D,6.0965252417650356e-05,6.0965252417650356e-05
ID_TKOQON,4.783158661691848e-05,4.783158661691848e-05
ID_3HTFW1,0.001509104724350753,0.001509104724350753
ID_8KEJPH,0.00013646894547056433,0.00013646894547056433
ID_J8AEJ1,6.396005508740198e-05,6.396005508740198e-05
ID_ECH1M4,4.783158661691848e-05,4.783158661691848e-05
ID_D88GUO,0.0004767119548135658,0.0004767119548135658
ID_6U3FDV,0.000244870286708406,0.000244870286708406
ID_IITBB8,0.00014652525629974087,0.00014652525629974087
ID_1NH2JD,9.602370057972586e-05,9.602370057972586e-05
ID_83W49H,6.0965252417650356e-05,6.0965252417650356e-05
ID_W9M82U,6.86521222307443e-05,6.86521222307443e-05
ID_TJ3MK7,9.602370057972586e-05,9.602370057972586e-05
ID_45IHF3,0.0003481718251420058,0.0003481718251420058
ID_W9UTJU,4.783158661691848e-05,4.783158661691848e-05
ID_GFQSV3,0.00011992703588251948,0.00011992703588251948
ID_G8MQYI,0.00012746407642437124,0.00012746407642437124
ID_K9FWUG,0.0007694373949258486,0.0007694373949258486
ID_2CCRSP,0.00034260498984388317,0.00034260498984388317
ID_U1ST6M,0.00011302647835383897,0.00011302647835383897
ID_BIBW8E,0.00014067519279056483,0.00014067519279056483
ID_G1TRLN,6.86521222307443e-05,6.86521222307443e-05
ID_ZDCCE5,9.602370057972586e-05,9.602370057972586e-05
ID_GJ1X0Y,0.00012951120971938177,0.00012951120971938177
ID_6R8K2I,0.0002547626531496162,0.0002547626531496162
ID_SB5WMN,0.00030911000642411176,0.00030911000642411176
ID_IDNZZO,4.783158661691848e-05,4.783158661691848e-05
ID_1QOW1W,0.0001749148001488928,0.0001749148001488928
ID_8WP8VX,0.0006587761496116495,0.0006587761496116495
ID_XELVEF,0.00015187198528668534,0.00015187198528668534
ID_54OCQC,0.0013796340417190091,0.0013796340417190091
ID_8PAGNV,0.0026412509708618644,0.0026412509708618644
ID_GYR7IN,0.000494470471075622,0.000494470471075622
ID_FLBXIB,0.0039870912466148664,0.0039870912466148664
ID_5VQXP0,0.00431919152750216,0.00431919152750216
ID_C85QWY,0.0011233715183635482,0.0011233715183635482
ID_HMDPWN,0.0006628591801306313,0.0006628591801306313
ID_S213JS,6.718056342801043e-05,6.718056342801043e-05
ID_JJB0N9,0.0026072861984777046,0.0026072861984777046
ID_JI09Z4,0.0006628591801306313,0.0006628591801306313
ID_XQD518,0.0012859442497925565,0.0012859442497925565
ID_6WA8X2,0.00017962883060781127,0.00017962883060781127
ID_LV4Z3X,0.00010100089484911315,0.00010100089484911315
ID_HG6O68,6.718056342801043e-05,6.718056342801043e-05
ID_U5R2MX,8.203600731793292e-05,8.203600731793292e-05
ID_P91KWI,0.0009627905732184158,0.0009627905732184158
ID_1LR5GS,0.0006628591801306313,0.0006628591801306313
ID_4V99R0,0.0004784790494016541,0.0004784790494016541
ID_K7VOHK,0.0010301805468486888,0.0010301805468486888
ID_CW7BS0,0.0012859442497925565,0.0012859442497925565
ID_AFAB4R,0.0005765276734352966,0.0005765276734352966
ID_78AWWK,0.000521815159921539,0.000521815159921539
ID_STJEV5,0.0003831376552351078,0.0003831376552351078
ID_SNEFWM,0.0003381434788418094,0.0003381434788418094
ID_1Z5H24,5.661122848776689e-05,5.661122848776689e-05
ID_5Y7E9L,0.0003381434788418094,0.0003381434788418094
ID_SQPD1Y,0.00020371479356198579,0.00020371479356198579
ID_QGJOBR,0.0006628591801306313,0.0006628591801306313
ID_FK332O,0.0003381434788418094,0.0003381434788418094
ID_W4K932,0.00011373975809439243,0.00011373975809439243
ID_5C4970,0.0006628591801306313,0.0006628591801306313
ID_0QG01H,0.000877402235730059,0.000877402235730059
ID_E1URRC,0.0004784790494016541,0.0004784790494016541
ID_ND44I5,0.00024406382697729034,0.00024406382697729034
ID_MOKPZ9,0.0002930671691559692,0.0002930671691559692
ID_YKQU0Q,0.00017962883060781127,0.00017962883060781127
ID_20X7IL,0.00017962883060781127,0.00017962883060781127
ID_XNR8IL,0.000877402235730059,0.000877402235730059
ID_PKK3GF,0.0006628591801306313,0.0006628591801306313
ID_L8XKD7,0.00039380961095776003,0.00039380961095776003
ID_W6BRD9,0.00024349687061778774,0.00024349687061778774
ID_YR9NYE,0.00017962883060781127,0.00017962883060781127
ID_C9SGUI,0.0006628591801306313,0.0006628591801306313
ID_MTQKCA,0.00024815832788801454,0.00024815832788801454
ID_PVWOIW,0.0003008208745406463,0.0003008208745406463
ID_QE0PJR,0.0002238474679474099,0.0002238474679474099
ID_XFDKO4,0.0006628591801306313,0.0006628591801306313
ID_V3C88O,8.203600731793292e-05,8.203600731793292e-05
ID_HW2F25,0.0002045420851759302,0.0002045420851759302
ID_02IJBN,0.0002045420851759302,0.0002045420851759302
ID_N3R2G6,0.0004784790494016541,0.0004784790494016541
ID_MPKREV,0.0006628591801306313,0.0006628591801306313
ID_4NOKI6,0.00017962883060781127,0.00017962883060781127
ID_0UNLYT,0.00023745973629968334,0.00023745973629968334
ID_TYEL0C,0.00010100089484911315,0.00010100089484911315
ID_FEV7BL,0.00010100089484911315,0.00010100089484911315
ID_X1R31L,6.718056342801043e-05,6.718056342801043e-05
ID_XOOML1,0.0006628591801306313,0.0006628591801306313
ID_UHO4EX,0.0006628591801306313,0.0006628591801306313
ID_FREVOR,0.00018851202772753387,0.00018851202772753387
ID_KB7C08,0.00021869271765152118,0.00021869271765152118
ID_PTA13J,0.00017962883060781127,0.00017962883060781127
ID_PE2XKW,0.0006628591801306313,0.0006628591801306313
ID_D4AGS1,0.0006628591801306313,0.0006628591801306313
ID_8NHTDF,0.001162913991681789,0.001162913991681789
ID_HL6L8P,0.00021869271765152118,0.00021869271765152118
ID_2LQ63Z,0.0004784790494016541,0.0004784790494016541
ID_MRS220,0.0006628591801306313,0.0006628591801306313
ID_ZAG8Y6,0.000877402235730059,0.000877402235730059
ID_F9LA3J,0.00623026162977099,0.00623026162977099
ID_Y9DABF,0.00011366381883756054,0.00011366381883756054
ID_V3AI5Z,0.004053213153613245,0.004053213153613245
ID_88JV6U,0.00011366381883756054,0.00011366381883756054
ID_RNX724,0.00011366381883756054,0.00011366381883756054
ID_HGRAVW,0.00011366381883756054,0.00011366381883756054
ID_CJRB1K,7.713129785488334e-05,7.713129785488334e-05
ID_PTSP80,0.00019444892728930855,0.00019444892728930855
ID_9EAVDN,0.00019444892728930855,0.00019444892728930855
ID_YM45P0,7.713129785488334e-05,7.713129785488334e-05
ID_01A97D,0.00019444892728930855,0.00019444892728930855
ID_A1ECJZ,0.00019444892728930855,0.00019444892728930855
ID_JOQSKL,7.474292876014053e-05,7.474292876014053e-05
ID_C5CLUE,0.0009074106681472352,0.0009074106681472352
ID_0C8KZH,0.001239418211167399,0.001239418211167399
ID_YHO3I2,0.00011366381883756054,0.00011366381883756054
ID_AHK206,0.00017074465118866076,0.00017074465118866076
ID_ERLXBG,0.0001232347277075575,0.0001232347277075575
ID_3HL2C9,5.394817559967695e-05,5.394817559967695e-05
ID_5VE6UT,0.00036167174449752406,0.00036167174449752406
ID_3E2WXH,0.00017074465118866076,0.00017074465118866076
ID_1BWM6H,0.00017074465118866076,0.00017074465118866076
ID_NQVDII,0.00017074465118866076,0.00017074465118866076
ID_9MXZMG,5.394817559967695e-05,5.394817559967695e-05
ID_LVAH3V,0.00025746663218146265,0.00025746663218146265
ID_QA38KR,0.00017074465118866076,0.00017074465118866076
ID_QUPBR5,0.00017074465118866076,0.00017074465118866076
ID_7DOD5R,7.908163981281597e-05,7.908163981281597e-05
ID_VNBIPS,5.394817559967695e-05,5.394817559967695e-05
ID_6P7N3B,0.01756222464932485,0.01756222464932485
ID_ZO2QTR,0.0012922664638110519,0.0012922664638110519
ID_FYU27B,5.394817559967695e-05,5.394817559967695e-05
ID_DBX7DS,0.0020822700422552694,0.0020822700422552694
ID_W5VGS0,0.00031134592255574353,0.00031134592255574353
ID_DF3WU7,5.394817559967695e-05,5.394817559967695e-05
ID_I2M4VZ,0.0003312186973906733,0.0003312186973906733
ID_ERFJWP,0.002249792804809877,0.002249792804809877
ID_9P61Y7,0.00019384223543571582,0.00019384223543571582
ID_BF8224,7.85157933366445e-05,7.85157933366445e-05
ID_KNHULM,0.0001232347277075575,0.0001232347277075575
ID_WZ8Q7B,5.394817559967695e-05,5.394817559967695e-05
ID_D9GW24,0.00018336324843002655,0.00018336324843002655
ID_R6P82I,0.0017736830932147318,0.0017736830932147318
ID_OEPZP1,0.0021465978202668636,0.0021465978202668636
ID_AWGISG,0.00017074465118866076,0.00017074465118866076
ID_U5TTSQ,0.0001232347277075575,0.0001232347277075575
ID_58G5VW,0.0003265591645849048,0.0003265591645849048
ID_D53KBD,5.158288873645692e-05,5.158288873645692e-05
ID_L5XIHQ,7.85157933366445e-05,7.85157933366445e-05
ID_QJGRN9,0.0012922664638110519,0.0012922664638110519
ID_ANC2EL,0.0019383756875576777,0.0019383756875576777
ID_UND8Q0,0.0023030697199875804,0.0023030697199875804
ID_ZAKPQT,0.0023030697199875804,0.0023030697199875804
ID_V44OGQ,0.0020822700422552694,0.0020822700422552694
ID_RXMSOV,5.158288873645692e-05,5.158288873645692e-05
ID_RD8R38,5.158288873645692e-05,5.158288873645692e-05
ID_HPEF5S,5.158288873645692e-05,5.158288873645692e-05
ID_NY1UNI,5.158288873645692e-05,5.158288873645692e-05
ID_GS6HXS,0.014993593547348697,0.014993593547348697
ID_CPYKMJ,5.158288873645692e-05,5.158288873645692e-05
ID_V6RK3N,0.0023030697199875804,0.0023030697199875804
ID_VHNKKG,0.00017074465118866076,0.00017074465118866076
ID_912IN5,0.0001232347277075575,0.0001232347277075575
ID_XJ8UQJ,0.00017074465118866076,0.00017074465118866076
ID_SLUC5Z,0.0020822700422552694,0.0020822700422552694
ID_B3GS6V,7.908163981281597e-05,7.908163981281597e-05
ID_HCZVFD,7.908163981281597e-05,7.908163981281597e-05
ID_11LXBP,0.0012922664638110519,0.0012922664638110519
ID_943TOK,7.85157933366445e-05,7.85157933366445e-05
ID_98OF3U,0.00017074465118866076,0.00017074465118866076
ID_AIQRMM,0.0023030697199875804,0.0023030697199875804
ID_8AKZAI,0.010249291061583317,0.010249291061583317
ID_3ERPGD,0.0023030697199875804,0.0023030697199875804
ID_9N2BZ0,0.00011884462066944026,0.00011884462066944026
ID_ELGE1U,6.727302735461863e-05,6.727302735461863e-05
ID_NSSWZI,0.0021465978202668636,0.0021465978202668636
ID_RI54E7,0.0012922664638110519,0.0012922664638110519
ID_7E6BAM,5.394817559967695e-05,5.394817559967695e-05
ID_8T01EV,0.0002787357275738568,0.0002787357275738568
ID_XQNM9U,5.394817559967695e-05,5.394817559967695e-05
ID_5T9X89,0.0001232347277075575,0.0001232347277075575
ID_UNCSDQ,0.0003312186973906733,0.0003312186973906733
ID_NN5TUZ,0.010431143505495285,0.010431143505495285
ID_VRS6GC,0.061892805388117235,0.061892805388117235
ID_13DMQK,0.0013798055027340263,0.0013798055027340263
ID_ZP9WX2,0.0001232347277075575,0.0001232347277075575
ID_1I109E,5.394817559967695e-05,5.394817559967695e-05
ID_VSSJY6,7.85157933366445e-05,7.85157933366445e-05
ID_IEMM1P,0.0003265591645849048,0.0003265591645849048
ID_1ZVAM5,0.0003265591645849048,0.0003265591645849048
ID_YOQAQP,0.0001232347277075575,0.0001232347277075575
ID_ZHA6W2,7.85157933366445e-05,7.85157933366445e-05
ID_F3ZEOL,5.394817559967695e-05,5.394817559967695e-05
ID_4LITIF,5.394817559967695e-05,5.394817559967695e-05
ID_5ETGVM,0.001365544588440173,0.001365544588440173
ID_PQC182,0.004855361799356299,0.004855361799356299
ID_CS57AE,0.001792322586290575,0.001792322586290575
ID_9DOYYB,7.908163981281597e-05,7.908163981281597e-05
ID_3L5YZU,0.0001232347277075575,0.0001232347277075575
ID_6XOCO5,0.004326710006915263,0.004326710006915263
ID_9X5DUT,0.00017074465118866076,0.00017074465118866076
ID_SH20YB,0.0006574795915839894,0.0006574795915839894
ID_FHGVV9,0.0020822700422552694,0.0020822700422552694
ID_L4O697,0.00017074465118866076,0.00017074465118866076
ID_FC6AVA,0.0006314054136222729,0.0006314054136222729
ID_IX1XZE,0.00024117268493731815,0.00024117268493731815
ID_WLB3OY,0.0001232347277075575,0.0001232347277075575
ID_IVGM81,7.908163981281597e-05,7.908163981281597e-05
ID_OU57VU,0.02999580519190685,0.02999580519190685
ID_5ESG41,0.00017074465118866076,0.00017074465118866076
ID_J8UC33,0.0005766769103478594,0.0005766769103478594
ID_RZTGRM,0.0007558434632045451,0.0007558434632045451
ID_X20N3V,0.001982695265767001,0.001982695265767001
ID_FJEDHF,0.0005766769103478594,0.0005766769103478594
ID_SJE34O,0.0007972631709372933,0.0007972631709372933
ID_RZ9Y4F,0.15003678527755734,0.15003678527755734
ID_RS03YH,0.001077896205271755,0.001077896205271755
ID_T3ZPB4,0.0037689647056518487,0.0037689647056518487
ID_BKMKQW,0.003424811863483105,0.003424811863483105
ID_VR1KM6,0.00617269988454289,0.00617269988454289
ID_SVZ7XA,0.0005766769103478594,0.0005766769103478594
ID_FXZJ9P,0.003752698109260485,0.003752698109260485
ID_KNMLWQ,0.001982695265767001,0.001982695265767001
ID_IKARHH,0.0005356894127879672,0.0005356894127879672
ID_EG3WG1,0.0005766769103478594,0.0005766769103478594
ID_5YP67S,0.0005766769103478594,0.0005766769103478594
ID_KHCER6,0.0005766769103478594,0.0005766769103478594
ID_LB1ZVJ,0.0005766769103478594,0.0005766769103478594
ID_HXW1NS,0.0025997834915244813,0.0025997834915244813
ID_025265,0.022696908453550504,0.022696908453550504
ID_TUZVTJ,0.0005356894127879672,0.0005356894127879672
ID_8412IY,0.0009641830158065595,0.0009641830158065595
ID_YS28JJ,0.0005356894127879672,0.0005356894127879672
ID_KV57PL,0.022696908453550504,0.022696908453550504
ID_R7MUTH,0.001982695265767001,0.001982695265767001
ID_7W8OTR,0.0031646809870758234,0.0031646809870758234
ID_RLR27L,0.0013240306496221604,0.0013240306496221604
ID_K810PX,0.002569951524013013,0.002569951524013013
ID_IV0V7P,0.005383108860909982,0.005383108860909982
ID_JWVELH,0.0037689647056518487,0.0037689647056518487
ID_YK437J,0.0005303009674751865,0.0005303009674751865
ID_M8HQOP,0.004737581957583223,0.004737581957583223
ID_P53TGF,0.0025997834915244813,0.0025997834915244813
ID_0GMSEZ,0.0025960853877983856,0.0025960853877983856
ID_O8GCOX,0.000729059308632067,0.000729059308632067
ID_IZ6LA1,0.0005573745239847289,0.0005573745239847289
ID_BTYO7S,0.0010355960208972795,0.0010355960208972795
ID_C4SULL,0.0005303009674751865,0.0005303009674751865
ID_78O60N,0.0056070587759183225,0.0056070587759183225
ID_5PJW4M,0.002569951524013013,0.002569951524013013
ID_QW7JWQ,0.001179089549823956,0.001179089549823956
ID_6FCK76,0.0007566333383380876,0.0007566333383380876
ID_J5T35I,0.030263152315452593,0.030263152315452593
ID_FIKPR0,0.002486201684672526,0.002486201684672526
ID_U4XVP2,0.00102598116963608,0.00102598116963608
ID_5DLUXE,0.0029973157736988857,0.0029973157736988857
ID_X86LHN,0.011987511049732096,0.011987511049732096
ID_14Q6RD,0.002549710265286209,0.002549710265286209
ID_2X0LF9,0.0013240306496221604,0.0013240306496221604
ID_PZT1O4,0.0005573745239847289,0.0005573745239847289
ID_T0VXOC,0.001195110867072566,0.001195110867072566
ID_B8SSFI,0.0005766769103478594,0.0005766769103478594
ID_2P5Y4J,0.001982695265767001,0.001982695265767001
ID_X3NJBT,0.0011969731250664692,0.0011969731250664692
ID_KVD9F9,0.0007972631709372933,0.0007972631709372933
ID_IT07FQ,0.0007629286868970123,0.0007629286868970123
ID_USJ774,0.0005749842529347175,0.0005749842529347175
ID_88K33G,0.011987511049732096,0.011987511049732096
ID_QY83BU,0.0029973157736988857,0.0029973157736988857
ID_UF7243,0.04421417698987038,0.04421417698987038
ID_B6RUJE,0.0028987427347311307,0.0028987427347311307
ID_KVI6CR,0.00369232538866301,0.00369232538866301
ID_TCPBQ5,0.0005303009674751865,0.0005303009674751865
ID_0A3D61,0.001982695265767001,0.001982695265767001
ID_IUNS0S,0.002549710265286209,0.002549710265286209
ID_BAL7PW,0.002355360149267556,0.002355360149267556
ID_HIBJMU,0.0017791065043066042,0.0017791065043066042
ID_YA57G5,0.029487741425257636,0.029487741425257636
ID_TP1FM0,0.0005303009674751865,0.0005303009674751865
ID_NEHNAT,0.0038373983887328,0.0038373983887328
ID_GJ6EAI,0.0025960853877983856,0.0025960853877983856
ID_0CIEHB,0.0009641830158065595,0.0009641830158065595
ID_7Y89QF,0.0038373983887328,0.0038373983887328
ID_6T0VAE,0.002133755221823923,0.002133755221823923
ID_IKW38H,0.0007126130405266032,0.0007126130405266032
ID_ZML7ZV,0.0017791065043066042,0.0017791065043066042
ID_5UAGTH,0.0005766769103478594,0.0005766769103478594
ID_YKM2IB,0.001982695265767001,0.001982695265767001
ID_RNJTWY,0.0006739509777890362,0.0006739509777890362
ID_A33GZ8,0.0023376161149309947,0.0023376161149309947
ID_LO3Q82,0.0011969731250664692,0.0011969731250664692
ID_1QHERL,0.007352311864402336,0.007352311864402336
ID_LG9GE0,0.0025960853877983856,0.0025960853877983856
ID_VNZ3QZ,0.0016156239563385924,0.0016156239563385924
ID_LIDJSX,0.0025960853877983856,0.0025960853877983856
ID_KNMCFG,0.0030486329627782242,0.0030486329627782242
ID_GG3PR8,0.011987511049732096,0.011987511049732096
ID_5NP8O2,0.0005573745239847289,0.0005573745239847289
ID_RGOMLT,0.00566986386475236,0.00566986386475236
ID_P5VG1W,0.0007484880037175326,0.0007484880037175326
ID_0MM662,0.0025960853877983856,0.0025960853877983856
ID_J5Y7PU,0.0005303009674751865,0.0005303009674751865
ID_ZEHDY0,0.007108674919620918,0.007108674919620918
ID_RIZO46,0.0005988892711771207,0.0005988892711771207
ID_QSKCAZ,0.0031920022801168743,0.0031920022801168743
ID_JKMK9T,0.0058044572062926,0.0058044572062926
ID_3C2BK1,0.002569951524013013,0.002569951524013013
ID_86AMRV,0.0023376161149309947,0.0023376161149309947
ID_KKMWCT,0.0005766769103478594,0.0005766769103478594
ID_KFTO2Q,0.0031920022801168743,0.0031920022801168743
ID_C9EOF9,0.0023376161149309947,0.0023376161149309947
ID_VCCV99,0.0028987427347311307,0.0028987427347311307
ID_11L375,0.001982695265767001,0.001982695265767001
ID_Z0ZX8Q,0.0016969120834498012,0.0016969120834498012
ID_0XYW8F,0.002355360149267556,0.002355360149267556
ID_0221N3,0.002549710265286209,0.002549710265286209
ID_X5LN7Q,0.0012469695827793878,0.0012469695827793878
ID_TN8FUY,0.0025997834915244813,0.0025997834915244813
ID_3S3Q6C,0.0005303009674751865,0.0005303009674751865
ID_TQK7PN,0.0005573745239847289,0.0005573745239847289
ID_026QJO,0.001982695265767001,0.001982695265767001
ID_GI6XEF,0.002549710265286209,0.002549710265286209
ID_KQKFQH,0.0007972631709372933,0.0007972631709372933
ID_569S5F,0.0025960853877983856,0.0025960853877983856
ID_087YXO,0.0025960853877983856,0.0025960853877983856
ID_GHFIYF,0.0021339116551927456,0.0021339116551927456
ID_M2VJSV,0.001982695265767001,0.001982695265767001
ID_J41EOZ,0.0007860577693803245,0.0007860577693803245
ID_L9AYVK,0.0005766769103478594,0.0005766769103478594
ID_7LRO3G,0.0029796836512884766,0.0029796836512884766
ID_6FXFJ0,0.029487741425257636,0.029487741425257636
ID_99UIDN,0.036838605158004224,0.036838605158004224
ID_9ZXQCO,0.0680067718568218,0.0680067718568218
ID_KEVQ52,0.13036972401607347,0.13036972401607347
ID_4OHGZ7,0.03620720435325482,0.03620720435325482
ID_BTUU06,0.019283640308913913,0.019283640308913913
ID_G7Z3UK,0.2889034471755148,0.2889034471755148
ID_E5C3ZB,0.22653481157983216,0.22653481157983216
ID_EPH6A9,0.04194534628182467,0.04194534628182467
ID_Z0SOKW,0.19657925604429163,0.19657925604429163
ID_WNJ45A,0.20060652419713262,0.20060652419713262
ID_4E33DR,0.3042223081213919,0.3042223081213919
ID_NHY4V0,0.22653481157983216,0.22653481157983216
ID_NNBK1Y,0.09790670897915796,0.09790670897915796
ID_CV1BRR,0.04633085115675164,0.04633085115675164
ID_X70RUE,0.03556615950887404,0.03556615950887404
ID_ZYKJPD,0.20089996041208583,0.20089996041208583
ID_RFKV4T,0.2677906922839513,0.2677906922839513
ID_46V35V,0.26726972298774215,0.26726972298774215
ID_HXFJXO,0.08890880066084828,0.08890880066084828
ID_766C2X,0.03914581884702535,0.03914581884702535
ID_B522KP,0.036941786548987596,0.036941786548987596
ID_NNZRQ5,0.00013350142427661862,0.00013350142427661862
ID_6REZPV,5.142043116759138e-05,5.142043116759138e-05
ID_0B522U,0.0008667362550803537,0.0008667362550803537
ID_YDE5FQ,0.00025869177888536915,0.00025869177888536915
ID_QPQC3A,7.106865978330212e-05,7.106865978330212e-05
ID_QFC5OG,5.482964654209194e-05,5.482964654209194e-05
ID_RDR60H,0.00036194338328537234,0.00036194338328537234
ID_MIR1LK,0.00010115133736712232,0.00010115133736712232
ID_I3HT44,0.0002711345311332109,0.0002711345311332109
ID_OUCMMB,0.0009668771040822558,0.0009668771040822558
ID_K1OC1B,5.482964654209194e-05,5.482964654209194e-05
ID_KZ62H4,0.0002747355766638827,0.0002747355766638827
ID_UMT74G,0.0006567376543596275,0.0006567376543596275
ID_N8VDI6,0.00011881503487717457,0.00011881503487717457
ID_E2CZGL,0.0001447210151128112,0.0001447210151128112
ID_WFD1TM,0.00010115133736712232,0.00010115133736712232
ID_RNAW7W,0.00011890402934964443,0.00011890402934964443
ID_BD754O,7.874255997643786e-05,7.874255997643786e-05
ID_HAG65N,0.00012154324893547842,0.00012154324893547842
ID_92CEAO,0.00022594578257608075,0.00022594578257608075
ID_MO5XSX,0.00022877724166138157,0.00022877724166138157
ID_WDQMGW,7.844839875207417e-05,7.844839875207417e-05
ID_NCVJVG,0.00011266102372887033,0.00011266102372887033
ID_SE5AT9,0.014495330997231663,0.014495330997231663
ID_452A1U,0.00014629025985329067,0.00014629025985329067
ID_WY389E,0.001038024647589223,0.001038024647589223
ID_Z5G2VW,0.0004615985031370659,0.0004615985031370659
ID_8QW09D,0.0009112008392903714,0.0009112008392903714
ID_9W65RB,9.619734157254094e-05,9.619734157254094e-05
ID_IAR1TC,0.0005858686325970607,0.0005858686325970607
ID_2PVFDX,3.580453406657374e-05,3.580453406657374e-05
ID_T5TMGO,0.02293239274759861,0.02293239274759861
ID_IIJINI,0.0006567376543596275,0.0006567376543596275
ID_JYRV1A,0.0014084100667982422,0.0014084100667982422
ID_BRIWDT,0.0010780316229351038,0.0010780316229351038
ID_KVYYM5,6.516806081683346e-05,6.516806081683346e-05
ID_FMLX4W,0.000335303553481161,0.000335303553481161
ID_UX47K8,0.0001447210151128112,0.0001447210151128112
ID_QRS3Q0,8.618808827261744e-05,8.618808827261744e-05
ID_UU46AR,0.0001894708317500638,0.0001894708317500638
ID_FVZ6BG,0.0001447210151128112,0.0001447210151128112
ID_APXA0T,5.142043116759138e-05,5.142043116759138e-05
ID_JAUDVH,3.580453406657374e-05,3.580453406657374e-05
ID_78D5FE,0.0008667362550803537,0.0008667362550803537
ID_ZEPE89,3.580453406657374e-05,3.580453406657374e-05
ID_EGC3FR,0.0010780316229351038,0.0010780316229351038
ID_5VF785,0.0003513895349446501,0.0003513895349446501
ID_AFNCWF,0.00012154324893547842,0.00012154324893547842
ID_NO738V,0.00011881503487717457,0.00011881503487717457
ID_T24610,7.844839875207417e-05,7.844839875207417e-05
ID_B6UXCI,0.0025289836057532894,0.0025289836057532894
ID_G17P84,0.0013545697882684277,0.0013545697882684277
ID_I8PCQM,0.0010780316229351038,0.0010780316229351038
ID_LK2JX0,0.0002389581754277444,0.0002389581754277444
ID_A2QCM8,0.0007244740410917533,0.0007244740410917533
ID_B7QGQV,0.0006013339672887069,0.0006013339672887069
ID_NX6J76,9.006891438690913e-05,9.006891438690913e-05
ID_2L8F6L,0.005609067188633564,0.005609067188633564
ID_RNO3VS,0.00013900883719432256,0.00013900883719432256
ID_WNRVPK,0.00011890402934964443,0.00011890402934964443
ID_R6NB1B,0.0007244740410917533,0.0007244740410917533
ID_64SW9F,8.618808827261744e-05,8.618808827261744e-05
ID_4GDTVN,0.0001523325393393001,0.0001523325393393001
ID_TDEU9C,0.0012026682299985565,0.0012026682299985565
ID_SJVVC9,5.482964654209194e-05,5.482964654209194e-05
ID_25Z5FR,0.00014629025985329067,0.00014629025985329067
ID_L34AJW,0.00014840666308726423,0.00014840666308726423
ID_ZOSYAP,0.0006013339672887069,0.0006013339672887069
ID_CI0346,0.00023134408482863283,0.00023134408482863283
ID_VGEYOE,3.580453406657374e-05,3.580453406657374e-05
ID_O9X1LL,0.00010115133736712232,0.00010115133736712232
ID_M5NPEN,0.0006567376543596275,0.0006567376543596275
ID_YD2GMW,3.580453406657374e-05,3.580453406657374e-05
ID_ETCHDH,6.197627555030366e-05,6.197627555030366e-05
ID_J78U93,0.00023134408482863283,0.00023134408482863283
ID_5A0ZN0,9.619734157254094e-05,9.619734157254094e-05
ID_CY607Z,5.482964654209194e-05,5.482964654209194e-05
ID_KXY99G,0.00010115133736712232,0.00010115133736712232
ID_TJMU1U,3.580453406657374e-05,3.580453406657374e-05
ID_987N4I,3.580453406657374e-05,3.580453406657374e-05
ID_MV3Y4E,0.0022668211010718436,0.0022668211010718436
ID_G4C6ER,0.013953184767284616,0.013953184767284616
ID_QJEGY8,0.006532338823574224,0.006532338823574224
ID_F3SZAG,0.023929476054302987,0.023929476054302987
ID_SDLCZW,0.0010419064816169538,0.0010419064816169538
ID_8AQIX3,0.0007723140710485477,0.0007723140710485477
ID_CZ9O4I,0.001875641939110065,0.001875641939110065
ID_3J4A5T,0.0001009602653996267,0.0001009602653996267
ID_4PIPGN,0.0025593277543156014,0.0025593277543156014
ID_SVI077,0.00823397238869116,0.00823397238869116
ID_PCP2DX,0.0007366678695071702,0.0007366678695071702
ID_NHGKW9,0.0031126344634975858,0.0031126344634975858
ID_PJLFLZ,0.010092303847652242,0.010092303847652242
ID_UEI7E1,0.001132943340528741,0.001132943340528741
ID_6Q3C3P,0.008637233373280588,0.008637233373280588
ID_748PIZ,0.00018805582326922933,0.00018805582326922933
ID_05V8OI,0.0004227065970876884,0.0004227065970876884
ID_PB8UGU,0.0003234113940385308,0.0003234113940385308
ID_18BEK3,0.0031567490068348915,0.0031567490068348915
ID_AKH3DX,0.000520160271421604,0.000520160271421604
ID_PG1ZJ9,0.00036887826652407023,0.00036887826652407023
ID_U2N5AM,0.0009177975774946475,0.0009177975774946475
ID_ONDIOU,0.0005174566761713918,0.0005174566761713918
ID_8O0VLW,2.9108620042240448e-05,2.9108620042240448e-05
ID_24IP3N,0.0003357381139466682,0.0003357381139466682
ID_X9HSZT,5.3046568067262473e-05,5.3046568067262473e-05
ID_DEHJ7B,0.00018805582326922933,0.00018805582326922933
ID_V9REXI,0.00010074862165118259,0.00010074862165118259
ID_Q0JIB7,0.0001902539598556869,0.0001902539598556869
ID_4Q4645,0.000870359093530312,0.000870359093530312
ID_ZKTVQN,0.0003004863113582494,0.0003004863113582494
ID_HHOTC8,0.00017027228936441178,0.00017027228936441178
ID_2VK1VV,0.00024327517810564502,0.00024327517810564502
ID_1LR1PB,2.9108620042240448e-05,2.9108620042240448e-05
ID_UFG3WK,9.981468768661387e-05,9.981468768661387e-05
ID_30POCS,7.983942558772594e-05,7.983942558772594e-05
ID_O1JBTD,5.3046568067262473e-05,5.3046568067262473e-05
ID_L28R04,0.0002561345505208877,0.0002561345505208877
ID_4XQIY8,0.0005402561152776762,0.0005402561152776762
ID_6YKZ60,4.286596108219411e-05,4.286596108219411e-05
ID_SR4OPG,7.178540226310571e-05,7.178540226310571e-05
ID_7Y58VC,2.9108620042240448e-05,2.9108620042240448e-05
ID_MIGRJM,9.981468768661387e-05,9.981468768661387e-05
ID_MBHYWK,0.0005174566761713918,0.0005174566761713918
ID_R1RKC8,2.9108620042240448e-05,2.9108620042240448e-05
ID_042DMN,4.221043076234753e-05,4.221043076234753e-05
ID_76QVHP,0.0005402561152776762,0.0005402561152776762
ID_M7ZQB5,0.0026994904401297986,0.0026994904401297986
ID_EVURSU,0.000545112614639741,0.000545112614639741
ID_BR285V,0.004376595005310705,0.004376595005310705
ID_24TLS4,0.005189108800240772,0.005189108800240772
ID_J10FQO,0.00020156368996133737,0.00020156368996133737
ID_UPIF9C,9.981468768661387e-05,9.981468768661387e-05
ID_J2UW6P,7.811659888761136e-05,7.811659888761136e-05
ID_FECS1U,0.0005059965926801458,0.0005059965926801458
ID_ZLJNIO,0.0005328796053265495,0.0005328796053265495
ID_HM6F95,0.0002613221968478194,0.0002613221968478194
ID_S17LP1,0.00026932281594257583,0.00026932281594257583
ID_01FXDQ,0.00018178102916501798,0.00018178102916501798
ID_3IPYPF,0.0008995884934504793,0.0008995884934504793
ID_YWE7MS,0.000520160271421604,0.000520160271421604
ID_TCB67J,0.0002613221968478194,0.0002613221968478194
ID_XD9SHW,0.0003004863113582494,0.0003004863113582494
ID_3TL22U,0.00023983682151826425,0.00023983682151826425
ID_I19UPL,0.0026994904401297986,0.0026994904401297986
ID_29ISKS,2.9108620042240448e-05,2.9108620042240448e-05
ID_JGCMOM,3.621741891458979e-05,3.621741891458979e-05
ID_71UMTJ,0.007845326153017782,0.007845326153017782
ID_54K01O,0.0001902539598556869,0.0001902539598556869
ID_1YO3DO,5.319014627295178e-05,5.319014627295178e-05
ID_27PFIW,0.00018279406965816475,0.00018279406965816475
ID_BKVJQA,0.0003004863113582494,0.0003004863113582494
ID_PUB0ZI,9.981468768661387e-05,9.981468768661387e-05
ID_V6SMN3,0.0005402561152776762,0.0005402561152776762
ID_0ZOFHK,0.00029042497711265566,0.00029042497711265566
ID_M94TW1,6.847016604723793e-05,6.847016604723793e-05
ID_C823SH,0.00018178102916501798,0.00018178102916501798
ID_SC50OJ,2.9108620042240448e-05,2.9108620042240448e-05
ID_YAUV4R,0.00014326520821683077,0.00014326520821683077
ID_IOMDD3,2.9108620042240448e-05,2.9108620042240448e-05
ID_HE3Y73,0.004862398279221837,0.004862398279221837
ID_CAWMEQ,0.0005402561152776762,0.0005402561152776762
ID_81IJ38,0.00010743755567512438,0.00010743755567512438
ID_QFUX50,5.0311457451864244e-05,5.0311457451864244e-05
ID_U13QTT,0.00019096583348387228,0.00019096583348387228
ID_UEDSUL,7.023267001587533e-05,7.023267001587533e-05
ID_0TWM69,5.0311457451864244e-05,5.0311457451864244e-05
ID_CTIYZN,0.0002925773582471864,0.0002925773582471864
ID_5CERRE,0.00012081931382587841,0.00012081931382587841
ID_KC1ZNC,0.00024910695783111463,0.00024910695783111463
ID_8Q3LRH,0.00016896801465011624,0.00016896801465011624
ID_9CDLA5,0.0007603656451277259,0.0007603656451277259
ID_7HDOB8,0.00016826435460812094,0.00016826435460812094
ID_6B1SIE,0.00011860957378458964,0.00011860957378458964
ID_DVVRGO,3.5051681896205897e-05,3.5051681896205897e-05
ID_2QTOY9,8.999645040850406e-05,8.999645040850406e-05
ID_41UVG1,0.00014233892576349144,0.00014233892576349144
ID_8XSPVV,8.999645040850406e-05,8.999645040850406e-05
ID_8DRNO4,8.266051199263146e-05,8.266051199263146e-05
ID_IHC0B4,0.0015454729282499751,0.0015454729282499751
ID_UPSVCG,0.00011788983750529085,0.00011788983750529085
ID_V1EWHV,5.0311457451864244e-05,5.0311457451864244e-05
ID_EDRP5J,4.9752280445654615e-05,4.9752280445654615e-05
ID_6ZT49S,7.023267001587533e-05,7.023267001587533e-05
ID_688DSZ,3.5051681896205897e-05,3.5051681896205897e-05
ID_KTRS8U,0.0002944333526705279,0.0002944333526705279
ID_HAVFMX,0.00024018421701791574,0.00024018421701791574
ID_4OHSTT,5.455067301919846e-05,5.455067301919846e-05
ID_D14DB2,0.00029251820004671576,0.00029251820004671576
ID_DMKQ4R,0.0003056345951384474,0.0003056345951384474
ID_9EU6JS,0.00045351653880205267,0.00045351653880205267
ID_UPM0YG,0.0002681719527108935,0.0002681719527108935
ID_V86OOM,0.00027506639305196687,0.00027506639305196687
ID_FQ80WS,0.0002716780075058753,0.0002716780075058753
ID_RDEBO6,0.00025627943280719,0.00025627943280719
ID_NC8O5T,0.0004767517334960939,0.0004767517334960939
ID_HDPRVI,0.00020853804179748586,0.00020853804179748586
ID_N9EYVU,0.0003546951020959273,0.0003546951020959273
ID_JI8Q5T,0.0003659018722934477,0.0003659018722934477
ID_34Y9DR,0.00013893427671892288,0.00013893427671892288
ID_E8WY7K,7.984497160030015e-05,7.984497160030015e-05
ID_RW510L,0.0001034912822489129,0.0001034912822489129
ID_1H0I48,0.0004680036287225186,0.0004680036287225186
ID_EGA5JQ,6.255470887929422e-05,6.255470887929422e-05
ID_OTN1F3,0.0001252963300025184,0.0001252963300025184
ID_QDACDO,0.00011270441890376692,0.00011270441890376692
ID_ZEMQI5,3.5051681896205897e-05,3.5051681896205897e-05
ID_63M4X7,3.5051681896205897e-05,3.5051681896205897e-05
ID_KR841V,7.023267001587533e-05,7.023267001587533e-05
ID_WR0XZG,0.00034427283480578793,0.00034427283480578793
ID_Z70N5M,5.0311457451864244e-05,5.0311457451864244e-05
ID_PVJLRL,3.7679380329645344e-05,3.7679380329645344e-05
ID_7EDQMR,0.00011570652856198452,0.00011570652856198452
ID_BU5Z0R,6.255470887929422e-05,6.255470887929422e-05
ID_8MRLEX,0.00013754439710098214,0.00013754439710098214
ID_8JEWLP,5.0311457451864244e-05,5.0311457451864244e-05
ID_CSVCR9,0.0002075414466905966,0.0002075414466905966
ID_J8IE72,0.00013893427671892288,0.00013893427671892288
ID_U9P7FY,0.00011270441890376692,0.00011270441890376692
ID_WSV31O,8.859542412840263e-05,8.859542412840263e-05
ID_BBFEO3,0.00014233892576349144,0.00014233892576349144
ID_4LQISD,0.0007603656451277259,0.0007603656451277259
ID_N7X5SU,0.00011570652856198452,0.00011570652856198452
ID_CO0M1V,0.0006700541314478813,0.0006700541314478813
ID_1TX26Q,7.023267001587533e-05,7.023267001587533e-05
ID_YBOUBP,0.00012248623242410846,0.00012248623242410846
ID_TY7PYV,6.255470887929422e-05,6.255470887929422e-05
ID_GFJBOO,0.00011570652856198452,0.00011570652856198452
ID_0QIEVZ,0.00011270441890376692,0.00011270441890376692
ID_W7HMMW,0.0002296323447671921,0.0002296323447671921
ID_2KKV8S,0.0014018099719782869,0.0014018099719782869
ID_XPJCQ1,0.0001911131294148869,0.0001911131294148869
ID_8VQ82J,7.023267001587533e-05,7.023267001587533e-05
ID_7YOW0E,8.413277434449434e-05,8.413277434449434e-05
ID_LNZ9ED,8.967466614426774e-05,8.967466614426774e-05
ID_7M8G3A,8.53894160081311e-05,8.53894160081311e-05
ID_REY7Y4,8.180907079369786e-05,8.180907079369786e-05
ID_Y4B4O7,8.266051199263146e-05,8.266051199263146e-05
ID_71E57J,6.897792832857187e-05,6.897792832857187e-05
ID_YS77QO,0.00012704113726930407,0.00012704113726930407
ID_VP4TIY,5.0311457451864244e-05,5.0311457451864244e-05
ID_0ZSP1X,0.00011570652856198452,0.00011570652856198452
ID_EQ3DBB,0.00011270441890376692,0.00011270441890376692
ID_H173PI,0.000193301928014587,0.000193301928014587
ID_DP48N0,0.00016389569996439285,0.00016389569996439285
ID_NTGPZG,0.0010983093638955376,0.0010983093638955376
ID_R4BZEG,0.00011270441890376692,0.00011270441890376692
ID_F4C1ZX,5.208671316113121e-05,5.208671316113121e-05
ID_AR4HAO,0.000253427941081037,0.000253427941081037
ID_TJAXJ8,0.0006700541314478813,0.0006700541314478813
ID_TMKXE2,7.984497160030015e-05,7.984497160030015e-05
ID_XO28FQ,0.00011270441890376692,0.00011270441890376692
ID_UG6RWR,8.967466614426774e-05,8.967466614426774e-05
ID_MH9N99,0.00011270441890376692,0.00011270441890376692
ID_ZWWJ7W,0.00029251820004671576,0.00029251820004671576
ID_UVRWGM,4.9752280445654615e-05,4.9752280445654615e-05
ID_XKPJF3,0.00027506639305196687,0.00027506639305196687
ID_B66QBT,8.413277434449434e-05,8.413277434449434e-05
ID_868CQL,0.0001922306644106822,0.0001922306644106822
ID_PKPLAW,0.00029716164771253904,0.00029716164771253904
ID_Q3035H,0.0001779758373635384,0.0001779758373635384
ID_Z5AMC6,8.266051199263146e-05,8.266051199263146e-05
ID_W0DZUH,0.00011570652856198452,0.00011570652856198452
ID_HY51VX,0.00034427283480578793,0.00034427283480578793
ID_GOGWE0,0.00031644300423571445,0.00031644300423571445
ID_56RYGV,0.0013211718128808177,0.0013211718128808177
ID_S94Q2Y,5.0311457451864244e-05,5.0311457451864244e-05
ID_YZ2N8C,0.00011270441890376692,0.00011270441890376692
ID_UGRWIB,0.00027067646740737346,0.00027067646740737346
ID_N80HPR,0.00014233892576349144,0.00014233892576349144
ID_3CW0MI,5.0311457451864244e-05,5.0311457451864244e-05
ID_HDCRX0,0.00024773624933857304,0.00024773624933857304
ID_044W19,5.55895115880839e-05,5.55895115880839e-05
ID_R67PHH,0.00020994826732517204,0.00020994826732517204
ID_TIOYYB,0.00010540553402573944,0.00010540553402573944
ID_6AVKC3,0.0001235094587506024,0.0001235094587506024
ID_BEGWIW,7.476214766571595e-05,7.476214766571595e-05
ID_9NJBM8,0.00022780885922099657,0.00022780885922099657
ID_4C1Q9A,0.0001280223103864143,0.0001280223103864143
ID_8VXM2R,0.00027821643200454983,0.00027821643200454983
ID_Q617Y8,0.00011427687016023743,0.00011427687016023743
ID_DT00FS,0.0008316074392614798,0.0008316074392614798
ID_A9SOTW,0.00029716164771253904,0.00029716164771253904
ID_DYWKN3,0.00014680250215209692,0.00014680250215209692
ID_T5W7V2,0.0006700541314478813,0.0006700541314478813
ID_OYJ407,0.0007471574089999979,0.0007471574089999979
ID_4APUQG,0.00011083368315468817,0.00011083368315468817
ID_8X42H1,0.0001980644983320333,0.0001980644983320333
ID_QQLIOB,9.229605084573963e-05,9.229605084573963e-05
ID_49V07R,0.0001779758373635384,0.0001779758373635384
ID_LW7SED,9.501009536293493e-05,9.501009536293493e-05
ID_8ZC0YJ,0.00016826435460812094,0.00016826435460812094
ID_BLJHKO,0.0011509888897487206,0.0011509888897487206
ID_4YQQ0B,3.5051681896205897e-05,3.5051681896205897e-05
ID_YUWGLN,7.023267001587533e-05,7.023267001587533e-05
ID_D31ZVW,0.00110442444775184,0.00110442444775184
ID_P1YZ4X,0.00011270441890376692,0.00011270441890376692
ID_23SIGG,0.009924710615947472,0.009924710615947472
ID_AIAL8Y,0.0001950223989217474,0.0001950223989217474
ID_TA7IDX,0.0001922306644106822,0.0001922306644106822
ID_K4V6T1,0.0002296323447671921,0.0002296323447671921
ID_SFRXLD,8.967466614426774e-05,8.967466614426774e-05
ID_GI1C93,0.00014233892576349144,0.00014233892576349144
ID_WMD60I,6.255470887929422e-05,6.255470887929422e-05
ID_HADVCG,0.00019812763360648248,0.00019812763360648248
ID_IB0RDU,0.00014233892576349144,0.00014233892576349144
ID_QVH6R4,6.255470887929422e-05,6.255470887929422e-05
ID_C7RAXJ,6.897792832857187e-05,6.897792832857187e-05
ID_P2MHXW,0.00011083368315468817,0.00011083368315468817
ID_YT67RP,0.00029716164771253904,0.00029716164771253904
ID_G0I7ZK,0.0001280223103864143,0.0001280223103864143
ID_A43PS9,0.0006700541314478813,0.0006700541314478813
ID_04V1AG,0.0008658616434322532,0.0008658616434322532
ID_6KEAHS,0.0004493147415942926,0.0004493147415942926
ID_HTMQPW,0.0001578759949225824,0.0001578759949225824
ID_XF0297,0.0002387124083219695,0.0002387124083219695
ID_D9F7JY,0.0002764186307001412,0.0002764186307001412
ID_7M63MY,0.0002681719527108935,0.0002681719527108935
ID_ASOI1C,0.00018570619679389235,0.00018570619679389235
ID_QWK1QC,0.0006700541314478813,0.0006700541314478813
ID_K9FTZZ,0.0002944333526705279,0.0002944333526705279
ID_H8TZYV,0.0002883472383575436,0.0002883472383575436
ID_EMRQ4T,0.0002296323447671921,0.0002296323447671921
ID_HFVMM8,5.55895115880839e-05,5.55895115880839e-05
ID_3240TG,0.0001950223989217474,0.0001950223989217474
ID_YC9T6R,0.0003292558144628151,0.0003292558144628151
ID_QMXHOW,0.00027821643200454983,0.00027821643200454983
ID_49CDQ6,0.00011270441890376692,0.00011270441890376692
ID_5GE0S1,0.00011270441890376692,0.00011270441890376692
ID_OMU4UR,0.00017820614638557812,0.00017820614638557812
ID_G44DHO,0.00011270441890376692,0.00011270441890376692
ID_JU8JNI,0.00016896801465011624,0.00016896801465011624
ID_1C4G5E,7.023267001587533e-05,7.023267001587533e-05
ID_IWBKMP,0.00016709671427240532,0.00016709671427240532
ID_VKBJCE,0.00011270441890376692,0.00011270441890376692
ID_3H40OX,0.00017820614638557812,0.00017820614638557812
ID_8F3PFC,0.00022456036852629263,0.00022456036852629263
ID_F4HS1L,7.023267001587533e-05,7.023267001587533e-05
ID_BZWK10,0.00018490128127423856,0.00018490128127423856
ID_EEW8DG,0.00034596527466201584,0.00034596527466201584
ID_HTIWJ2,0.0001280223103864143,0.0001280223103864143
ID_ZCM6MI,0.0001911131294148869,0.0001911131294148869
ID_RMH9OL,0.0003073990646724255,0.0003073990646724255
ID_2TX4D4,5.0311457451864244e-05,5.0311457451864244e-05
ID_7D7P9D,0.0003060520178079775,0.0003060520178079775
ID_C43FWU,3.5051681896205897e-05,3.5051681896205897e-05
ID_42P9TZ,0.00022760460021897447,0.00022760460021897447
ID_NCE574,0.00014233892576349144,0.00014233892576349144
ID_ZJBV7B,0.00039861029401442455,0.00039861029401442455
ID_2IW233,0.00012061245172400413,0.00012061245172400413
ID_GQWO42,0.00027506639305196687,0.00027506639305196687
ID_R6M083,8.266051199263146e-05,8.266051199263146e-05
ID_TLY302,5.0311457451864244e-05,5.0311457451864244e-05
ID_LT6OU6,6.0940190912454895e-05,6.0940190912454895e-05
ID_0F7RHU,0.004650411693099293,0.004650411693099293
ID_EDMKFB,0.0006119470258021025,0.0006119470258021025
ID_25FHZZ,0.000997247288232595,0.000997247288232595
ID_1VP0UC,0.00032326697144084086,0.00032326697144084086
ID_MQ3635,0.0003975293470296683,0.0003975293470296683
ID_RHFPED,0.0016144964057217266,0.0016144964057217266
ID_RHJPOV,0.00119390594496108,0.00119390594496108
ID_8F379N,9.203333101608426e-05,9.203333101608426e-05
ID_LVX4OV,0.0012774081392664823,0.0012774081392664823
ID_H5M15A,0.011011139536023038,0.011011139536023038
ID_LEWKQY,0.00011207472526823651,0.00011207472526823651
ID_DY6IPH,0.0027239099834388747,0.0027239099834388747
ID_E4DAHN,0.0005713298962883009,0.0005713298962883009
ID_Z2FP8D,0.0010702555291559638,0.0010702555291559638
ID_3MQ2M6,0.0008361614033687465,0.0008361614033687465
ID_44QD5W,0.0007492513242044361,0.0007492513242044361
ID_41T2UA,0.0012438734841280804,0.0012438734841280804
ID_WKIX11,0.0010702555291559638,0.0010702555291559638
ID_LM76KQ,0.0005713298962883009,0.0005713298962883009
ID_0YXFYC,0.0019075640709489666,0.0019075640709489666
ID_WYY6XC,0.0017788398818295189,0.0017788398818295189
ID_1QBGM5,0.0005348264891183974,0.0005348264891183974
ID_L8X1MO,0.002276785845239153,0.002276785845239153
ID_Z8OE4O,0.0007492513242044361,0.0007492513242044361
ID_PFTRFZ,0.0007644255527233955,0.0007644255527233955
ID_WFLX1D,0.00119390594496108,0.00119390594496108
ID_3M1E7H,8.362676663560447e-05,8.362676663560447e-05
ID_QBGS5I,0.0005348264891183974,0.0005348264891183974
ID_YQA4VN,0.00047236341048501745,0.00047236341048501745
ID_F0GA7T,0.0006249564390015886,0.0006249564390015886
ID_HZO9J4,0.0010702555291559638,0.0010702555291559638
ID_ARK4JP,0.0005320176345428638,0.0005320176345428638
ID_A8N019,0.0018745687866107553,0.0018745687866107553
ID_62960A,0.0007644255527233955,0.0007644255527233955
ID_B8VYG3,0.0007644255527233955,0.0007644255527233955
ID_DUQWFQ,0.00011207472526823651,0.00011207472526823651
ID_S27JQO,0.0017364874614841702,0.0017364874614841702
ID_473RDP,8.362676663560447e-05,8.362676663560447e-05
ID_Z1D6V7,0.002207433530326343,0.002207433530326343
ID_YXCK0F,0.0005348264891183974,0.0005348264891183974
ID_KJ3TCA,0.0008361614033687465,0.0008361614033687465
ID_7Q07MF,0.0006031406125318666,0.0006031406125318666
ID_WO830L,0.0007644255527233955,0.0007644255527233955
ID_JD38LC,0.002276785845239153,0.002276785845239153
ID_4A6IYY,0.00026648817216826136,0.00026648817216826136
ID_75SAQ1,0.00037607194726374836,0.00037607194726374836
ID_5OFBIB,0.0007644255527233955,0.0007644255527233955
ID_ALY7ZZ,0.0007644255527233955,0.0007644255527233955
ID_00SYAM,0.0006031406125318666,0.0006031406125318666
ID_RNR77F,0.001998599148860188,0.001998599148860188
ID_ANWPH8,0.0007644255527233955,0.0007644255527233955
ID_U2WF21,0.00016167809814215522,0.00016167809814215522
ID_IC7OWJ,0.0001225912015066574,0.0001225912015066574
ID_5AS1RL,0.011232109813461148,0.011232109813461148
ID_2T7D9G,8.362676663560447e-05,8.362676663560447e-05
ID_HJ5KUJ,0.0005713298962883009,0.0005713298962883009
ID_3GOFCW,0.0010702555291559638,0.0010702555291559638
ID_7O1I32,0.00011207472526823651,0.00011207472526823651
ID_WYA35N,0.0023377701984383104,0.0023377701984383104
ID_W5DHJ2,0.0007644255527233955,0.0007644255527233955
ID_T05X66,0.0013203115864549777,0.0013203115864549777
ID_CRM4RV,0.0012774081392664823,0.0012774081392664823
ID_ITNBRH,0.0007492513242044361,0.0007492513242044361
ID_UYPZ03,0.0007492513242044361,0.0007492513242044361
ID_PNZ4JF,0.0002904185614030987,0.0002904185614030987
ID_F91RCT,0.0005348264891183974,0.0005348264891183974
ID_3XSANB,0.0007644255527233955,0.0007644255527233955
ID_6J7QV5,0.0010702555291559638,0.0010702555291559638
ID_P30MQ0,0.0004325596583054967,0.0004325596583054967
ID_JST03I,0.00119390594496108,0.00119390594496108
ID_Z94PSF,0.0007644255527233955,0.0007644255527233955
ID_OJ2LYR,0.0021205963838600477,0.0021205963838600477
ID_GZ2CK3,0.001128513915550543,0.001128513915550543
ID_KNUO6I,0.0009556213210715668,0.0009556213210715668
ID_DOW1PY,0.0027463835597536655,0.0027463835597536655
ID_HWML2X,0.001597444903847009,0.001597444903847009
ID_EVIF8F,0.0006857705221714283,0.0006857705221714283
ID_ENM2XK,0.000711006590725838,0.000711006590725838
ID_48WC8Z,0.0014769208368671893,0.0014769208368671893
ID_D326DS,0.0029301266834556943,0.0029301266834556943
ID_USYVL3,0.0007029974369337457,0.0007029974369337457
ID_5TKD3W,0.0009556213210715668,0.0009556213210715668
ID_0JC6LT,0.0022596762652724207,0.0022596762652724207
ID_INW8YA,0.0013800766891750751,0.0013800766891750751
ID_ICQGA8,0.0007029974369337457,0.0007029974369337457
ID_IWB0AZ,0.0013800766891750751,0.0013800766891750751
ID_GS6GIY,0.0021473017665296474,0.0021473017665296474
ID_YYMTTZ,0.0007029974369337457,0.0007029974369337457
ID_WNL2AW,0.0020687161525241283,0.0020687161525241283
ID_WIPE3M,0.0007564844863336366,0.0007564844863336366
ID_475RRJ,0.0007547557044461192,0.0007547557044461192
ID_78W3J6,0.0014898112232307199,0.0014898112232307199
ID_7I6AN6,0.004618575179818522,0.004618575179818522
ID_M32EDR,0.006749883450638794,0.006749883450638794
ID_9AIPRL,0.0016323297697405806,0.0016323297697405806
ID_LZ4OU6,0.0054997579605687635,0.0054997579605687635
ID_PR92PR,0.000711006590725838,0.000711006590725838
ID_6E3A6Z,0.0010410022814756916,0.0010410022814756916
ID_X41NOX,0.0007029974369337457,0.0007029974369337457
ID_FI825B,0.000989458417773423,0.000989458417773423
ID_89CEYW,0.005097506336393249,0.005097506336393249
ID_7BTHXK,0.001597444903847009,0.001597444903847009
ID_QZP05P,0.004086542588735822,0.004086542588735822
ID_PDTOSK,0.0009154035285726124,0.0009154035285726124
ID_JSWVHL,0.0027463835597536655,0.0027463835597536655
ID_0PDI5J,0.0007142796137302145,0.0007142796137302145
ID_B8EFZT,0.001648159167995571,0.001648159167995571
ID_2WABYN,0.002111220309482456,0.002111220309482456
ID_JG81AP,0.0010410022814756916,0.0010410022814756916
ID_HWS14O,0.0011768521033064692,0.0011768521033064692
ID_O4F4HX,0.003024953074981262,0.003024953074981262
ID_19G3H2,0.0011768521033064692,0.0011768521033064692
ID_DVT2Y2,0.0008130971562874645,0.0008130971562874645
ID_6R6JX6,0.0007029974369337457,0.0007029974369337457
ID_OWEKY6,0.0007086185309585699,0.0007086185309585699
ID_5CKDQ8,0.0006857705221714283,0.0006857705221714283
ID_OJSWXZ,0.0010410022814756916,0.0010410022814756916
ID_WH760F,0.0011768521033064692,0.0011768521033064692
ID_I2QI8W,0.0008090073546031096,0.0008090073546031096
ID_ZUZ5IB,0.0009524124561926949,0.0009524124561926949
ID_S21QRP,0.0021095566365743864,0.0021095566365743864
ID_NC0DIX,0.0011768521033064692,0.0011768521033064692
ID_R76V65,0.0009675539388429305,0.0009675539388429305
ID_HKYOVX,0.0033480878097706256,0.0033480878097706256
ID_EZT9L4,0.004097635383371486,0.004097635383371486
ID_I8C23T,0.0021181895750611896,0.0021181895750611896
ID_UCBT8P,0.0021181895750611896,0.0021181895750611896
ID_4EFHFH,0.000682982160508669,0.000682982160508669
ID_WJZODY,0.0006857705221714283,0.0006857705221714283
ID_5O4DK2,0.0006857705221714283,0.0006857705221714283
ID_1QQANC,0.002321934538224638,0.002321934538224638
ID_GW57CP,0.0007667665113782623,0.0007667665113782623
ID_V5IB8S,0.0009524124561926949,0.0009524124561926949
ID_6RK6HI,0.004618575179818522,0.004618575179818522
ID_WR3P0Q,0.0010018739659506538,0.0010018739659506538
ID_DHHPAZ,0.0007029974369337457,0.0007029974369337457
ID_0919CJ,0.0011768521033064692,0.0011768521033064692
ID_J841FF,0.001813858052550927,0.001813858052550927
ID_KL7CZ1,0.001813858052550927,0.001813858052550927
ID_N8STMV,0.005097506336393249,0.005097506336393249
ID_C1JCO4,0.0007182504366685102,0.0007182504366685102
ID_4KNGLU,0.0007564844863336366,0.0007564844863336366
ID_LJ63XA,0.0009556213210715668,0.0009556213210715668
ID_KI0M9B,0.0014898112232307199,0.0014898112232307199
ID_BMD6D9,0.0016553998836003653,0.0016553998836003653
ID_QSILOT,0.0009556213210715668,0.0009556213210715668
ID_K0TAT7,0.0021463748537030687,0.0021463748537030687
ID_ZM6SCU,0.0009556213210715668,0.0009556213210715668
ID_2EUTBC,0.0008792979274640654,0.0008792979274640654
ID_H4EEPQ,0.0029301266834556943,0.0029301266834556943
ID_GPGXMS,0.0027463835597536655,0.0027463835597536655
ID_OWB724,0.001597444903847009,0.001597444903847009
ID_8XK367,0.0007142796137302145,0.0007142796137302145
ID_11KV3S,0.0011768521033064692,0.0011768521033064692
ID_QWOZQ4,0.002321934538224638,0.002321934538224638
ID_F6BTEU,0.0021473017665296474,0.0021473017665296474
ID_WUQWL2,0.0018439393931815949,0.0018439393931815949
ID_2LDNB9,0.0022596762652724207,0.0022596762652724207
ID_CKGVN9,0.0018439393931815949,0.0018439393931815949
ID_BBB09D,0.0006857705221714283,0.0006857705221714283
ID_KF1S3W,0.007551332010375052,0.007551332010375052
ID_O79B2I,0.0021181895750611896,0.0021181895750611896
ID_VV9U6R,0.0006857705221714283,0.0006857705221714283
ID_YJYMCF,0.0007563522015034798,0.0007563522015034798
ID_JR89XU,0.0006857705221714283,0.0006857705221714283
ID_BKQMY3,0.0009556213210715668,0.0009556213210715668
ID_WGZT3N,0.0007159571019813855,0.0007159571019813855
ID_O53XSO,0.0010458271715567792,0.0010458271715567792
ID_4B4BTZ,0.0013273793907071973,0.0013273793907071973
ID_1UBHGG,0.000711006590725838,0.000711006590725838
ID_9TPR5H,0.0006857705221714283,0.0006857705221714283
ID_PHORWR,0.0022596762652724207,0.0022596762652724207
ID_8LZPFU,0.001648159167995571,0.001648159167995571
ID_EELQZS,0.0007182504366685102,0.0007182504366685102
ID_R92G3Q,0.003506585565383454,0.003506585565383454
ID_KT51IW,0.0057523835462110744,0.0057523835462110744
ID_Y5D83X,0.0007667665113782623,0.0007667665113782623
ID_NNYC99,0.001648159167995571,0.001648159167995571
ID_H7MJ3S,0.0029301266834556943,0.0029301266834556943
ID_CIHIWL,0.0007667665113782623,0.0007667665113782623
ID_ZYM82A,0.0007564844863336366,0.0007564844863336366
ID_HCCTFN,0.001648159167995571,0.001648159167995571
ID_71RVRZ,0.0018155483368850383,0.0018155483368850383
ID_PZHU8F,0.0037146488954452827,0.0037146488954452827
ID_1DWT84,0.0030367457462282415,0.0030367457462282415
ID_5I0I2K,0.0007086185309585699,0.0007086185309585699
ID_ZY3YB7,0.003124579766749893,0.003124579766749893
ID_OZV41J,0.0013273793907071973,0.0013273793907071973
ID_Q0SPQ2,0.0009556213210715668,0.0009556213210715668
ID_X5CALQ,0.0054997579605687635,0.0054997579605687635
ID_ZLSF1Q,0.005097506336393249,0.005097506336393249
ID_X0QGMF,0.002062910422824196,0.002062910422824196
ID_P3URU3,0.0009524124561926949,0.0009524124561926949
ID_WD7CSJ,0.0007142796137302145,0.0007142796137302145
ID_OP2YUN,0.0009675539388429305,0.0009675539388429305
ID_TS28A2,0.0029301266834556943,0.0029301266834556943
ID_EUSUFK,0.001648159167995571,0.001648159167995571
ID_VTZ497,0.016797618895737512,0.016797618895737512
ID_KJVX1G,0.0014898112232307199,0.0014898112232307199
ID_25E701,0.0007029974369337457,0.0007029974369337457
ID_U9FC9H,0.0013295110454329274,0.0013295110454329274
ID_0KWKO6,0.0022596762652724207,0.0022596762652724207
ID_NA80NQ,0.0008172488310393827,0.0008172488310393827
ID_SEZMK4,0.0021261205092860335,0.0021261205092860335
ID_EUISRV,0.01479391140972074,0.01479391140972074
ID_5XO6JY,0.006116274834220702,0.006116274834220702
ID_EK7ZWC,0.006116274834220702,0.006116274834220702
ID_V796K5,0.0031877793193073366,0.0031877793193073366
ID_Y827KG,0.008290277926442283,0.008290277926442283
ID_2HM4QW,0.008290277926442283,0.008290277926442283
ID_SCXJL3,0.008290277926442283,0.008290277926442283
ID_JZPTYE,0.010048591955927067,0.010048591955927067
ID_Q2IGYG,0.005081551234253066,0.005081551234253066
ID_M4NSBL,0.003804735421311215,0.003804735421311215
ID_ZEY77T,0.007040828656027889,0.007040828656027889
ID_0GZHJB,0.010048591955927067,0.010048591955927067
ID_O98AFI,0.009349386276550846,0.009349386276550846
ID_GTVZ8B,0.008290277926442283,0.008290277926442283
ID_TUWRO6,0.009614382342464211,0.009614382342464211
ID_53NI04,0.009518272014300196,0.009518272014300196
ID_G8ISGB,0.0030518437945900477,0.0030518437945900477
ID_NO0C5D,0.009614382342464211,0.009614382342464211
ID_HPAY1U,0.008290277926442283,0.008290277926442283
ID_VYY1I9,0.009614382342464211,0.009614382342464211
ID_05VYW1,0.009614382342464211,0.009614382342464211
ID_QMN5FR,0.010048591955927067,0.010048591955927067
ID_DTD1QY,0.010048591955927067,0.010048591955927067
ID_3HTURM,0.0108407999376309,0.0108407999376309
ID_58WL51,0.008665210873310236,0.008665210873310236
ID_EWS3VY,0.008665210873310236,0.008665210873310236
ID_WIZJEA,0.009349386276550846,0.009349386276550846
ID_3TOQ4O,0.009614382342464211,0.009614382342464211
ID_065SOK,0.13718460966224733,0.13718460966224733
ID_U016SO,0.6448359569021553,0.6448359569021553
ID_CNKSHK,0.12572452858338026,0.12572452858338026
ID_Z84N1L,0.7177801056894362,0.7177801056894362
ID_R0KEPU,0.40975215855063923,0.40975215855063923
ID_Y7BC44,0.19692381162608916,0.19692381162608916
ID_8TH4YE,0.17008084894886397,0.17008084894886397
ID_HRAQSM,0.0012428051274561945,0.0012428051274561945
ID_UZLDLE,0.0009150883220703773,0.0009150883220703773
ID_6IHIP0,0.000578103399258539,0.000578103399258539
ID_J0QHSL,0.0007658180868061146,0.0007658180868061146
ID_HBC5QX,0.0007093268338237164,0.0007093268338237164
ID_J3EJ0R,0.0010614792709127035,0.0010614792709127035
ID_HO7OER,0.0016866256878761096,0.0016866256878761096
ID_ZM023T,0.0007093268338237164,0.0007093268338237164
ID_1ANEBT,0.0012693666575770255,0.0012693666575770255
ID_OGR2VR,0.0007761800652125921,0.0007761800652125921
ID_9B87OV,0.02364329279242851,0.02364329279242851
ID_HJT0CJ,0.0012693666575770255,0.0012693666575770255
ID_775Y66,0.0037091698012605735,0.0037091698012605735
ID_Q04AX8,0.000577134107629529,0.000577134107629529
ID_VXCY4G,0.0012251008091272873,0.0012251008091272873
ID_SSO9SH,0.0010614792709127035,0.0010614792709127035
ID_RIZUYK,0.0007090551227614563,0.0007090551227614563
ID_S6WJDK,0.0008435141913293584,0.0008435141913293584
ID_K59VOO,0.0011465836502876012,0.0011465836502876012
ID_DHVX41,0.00022069082107820952,0.00022069082107820952
ID_GBOV5S,0.0007090551227614563,0.0007090551227614563
ID_06KAJU,0.0376529616872472,0.0376529616872472
ID_04DJLK,0.000578103399258539,0.000578103399258539
ID_I85AHY,0.0011465836502876012,0.0011465836502876012
ID_W5OFQ8,0.0010614792709127035,0.0010614792709127035
ID_ROZN49,0.0011465836502876012,0.0011465836502876012
ID_O99TDC,0.0012693666575770255,0.0012693666575770255
ID_9VAPA3,0.0006177002981042623,0.0006177002981042623
ID_9Q3QYV,0.0007090551227614563,0.0007090551227614563
ID_VCDH1M,0.0007675012371129302,0.0007675012371129302
ID_1UREW6,0.0008356319181715549,0.0008356319181715549
ID_NHXVVR,0.0008435141913293584,0.0008435141913293584
ID_HYYD9X,0.00022069082107820952,0.00022069082107820952
ID_S9EWZ6,0.000336215331848992,0.000336215331848992
ID_3OK7WP,0.0012428051274561945,0.0012428051274561945
ID_NZU26W,0.0014744756330862128,0.0014744756330862128
ID_QSKDPI,0.0007675012371129302,0.0007675012371129302
ID_AUEQB1,0.00031905309372884264,0.00031905309372884264
ID_1KJ6HF,0.0006835197088892718,0.0006835197088892718
ID_9T9YY4,0.00022069082107820952,0.00022069082107820952
ID_DCQ2HB,0.0007761800652125921,0.0007761800652125921
ID_ZNSKYP,0.0008557088055817739,0.0008557088055817739
ID_B97PWM,0.000578103399258539,0.000578103399258539
ID_SSTMBL,0.0007912737566524752,0.0007912737566524752
ID_UC68W2,0.0008356319181715549,0.0008356319181715549
ID_ABA2EL,0.0008641698505098986,0.0008641698505098986
ID_C2EX4C,0.0008557088055817739,0.0008557088055817739
ID_9A0ZFU,0.00048248970466074486,0.00048248970466074486
ID_1SUIYY,0.0008356319181715549,0.0008356319181715549
ID_OYD76O,0.0007093268338237164,0.0007093268338237164
ID_KB433X,0.00038456701718777013,0.00038456701718777013
ID_ZQLRCB,0.006609583940231006,0.006609583940231006
ID_B52MTK,0.0008435141913293584,0.0008435141913293584
ID_TH3FZH,0.0007761800652125921,0.0007761800652125921
ID_F6UFCA,0.0007090551227614563,0.0007090551227614563
ID_M460YA,0.0008296239542767444,0.0008296239542767444
ID_RGMKFC,0.0007090551227614563,0.0007090551227614563
ID_HYF240,0.0010618858879658506,0.0010618858879658506
ID_F4Z9QP,0.0008435141913293584,0.0008435141913293584
ID_NP3XTP,0.0011465836502876012,0.0011465836502876012
ID_4RB4RW,0.0008557088055817739,0.0008557088055817739
ID_28Y3QD,0.0009026011900221348,0.0009026011900221348
ID_8V1UTS,0.0010618858879658506,0.0010618858879658506
ID_Y3B64A,0.0011465836502876012,0.0011465836502876012
ID_U3CTLW,0.002728359742522606,0.002728359742522606
ID_HIYHM9,0.0011055357734063996,0.0011055357734063996
ID_0LI4KO,0.00045399838459189793,0.00045399838459189793
ID_WZY98V,0.0007090551227614563,0.0007090551227614563
ID_D3WNMR,0.0008740044597392949,0.0008740044597392949
ID_C4A9AI,0.0009899039382689281,0.0009899039382689281
ID_9DMQEB,0.00010584663519944364,0.00010584663519944364
ID_WYTA25,0.00032318689621330663,0.00032318689621330663
ID_ZJP4KO,0.000356114244879845,0.000356114244879845
ID_48E1RE,0.0003085457533876418,0.0003085457533876418
ID_2Q7ZYF,0.0002057091621386967,0.0002057091621386967
ID_M3E6DB,0.00014021095953224634,0.00014021095953224634
ID_RBQL63,0.00020595361073085124,0.00020595361073085124
ID_I06XZJ,0.00034088700534887575,0.00034088700534887575
ID_LHAJ16,0.0004448723835226183,0.0004448723835226183
ID_XRH4M1,0.00020893299228400697,0.00020893299228400697
ID_L6E64E,0.00034088700534887575,0.00034088700534887575
ID_9FOGDZ,0.00022627058897243914,0.00022627058897243914
ID_CQUX2K,0.00022758862300868187,0.00022758862300868187
ID_4VKQYU,0.00037041132636184707,0.00037041132636184707
ID_KNBOAS,0.00037874531190401693,0.00037874531190401693
ID_Y3QY4K,0.0007812910508025684,0.0007812910508025684
ID_UHZ22Y,0.00025845150530026234,0.00025845150530026234
ID_WVHSDA,0.0002656040384023376,0.0002656040384023376
ID_LDDHLU,0.0002743049789787875,0.0002743049789787875
ID_AGSGHY,0.00042419376671600894,0.00042419376671600894
ID_X2SDKG,0.0015171734404519743,0.0015171734404519743
ID_S90MML,0.00046115371309281793,0.00046115371309281793
ID_MG05UN,0.0004214258027565796,0.0004214258027565796
ID_O973KK,0.001902095051403204,0.001902095051403204
ID_ZPW7TK,0.0004214258027565796,0.0004214258027565796
ID_PJJ2OK,0.0004448723835226183,0.0004448723835226183
ID_KEZP3H,0.00042418139741895987,0.00042418139741895987
ID_82XV8F,0.0003355664249678271,0.0003355664249678271
ID_KHQLO9,0.00035252036816417075,0.00035252036816417075
ID_BOVGVS,0.00022593015691865938,0.00022593015691865938
ID_1FCLJQ,0.00126721780481475,0.00126721780481475
ID_MLL86Y,0.00023011794589898631,0.00023011794589898631
ID_HCWZN6,0.0007563595793762209,0.0007563595793762209
ID_607D9L,0.001162918847813799,0.001162918847813799
ID_7L24AW,0.0004625573380371702,0.0004625573380371702
ID_1I1DP1,0.0004146840324293253,0.0004146840324293253
ID_Q7IOB2,0.0002927174608842746,0.0002927174608842746
ID_S1PMMH,0.001479763211238232,0.001479763211238232
ID_0BCHBA,0.0002511233800547446,0.0002511233800547446
ID_7YF5AP,0.003725838671167706,0.003725838671167706
ID_MQJX8F,0.0002283370964756179,0.0002283370964756179
ID_SW0MA1,0.0009907719993291016,0.0009907719993291016
ID_1F0IDO,0.00033569256925681585,0.00033569256925681585
ID_ZCWDBM,0.00037874531190401693,0.00037874531190401693
ID_BYW2CL,0.00016745778187016362,0.00016745778187016362
ID_CGSEQY,0.00044701785805426666,0.00044701785805426666
ID_MM2BWN,0.00036344433866085043,0.00036344433866085043
ID_PR6GCS,0.00015867348213429667,0.00015867348213429667
ID_5T6WFW,0.0004661346224468168,0.0004661346224468168
ID_VT7750,0.00031767644041003263,0.00031767644041003263
ID_URURAN,0.00035576581357472193,0.00035576581357472193
ID_FQKEBR,0.00037041132636184707,0.00037041132636184707
ID_XC2X41,0.00022146084849352738,0.00022146084849352738
ID_T8SKEP,0.0007008565835459179,0.0007008565835459179
ID_ZD760Q,0.00034904759558028237,0.00034904759558028237
ID_ZDW4YS,0.00043158196726217357,0.00043158196726217357
ID_4SE3OH,0.00029491443689584835,0.00029491443689584835
ID_8ZJKZ8,0.00042771343395207607,0.00042771343395207607
ID_C0J4MJ,0.00043861880378832967,0.00043861880378832967
ID_OBWYEH,0.0008088929359679145,0.0008088929359679145
ID_RWRYQ1,0.0002096473704797984,0.0002096473704797984
ID_HIMNTK,0.0002283370964756179,0.0002283370964756179
ID_VHRU3S,0.00022146084849352738,0.00022146084849352738
ID_DUKW5I,0.00042418139741895987,0.00042418139741895987
ID_RGBU2B,0.00038360176070531077,0.00038360176070531077
ID_6OROO2,0.0003173624346099407,0.0003173624346099407
ID_E01AVW,0.00032318689621330663,0.00032318689621330663
ID_0G0M3Z,0.0009568158880173775,0.0009568158880173775
ID_75ZEAY,0.000340420182700312,0.000340420182700312
ID_OBGCTB,0.0008893410343448633,0.0008893410343448633
ID_BSI938,0.0004286288357396442,0.0004286288357396442
ID_OD3P35,0.00036300281467826123,0.00036300281467826123
ID_LPR3IG,8.142570938655183e-05,8.142570938655183e-05
ID_WW98MI,2.5997819118325165e-05,2.5997819118325165e-05
ID_LKUGYH,0.00028722305573033834,0.00028722305573033834
ID_8V3O49,0.00016303858389070402,0.00016303858389070402
ID_NGO91I,9.454108644154892e-05,9.454108644154892e-05
ID_3STNLD,0.0007078345172023607,0.0007078345172023607
ID_D2HYNU,7.466212463517158e-05,7.466212463517158e-05
ID_PSEHFM,2.5997819118325165e-05,2.5997819118325165e-05
ID_REZOW5,0.00017524212430723891,0.00017524212430723891
ID_S64QFC,0.0006330034270043619,0.0006330034270043619
ID_9O5TIS,0.0003153368163265793,0.0003153368163265793
ID_KFKH2L,0.00023466199590090118,0.00023466199590090118
ID_3F0GYV,3.07391424752591e-05,3.07391424752591e-05
ID_EPPMFG,0.002426209603631399,0.002426209603631399
ID_WPHAGI,8.053865753343483e-05,8.053865753343483e-05
ID_4Y0VT3,0.00033229756936090104,0.00033229756936090104
ID_WULH1Z,2.5997819118325165e-05,2.5997819118325165e-05
ID_E0WVVY,5.109650358090213e-05,5.109650358090213e-05
ID_0RYNOK,3.07391424752591e-05,3.07391424752591e-05
ID_WE8RKW,4.526706754520337e-05,4.526706754520337e-05
ID_XJJHEX,7.466212463517158e-05,7.466212463517158e-05
ID_E44382,5.109650358090213e-05,5.109650358090213e-05
ID_D4HUAW,0.0003202340984222767,0.0003202340984222767
ID_9BLHQS,3.07391424752591e-05,3.07391424752591e-05
ID_0PABFC,0.00023908117646124778,0.00023908117646124778
ID_V5A80P,0.0002590282975929572,0.0002590282975929572
ID_WLI35N,4.652593505739669e-05,4.652593505739669e-05
ID_CAKGEL,0.0002906297463490014,0.0002906297463490014
ID_L4EYKT,0.0001948530696399479,0.0001948530696399479
ID_BS8T6P,0.00010846282339124316,0.00010846282339124316
ID_Z43O7Z,9.592714202274733e-05,9.592714202274733e-05
ID_NUI8UC,0.00026605441067529206,0.00026605441067529206
ID_IT01YY,4.892206495403259e-05,4.892206495403259e-05
ID_PHKKLQ,0.0002267923083042104,0.0002267923083042104
ID_R8M8SS,0.04399746121819714,0.04399746121819714
ID_B6ZZ5P,0.00014963498214327838,0.00014963498214327838
ID_4IYAMD,3.07391424752591e-05,3.07391424752591e-05
ID_T6IF0T,9.354505521177981e-05,9.354505521177981e-05
ID_FB09FY,3.07391424752591e-05,3.07391424752591e-05
ID_MA8GLI,0.00029365475567667094,0.00029365475567667094
ID_IFIIGQ,0.00019254662492774614,0.00019254662492774614
ID_ZARKQN,6.464646274731271e-05,6.464646274731271e-05
ID_7DYR0J,0.0001948530696399479,0.0001948530696399479
ID_QVSE4F,0.0002344815464998163,0.0002344815464998163
ID_ZUVHL8,5.3734338542656396e-05,5.3734338542656396e-05
ID_6LI3EJ,0.00047439809951960676,0.00047439809951960676
ID_N8UK21,0.00047591653753130706,0.00047591653753130706
ID_W3KIQI,3.07391424752591e-05,3.07391424752591e-05
ID_L9IPGA,0.00022679940129125806,0.00022679940129125806
ID_LRLRQB,0.020969658860228193,0.020969658860228193
ID_Q5H34E,2.5997819118325165e-05,2.5997819118325165e-05
ID_TL6ULM,0.0003664168593990308,0.0003664168593990308
ID_BAHEHY,6.464646274731271e-05,6.464646274731271e-05
ID_IU4G95,5.650168709656106e-05,5.650168709656106e-05
ID_ABFR5T,0.0023114293508886457,0.0023114293508886457
ID_BXIN9D,4.526706754520337e-05,4.526706754520337e-05
ID_8FWX6I,0.008092985836234846,0.008092985836234846
ID_5UXMEN,0.00032154989885189376,0.00032154989885189376
ID_6ALABP,5.650168709656106e-05,5.650168709656106e-05
ID_YMZWV2,3.07391424752591e-05,3.07391424752591e-05
ID_CAXC7H,0.0016059819725842673,0.0016059819725842673
ID_JBLH5N,8.745370867422863e-05,8.745370867422863e-05
ID_F4L75C,0.00019648420327924218,0.00019648420327924218
ID_TBE38Z,0.000300874434121627,0.000300874434121627
ID_6GRKUL,0.0003810138999486271,0.0003810138999486271
ID_13GQDW,6.464646274731271e-05,6.464646274731271e-05
ID_KQCZIM,4.526706754520337e-05,4.526706754520337e-05
ID_KACN6Q,3.07391424752591e-05,3.07391424752591e-05
ID_LPBHAQ,0.00013626099041653427,0.00013626099041653427
ID_1S1KBW,0.0003129601259147162,0.0003129601259147162
ID_IUCQZS,3.07391424752591e-05,3.07391424752591e-05
ID_62NNPA,0.00032154989885189376,0.00032154989885189376
ID_V22VHT,0.00020724674865729597,0.00020724674865729597
ID_HG2OAS,0.0001182140510488539,0.0001182140510488539
ID_XEC1UB,0.0013272718902719303,0.0013272718902719303
ID_OYIYH6,4.892206495403259e-05,4.892206495403259e-05
ID_B87F80,8.474699271862461e-05,8.474699271862461e-05
ID_0GT5MY,4.6853722445764114e-05,4.6853722445764114e-05
ID_3542I1,0.011758111744561784,0.011758111744561784
ID_XIPX8S,0.0001865790646288665,0.0001865790646288665
ID_60GIV7,0.0001542858443968128,0.0001542858443968128
ID_K5QXSD,0.0004972841389535055,0.0004972841389535055
ID_IMWQJR,8.059635262873167e-05,8.059635262873167e-05
ID_YKDMVB,0.0014974405286147874,0.0014974405286147874
ID_DJLRHI,8.474699271862461e-05,8.474699271862461e-05
ID_AA0TBB,0.00035106601533202566,0.00035106601533202566
ID_QQILOV,9.0321439674303e-05,9.0321439674303e-05
ID_GU8TDA,8.059635262873167e-05,8.059635262873167e-05
ID_GYA6QV,0.0017099780202761178,0.0017099780202761178
ID_SR9UQ2,0.016094537903315304,0.016094537903315304
ID_MG1GRK,6.489998626352548e-05,6.489998626352548e-05
ID_E8MNFZ,0.0001554479750706246,0.0001554479750706246
ID_90ES1C,4.6853722445764114e-05,4.6853722445764114e-05
ID_SBTN25,0.00011198485235402782,0.00011198485235402782
ID_2IT3ZQ,0.006429618402421413,0.006429618402421413
ID_POM94C,0.007866841634470928,0.007866841634470928
ID_8WSJY9,0.008683795272316785,0.008683795272316785
ID_PISRX6,0.00020413971877821313,0.00020413971877821313
ID_Z548DO,0.0001542858443968128,0.0001542858443968128
ID_HN86UX,0.00011794164099241667,0.00011794164099241667
ID_ENZCKW,0.00011216541422241802,0.00011216541422241802
ID_NNXHZJ,0.0001542858443968128,0.0001542858443968128
ID_PWTIJ9,9.0321439674303e-05,9.0321439674303e-05
ID_Q2SMTQ,0.0025860761372640036,0.0025860761372640036
ID_3MCOUT,0.0002300303579584947,0.0002300303579584947
ID_G7Z1L3,0.007357864817726222,0.007357864817726222
ID_J5L7RD,0.0001865790646288665,0.0001865790646288665
ID_JXG6HY,0.0013214267036996195,0.0013214267036996195
ID_XLV5BF,0.0008658299531078552,0.0008658299531078552
ID_GBKQ4A,0.0002983900540524856,0.0002983900540524856
ID_0RNKFD,0.00037452353924134594,0.00037452353924134594
ID_RNZHE5,0.0004421046709578848,0.0004421046709578848
ID_O2NKGF,0.00017528314787322631,0.00017528314787322631
ID_RPS26Y,0.00019316001321904888,0.00019316001321904888
ID_K1CKSA,0.00012146603395918154,0.00012146603395918154
ID_K0MGYR,0.00010507975184415139,0.00010507975184415139
ID_U0SR28,0.0005580749858825618,0.0005580749858825618
ID_YDH96X,4.895633333374082e-05,4.895633333374082e-05
ID_YHP6IW,0.00017048831909969762,0.00017048831909969762
ID_IG1LYN,4.5535729316801264e-05,4.5535729316801264e-05
ID_T4NKV6,0.0002889908684249909,0.0002889908684249909
ID_6711DS,0.0009506349097691521,0.0009506349097691521
ID_FUJOIH,0.00017048831909969762,0.00017048831909969762
ID_Q1AOTZ,0.0004941869686868829,0.0004941869686868829
ID_ZM9CVR,6.739416455032053e-05,6.739416455032053e-05
ID_8AYBAW,0.0006138083849179616,0.0006138083849179616
ID_B1G5TP,0.0022528610460730383,0.0022528610460730383
ID_568IE8,4.895633333374082e-05,4.895633333374082e-05
ID_JOWST8,0.0006636319426690271,0.0006636319426690271
ID_FVI9F8,0.0006382091875858312,0.0006382091875858312
ID_74OIAW,0.00044295141194322337,0.00044295141194322337
ID_XMWVMP,6.0886533382204425e-05,6.0886533382204425e-05
ID_6TS54L,0.00047297493889368565,0.00047297493889368565
ID_8AII57,8.861707847068088e-05,8.861707847068088e-05
ID_RJS1VA,5.12607867615314e-05,5.12607867615314e-05
ID_DM8ZXW,0.00020791673270726267,0.00020791673270726267
ID_5CJYZP,0.0013159901527421236,0.0013159901527421236
ID_JBXMIO,0.000523839732935279,0.000523839732935279
ID_4TGOWM,0.00015279723425780118,0.00015279723425780118
ID_0RHXLP,0.0005385718143429214,0.0005385718143429214
ID_NA6WHB,0.0002879127033874762,0.0002879127033874762
ID_KKQ9JS,8.565933615239253e-05,8.565933615239253e-05
ID_KCZDMC,0.00015388637363493156,0.00015388637363493156
ID_JHKAO1,6.67139060104347e-05,6.67139060104347e-05
ID_EWRTK0,0.0002504505983313571,0.0002504505983313571
ID_D0XOZS,0.00044295141194322337,0.00044295141194322337
ID_I4CLRD,0.00015279723425780118,0.00015279723425780118
ID_5OGH64,8.53320182472783e-05,8.53320182472783e-05
ID_KA4RGT,0.00029673657342888464,0.00029673657342888464
ID_HK8NQI,0.0004605231647474933,0.0004605231647474933
ID_CZC128,0.0001959543553472706,0.0001959543553472706
ID_CFEXKG,0.001335006186010262,0.001335006186010262
ID_3UF9YW,8.53320182472783e-05,8.53320182472783e-05
ID_4T4T5J,0.00033108282640186834,0.00033108282640186834
ID_UZSIPN,0.000610647957912945,0.000610647957912945
ID_ZCSVH8,0.0004950829996824515,0.0004950829996824515
ID_BKIDXK,6.67139060104347e-05,6.67139060104347e-05
ID_5BWCPJ,0.00012191661601431732,0.00012191661601431732
ID_R372RI,0.00012117151869627268,0.00012117151869627268
ID_MWPK2X,0.0001671267347422525,0.0001671267347422525
ID_TZP781,0.00015227124633328964,0.00015227124633328964
ID_Q6P63K,7.879704404497584e-05,7.879704404497584e-05
ID_PFF9X5,0.00010616114575808471,0.00010616114575808471
ID_L4WIOX,0.0001959543553472706,0.0001959543553472706
ID_S9103X,0.00019316001321904888,0.00019316001321904888
ID_RI0O6J,0.0005449915654504147,0.0005449915654504147
ID_VLCS86,0.00013967032295026866,0.00013967032295026866
ID_ED3ISP,0.0001999185233248318,0.0001999185233248318
ID_KCI4WE,0.0005078653747781914,0.0005078653747781914
ID_M5X6WA,0.00019316001321904888,0.00019316001321904888
ID_22VI0T,0.00017528314787322631,0.00017528314787322631
ID_EJYLK4,0.0004421046709578848,0.0004421046709578848
ID_ILTCSC,0.0003065022510483201,0.0003065022510483201
ID_QOIH7K,0.000988327691975286,0.000988327691975286
ID_QOTY6K,0.0004605231647474933,0.0004605231647474933
ID_EJW3LT,0.0002010326212366995,0.0002010326212366995
ID_M8HQVC,4.895633333374082e-05,4.895633333374082e-05
ID_LU4HLB,6.7738700617189e-05,6.7738700617189e-05
ID_E88WHP,0.00014423627202385356,0.00014423627202385356
ID_P1L1VI,0.000523839732935279,0.000523839732935279
ID_LF7K1G,0.0004209593055167975,0.0004209593055167975
ID_HUF4P7,0.00031941851276295874,0.00031941851276295874
ID_64W76C,0.00012285950906432722,0.00012285950906432722
ID_6QJT3U,0.003743178831698321,0.003743178831698321
ID_OCC1JG,0.00026330634812328464,0.00026330634812328464
ID_XQBSGS,0.00028487018795837575,0.00028487018795837575
ID_RIH2IY,0.000682518356534423,0.000682518356534423
ID_K7P1AA,0.0002889908684249909,0.0002889908684249909
ID_3KN8NF,0.00022376714692763986,0.00022376714692763986
ID_ANX289,0.00012217858392572239,0.00012217858392572239
ID_I8VO8O,0.00022167597966722945,0.00022167597966722945
ID_V9S8P2,0.0002010326212366995,0.0002010326212366995
ID_OTNE3W,0.00010768531768541378,0.00010768531768541378
ID_0YXO2D,0.0004421046709578848,0.0004421046709578848
ID_87V10L,0.00010241134593657326,0.00010241134593657326
ID_CV5P86,0.0003254419942864418,0.0003254419942864418
ID_C8HFHN,0.00029800028359018636,0.00029800028359018636
ID_V7WQM1,0.00019316001321904888,0.00019316001321904888
ID_ULO27X,0.00019573883579964492,0.00019573883579964492
ID_NQ0HE6,0.0019371717795927466,0.0019371717795927466
ID_4EDUOF,0.0016919216276798865,0.0016919216276798865
ID_46O9EK,8.861707847068088e-05,8.861707847068088e-05
ID_2JRV0O,0.0004941869686868829,0.0004941869686868829
ID_4TY6TR,0.0004309430712879329,0.0004309430712879329
ID_XMQ25Y,0.0003431606118283266,0.0003431606118283266
ID_GBNTZ0,0.00017528314787322631,0.00017528314787322631
ID_Y99CP1,0.00015279723425780118,0.00015279723425780118
ID_ORVW1B,6.233387436866211e-05,6.233387436866211e-05
ID_WMO3QN,4.895633333374082e-05,4.895633333374082e-05
ID_28T7NF,8.231479072670487e-05,8.231479072670487e-05
ID_PXDYR8,0.00016810750573543259,0.00016810750573543259
ID_8RJBND,9.696741145878322e-05,9.696741145878322e-05
ID_DJU36N,0.0005078653747781914,0.0005078653747781914
ID_EVO7GL,0.0004421046709578848,0.0004421046709578848
ID_V1PMY3,0.00017048831909969762,0.00017048831909969762
ID_IK4PH0,0.00033108282640186834,0.00033108282640186834
ID_P86HSN,0.0006076991021870761,0.0006076991021870761
ID_6DDVP2,0.00021020125867215501,0.00021020125867215501
ID_9V09AE,0.0005449915654504147,0.0005449915654504147
ID_EL2RHW,0.00017505075304915808,0.00017505075304915808
ID_TDIL0H,0.00031705066518417503,0.00031705066518417503
ID_UEPV67,0.001796119169344772,0.001796119169344772
ID_MLFWEC,0.0019625501476906587,0.0019625501476906587
ID_Q8OTC2,0.00047297493889368565,0.00047297493889368565
ID_Q31MDT,0.0002280297084844087,0.0002280297084844087
ID_10D3G1,0.0020348315563916237,0.0020348315563916237
ID_RE7SCV,5.995734064087421e-05,5.995734064087421e-05
ID_K4Q8V0,7.598676215114496e-05,7.598676215114496e-05
ID_KCL7CV,0.0004421046709578848,0.0004421046709578848
ID_J05HUM,0.00014752931431407764,0.00014752931431407764
ID_LQCAHB,0.00021390840442674666,0.00021390840442674666
ID_CL4OVC,0.00033108282640186834,0.00033108282640186834
ID_8KA0CX,0.00021020125867215501,0.00021020125867215501
ID_3SOK7O,0.0004605231647474933,0.0004605231647474933
ID_2V1U3K,0.00020791673270726267,0.00020791673270726267
ID_GZEIYE,0.00028487018795837575,0.00028487018795837575
ID_WSG62Z,8.53320182472783e-05,8.53320182472783e-05
ID_AQLJD9,0.00029673657342888464,0.00029673657342888464
ID_2JBYR0,0.0003244698710288683,0.0003244698710288683
ID_HQG7S5,0.00012191661601431732,0.00012191661601431732
ID_J9X62N,0.0002961494125539008,0.0002961494125539008
ID_J30HVX,0.0001273053174354997,0.0001273053174354997
ID_8HCCLB,0.00045663721181788753,0.00045663721181788753
ID_K7TUMS,0.00035082930906218577,0.00035082930906218577
ID_2U0TW8,0.00019088792488837475,0.00019088792488837475
ID_5KMQFT,0.00014021604931664465,0.00014021604931664465
ID_QK8WP2,0.00023506335908423311,0.00023506335908423311
ID_O2QO7X,0.0002109053604867778,0.0002109053604867778
ID_ZQ48WV,0.0006165801976493237,0.0006165801976493237
ID_8HU32W,0.00029583542039130704,0.00029583542039130704
ID_4UJ6I0,0.000566268286911363,0.000566268286911363
ID_C45TQX,0.000361780356509129,0.000361780356509129
ID_6CNKK3,6.169415183166955e-05,6.169415183166955e-05
ID_3D6P1W,0.00014021604931664465,0.00014021604931664465
ID_W4LB98,0.00019088792488837475,0.00019088792488837475
ID_7S0G4C,0.00025512298171683314,0.00025512298171683314
ID_OOZHOC,4.927989297292098e-05,4.927989297292098e-05
ID_ANAD68,0.0002947930448180177,0.0002947930448180177
ID_ZYBEDD,9.394794157274489e-05,9.394794157274489e-05
ID_AZ8323,0.00031408434755771347,0.00031408434755771347
ID_PDZB8M,0.0004156802760910932,0.0004156802760910932
ID_N90VSA,0.0004586529324438016,0.0004586529324438016
ID_4IHET8,0.0005009089281739445,0.0005009089281739445
ID_2DZRF6,0.0002961494125539008,0.0002961494125539008
ID_DHD7VN,0.00047310495384456276,0.00047310495384456276
ID_9KA6N0,0.00016441276662104078,0.00016441276662104078
ID_39VHVT,0.0002721039003748295,0.0002721039003748295
ID_6M3VS9,0.0004233841668158869,0.0004233841668158869
ID_8BASDE,0.0004152889448728545,0.0004152889448728545
ID_L11QW6,0.000361780356509129,0.000361780356509129
ID_ZC52OO,0.000361780356509129,0.000361780356509129
ID_W4WHIW,0.000361780356509129,0.000361780356509129
ID_XSQ9IH,0.00020242049992376284,0.00020242049992376284
ID_1DUVNN,0.00020242049992376284,0.00020242049992376284
ID_1EP7ZJ,0.0003180287732446572,0.0003180287732446572
ID_EH58J1,0.000361780356509129,0.000361780356509129
ID_CTI20D,0.000361780356509129,0.000361780356509129
ID_0IB50G,0.0004233841668158869,0.0004233841668158869
ID_4NDO8O,0.00035798624899945275,0.00035798624899945275
ID_NSH0DU,0.0002961494125539008,0.0002961494125539008
ID_XXUVDP,9.394794157274489e-05,9.394794157274489e-05
ID_WUM26R,0.0005372551402458218,0.0005372551402458218
ID_JL9J80,0.0001414564829790109,0.0001414564829790109
ID_68D45A,6.494068528230605e-05,6.494068528230605e-05
ID_VYD2TV,0.00044717554329583797,0.00044717554329583797
ID_CIW99P,0.00044653274109317134,0.00044653274109317134
ID_D51DUQ,0.0003640929830442979,0.0003640929830442979
ID_3BGZSO,0.0004233841668158869,0.0004233841668158869
ID_2EPRTP,0.00014388281857422716,0.00014388281857422716
ID_XD3292,0.00014388281857422716,0.00014388281857422716
ID_NIFVOQ,0.00014388281857422716,0.00014388281857422716
ID_ZU5SYR,0.0004306206578450762,0.0004306206578450762
ID_Y4PE30,0.00020870598911536787,0.00020870598911536787
ID_T2OK2R,7.815919503220068e-05,7.815919503220068e-05
ID_SP8RIP,0.000361780356509129,0.000361780356509129
ID_VQ9S5D,0.0003306153379872895,0.0003306153379872895
ID_0JVF3K,0.0005372551402458218,0.0005372551402458218
ID_7KU1OB,0.001052130946563118,0.001052130946563118
ID_7UYLNU,0.00027850141835258213,0.00027850141835258213
ID_7YBJBN,0.00010439732528674787,0.00010439732528674787
ID_CLJ4A6,0.00023506335908423311,0.00023506335908423311
ID_USIVUY,0.0004152889448728545,0.0004152889448728545
ID_SWNDPS,0.00015141037293133348,0.00015141037293133348
ID_781KAZ,9.394794157274489e-05,9.394794157274489e-05
ID_QGCAPM,0.00012802461875579396,0.00012802461875579396
ID_BK64SS,0.00016441276662104078,0.00016441276662104078
ID_0HVBH9,0.0002721039003748295,0.0002721039003748295
ID_BAFM4T,0.0005977104581603034,0.0005977104581603034
ID_3R5UNN,9.394794157274489e-05,9.394794157274489e-05
ID_S09JZ1,0.00031262140385699414,0.00031262140385699414
ID_2Z02YG,0.00010439732528674787,0.00010439732528674787
ID_9NSFQV,9.492376149666066e-05,9.492376149666066e-05
ID_MP6MPH,0.00020870598911536787,0.00020870598911536787
ID_88VJLH,0.00020870598911536787,0.00020870598911536787
ID_I3EOVL,0.0006529371524856096,0.0006529371524856096
ID_TJIJM7,0.0001584896754457784,0.0001584896754457784
ID_3OB2PY,0.00016441276662104078,0.00016441276662104078
ID_IWPNJZ,0.00012802461875579396,0.00012802461875579396
ID_8NFKCL,3.7409771617080344e-05,3.7409771617080344e-05
ID_THH1UR,0.0002282770548987202,0.0002282770548987202
ID_DIGB5C,6.494068528230605e-05,6.494068528230605e-05
ID_RI8Y4C,0.00037562297472188897,0.00037562297472188897
ID_GGVJTH,0.000618969771324784,0.000618969771324784
ID_LOIPDR,0.00034645482650012924,0.00034645482650012924
ID_M9K91E,0.0006712111775588035,0.0006712111775588035
ID_2TZLAV,0.00020870598911536787,0.00020870598911536787
ID_1HUSLA,0.0004612082299391786,0.0004612082299391786
ID_I7R7TF,0.00019538080988122097,0.00019538080988122097
ID_V586YJ,0.0001584896754457784,0.0001584896754457784
ID_MXWQQ6,0.0001544669061944727,0.0001544669061944727
ID_VFMFNH,0.000678852797452249,0.000678852797452249
ID_745OT8,0.0003640929830442979,0.0003640929830442979
ID_N1RPR3,0.0037516910216959225,0.0037516910216959225
ID_34D3MN,0.0002961494125539008,0.0002961494125539008
ID_MSZ3TQ,3.7409771617080344e-05,3.7409771617080344e-05
ID_SB3Z4O,4.7621885285697496e-05,4.7621885285697496e-05
ID_4JJJZB,0.00025219009052285403,0.00025219009052285403
ID_IVHQHJ,0.00045782930897197413,0.00045782930897197413
ID_3XTXFX,0.00033712703657615486,0.00033712703657615486
ID_1DVLLY,0.0005372551402458218,0.0005372551402458218
ID_G7CMRV,0.00022641908320881563,0.00022641908320881563
ID_PBV8NL,0.002294179305199473,0.002294179305199473
ID_DO3ZD4,0.0005436401057967124,0.0005436401057967124
ID_BXFZX7,5.642725863151223e-05,5.642725863151223e-05
ID_K5JUQC,0.00010439732528674787,0.00010439732528674787
ID_JQIX21,9.394794157274489e-05,9.394794157274489e-05
ID_2ZX8MJ,0.00010716033267543918,0.00010716033267543918
ID_3WIPGV,0.0004152889448728545,0.0004152889448728545
ID_ISHX3X,0.00023506335908423311,0.00023506335908423311
ID_FBFZMG,0.00043378888280625963,0.00043378888280625963
ID_RHD6O4,0.0004152889448728545,0.0004152889448728545
ID_P6QK23,0.0023868012635566665,0.0023868012635566665
ID_8NS4P8,0.00023506335908423311,0.00023506335908423311
ID_YXAL4N,0.00033458095830399026,0.00033458095830399026
ID_FHRLXM,0.0006333028551145218,0.0006333028551145218
ID_4LDI6N,9.394794157274489e-05,9.394794157274489e-05
ID_U30UU9,0.0002274968289380972,0.0002274968289380972
ID_BIVVQ5,5.9333285850226725e-05,5.9333285850226725e-05
ID_V3FU4W,0.0004152889448728545,0.0004152889448728545
ID_ZBT2OF,0.002294179305199473,0.002294179305199473
ID_U2YCJS,3.7409771617080344e-05,3.7409771617080344e-05
ID_AR0M29,0.00023506335908423311,0.00023506335908423311
ID_KGELXP,0.00044717554329583797,0.00044717554329583797
ID_ICMGAL,0.00014021604931664465,0.00014021604931664465
ID_SATA0V,0.00019088792488837475,0.00019088792488837475
ID_KLG612,0.00034819569155398946,0.00034819569155398946
ID_0K6BDO,0.00032180604833612075,0.00032180604833612075
ID_3GMYTY,0.0004443801862963053,0.0004443801862963053
ID_75LBON,0.0002961494125539008,0.0002961494125539008
ID_2XFJZU,0.0001273053174354997,0.0001273053174354997
ID_DH1QTQ,0.0004408003241507642,0.0004408003241507642
ID_VCTNE2,0.00037562297472188897,0.00037562297472188897
ID_TQKOQ0,0.00014021604931664465,0.00014021604931664465
ID_O4VUD4,0.0004233841668158869,0.0004233841668158869
ID_5PJ9XO,0.0011713978847091469,0.0011713978847091469
ID_5BHS0I,0.0001584896754457784,0.0001584896754457784
ID_UED7H0,0.000361780356509129,0.000361780356509129
ID_7PNRDI,0.00014021604931664465,0.00014021604931664465
ID_XZXOS2,0.00011463071193456594,0.00011463071193456594
ID_GKDTYW,0.0015612896777139277,0.0015612896777139277
ID_XGKFJ2,0.0003421604736085062,0.0003421604736085062
ID_M0HTKQ,0.0001584896754457784,0.0001584896754457784
ID_LTDZIO,0.00012802461875579396,0.00012802461875579396
ID_GLYI5H,0.00045918281570870965,0.00045918281570870965
ID_8R5FFI,0.011283627465003046,0.011283627465003046
ID_T8RWY3,0.0002961494125539008,0.0002961494125539008
ID_YUMD4O,0.0003771504358825269,0.0003771504358825269
ID_V4CJKG,0.000419359950223745,0.000419359950223745
ID_PD844Y,0.0003762110776941444,0.0003762110776941444
ID_1FJE68,9.394794157274489e-05,9.394794157274489e-05
ID_RTAF36,0.0001584896754457784,0.0001584896754457784
ID_0Q0ASG,0.0002393904065820603,0.0002393904065820603
ID_WOQ9RN,0.00041206014797203616,0.00041206014797203616
ID_40HUN8,0.000619287544151562,0.000619287544151562
ID_KP9MAP,0.000566268286911363,0.000566268286911363
ID_9TOISM,9.394794157274489e-05,9.394794157274489e-05
ID_604ZNT,0.00024882953671364244,0.00024882953671364244
ID_R8L0ZF,0.000361780356509129,0.000361780356509129
ID_NEWEUH,8.129978474610358e-05,8.129978474610358e-05
ID_POEBAW,0.00032180604833612075,0.00032180604833612075
ID_M074K8,0.0002282770548987202,0.0002282770548987202
ID_A0HXDC,0.00038945601628010394,0.00038945601628010394
ID_SLG2I5,0.00018152316244106996,0.00018152316244106996
ID_0ZWEL6,0.0001414564829790109,0.0001414564829790109
ID_5W8IQ2,0.00012104991416865928,0.00012104991416865928
ID_X1JF4P,4.7621885285697496e-05,4.7621885285697496e-05
ID_OKPFDW,0.0004250510079658319,0.0004250510079658319
ID_BG41I8,0.00023506335908423311,0.00023506335908423311
ID_WLJAHR,0.0013231436435241501,0.0013231436435241501
ID_CWIW49,7.2807241613118e-05,7.2807241613118e-05
ID_KPIEP6,5.9333285850226725e-05,5.9333285850226725e-05
ID_BIPIY7,0.0002282770548987202,0.0002282770548987202
ID_OV4128,0.0003791140200030865,0.0003791140200030865
ID_KM14WW,0.0001584896754457784,0.0001584896754457784
ID_ZR9LL7,0.0001584896754457784,0.0001584896754457784
ID_MN7JHJ,9.394794157274489e-05,9.394794157274489e-05
ID_1YP6FS,0.0004332845802835133,0.0004332845802835133
ID_LY0FR7,0.000454418494448707,0.000454418494448707
ID_VA8YS0,0.0006212929893848571,0.0006212929893848571
ID_MGX9C4,0.0004408003241507642,0.0004408003241507642
ID_ODWSBV,0.0003771504358825269,0.0003771504358825269
ID_VIB8R6,0.00031408434755771347,0.00031408434755771347
ID_O3271L,0.00027850141835258213,0.00027850141835258213
ID_IA7XNG,0.00036571433956547177,0.00036571433956547177
ID_G5YFIJ,0.0003671337546732832,0.0003671337546732832
ID_8EA5ZH,0.00033496553980779677,0.00033496553980779677
ID_VUB2RU,0.0008907516434534772,0.0008907516434534772
ID_869AS8,0.0006895243523020888,0.0006895243523020888
ID_TIBN4U,0.0009101431232112556,0.0009101431232112556
ID_WQ3JF5,0.00033496553980779677,0.00033496553980779677
ID_5RBXPX,0.0009101431232112556,0.0009101431232112556
ID_5HD5ZA,0.0008907516434534772,0.0008907516434534772
ID_2S5VX6,0.0009101431232112556,0.0009101431232112556
ID_5A16YM,0.0008907516434534772,0.0008907516434534772
ID_9HWS96,0.00033496553980779677,0.00033496553980779677
ID_XSG0T2,0.0003313448455896003,0.0003313448455896003
ID_GKA6X5,0.0008582282280194262,0.0008582282280194262
ID_IADFLZ,0.0009101431232112556,0.0009101431232112556
ID_85I0GR,0.0003313448455896003,0.0003313448455896003
ID_MIJTEW,0.00033496553980779677,0.00033496553980779677
ID_B8BL0O,0.0003313448455896003,0.0003313448455896003
ID_QC1WRZ,0.0009101431232112556,0.0009101431232112556
ID_6UT7IC,0.00033496553980779677,0.00033496553980779677
ID_54JX22,0.00033496553980779677,0.00033496553980779677
ID_6TKU5R,0.00033496553980779677,0.00033496553980779677
ID_1JA2MK,0.0006895243523020888,0.0006895243523020888
ID_SJWY6D,0.00033496553980779677,0.00033496553980779677
ID_GIYG6G,0.0003313448455896003,0.0003313448455896003
ID_LJS85L,0.00033496553980779677,0.00033496553980779677
ID_TQNBDG,0.0009101431232112556,0.0009101431232112556
ID_XARP7Q,0.0009101431232112556,0.0009101431232112556
ID_BMEQA2,0.0009101431232112556,0.0009101431232112556
ID_O9717W,0.00033496553980779677,0.00033496553980779677
ID_7A9IEF,0.0010210409176022906,0.0010210409176022906
ID_YGG57K,0.0001077364630514342,0.0001077364630514342
ID_QI4XP9,0.0006396271575776934,0.0006396271575776934
ID_Q18N3W,0.011809941354677918,0.011809941354677918
ID_4VVCQH,0.019378560625692733,0.019378560625692733
ID_XE4IEV,7.870052710622977e-05,7.870052710622977e-05
ID_K3MAY0,0.014267830213896526,0.014267830213896526
ID_HW0LWU,0.0011649367366658382,0.0011649367366658382
ID_UCWQS1,0.00017226488103480944,0.00017226488103480944
ID_MZ5E9B,8.287366457127785e-05,8.287366457127785e-05
ID_C1K50D,0.0023747522981616247,0.0023747522981616247
ID_MC4KWW,0.014855601770832564,0.014855601770832564
ID_RH99WO,0.0008914599954921121,0.0008914599954921121
ID_744B0S,0.00023072344857258845,0.00023072344857258845
ID_G76EJJ,0.0007542628885246102,0.0007542628885246102
ID_W3FLE5,9.800294370790554e-05,9.800294370790554e-05
ID_EH2GC9,0.0011288504441256744,0.0011288504441256744
ID_VA32M2,0.009482772655533166,0.009482772655533166
ID_614OQG,0.002239219244869258,0.002239219244869258
ID_3XYEKG,0.0010007868605861777,0.0010007868605861777
ID_0NEH7M,8.287366457127785e-05,8.287366457127785e-05
ID_X56U7A,0.0001204813916646657,0.0001204813916646657
ID_LVGS8N,0.0001204813916646657,0.0001204813916646657
ID_8OM0HC,0.0001204813916646657,0.0001204813916646657
ID_ZF76R9,7.870052710622977e-05,7.870052710622977e-05
ID_38Z3AF,0.00027390034857286815,0.00027390034857286815
ID_MI871Y,0.00011440024981736114,0.00011440024981736114
ID_Z2O6G6,0.00011440024981736114,0.00011440024981736114
ID_N4NA0B,0.0016127029975130088,0.0016127029975130088
ID_CXGCMA,7.870052710622977e-05,7.870052710622977e-05
ID_S02NWF,0.0006396271575776934,0.0006396271575776934
ID_STYUQH,0.0014629129142336853,0.0014629129142336853
ID_OQ0NNL,0.0016187613795664044,0.0016187613795664044
ID_LMECJK,0.0023341089412351754,0.0023341089412351754
ID_D7R1NQ,0.0023469450754986126,0.0023469450754986126
ID_7XQ792,0.0001675451353426523,0.0001675451353426523
ID_U8RC44,0.0013735765159622844,0.0013735765159622844
ID_EBNFRL,0.0021036898102234926,0.0021036898102234926
ID_GKQ47Z,0.0014548158077193345,0.0014548158077193345
ID_YE5B6S,0.0004841601275040956,0.0004841601275040956
ID_W45VF7,0.002234636745715166,0.002234636745715166
ID_1RUKP4,0.024293054552627782,0.024293054552627782
ID_Q4TH3I,6.6495342559545e-05,6.6495342559545e-05
ID_DPVS20,0.0007609297258343409,0.0007609297258343409
ID_22KHLA,0.00017975734838765803,0.00017975734838765803
ID_S9QE4Q,7.870052710622977e-05,7.870052710622977e-05
ID_E7MX6C,0.0010165367329067097,0.0010165367329067097
ID_U3INRH,0.00017975734838765803,0.00017975734838765803
ID_DI7YTA,0.005891733329111738,0.005891733329111738
ID_RCOAWN,0.0010522010967759462,0.0010522010967759462
ID_Z1LRYM,0.0005798785873998918,0.0005798785873998918
ID_C2LJ70,0.0007587516845490966,0.0007587516845490966
ID_GIVEZ4,0.0016107959928035533,0.0016107959928035533
ID_ELDV2E,0.01980657035745929,0.01980657035745929
ID_2BSLWL,0.0013735765159622844,0.0013735765159622844
ID_SEXM8V,0.008779881214886374,0.008779881214886374
ID_MOIYPK,0.003016882040070691,0.003016882040070691
ID_G5NRPK,0.00013195054650722433,0.00013195054650722433
ID_JFVGSJ,7.870052710622977e-05,7.870052710622977e-05
ID_XWS7HQ,0.004269619268971271,0.004269619268971271
ID_4OYZV6,0.00220262621917815,0.00220262621917815
ID_01RP2A,0.0002327774993704126,0.0002327774993704126
ID_5PPY2G,0.0010851001922729557,0.0010851001922729557
ID_CSM246,0.003109210689256748,0.003109210689256748
ID_UJJ1IK,0.0006725480202884828,0.0006725480202884828
ID_XBI5K6,0.0024695609753345865,0.0024695609753345865
ID_WJ9PEO,0.0011323374888277486,0.0011323374888277486
ID_WY9EAI,0.0001077364630514342,0.0001077364630514342
ID_UR5OFA,7.870052710622977e-05,7.870052710622977e-05
ID_VXVK0E,7.870052710622977e-05,7.870052710622977e-05
ID_LKHDH9,0.0010522010967759462,0.0010522010967759462
ID_FS84JN,0.0005651275448616806,0.0005651275448616806
ID_Q08FAJ,0.000573405826901785,0.000573405826901785
ID_SRKWYT,0.0010165367329067097,0.0010165367329067097
ID_6ZEMZN,0.00029989782931690907,0.00029989782931690907
ID_0OW07A,9.800294370790554e-05,9.800294370790554e-05
ID_CI8CH1,0.0017257698388013704,0.0017257698388013704
ID_9FI442,0.0006396271575776934,0.0006396271575776934
ID_SO0DHO,0.0014548158077193345,0.0014548158077193345
ID_I3TWPN,0.001125704211487168,0.001125704211487168
ID_PRTLQO,6.662141589426802e-05,6.662141589426802e-05
ID_DLJ036,0.00014723338560726474,0.00014723338560726474
ID_1KRPQG,0.002025456087368485,0.002025456087368485
ID_ER9JGI,0.0013735765159622844,0.0013735765159622844
ID_URRD8K,0.001095331504361977,0.001095331504361977
ID_LLP2C0,0.0001077364630514342,0.0001077364630514342
ID_W15EIN,0.0011570907395686886,0.0011570907395686886
ID_CZ0VWL,0.000716027632684446,0.000716027632684446
ID_OEUEBT,0.004516483391386471,0.004516483391386471
ID_LXTW02,0.00025800830715154996,0.00025800830715154996
ID_N94SDP,0.0005938284334704945,0.0005938284334704945
ID_N0AWM0,0.009942005856554552,0.009942005856554552
ID_42NPIG,0.0013778759479761036,0.0013778759479761036
ID_NSS5HS,0.0011330234007213428,0.0011330234007213428
ID_ETVXZ7,0.00025630566562625113,0.00025630566562625113
ID_VEAIU7,0.0002672535611986723,0.0002672535611986723
ID_FJN84X,0.0010522010967759462,0.0010522010967759462
ID_HD7QTN,0.0006396271575776934,0.0006396271575776934
ID_NTR8YK,0.00011440024981736114,0.00011440024981736114
ID_9856FP,0.0001266020631383747,0.0001266020631383747
ID_69NK4X,0.0010210409176022906,0.0010210409176022906
ID_UVABGX,0.0010522010967759462,0.0010522010967759462
ID_S5C90U,0.015177101159100155,0.015177101159100155
ID_X0NOSD,5.578988147393203e-05,5.578988147393203e-05
ID_IJCE63,0.002336001107068752,0.002336001107068752
ID_ME1YJI,0.0008166764956459667,0.0008166764956459667
ID_CZIO8P,9.294118377190004e-05,9.294118377190004e-05
ID_GQKCKG,0.0005030624244332527,0.0005030624244332527
ID_CDDM41,0.0017688026606573436,0.0017688026606573436
ID_HOITR8,0.0006396271575776934,0.0006396271575776934
ID_MWGUUP,0.0010811401988013835,0.0010811401988013835
ID_TNZJLJ,7.870052710622977e-05,7.870052710622977e-05
ID_4RHCTV,0.0001793282874275958,0.0001793282874275958
ID_3D546N,5.578988147393203e-05,5.578988147393203e-05
ID_G3G8F2,0.0014453524434865374,0.0014453524434865374
ID_R3EVVT,0.01767996534312119,0.01767996534312119
ID_QEM6RQ,0.014394489550250108,0.014394489550250108
ID_NTVN8F,0.0006902168917390921,0.0006902168917390921
ID_AQTW5A,0.0006060840340576036,0.0006060840340576036
ID_2BK28V,0.0011001329056631033,0.0011001329056631033
ID_PXLHVB,0.000498033324746462,0.000498033324746462
ID_BTGNHS,0.0005446445812134304,0.0005446445812134304
ID_1T7417,0.0005792302596510938,0.0005792302596510938
ID_5IHZMO,0.0006896663936614909,0.0006896663936614909
ID_B1UDBV,0.0006577341682395887,0.0006577341682395887
ID_8HARO9,0.000498033324746462,0.000498033324746462
ID_SZOUS9,0.0005565398133919453,0.0005565398133919453
ID_BB770Y,0.0006896663936614909,0.0006896663936614909
ID_JUTR7C,0.0005446445812134304,0.0005446445812134304
ID_O1K46G,0.003715235915268592,0.003715235915268592
ID_IP98ON,0.0006122595675939944,0.0006122595675939944
ID_EXAG19,0.0006060840340576036,0.0006060840340576036
ID_9BDORD,0.0025353271385863876,0.0025353271385863876
ID_1T2JQX,0.0023531921799507527,0.0023531921799507527
ID_9EYMB0,0.0008977073343272399,0.0008977073343272399
ID_1HXO1D,0.0005792302596510938,0.0005792302596510938
ID_4TOC5J,0.0006522371413890109,0.0006522371413890109
ID_8IY1R3,0.0005446445812134304,0.0005446445812134304
ID_LYOJCT,0.0005565398133919453,0.0005565398133919453
ID_GN7SOH,0.0005565398133919453,0.0005565398133919453
ID_CBFIEN,0.0013256758559378062,0.0013256758559378062
ID_CLLIH7,0.0013256758559378062,0.0013256758559378062
ID_ZBZ0JX,0.0013256758559378062,0.0013256758559378062
ID_XCTTUN,0.0005565398133919453,0.0005565398133919453
ID_XPCFD0,0.0008712627401733284,0.0008712627401733284
ID_XLZ4P7,0.0008262185480971777,0.0008262185480971777
ID_JY1YPW,0.0006060840340576036,0.0006060840340576036
ID_ZTGLQD,0.0006060840340576036,0.0006060840340576036
ID_1QRN17,0.0006896663936614909,0.0006896663936614909
ID_2EA5JN,0.0005446445812134304,0.0005446445812134304
ID_MSKW1O,0.0013256758559378062,0.0013256758559378062
ID_2X1SZI,0.0005446445812134304,0.0005446445812134304
ID_5HSQYT,0.0006896663936614909,0.0006896663936614909
ID_3VOPJI,0.0010647250917334495,0.0010647250917334495
ID_71ZROQ,0.0006335371853386152,0.0006335371853386152
ID_IPWW84,0.0005446445812134304,0.0005446445812134304
ID_1WDZJ3,0.0006122595675939944,0.0006122595675939944
ID_X6FV99,0.003940518867834862,0.003940518867834862
ID_VM4SKC,0.00683469074865603,0.00683469074865603
ID_D785R6,0.00683469074865603,0.00683469074865603
ID_UWASJQ,0.0032660209786555855,0.0032660209786555855
ID_KOHT88,0.004645845850280543,0.004645845850280543
ID_OVJNUH,0.008625461382452551,0.008625461382452551
ID_G6R4XS,0.007956097205482139,0.007956097205482139
ID_KXVGAS,0.005587890983546592,0.005587890983546592
ID_RB8D8D,0.007956097205482139,0.007956097205482139
ID_X6E89R,0.006589661848711032,0.006589661848711032
ID_TA9PM5,0.010271376814257778,0.010271376814257778
ID_SU7MFU,0.007956097205482139,0.007956097205482139
ID_DMS7D1,0.008826536807860497,0.008826536807860497
ID_RUC06M,0.0038640488603784483,0.0038640488603784483
ID_11E7A7,0.00683469074865603,0.00683469074865603
ID_GJSBDX,0.006314713101648822,0.006314713101648822
ID_OK44US,0.0049129127401850185,0.0049129127401850185
ID_C8ZEBX,0.0025410239344957554,0.0025410239344957554
ID_J34RHZ,0.007956097205482139,0.007956097205482139
ID_A2Q37K,0.010688016736657993,0.010688016736657993
ID_FE7367,0.003451463560907987,0.003451463560907987
ID_IKDMI9,0.003940518867834862,0.003940518867834862
ID_UG0NCP,0.003451463560907987,0.003451463560907987
ID_Z695T3,0.003704164915601666,0.003704164915601666
ID_P3LV6I,0.00282381939032213,0.00282381939032213
ID_NWA63L,0.003451463560907987,0.003451463560907987
ID_V32HHY,0.008826536807860497,0.008826536807860497
ID_J4IIGE,0.010688016736657993,0.010688016736657993
ID_PMM0MA,0.00683469074865603,0.00683469074865603
ID_AQG7O8,0.008539151583089268,0.008539151583089268
ID_ZNN0U3,0.010688016736657993,0.010688016736657993
ID_25V33D,0.01222925470392425,0.01222925470392425
ID_BIKMDL,0.005387567136753749,0.005387567136753749
ID_XU2Y8E,0.004115874425314189,0.004115874425314189
ID_STGN0X,0.004712751177333149,0.004712751177333149
ID_JEKWX9,0.004006818847112221,0.004006818847112221
ID_1DT5V6,0.004115874425314189,0.004115874425314189
ID_EA0FL1,0.005928455590321555,0.005928455590321555
ID_7XDH6X,0.0030410481746953083,0.0030410481746953083
ID_X7UEWP,0.005928455590321555,0.005928455590321555
ID_OYG8BU,0.005928455590321555,0.005928455590321555
ID_ADNSWV,0.005928455590321555,0.005928455590321555
ID_V8G394,0.005928455590321555,0.005928455590321555
ID_HYSZML,0.005928455590321555,0.005928455590321555
ID_ELFXTH,0.005928455590321555,0.005928455590321555
ID_4L5H4Z,0.09874224190556274,0.09874224190556274
ID_65FJEN,0.020140862495832097,0.020140862495832097
ID_J055PC,0.08975204541472454,0.08975204541472454
ID_0EW874,0.10163787500114442,0.10163787500114442
ID_GWFNDL,0.09896068789653266,0.09896068789653266
ID_FKP6WX,0.07216179553612143,0.07216179553612143
ID_Q3569K,0.09850381366221744,0.09850381366221744
ID_VKIX04,0.06904757439696274,0.06904757439696274
ID_4BV3VQ,0.04142243928182381,0.04142243928182381
ID_D243HP,0.06904757439696274,0.06904757439696274
ID_ENNMFX,0.01923663764899114,0.01923663764899114
ID_56YK11,0.1202485700772386,0.1202485700772386
ID_ZDRSG4,0.05800485591359068,0.05800485591359068
ID_L5M3EC,0.03326110107582306,0.03326110107582306
ID_JF1SSX,0.09547034993983967,0.09547034993983967
ID_MSLQC3,0.020140862495832097,0.020140862495832097
ID_AH9Q0K,0.10319566409134658,0.10319566409134658
ID_FNREC1,0.09500878686302157,0.09500878686302157
ID_NAP7H7,0.012808050642330333,0.012808050642330333
ID_N4FDS5,0.0003328558562358232,0.0003328558562358232
ID_9JNJ9F,0.00021918721401659232,0.00021918721401659232
ID_ZA03TJ,0.5212674182723739,0.5212674182723739
ID_J6VA25,0.0008902400064698414,0.0008902400064698414
ID_L1ALDL,0.6183637772212481,0.6183637772212481
ID_VUKG4F,0.0010997447221826131,0.0010997447221826131
ID_5O53M7,0.6387687657580062,0.6387687657580062
ID_I7DW67,0.5157832151976505,0.5157832151976505
ID_XWNBF6,0.00042003829415334076,0.00042003829415334076
ID_BC5JMO,0.0017734431571787145,0.0017734431571787145
ID_FW0L11,0.0007086450305195544,0.0007086450305195544
ID_EAJN9C,0.0006570255827277452,0.0006570255827277452
ID_VWWM1B,0.03177099616403793,0.03177099616403793
ID_ACHKGT,0.12952571865216753,0.12952571865216753
ID_IF01BZ,0.008106457802756838,0.008106457802756838
ID_352OA7,0.0010997447221826131,0.0010997447221826131
ID_OAR02I,0.0013100990827921326,0.0013100990827921326
ID_QT0C2S,0.0011484095260549459,0.0011484095260549459
ID_RJI8NC,0.008106457802756838,0.008106457802756838
ID_TYJBEE,0.01761439780473639,0.01761439780473639
ID_X4ZZMV,0.06427150372313886,0.06427150372313886
ID_TOVXGP,0.0009447643487658626,0.0009447643487658626
ID_3U6HHR,0.0008435660157852486,0.0008435660157852486
ID_27AIBY,0.6501518348586126,0.6501518348586126
ID_A7AZEH,0.0004853759171861479,0.0004853759171861479
ID_BPO1ZS,0.0010997447221826131,0.0010997447221826131
ID_WPRF92,0.0011644910488836306,0.0011644910488836306
ID_JV6D5V,0.00042003829415334076,0.00042003829415334076
ID_H5U4U0,0.008106457802756838,0.008106457802756838
ID_TMYMBX,0.00040914456578353977,0.00040914456578353977
ID_X2SPAZ,0.00040914456578353977,0.00040914456578353977
ID_UHGZ8K,0.0010997447221826131,0.0010997447221826131
ID_WGGUI2,0.00021918721401659232,0.00021918721401659232
ID_3BPFHK,0.06427150372313886,0.06427150372313886
ID_LZH474,0.0006097106278045379,0.0006097106278045379
ID_NQHCHL,0.5856897031123266,0.5856897031123266
ID_UUZS7P,0.01761439780473639,0.01761439780473639
ID_E9X5DZ,0.00027533721612403686,0.00027533721612403686
ID_TWO5KW,0.0010997447221826131,0.0010997447221826131
ID_OVMB93,0.0006570255827277452,0.0006570255827277452
ID_KMRABQ,0.0008435660157852486,0.0008435660157852486
ID_BH79J9,0.0007953086823076439,0.0007953086823076439
ID_E8TVW6,0.0008850608685030012,0.0008850608685030012
ID_20E17F,0.0008432429271485234,0.0008432429271485234
ID_SIQFI1,0.5458936910141893,0.5458936910141893
ID_41NA8W,0.00040914456578353977,0.00040914456578353977
ID_WGVQO0,0.0010997447221826131,0.0010997447221826131
ID_LGQONB,0.00021918721401659232,0.00021918721401659232
ID_8LIA1C,0.0006161106410470234,0.0006161106410470234
ID_CXKAZG,0.008106457802756838,0.008106457802756838
ID_BI2AKY,0.0006570255827277452,0.0006570255827277452
ID_Z2J1B3,0.0010385285768685674,0.0010385285768685674
ID_V2UWES,0.00040914456578353977,0.00040914456578353977
ID_AMLGLN,0.00042003829415334076,0.00042003829415334076
ID_GSJHB8,0.00040914456578353977,0.00040914456578353977
ID_307KZ4,0.0010997447221826131,0.0010997447221826131
ID_GVIHSB,0.0010997447221826131,0.0010997447221826131
ID_YRLG4Z,0.5420270221861839,0.5420270221861839
ID_IYKBYV,0.1115754623762393,0.1115754623762393
ID_YU27DG,0.4989428399825882,0.4989428399825882
ID_YYEH5O,0.5212674182723739,0.5212674182723739
ID_HQCYED,0.5212674182723739,0.5212674182723739
ID_5UY94I,0.6496893841248602,0.6496893841248602
ID_DBNNI7,0.00021918721401659232,0.00021918721401659232
ID_3D6XKC,0.00021918721401659232,0.00021918721401659232
ID_513OKE,0.00040914456578353977,0.00040914456578353977
ID_MISHT0,0.1398244942515397,0.1398244942515397
ID_MUUQ2D,0.0010385285768685674,0.0010385285768685674
ID_AIEZLX,0.5212674182723739,0.5212674182723739
ID_MZIUA6,0.000889057462601465,0.000889057462601465
ID_ANHYB9,0.01761439780473639,0.01761439780473639
ID_7TC22K,0.0003405906184908364,0.0003405906184908364
ID_WECC7T,0.002343899834531278,0.002343899834531278
ID_3E044A,0.0006873729424780586,0.0006873729424780586
ID_AOJ7HM,0.001726410202157262,0.001726410202157262
ID_ITWWC2,0.0003962855759128402,0.0003962855759128402
ID_P76XAE,0.0012422493797892545,0.0012422493797892545
ID_8ALEJI,0.010926103794797654,0.010926103794797654
ID_X1U8KM,0.0001493487526229909,0.0001493487526229909
ID_INJW15,0.00019473287385223442,0.00019473287385223442
ID_DYA9YK,0.0006366505219928634,0.0006366505219928634
ID_6DVPR4,0.0002921031032415827,0.0002921031032415827
ID_MDBOL8,0.00016716299640957157,0.00016716299640957157
ID_MLPWMW,0.0003683580044904622,0.0003683580044904622
ID_MD9VVM,0.0008948718418091695,0.0008948718418091695
ID_3BAARO,0.0002773145524824951,0.0002773145524824951
ID_YFUXFB,0.00012131642919727275,0.00012131642919727275
ID_X6CKBA,0.0002425633076688725,0.0002425633076688725
ID_I5WORJ,0.0014675393812313166,0.0014675393812313166
ID_TDDKA4,0.0007551621452716689,0.0007551621452716689
ID_EE9QVY,0.0034552223733762817,0.0034552223733762817
ID_PW51BS,0.0005702975411742896,0.0005702975411742896
ID_EWE6FR,0.0012964608090892454,0.0012964608090892454
ID_QNIOX3,0.0007171303676431015,0.0007171303676431015
ID_K0L9RN,0.0006134807654929282,0.0006134807654929282
ID_P5OY4C,0.014657249986120481,0.014657249986120481
ID_QN361E,0.0004626118511244054,0.0004626118511244054
ID_DEH5S2,0.0014102586267597667,0.0014102586267597667
ID_SPM44L,0.0024540262160364884,0.0024540262160364884
ID_U7XEK7,0.00023585541255585556,0.00023585541255585556
ID_XZPS7Z,0.0012258834580896531,0.0012258834580896531
ID_ROYJU2,0.0002132543889546494,0.0002132543889546494
ID_5UY3S5,0.0003962855759128402,0.0003962855759128402
ID_ABL5U6,0.00034595422723076143,0.00034595422723076143
ID_75GT5C,0.0002277306246615192,0.0002277306246615192
ID_SJ6E5C,0.0003058040409641275,0.0003058040409641275
ID_EOCGGW,0.008608322048785696,0.008608322048785696
ID_1X408O,0.0004864263773231927,0.0004864263773231927
ID_85M9K8,0.0004067913825268811,0.0004067913825268811
ID_U1UDRT,0.00027303340589054443,0.00027303340589054443
ID_3CP868,7.752053001410859e-05,7.752053001410859e-05
ID_T9Y63Y,9.953086018125864e-05,9.953086018125864e-05
ID_UFQUML,0.0002224953843106397,0.0002224953843106397
ID_NIBT23,0.009771831736834997,0.009771831736834997
ID_TGLY44,0.010650951873246935,0.010650951873246935
ID_4SFQ8P,0.00042934192627705443,0.00042934192627705443
ID_0N9HPQ,0.0004453746085962114,0.0004453746085962114
ID_99E1R1,0.0003530385838647441,0.0003530385838647441
ID_C72Q1W,0.00041109331389304005,0.00041109331389304005
ID_UI7AWA,0.00107897517682472,0.00107897517682472
ID_2AELK0,0.00040990703712221214,0.00040990703712221214
ID_ER5H2G,0.0004008702576419458,0.0004008702576419458
ID_R4G747,0.003400846602441528,0.003400846602441528
ID_G7GMXZ,0.0002718764205704089,0.0002718764205704089
ID_F2QJQL,0.0003038130019095067,0.0003038130019095067
ID_L0L85S,0.0004144289615335528,0.0004144289615335528
ID_9T98SO,0.0006769007570186138,0.0006769007570186138
ID_QH4YLI,0.00019777117802109265,0.00019777117802109265
ID_BPRVML,0.0001344792688086071,0.0001344792688086071
ID_6CG8VP,0.0002577893026008109,0.0002577893026008109
ID_C5D1GT,0.00040412949304711863,0.00040412949304711863
ID_YLK0WQ,0.0003683580044904622,0.0003683580044904622
ID_OGE0SN,7.001438878793714e-05,7.001438878793714e-05
ID_LNBIPO,0.000350298331595512,0.000350298331595512
ID_Y4XYBA,0.00023737458004001235,0.00023737458004001235
ID_B9HQBN,0.0014278734755713979,0.0014278734755713979
ID_UTLIIA,0.0019320869970764975,0.0019320869970764975
ID_9RMHEL,0.00012094719563032056,0.00012094719563032056
ID_55N807,0.0002697744126568582,0.0002697744126568582
ID_S6BK0F,0.00016194044111396633,0.00016194044111396633
ID_RC60JC,0.00018136380178514203,0.00018136380178514203
ID_IWMYMJ,0.0012378229231045416,0.0012378229231045416
ID_BNX7SF,0.0022976588679866233,0.0022976588679866233
ID_GB2USC,0.0007332669573779063,0.0007332669573779063
ID_85E6LK,0.0007351695669985274,0.0007351695669985274
ID_N4BPLD,0.00019777117802109265,0.00019777117802109265
ID_GZ4MXV,0.00039061319470808917,0.00039061319470808917
ID_63SFM4,0.0005650998504181233,0.0005650998504181233
ID_YBCHN4,0.0003360239963592109,0.0003360239963592109
ID_T0CW21,0.00042805646748006264,0.00042805646748006264
ID_EEA7EO,0.0007366078019964783,0.0007366078019964783
ID_49IRAX,0.010279521140630823,0.010279521140630823
ID_N90DWX,9.953086018125864e-05,9.953086018125864e-05
ID_VE17EN,0.0012874898443082023,0.0012874898443082023
ID_LUR5VG,0.009124788958138048,0.009124788958138048
ID_EDUPDW,0.00014532900139250718,0.00014532900139250718
ID_IIPHYO,0.0002374494422227268,0.0002374494422227268
ID_XYU1T2,0.003400846602441528,0.003400846602441528
ID_YACX3K,0.00016346886360933438,0.00016346886360933438
ID_U004UL,0.00011373861949301095,0.00011373861949301095
ID_XXU6IK,0.000373286839137409,0.000373286839137409
ID_KA5MGI,0.0016937728210959957,0.0016937728210959957
ID_IX1VNT,0.015748970280966158,0.015748970280966158
ID_O55L76,0.003400846602441528,0.003400846602441528
ID_K9MJH1,0.0008929293448293924,0.0008929293448293924
ID_OH3I7S,0.00032086363507041716,0.00032086363507041716
ID_XJKE63,0.00023965765566769204,0.00023965765566769204
ID_A4LTP3,0.0004959539448149028,0.0004959539448149028
ID_LVSOMI,0.00014532900139250718,0.00014532900139250718
ID_EZJR6X,0.0006771070894745207,0.0006771070894745207
ID_NM6OXC,0.00012094719563032056,0.00012094719563032056
ID_G44S2G,0.0002511318972780058,0.0002511318972780058
ID_AG0A6S,0.0011036293730909586,0.0011036293730909586
ID_VMQVWY,0.00030220617550363724,0.00030220617550363724
ID_00893S,0.00019139341956346266,0.00019139341956346266
ID_SLD7P4,0.00023015012156442043,0.00023015012156442043
ID_0U1FIH,0.0004347099593503128,0.0004347099593503128
ID_4I4AGU,0.001642930087644263,0.001642930087644263
ID_MDUH2H,0.00044462036742666614,0.00044462036742666614
ID_0I4S28,0.0002510147970308994,0.0002510147970308994
ID_C9Z8BM,0.00012131642919727275,0.00012131642919727275
ID_9CS181,0.00011114948257026514,0.00011114948257026514
ID_NPWZU6,0.0001926582385072706,0.0001926582385072706
ID_BMM6XG,0.010279521140630823,0.010279521140630823
ID_QFE2RJ,0.00019139341956346266,0.00019139341956346266
ID_ZWRUMN,0.0004008702576419458,0.0004008702576419458
ID_N038XC,0.0003024342019572632,0.0003024342019572632
ID_3L5LS3,0.0003683580044904622,0.0003683580044904622
ID_Z173PH,0.0002236009943696547,0.0002236009943696547
ID_YF7UVA,0.00037253471350263506,0.00037253471350263506
ID_84GSJO,0.0003181156969370901,0.0003181156969370901
ID_89LK5U,0.00039544310650328356,0.00039544310650328356
ID_QN303I,0.0024499688037884926,0.0024499688037884926
ID_HWSMLL,7.706600500596828e-05,7.706600500596828e-05
ID_5A6ZTS,0.002969064309877035,0.002969064309877035
ID_9DN1JJ,0.0006516176327268667,0.0006516176327268667
ID_MEHAVR,0.00045672207853871645,0.00045672207853871645
ID_YYZUDP,0.0026748146769449573,0.0026748146769449573
ID_EGXW68,0.0015513490807052006,0.0015513490807052006
ID_14AZQV,0.0010208533882998165,0.0010208533882998165
ID_3HUETZ,0.000350298331595512,0.000350298331595512
ID_MB89IP,0.0004144289615335528,0.0004144289615335528
ID_9V3JSL,0.0003848118864364827,0.0003848118864364827
ID_U5RHRN,0.002718797559876651,0.002718797559876651
ID_4POIK6,0.0004049378243722715,0.0004049378243722715
ID_34CCQR,0.00031240714180710735,0.00031240714180710735
ID_8D2UXI,0.0004049378243722715,0.0004049378243722715
ID_HGV8W6,0.0006481290590363259,0.0006481290590363259
ID_TM22AO,0.00028320599084012763,0.00028320599084012763
ID_B33LO0,0.0003492319981899107,0.0003492319981899107
ID_NBXN98,0.00019014431920958582,0.00019014431920958582
ID_04A56B,0.0009800771990079937,0.0009800771990079937
ID_34N7CE,0.0022971727673448067,0.0022971727673448067
ID_970K1N,0.0004813961516768964,0.0004813961516768964
ID_XROC09,0.0003962855759128402,0.0003962855759128402
ID_RXQO8E,0.00014588696960064345,0.00014588696960064345
ID_9NQ4B6,0.0002626751509112464,0.0002626751509112464
ID_VU6X9A,0.0006157673476599111,0.0006157673476599111
ID_ALZ6BK,0.00021762109330666273,0.00021762109330666273
ID_PC7E7E,0.0011645874797573676,0.0011645874797573676
ID_I0BZX6,0.00023965765566769204,0.00023965765566769204
ID_6O0K2M,9.953086018125864e-05,9.953086018125864e-05
ID_KMW5EI,0.00023832955362025382,0.00023832955362025382
ID_WRY1CP,0.007802847042292697,0.007802847042292697
ID_W555RS,0.00044462036742666614,0.00044462036742666614
ID_YIM0GX,0.0001493487526229909,0.0001493487526229909
ID_22B3GC,0.00018849293495695868,0.00018849293495695868
ID_OQ6420,0.010881868835477709,0.010881868835477709
ID_EIJSRA,0.000441027971094189,0.000441027971094189
ID_Z5199X,0.004215661044722502,0.004215661044722502
ID_4RU15B,0.0003321823820985504,0.0003321823820985504
ID_UKXKPY,0.0011505907440307215,0.0011505907440307215
ID_2IMX6W,0.00033999427867756083,0.00033999427867756083
ID_9JAOHA,0.00031089299650179905,0.00031089299650179905
ID_EVUXO1,0.0023512059461698017,0.0023512059461698017
ID_9U47O4,0.0010683578761069056,0.0010683578761069056
ID_152UY7,0.0003290645802735764,0.0003290645802735764
ID_BS70GA,0.0006219000452151328,0.0006219000452151328
ID_VE9E3I,9.953086018125864e-05,9.953086018125864e-05
ID_T2WVBK,0.004207665235823628,0.004207665235823628
ID_7GF62F,8.536601068086432e-05,8.536601068086432e-05
ID_Y3TLDA,0.0013974560540418787,0.0013974560540418787
ID_W9XHZ2,0.00159584121293447,0.00159584121293447
ID_WM0LSK,0.004043968412370919,0.004043968412370919
ID_ZNFFDC,0.0008767332602730155,0.0008767332602730155
ID_DEI9SN,7.752053001410859e-05,7.752053001410859e-05
ID_9VQ06Y,0.011338943117867331,0.011338943117867331
ID_6AYBN2,0.0002761947344092038,0.0002761947344092038
ID_SN8PKK,0.00030141499829130066,0.00030141499829130066
ID_IDJRR2,0.0016772374205729177,0.0016772374205729177
ID_3MUZN6,0.0011645874797573676,0.0011645874797573676
ID_DL0WVZ,0.015226733898411558,0.015226733898411558
ID_XXXBX8,0.004324017354590525,0.004324017354590525
ID_OLEUCI,0.00042010713744118687,0.00042010713744118687
ID_1UWDL1,0.0006539404515266472,0.0006539404515266472
ID_YDX8IK,0.0006833553778203407,0.0006833553778203407
ID_KOCUZH,9.953086018125864e-05,9.953086018125864e-05
ID_6GPIIM,0.00024785872569224826,0.00024785872569224826
ID_BMBE4U,0.0003290645802735764,0.0003290645802735764
ID_CDSQZK,0.0003909076209035858,0.0003909076209035858
ID_XET1P5,0.0003962855759128402,0.0003962855759128402
ID_Q1BM4A,0.0002978532994122649,0.0002978532994122649
ID_WPT41W,0.00021857611109096087,0.00021857611109096087
ID_ETXKKL,0.0002641388840399461,0.0002641388840399461
ID_KWN3LW,0.00044462036742666614,0.00044462036742666614
ID_H5LBYY,0.0023203823043660694,0.0023203823043660694
ID_19BEFN,0.00023585541255585556,0.00023585541255585556
ID_FFJR5D,0.01033105315080225,0.01033105315080225
ID_QH1EXK,0.004726469115336098,0.004726469115336098
ID_4IJ44Q,0.0024514632204497757,0.0024514632204497757
ID_MFGCBS,0.00022743137441433894,0.00022743137441433894
ID_ZLH6YZ,8.218667535150099e-05,8.218667535150099e-05
ID_X91UOX,0.00042934192627705443,0.00042934192627705443
ID_TB4QUV,0.00012131642919727275,0.00012131642919727275
ID_3B2BGV,0.0004049378243722715,0.0004049378243722715
ID_39Z87X,0.0024457786584652615,0.0024457786584652615
ID_UYDE8D,0.0007813476528558185,0.0007813476528558185
ID_Y7D9MZ,0.00028213081129677353,0.00028213081129677353
ID_4SML2V,0.0006723568275013831,0.0006723568275013831
ID_7I8BU9,0.00030926920422043986,0.00030926920422043986
ID_EC6XNQ,0.0010985410338613963,0.0010985410338613963
ID_RR3CDL,0.0014860002387968286,0.0014860002387968286
ID_IGYW5G,0.00030858504560456375,0.00030858504560456375
ID_BSVW6P,0.001228483387631041,0.001228483387631041
ID_JI3FZX,0.0005473443202784073,0.0005473443202784073
ID_3CH8CL,0.0010517551836784378,0.0010517551836784378
ID_WUYKXR,0.0008596942194474924,0.0008596942194474924
ID_7WZVHY,0.006705652932734426,0.006705652932734426
ID_6H5F9H,0.0002473659792809246,0.0002473659792809246
ID_21QNKL,0.01377955475407867,0.01377955475407867
ID_M4DZO8,0.0009186639622718811,0.0009186639622718811
ID_IA6PQX,0.00030858504560456375,0.00030858504560456375
ID_GRK0QD,0.00026790665099745814,0.00026790665099745814
ID_VJH0U8,0.0010007202816014985,0.0010007202816014985
ID_JDWZ6W,0.0004956504356506076,0.0004956504356506076
ID_Z3ULTI,0.0007092867470145725,0.0007092867470145725
ID_FZBCVY,0.0002633753129490174,0.0002633753129490174
ID_DDEZZ4,0.000322242473840486,0.000322242473840486
ID_J1KBN7,0.0004956504356506076,0.0004956504356506076
ID_R4VI36,0.000663687399759096,0.000663687399759096
ID_ROBCVV,0.0003980113121880701,0.0003980113121880701
ID_4OFTW1,0.0010579332145842424,0.0010579332145842424
ID_UED8B7,0.000663687399759096,0.000663687399759096
ID_8UL5RI,0.0014860002387968286,0.0014860002387968286
ID_GG25SM,0.0006723568275013831,0.0006723568275013831
ID_KFOW4P,0.0004852677473652827,0.0004852677473652827
ID_4DZTOE,0.0006723568275013831,0.0006723568275013831
ID_URIDBD,0.0023556942334273002,0.0023556942334273002
ID_MU255K,0.0006925015530817323,0.0006925015530817323
ID_JHWMUP,0.0155276974685643,0.0155276974685643
ID_2SLFP0,0.0004206551370759667,0.0004206551370759667
ID_BG3G76,0.0005558923604766566,0.0005558923604766566
ID_S4TMZF,0.0033524780897359776,0.0033524780897359776
ID_QRZK05,0.0003339827307490671,0.0003339827307490671
ID_EDY9VV,0.000536283474960337,0.000536283474960337
ID_TK4FYQ,0.00020161471862959916,0.00020161471862959916
ID_BTKIK1,0.0006254793535170767,0.0006254793535170767
ID_36M18R,5.957050903836644e-05,5.957050903836644e-05
ID_GEWMZ2,0.0005330032427802479,0.0005330032427802479
ID_WZIGXM,0.0005676598744814851,0.0005676598744814851
ID_4ZN2VI,0.0002462403140986235,0.0002462403140986235
ID_I0TZH8,0.00040622485270038497,0.00040622485270038497
ID_SAL4IQ,0.0012380157539982142,0.0012380157539982142
ID_OL15N5,0.00747251615423728,0.00747251615423728
ID_VBHXGV,0.00021848838721118691,0.00021848838721118691
ID_8O2G7K,0.00019675627128459342,0.00019675627128459342
ID_R9168S,0.000556826369415084,0.000556826369415084
ID_D2BHF7,0.00022003513624601958,0.00022003513624601958
ID_W4YLRK,0.0005330032427802479,0.0005330032427802479
ID_H8R1M6,0.0008599894322835526,0.0008599894322835526
ID_P66879,0.000536283474960337,0.000536283474960337
ID_H6PN64,5.957050903836644e-05,5.957050903836644e-05
ID_CE1FVC,0.0012551550602559688,0.0012551550602559688
ID_N8L8HZ,0.0015086942084139143,0.0015086942084139143
ID_DZ9KDZ,0.001166956361547531,0.001166956361547531
ID_GWCAWH,0.001869415538511787,0.001869415538511787
ID_BRODNS,0.0007686584983788453,0.0007686584983788453
ID_2VZDEB,0.000812753311650217,0.000812753311650217
ID_51YUZ8,0.01243537148906166,0.01243537148906166
ID_YAINJL,0.00040622485270038497,0.00040622485270038497
ID_DNQWGC,0.0007686584983788453,0.0007686584983788453
ID_HPQ2YK,0.004319422157746808,0.004319422157746808
ID_OV2TNO,0.0005558923604766566,0.0005558923604766566
ID_NRG7OT,0.0006999201093344008,0.0006999201093344008
ID_1JQ73Y,0.0006999201093344008,0.0006999201093344008
ID_MQGR7P,0.00021848838721118691,0.00021848838721118691
ID_9M41ZB,0.002068027525277279,0.002068027525277279
ID_KPUZSL,0.00063452385809796,0.00063452385809796
ID_F5UXS1,0.0006356977524797693,0.0006356977524797693
ID_VK0JGD,0.0015549288896977466,0.0015549288896977466
ID_RVRZMX,0.0007624369051853768,0.0007624369051853768
ID_WQYMPM,0.0020820335452348088,0.0020820335452348088
ID_5KRD2P,0.00013155723214132166,0.00013155723214132166
ID_IC3T9Y,0.0003447439805676408,0.0003447439805676408
ID_8P36CE,7.898041971159036e-05,7.898041971159036e-05
ID_4SSZJI,0.00038121249661272373,0.00038121249661272373
ID_4IBH3D,0.00029514189771695845,0.00029514189771695845
ID_U2F392,0.0014039230385410526,0.0014039230385410526
ID_3ZWFOJ,0.00019744045078636015,0.00019744045078636015
ID_74WU7X,0.00010651719281051484,0.00010651719281051484
ID_8KE31A,0.0005849926437540398,0.0005849926437540398
ID_DP9A1C,0.0006230275932995838,0.0006230275932995838
ID_UV8N77,0.00020699991897461751,0.00020699991897461751
ID_82ZVWD,0.0003926941698487584,0.0003926941698487584
ID_YLZXGO,0.0011706652213345097,0.0011706652213345097
ID_8EYJ8O,0.0006356977524797693,0.0006356977524797693
ID_97CA4Y,0.0030274377292355543,0.0030274377292355543
ID_Z100EY,0.0004890019507681293,0.0004890019507681293
ID_PEM0MC,0.0001359908742978366,0.0001359908742978366
ID_IJCL0H,0.0003591870627437646,0.0003591870627437646
ID_7ED0FF,0.001514154945008089,0.001514154945008089
ID_SXNWJQ,0.0004192267820244816,0.0004192267820244816
ID_I891F5,0.0003591870627437646,0.0003591870627437646
ID_ZJ8ADL,0.00020551033204738728,0.00020551033204738728
ID_3W1C1M,5.957050903836644e-05,5.957050903836644e-05
ID_566Q18,0.0008363974100506014,0.0008363974100506014
ID_FPANRJ,0.002989380902091581,0.002989380902091581
ID_04Q0YM,0.0007263207815916607,0.0007263207815916607
ID_5KRNZJ,0.0026651224794904836,0.0026651224794904836
ID_HIWMGH,0.0005179384384262411,0.0005179384384262411
ID_KIINWT,0.0005558923604766566,0.0005558923604766566
ID_APINN8,0.0008363974100506014,0.0008363974100506014
ID_JXGHCQ,0.0006346315303351556,0.0006346315303351556
ID_GXIV13,0.000556826369415084,0.000556826369415084
ID_VBCV33,0.00199980639906997,0.00199980639906997
ID_6G615X,6.45131858877491e-05,6.45131858877491e-05
ID_GNQBPW,0.0008363974100506014,0.0008363974100506014
ID_Z1JH8O,0.0001594429922006974,0.0001594429922006974
ID_MFYS5T,0.0007686584983788453,0.0007686584983788453
ID_TTS39J,0.0005676598744814851,0.0005676598744814851
ID_JENU4O,0.00010651719281051484,0.00010651719281051484
ID_90XFU4,0.0003855509784645163,0.0003855509784645163
ID_PHUQGW,0.0003567440153774695,0.0003567440153774695
ID_9J6CK5,0.0006183181029069481,0.0006183181029069481
ID_9J9ZHB,0.0005558923604766566,0.0005558923604766566
ID_WFSRDW,0.0003926941698487584,0.0003926941698487584
ID_9RA6UC,0.0005191466066751776,0.0005191466066751776
ID_8K9BSB,0.000690061904195081,0.000690061904195081
ID_X9K3UC,0.000812753311650217,0.000812753311650217
ID_F96FDB,0.0006248795582779406,0.0006248795582779406
ID_YN5JF8,0.00021939106091926658,0.00021939106091926658
ID_IY6NOF,0.002666806437563431,0.002666806437563431
ID_FI6W81,0.005839222322503183,0.005839222322503183
ID_04CC0L,0.000374320507283784,0.000374320507283784
ID_1KWZ54,0.00020014849421112112,0.00020014849421112112
ID_P0EUPF,0.0006254793535170767,0.0006254793535170767
ID_XWLG1U,0.0006356977524797693,0.0006356977524797693
ID_4LEWIR,0.0008704065227398042,0.0008704065227398042
ID_J85QL1,0.001974042645014687,0.001974042645014687
ID_12ZAW0,0.000893070473999105,0.000893070473999105
ID_TXY2FU,0.004082778255575602,0.004082778255575602
ID_HS5K78,0.000520823861725533,0.000520823861725533
ID_0EPYYW,0.0006961714146321408,0.0006961714146321408
ID_MTJFU7,0.000281584160203241,0.000281584160203241
ID_0WRPJW,0.0005676598744814851,0.0005676598744814851
ID_KOAZT1,0.00021848838721118691,0.00021848838721118691
ID_7ZEBRI,0.0002722543668384688,0.0002722543668384688
ID_41Z3A9,0.0007148250020355298,0.0007148250020355298
ID_J8JXVY,0.0003926941698487584,0.0003926941698487584
ID_QKDUFH,0.0028569470419720286,0.0028569470419720286
ID_AR98VZ,0.00019727371580059412,0.00019727371580059412
ID_VK9ROW,0.0005849926437540398,0.0005849926437540398
ID_13419M,0.0005676598744814851,0.0005676598744814851
ID_RWPCZ6,0.0006254793535170767,0.0006254793535170767
ID_YP006O,0.0008363974100506014,0.0008363974100506014
ID_X3Q9JX,0.0003272657870329218,0.0003272657870329218
ID_4DS9FD,0.00020161471862959916,0.00020161471862959916
ID_Y9ZFHB,0.0008787798337430346,0.0008787798337430346
ID_BDJQVU,0.0006775240235270207,0.0006775240235270207
ID_YOJDUN,0.00019873967481208335,0.00019873967481208335
ID_0S1SU1,0.0008363974100506014,0.0008363974100506014
ID_WVY88C,0.00019668954245808626,0.00019668954245808626
ID_4CWI21,0.0005475764396083478,0.0005475764396083478
ID_04SS9G,0.0005330032427802479,0.0005330032427802479
ID_A9QQPQ,8.628779295272919e-05,8.628779295272919e-05
ID_DZ75HC,0.00031682817028878287,0.00031682817028878287
ID_4M4JIH,0.0003447439805676408,0.0003447439805676408
ID_U0HW2H,0.0003905183222281032,0.0003905183222281032
ID_P3DEYM,0.0004890019507681293,0.0004890019507681293
ID_L3102W,0.000556826369415084,0.000556826369415084
ID_HPOX0U,0.000556826369415084,0.000556826369415084
ID_0KT3LA,0.0004435117499897613,0.0004435117499897613
ID_69NSKI,0.00016672649989717022,0.00016672649989717022
ID_0SDUWB,0.0031552346342520205,0.0031552346342520205
ID_0YHV2D,0.0029539154904763038,0.0029539154904763038
ID_75H233,0.000520823861725533,0.000520823861725533
ID_FKHQWT,0.0003847227052240312,0.0003847227052240312
ID_U2WUA3,0.0008363974100506014,0.0008363974100506014
ID_J2UQDN,0.0013446568723793984,0.0013446568723793984
ID_POVU4C,0.0005330032427802479,0.0005330032427802479
ID_UZPUB2,0.0020978876569816124,0.0020978876569816124
ID_J2U4P6,0.0006254793535170767,0.0006254793535170767
ID_SJLSGJ,0.0003945143516294961,0.0003945143516294961
ID_DGJX4J,0.0007381854008619069,0.0007381854008619069
ID_YO2KWH,0.0005330032427802479,0.0005330032427802479
ID_T02E3F,0.0008363974100506014,0.0008363974100506014
ID_MYCWCX,0.002346831922252088,0.002346831922252088
ID_NH9AFH,0.000520823861725533,0.000520823861725533
ID_77YG7T,0.0007214900899279329,0.0007214900899279329
ID_9Y444Y,0.00021848838721118691,0.00021848838721118691
ID_5L1LZ3,0.0009979457954105329,0.0009979457954105329
ID_7DDTU6,0.00030121587616122356,0.00030121587616122356
ID_PJ1GFX,0.0005566121942195757,0.0005566121942195757
ID_TD09UQ,0.0005179384384262411,0.0005179384384262411
ID_PPJ0Q7,0.00063452385809796,0.00063452385809796
ID_9T5MZ6,0.005810440976646979,0.005810440976646979
ID_MMW7H1,0.0005616510695151024,0.0005616510695151024
ID_1W5HMF,0.0006230275932995838,0.0006230275932995838
ID_EKUPY5,0.00033822083043501543,0.00033822083043501543
ID_MR0B44,0.0005330032427802479,0.0005330032427802479
ID_ZV8PXJ,0.0006254793535170767,0.0006254793535170767
ID_97JMW3,0.000520823861725533,0.000520823861725533
ID_X0BMWM,0.00010651719281051484,0.00010651719281051484
ID_UXSMV0,0.0006991460594234365,0.0006991460594234365
ID_9C6FDZ,0.00018814095675286275,0.00018814095675286275
ID_KXDGFP,0.0001594429922006974,0.0001594429922006974
ID_EEFOWD,0.00029514189771695845,0.00029514189771695845
ID_BEDWST,0.0002478816252575205,0.0002478816252575205
ID_OENI65,0.0005849926437540398,0.0005849926437540398
ID_S86C7K,0.0008486749981983474,0.0008486749981983474
ID_QONYCM,0.001780850890483593,0.001780850890483593
ID_FWMKII,0.0013446568723793984,0.0013446568723793984
ID_HP61FB,0.000536283474960337,0.000536283474960337
ID_JR3K1A,0.0018424311829929416,0.0018424311829929416
ID_RWCBV3,7.416212230972726e-05,7.416212230972726e-05
ID_L6LRCQ,0.00042417607065960985,0.00042417607065960985
ID_QL2YV1,7.416212230972726e-05,7.416212230972726e-05
ID_CMW05K,0.00010637097229200719,0.00010637097229200719
ID_5COZTI,0.0002844022560207953,0.0002844022560207953
ID_J74M23,0.0003709995957360918,0.0003709995957360918
ID_VG59CF,0.002899258440443963,0.002899258440443963
ID_7C3ZMG,0.001085781017192474,0.001085781017192474
ID_JH0R8P,0.001085781017192474,0.001085781017192474
ID_LUPPTN,0.0003709995957360918,0.0003709995957360918
ID_167YYH,0.00037200593784161243,0.00037200593784161243
ID_5CM4SB,0.0001717404454682087,0.0001717404454682087
ID_2M59FO,0.0003709995957360918,0.0003709995957360918
ID_G6554I,0.0005048965601548443,0.0005048965601548443
ID_VFGUB6,0.0003709995957360918,0.0003709995957360918
ID_EWOVVA,0.000364679232339186,0.000364679232339186
ID_6O5T2L,0.0030831464815665043,0.0030831464815665043
ID_LUDHWT,0.002711317371185172,0.002711317371185172
ID_B478DU,0.0001717404454682087,0.0001717404454682087
ID_QS0A8J,0.0030831464815665043,0.0030831464815665043
ID_7S6FXQ,0.0004975304728135662,0.0004975304728135662
ID_DQ7RIZ,0.001953551035511613,0.001953551035511613
ID_O5J9TX,0.0010177040313314705,0.0010177040313314705
ID_77AITY,0.00048221330986926924,0.00048221330986926924
ID_H5F13S,0.012402108002291513,0.012402108002291513
ID_24PYQA,0.002030885380029877,0.002030885380029877
ID_SZCPIU,0.0004324658283575116,0.0004324658283575116
ID_S4H317,0.0014734933396086608,0.0014734933396086608
ID_TOELN0,0.0010731387590239944,0.0010731387590239944
ID_IYY83U,0.0004100585662470444,0.0004100585662470444
ID_5Q8NWL,0.0010638573672483234,0.0010638573672483234
ID_XYRK3M,0.0012354865373695187,0.0012354865373695187
ID_JAVEA5,0.002037963928331114,0.002037963928331114
ID_V4EGZ0,0.0003709995957360918,0.0003709995957360918
ID_WE46Z9,0.001085781017192474,0.001085781017192474
ID_B7O2ZN,0.0005474949630295337,0.0005474949630295337
ID_4HQTGA,0.0004975304728135662,0.0004975304728135662
ID_JUWVD9,0.000616839804715785,0.000616839804715785
ID_LI9Y1T,0.000364679232339186,0.000364679232339186
ID_9TYH5Y,0.0004080824591001583,0.0004080824591001583
ID_N7QCYG,0.0001529606638492417,0.0001529606638492417
ID_9PQIUL,0.00021976041875420102,0.00021976041875420102
ID_YUJ38B,0.0005163161491735786,0.0005163161491735786
ID_5VLR2G,0.0004080824591001583,0.0004080824591001583
ID_WR6L6P,0.0004080824591001583,0.0004080824591001583
ID_C4ISDT,0.00036031857413159956,0.00036031857413159956
ID_A3JPS0,0.0004080824591001583,0.0004080824591001583
ID_265JD2,0.0002457332233086566,0.0002457332233086566
ID_PAQVAY,0.0006174140324074114,0.0006174140324074114
ID_9BMVWJ,0.0001529606638492417,0.0001529606638492417
ID_NJ6LSY,0.0002457332233086566,0.0002457332233086566
ID_G9RESG,0.0003186586311086775,0.0003186586311086775
ID_07SK9V,0.00028627475581255397,0.00028627475581255397
ID_T4U0PU,0.0004080824591001583,0.0004080824591001583
ID_E0JXXI,0.0006052063996566317,0.0006052063996566317
ID_WMGN2O,0.0004080824591001583,0.0004080824591001583
ID_3TDLCS,0.0007119068395581167,0.0007119068395581167
ID_JLWJBX,0.0012313246608387355,0.0012313246608387355
ID_WGTUF3,0.0009271231077891835,0.0009271231077891835
ID_4VPY9Q,0.0007520503217366083,0.0007520503217366083
ID_CVIVFP,0.002011403084635654,0.002011403084635654
ID_P5FGPW,0.0007119068395581167,0.0007119068395581167
ID_OQ1KFW,0.0010559042985320093,0.0010559042985320093
ID_48633C,0.0007119068395581167,0.0007119068395581167
ID_2KMHBK,0.00044557802421046986,0.00044557802421046986
ID_QDKS15,0.0001529606638492417,0.0001529606638492417
ID_BCUUEB,0.0001694291302044558,0.0001694291302044558
ID_WRXH21,0.0004712788180780831,0.0004712788180780831
ID_PM8ZP3,0.0005198601140998704,0.0005198601140998704
ID_IIT0BK,0.00021353858557060862,0.00021353858557060862
ID_IYB7UH,0.0009844636092462768,0.0009844636092462768
ID_ZKHQZV,0.0002457332233086566,0.0002457332233086566
ID_U76OOW,0.0007119068395581167,0.0007119068395581167
ID_JPUGLB,0.0006174140324074114,0.0006174140324074114
ID_4JFJ04,0.0005163161491735786,0.0005163161491735786
ID_93FI84,0.0005195020951132541,0.0005195020951132541
ID_GB5XCD,0.0005163161491735786,0.0005163161491735786
ID_XAXYZK,0.0004712788180780831,0.0004712788180780831
ID_FPN3DK,0.0001694291302044558,0.0001694291302044558
ID_H4MCRV,0.0002457332233086566,0.0002457332233086566
ID_I94FEK,0.0001529606638492417,0.0001529606638492417
ID_UA86Y8,0.0001529606638492417,0.0001529606638492417
ID_QMO2S4,0.0013634014608789264,0.0013634014608789264
ID_ICLT74,0.0024507903523813043,0.0024507903523813043
ID_JRGWMB,0.0003601038969555771,0.0003601038969555771
ID_C1LESE,0.0001694291302044558,0.0001694291302044558
ID_LZLMVM,0.0001694291302044558,0.0001694291302044558
ID_EISUUM,0.000672812339397441,0.000672812339397441
ID_0EMHPX,0.0001694291302044558,0.0001694291302044558
ID_JAF898,0.0007119068395581167,0.0007119068395581167
ID_W8YZKT,0.0004080824591001583,0.0004080824591001583
ID_COJM55,0.0001529606638492417,0.0001529606638492417
ID_YDNMXU,0.0006139938173329675,0.0006139938173329675
ID_ZTWXQZ,0.0011966129673751894,0.0011966129673751894
ID_B0H92W,0.0004080824591001583,0.0004080824591001583
ID_QY1QFN,0.0007119068395581167,0.0007119068395581167
ID_6JXJ14,0.0005163161491735786,0.0005163161491735786
ID_3GS106,0.0017426690104725335,0.0017426690104725335
ID_0EH8TX,0.0009134829956436894,0.0009134829956436894
ID_M3RB3O,0.0003055160571636718,0.0003055160571636718
ID_RFLMG3,0.00014735130142195214,0.00014735130142195214
ID_32QUF2,0.0003132147666942105,0.0003132147666942105
ID_E6FA1Y,0.002779142506725236,0.002779142506725236
ID_56Z4H2,0.00010634213931888114,0.00010634213931888114
ID_6TP6C8,0.0005332603354995249,0.0005332603354995249
ID_LA2NIK,0.00030761225558025354,0.00030761225558025354
ID_B2EQV1,0.0011588072209589412,0.0011588072209589412
ID_A50E5P,0.0002887553197722291,0.0002887553197722291
ID_X96S3I,0.00013261021533421345,0.00013261021533421345
ID_Z5H3GL,0.08158994572133663,0.08158994572133663
ID_ADPV8R,0.00020933398535533343,0.00020933398535533343
ID_OWFAPX,0.0012609554844664865,0.0012609554844664865
ID_KSMO5R,0.0003055160571636718,0.0003055160571636718
ID_LCR0WS,0.00035733934998804677,0.00035733934998804677
ID_WAQDGO,0.0023498478432184737,0.0023498478432184737
ID_KI0ZBU,0.0002553706232257846,0.0002553706232257846
ID_0OJ74K,0.0003306826745564782,0.0003306826745564782
ID_WY97QW,0.00035933040106359086,0.00035933040106359086
ID_VVIE2W,0.000172904881398579,0.000172904881398579
ID_ZL5Q59,0.004892830777915417,0.004892830777915417
ID_NRFDMQ,0.030996390181841395,0.030996390181841395
ID_D5IC1O,0.0003055160571636718,0.0003055160571636718
ID_S7GFPP,0.0003633002164032409,0.0003633002164032409
ID_1I4R9P,0.001960033624261699,0.001960033624261699
ID_SQ5JRG,0.0009853860726331944,0.0009853860726331944
ID_AT9XW0,0.0003055160571636718,0.0003055160571636718
ID_4E0IW9,0.00021506049736737894,0.00021506049736737894
ID_ME2CF8,0.001978111695476026,0.001978111695476026
ID_QYEVPZ,0.002011313348340624,0.002011313348340624
ID_2FD8VB,0.00046481820596176433,0.00046481820596176433
ID_ZBDVJD,0.0002149113723086911,0.0002149113723086911
ID_ZQQ4MM,0.00016919683000234383,0.00016919683000234383
ID_DOM0PD,0.00035733934998804677,0.00035733934998804677
ID_ELPHXG,0.002708687060720539,0.002708687060720539
ID_ZJIQCI,0.001109593485256015,0.001109593485256015
ID_R0MPE2,0.002517243123444173,0.002517243123444173
ID_DZ8R48,0.001997251705956373,0.001997251705956373
ID_Y0SXCJ,0.00020933398535533343,0.00020933398535533343
ID_N1WC7L,0.00035733934998804677,0.00035733934998804677
ID_BWSAN8,0.002577590891598416,0.002577590891598416
ID_NS1BTM,0.0003055160571636718,0.0003055160571636718
ID_FN8JFA,0.0018833103379146017,0.0018833103379146017
ID_FQA9MM,0.0002080099978723509,0.0002080099978723509
ID_96NLJM,0.000150732106174626,0.000150732106174626
ID_PVEL7W,0.00017326523521895353,0.00017326523521895353
ID_XFXZM5,0.00036811170972357376,0.00036811170972357376
ID_UY3XZG,0.001976236060091849,0.001976236060091849
ID_PN97QK,0.00010634213931888114,0.00010634213931888114
ID_00DG4G,0.00020933398535533343,0.00020933398535533343
ID_QHQFQ7,0.00035433400754163516,0.00035433400754163516
ID_ATS0PR,0.00020933398535533343,0.00020933398535533343
ID_DSUPIN,0.00014363461806274084,0.00014363461806274084
ID_HWSETN,9.610533549118913e-05,9.610533549118913e-05
ID_9YPBUW,0.00014052829772122152,0.00014052829772122152
ID_4W9NRO,9.139845048847201e-05,9.139845048847201e-05
ID_53B01Q,0.00021506049736737894,0.00021506049736737894
ID_SM5ONB,0.00013261021533421345,0.00013261021533421345
ID_YEU9F6,0.00011165554728577772,0.00011165554728577772
ID_FMI1VW,0.00030761225558025354,0.00030761225558025354
ID_SWJYU2,0.001111253137558118,0.001111253137558118
ID_DJFGM4,0.00020933398535533343,0.00020933398535533343
ID_Q0LYKC,8.781337089970812e-05,8.781337089970812e-05
ID_UIL74V,0.0766369270109114,0.0766369270109114
ID_M0F7GN,0.00014735130142195214,0.00014735130142195214
ID_CKRXHI,0.00046856315900932016,0.00046856315900932016
ID_9LU58J,0.0011588072209589412,0.0011588072209589412
ID_84BF6M,0.001960033624261699,0.001960033624261699
ID_HY29Y2,0.0005659473611923231,0.0005659473611923231
ID_VZNNHT,9.610533549118913e-05,9.610533549118913e-05
ID_3EDRRO,7.819406911461024e-05,7.819406911461024e-05
ID_NPCZIL,9.139845048847201e-05,9.139845048847201e-05
ID_23EVXZ,0.00010634213931888114,0.00010634213931888114
ID_IX6FLE,0.00013261021533421345,0.00013261021533421345
ID_NB021D,0.00017668160222820276,0.00017668160222820276
ID_5FJ5OA,0.0004992918673928368,0.0004992918673928368
ID_GX7MD3,0.0011588072209589412,0.0011588072209589412
ID_FZ85DE,0.00035733934998804677,0.00035733934998804677
ID_PUMD7D,0.0018743448524360918,0.0018743448524360918
ID_BGDOB3,0.0003931385189639025,0.0003931385189639025
ID_OU67AN,0.00011861395104628095,0.00011861395104628095
ID_PHQYL9,0.022325282166023846,0.022325282166023846
ID_HPZYN9,0.0002378838817125824,0.0002378838817125824
ID_4GDBBB,0.00017326523521895353,0.00017326523521895353
ID_84K1H5,0.0002149113723086911,0.0002149113723086911
ID_MRXFS5,0.0016095247275442143,0.0016095247275442143
ID_E2DO2Y,9.347834275004075e-05,9.347834275004075e-05
ID_VSR4RJ,0.00013230230767285718,0.00013230230767285718
ID_JSA4H2,0.0005332603354995249,0.0005332603354995249
ID_YOFNV6,0.00030761225558025354,0.00030761225558025354
ID_JBIQNN,0.0001413642327297815,0.0001413642327297815
ID_7R5UUT,0.00035733934998804677,0.00035733934998804677
ID_9EL678,0.00017326523521895353,0.00017326523521895353
ID_GJJRW7,0.0005332603354995249,0.0005332603354995249
ID_JLHKHD,0.00017326523521895353,0.00017326523521895353
ID_C42QFG,9.610533549118913e-05,9.610533549118913e-05
ID_RV5C5N,0.0016039047434864965,0.0016039047434864965
ID_Q80MZT,6.920429449379691e-05,6.920429449379691e-05
ID_NFFUEW,0.00035945912896533756,0.00035945912896533756
ID_9EHPRT,0.0017250721120626868,0.0017250721120626868
ID_CJ57AV,0.00018421126124091498,0.00018421126124091498
ID_CSCQO1,0.00030761225558025354,0.00030761225558025354
ID_AQEEKF,0.00018303800051566748,0.00018303800051566748
ID_ZNHRMQ,0.0011588072209589412,0.0011588072209589412
ID_1FXKVY,0.00020933398535533343,0.00020933398535533343
ID_T764ZJ,0.0003055160571636718,0.0003055160571636718
ID_HVY7YF,0.00035733934998804677,0.00035733934998804677
ID_G2O1VD,0.0019225004999254757,0.0019225004999254757
ID_13W4SF,0.00031150645014275117,0.00031150645014275117
ID_GVDCKX,0.0020825340586119873,0.0020825340586119873
ID_R387QV,0.0009134829956436894,0.0009134829956436894
ID_4GSCPU,0.0024425790329198893,0.0024425790329198893
ID_3O3YPS,0.00014984203440153015,0.00014984203440153015
ID_3U5QW2,0.00011861395104628095,0.00011861395104628095
ID_11E3S7,0.0005332603354995249,0.0005332603354995249
ID_V1QRWL,0.0001125461430387385,0.0001125461430387385
ID_B7Q4VT,0.0011588072209589412,0.0011588072209589412
ID_W7FAS9,0.00035933040106359086,0.00035933040106359086
ID_FM47N0,0.0005354847452222988,0.0005354847452222988
ID_96L2OE,0.0019384615798634995,0.0019384615798634995
ID_Q18J6B,9.347834275004075e-05,9.347834275004075e-05
ID_J2ZRX7,0.0021904318711779775,0.0021904318711779775
ID_9F8TC3,0.00046481820596176433,0.00046481820596176433
ID_V6NJBP,0.005355772294904308,0.005355772294904308
ID_3FWH6E,0.01894492507240441,0.01894492507240441
ID_5B2N7E,0.012925760075899892,0.012925760075899892
ID_BRL39M,0.01964753415965515,0.01964753415965515
ID_NQZ2IX,0.01632260342494576,0.01632260342494576
ID_8XUQIK,0.01632260342494576,0.01632260342494576
ID_Y0ZP9O,0.021608262326064522,0.021608262326064522
ID_Y8YPKV,0.01377905260621945,0.01377905260621945
ID_OTZY1M,0.01894492507240441,0.01894492507240441
ID_8659PM,0.01632260342494576,0.01632260342494576
ID_9B318X,0.054574582129176895,0.054574582129176895
ID_UYJIY1,0.01377905260621945,0.01377905260621945
ID_FX76KI,0.1253485919001001,0.1253485919001001
ID_3VPHDX,0.01377905260621945,0.01377905260621945
ID_8MS13L,0.0072757319508352765,0.0072757319508352765
ID_1Q5P6G,0.021608262326064522,0.021608262326064522
ID_9UO8QX,0.01632260342494576,0.01632260342494576
ID_VKJX7X,0.016632076621863296,0.016632076621863296
ID_OAYA7A,0.01925900055725557,0.01925900055725557
ID_GAMP7V,0.0128111339341127,0.0128111339341127
ID_4NRMAU,0.0128111339341127,0.0128111339341127
ID_AKBWMP,0.021067299182860693,0.021067299182860693
ID_FWYKU6,0.01925900055725557,0.01925900055725557
ID_7M6M1B,0.08947668745838312,0.08947668745838312
ID_3H1L7F,0.05972310490003366,0.05972310490003366
ID_N8FIH8,0.007034793853722861,0.007034793853722861
ID_GBJJLZ,0.012868618713468121,0.012868618713468121
ID_T86IHF,0.01925900055725557,0.01925900055725557
ID_JF3WUN,0.09095955045040413,0.09095955045040413
ID_49KF1T,0.31362949243392313,0.31362949243392313
ID_S79H7Y,0.021067299182860693,0.021067299182860693
ID_QIOC3U,0.006004285662267897,0.006004285662267897
ID_Y4WX50,0.09095955045040413,0.09095955045040413
ID_GUDWDW,0.012868618713468121,0.012868618713468121
ID_5HUIA4,0.01925900055725557,0.01925900055725557
ID_9M4UJW,0.0532858677655653,0.0532858677655653
ID_C1UEMJ,0.009644087963090981,0.009644087963090981
ID_QGS2MR,0.0128111339341127,0.0128111339341127
ID_067XPD,0.31362949243392313,0.31362949243392313
ID_PV8C8G,0.08947668745838312,0.08947668745838312
ID_7SZVJ7,0.0128111339341127,0.0128111339341127
ID_939CFS,0.14198239451724756,0.14198239451724756
ID_4YX26C,0.012868618713468121,0.012868618713468121
ID_CG4YWK,0.01925900055725557,0.01925900055725557
ID_U2O9AQ,0.01925900055725557,0.01925900055725557
ID_W0SUD4,0.01925900055725557,0.01925900055725557
ID_1809CE,0.01925900055725557,0.01925900055725557
ID_T37IC9,0.015444784699969676,0.015444784699969676
ID_APZ0D7,0.23243881756622914,0.23243881756622914
ID_K8IR50,0.08947668745838312,0.08947668745838312
ID_7VXCAN,0.01925900055725557,0.01925900055725557
ID_N4P9RV,0.08947668745838312,0.08947668745838312
ID_S83N82,0.01173612463721377,0.01173612463721377
ID_YEBE3L,0.012868618713468121,0.012868618713468121
ID_5TTIUV,0.01925900055725557,0.01925900055725557
ID_OKQE5S,0.01925900055725557,0.01925900055725557
ID_ZEJRSI,0.08947668745838312,0.08947668745838312
ID_EDHCWN,0.01925900055725557,0.01925900055725557
ID_4YRJRP,0.2771341602843356,0.2771341602843356
ID_GCHBYB,0.0532858677655653,0.0532858677655653
ID_5H4T9K,0.01925900055725557,0.01925900055725557
ID_OECX6J,0.5022658884964863,0.5022658884964863
ID_CADS1W,0.10830309597400176,0.10830309597400176
ID_1G89F8,0.01925900055725557,0.01925900055725557
ID_BFB0U7,0.10845836401588581,0.10845836401588581
ID_ZM7Y7C,0.08947668745838312,0.08947668745838312
ID_ERMOCP,0.012868618713468121,0.012868618713468121
ID_7048GU,0.0128111339341127,0.0128111339341127
ID_5WR4NG,0.0128111339341127,0.0128111339341127
ID_OE94T8,0.0128111339341127,0.0128111339341127
ID_1OCPON,0.012868618713468121,0.012868618713468121
ID_SPM4A3,0.035799460118209676,0.035799460118209676
ID_69O2FI,0.0669187845864244,0.0669187845864244
ID_9XLCIQ,0.39634074511242273,0.39634074511242273
ID_INOMV4,0.01925900055725557,0.01925900055725557
ID_IVW5DG,0.01925900055725557,0.01925900055725557
ID_REKYSY,0.00471653838311587,0.00471653838311587
ID_RGZEPZ,0.0532858677655653,0.0532858677655653
ID_Q032KX,0.0532858677655653,0.0532858677655653
ID_SX073G,0.035799460118209676,0.035799460118209676
ID_VW2JS1,0.2771341602843356,0.2771341602843356
ID_QTFJH6,0.006725745007045998,0.006725745007045998
ID_SJUA3M,0.23243881756622914,0.23243881756622914
ID_WRGV5B,0.05972310490003366,0.05972310490003366
ID_TF0ZBP,0.01925900055725557,0.01925900055725557
ID_XY4R47,0.01925900055725557,0.01925900055725557
ID_TC20Z8,0.01925900055725557,0.01925900055725557
ID_5LZHSA,0.01925900055725557,0.01925900055725557
ID_P33RH4,0.0128111339341127,0.0128111339341127
ID_X0U2Z7,0.005809659083396286,0.005809659083396286
ID_HNASKY,0.018392309014677477,0.018392309014677477
ID_E9746A,0.1428657608702108,0.1428657608702108
ID_KOOJEU,0.05829013316199333,0.05829013316199333
ID_NZDB2W,0.015444784699969676,0.015444784699969676
ID_N8B9Y0,0.022071417867886804,0.022071417867886804
ID_IGRKAA,0.00706094272482981,0.00706094272482981
ID_31FOC7,0.3446395703947161,0.3446395703947161
ID_XYJNSM,0.00983747455389832,0.00983747455389832
ID_QT459C,0.0070260091125758,0.0070260091125758
ID_9HL60U,0.0532858677655653,0.0532858677655653
ID_J8S3V7,0.01925900055725557,0.01925900055725557
ID_FC0BNP,0.01925900055725557,0.01925900055725557
ID_VDKYTG,0.06628817131263096,0.06628817131263096
ID_0LGOS8,0.049717475261350896,0.049717475261350896
ID_GMWQ34,0.01248527394821836,0.01248527394821836
ID_BHJIUD,0.08947668745838312,0.08947668745838312
ID_25WW3Q,0.005703669458818658,0.005703669458818658
ID_B1Q34R,0.015444784699969676,0.015444784699969676
ID_DAM5SV,0.08947668745838312,0.08947668745838312
ID_QFVKE8,0.00706094272482981,0.00706094272482981
ID_AAG1MX,0.01925900055725557,0.01925900055725557
ID_2T39AV,0.05972310490003366,0.05972310490003366
ID_GLHVNV,0.007330931574511202,0.007330931574511202
ID_EL46XL,0.01925900055725557,0.01925900055725557
ID_B1092H,0.05898201454238872,0.05898201454238872
ID_5B1HJQ,0.012868618713468121,0.012868618713468121
ID_7L4RV1,0.008972630007087786,0.008972630007087786
ID_ZW88Z7,0.008972630007087786,0.008972630007087786
ID_44FN7K,0.01206583119869104,0.01206583119869104
ID_R69I7Q,0.008972630007087786,0.008972630007087786
ID_K2KN9C,0.008972630007087786,0.008972630007087786
ID_UNAGCI,0.008972630007087786,0.008972630007087786
ID_GU9R9I,0.004649020843615341,0.004649020843615341
ID_33BHML,0.013003269068440253,0.013003269068440253
ID_XZY72G,0.013003269068440253,0.013003269068440253
ID_0L0GWJ,0.008972630007087786,0.008972630007087786
ID_SPT5AC,0.008972630007087786,0.008972630007087786
ID_CQOYXN,0.008972630007087786,0.008972630007087786
ID_GPUXEY,0.013003269068440253,0.013003269068440253
ID_7A0TY4,0.013227777001687643,0.013227777001687643
ID_1TKH7D,0.012565357407456129,0.012565357407456129
ID_FTQ35Z,0.013003269068440253,0.013003269068440253
ID_BF07MI,0.012565357407456129,0.012565357407456129
ID_97RNJ4,0.013227777001687643,0.013227777001687643
ID_3JGGNS,0.008972630007087786,0.008972630007087786
ID_Y9Y5X5,0.008972630007087786,0.008972630007087786
ID_XW71QT,0.008972630007087786,0.008972630007087786
ID_BVVDWU,0.011090994500278615,0.011090994500278615
ID_B2X1DI,0.012044707952414864,0.012044707952414864
ID_9PU0VA,0.008323320445305454,0.008323320445305454
ID_SMOQZM,0.013227777001687643,0.013227777001687643
ID_88ZTCU,0.013003269068440253,0.013003269068440253
ID_U6WG86,0.008069513377498184,0.008069513377498184
ID_4H45P3,0.008972630007087786,0.008972630007087786
ID_6WFJ2Y,0.008972630007087786,0.008972630007087786
ID_K3QT3V,0.13506456845920614,0.13506456845920614
ID_PZ4KLY,0.01655501692370902,0.01655501692370902
ID_Z7GKAM,0.09844910873871641,0.09844910873871641
ID_V6CFFQ,0.010430439766065835,0.010430439766065835
ID_EQJPUR,0.22929562170480053,0.22929562170480053
ID_IQCCG4,0.013993843752372937,0.013993843752372937
ID_HK96CL,0.01652446427226555,0.01652446427226555
ID_W551QM,0.18701119287503018,0.18701119287503018
ID_HTULB2,0.41325705013390857,0.41325705013390857
ID_FPAEGW,0.06349102652737525,0.06349102652737525
ID_USIVPK,0.05495387600474724,0.05495387600474724
ID_GV4GIF,0.06099884894466811,0.06099884894466811
ID_0CTOW2,0.05740379887561905,0.05740379887561905
ID_05TMIM,0.41325705013390857,0.41325705013390857
ID_J0T940,0.7552567443574196,0.7552567443574196
ID_H3YES4,0.022691363391279074,0.022691363391279074
ID_KPTHEC,0.022691363391279074,0.022691363391279074
ID_EKJDOM,0.009161934983066224,0.009161934983066224
ID_XEHOXQ,0.0015039749937728717,0.0015039749937728717
ID_QXDDYU,0.0015039749937728717,0.0015039749937728717
ID_4A2QA2,0.022691363391279074,0.022691363391279074
ID_2IQTJO,0.17378397237717083,0.17378397237717083
ID_YZ9922,0.00033204940517299043,0.00033204940517299043
ID_FCWH1E,0.17757637150215785,0.17757637150215785
ID_SC21VU,0.005771517307035936,0.005771517307035936
ID_GOXV1Z,0.00033204940517299043,0.00033204940517299043
ID_52ZE81,0.6484800133795339,0.6484800133795339
ID_TDZYO5,0.05397802307006955,0.05397802307006955
ID_33W80K,0.02207931469504597,0.02207931469504597
ID_3MMPJG,0.02948746035486128,0.02948746035486128
ID_FJF1VV,0.00038985959339014165,0.00038985959339014165
ID_FSHJRR,0.0009636738980312458,0.0009636738980312458
ID_3ZRYR8,0.15734693319491805,0.15734693319491805
ID_ITFJ7K,0.17378397237717083,0.17378397237717083
ID_Q0OHFE,0.04203074777077047,0.04203074777077047
ID_8WDSXP,0.09800144150992159,0.09800144150992159
ID_LBTY56,0.1243050638437492,0.1243050638437492
ID_LEDDTJ,0.012476510065273283,0.012476510065273283
ID_GAJC6C,0.02331204783132092,0.02331204783132092
ID_ELD3MH,0.029057915229435884,0.029057915229435884
ID_N9VEKC,0.00038985959339014165,0.00038985959339014165
ID_F0JB3Y,0.01011362851381075,0.01011362851381075
ID_BD1I07,0.004265425024639455,0.004265425024639455
ID_PK36UB,0.08754977214213791,0.08754977214213791
ID_Z6LO2B,0.0005303361984116266,0.0005303361984116266
ID_ZHUK1S,0.014197259651316813,0.014197259651316813
ID_T27921,0.6344801477313649,0.6344801477313649
ID_JGR6AQ,0.17757637150215785,0.17757637150215785
ID_L33I7Q,0.008755034935606715,0.008755034935606715
ID_SDE2W4,0.46481089051105623,0.46481089051105623
ID_7RLPJ7,0.000520141133378357,0.000520141133378357
ID_CVY7G5,0.17757637150215785,0.17757637150215785
ID_P6R9KZ,0.01711527398344497,0.01711527398344497
ID_T5EPM7,0.05645669884397642,0.05645669884397642
ID_4POEBX,0.01381582402778417,0.01381582402778417
ID_0H3T5P,0.2709748958135324,0.2709748958135324
ID_B8FR1Y,0.010330477680204234,0.010330477680204234
ID_0256XQ,0.005813715325288372,0.005813715325288372
ID_57ZCHT,0.17378397237717083,0.17378397237717083
ID_EJ4SY0,0.0015039749937728717,0.0015039749937728717
ID_IT9MAB,0.006567653597720661,0.006567653597720661
ID_WSFCW5,0.022691363391279074,0.022691363391279074
ID_P1OKAO,0.01711527398344497,0.01711527398344497
ID_2I2J7A,0.006567653597720661,0.006567653597720661
ID_F82ACJ,0.01711527398344497,0.01711527398344497
ID_CO3YKB,0.008755034935606715,0.008755034935606715
ID_TRRIAY,0.1871932857393394,0.1871932857393394
ID_LADXTU,0.5870440917389703,0.5870440917389703
ID_UFOXTP,0.012476510065273283,0.012476510065273283
ID_9Y8SJ2,0.00033204940517299043,0.00033204940517299043
ID_SZZNPA,0.00038985959339014165,0.00038985959339014165
ID_PLYHE5,0.012476510065273283,0.012476510065273283
ID_GY67O6,0.005813715325288372,0.005813715325288372
ID_CFM0IF,0.01381582402778417,0.01381582402778417
ID_XNWBKT,0.01381582402778417,0.01381582402778417
ID_3TOHD0,0.0005303361984116266,0.0005303361984116266
ID_FS3K1S,0.0006139108429555619,0.0006139108429555619
ID_15HY2V,0.0006904896889580085,0.0006904896889580085
ID_6GEWIC,0.4170879029692133,0.4170879029692133
ID_QJ4EVF,0.00448801662987943,0.00448801662987943
ID_V4E8OH,0.014197259651316813,0.014197259651316813
ID_P3LDUK,0.7605293717743572,0.7605293717743572
ID_XOPAOK,0.0005303361984116266,0.0005303361984116266
ID_QPL6BJ,0.00038985959339014165,0.00038985959339014165
ID_Q083IM,0.15390571437725284,0.15390571437725284
ID_W8VZXL,0.054157266608499795,0.054157266608499795
ID_CCE14R,0.0005303361984116266,0.0005303361984116266
ID_XQGVS0,0.0005708900532400256,0.0005708900532400256
ID_WQINPU,0.0008800726845282642,0.0008800726845282642
ID_UYCBVK,0.00038985959339014165,0.00038985959339014165
ID_32LKHY,0.00033204940517299043,0.00033204940517299043
ID_1JNSPA,0.00998574859292461,0.00998574859292461
ID_QX05AF,0.06260647228969506,0.06260647228969506
ID_NTVMKZ,0.0015039749937728717,0.0015039749937728717
ID_TFWN07,0.005813715325288372,0.005813715325288372
ID_17FHGU,0.0003980810000626138,0.0003980810000626138
ID_XNGF8B,0.0005592163763204624,0.0005592163763204624
ID_N7XBA6,0.0004989265772333055,0.0004989265772333055
ID_YBC4D9,0.00025496403022866337,0.00025496403022866337
ID_QLNWLL,0.000288481246422038,0.000288481246422038
ID_EE4T4P,0.0004989265772333055,0.0004989265772333055
ID_LM0UJO,0.0005110792365699376,0.0005110792365699376
ID_KXDRD1,0.0017552836241428549,0.0017552836241428549
ID_I27KUP,0.00039413217056049157,0.00039413217056049157
ID_O79OP7,0.0001576517043910719,0.0001576517043910719
ID_ESOM9C,9.768202229892844e-05,9.768202229892844e-05
ID_C1Z14J,0.0012429313910040957,0.0012429313910040957
ID_KQ2RJU,0.00046014036229233925,0.00046014036229233925
ID_UIOBYK,0.0003318845620121976,0.0003318845620121976
ID_9S3MDV,0.0001576517043910719,0.0001576517043910719
ID_EJ3RGR,0.0001349595304945569,0.0001349595304945569
ID_DFLOY8,0.0003306270064091145,0.0003306270064091145
ID_ZMEBI9,0.00013337442270501936,0.00013337442270501936
ID_NFTFJM,0.0005014392433866737,0.0005014392433866737
ID_G32IUY,0.000192778271503625,0.000192778271503625
ID_52FYY9,5.8804002440755295e-05,5.8804002440755295e-05
ID_F8KMPL,0.00046321118106767766,0.00046321118106767766
ID_HX20WC,0.00032628874687693854,0.00032628874687693854
ID_5GCMEA,0.0005096930334298469,0.0005096930334298469
ID_7EKCJ1,0.00019249425074767136,0.00019249425074767136
ID_K440VM,0.00019758616770191624,0.00019758616770191624
ID_14VB1C,0.00037061339665601717,0.00037061339665601717
ID_O2QYK1,0.0003318845620121976,0.0003318845620121976
ID_TVG6X9,0.0009248612563249941,0.0009248612563249941
ID_5QVDGC,0.0004989265772333055,0.0004989265772333055
ID_P1R0SN,0.00048477758619512633,0.00048477758619512633
ID_H1PGJK,0.0005744345204551227,0.0005744345204551227
ID_BRWHI8,0.0004422480762719592,0.0004422480762719592
ID_LTPY2G,0.00030231608197839755,0.00030231608197839755
ID_SZ244L,0.0005744345204551227,0.0005744345204551227
ID_K1L86J,0.0015056896721809096,0.0015056896721809096
ID_A6YFT4,5.8804002440755295e-05,5.8804002440755295e-05
ID_GJ2GXZ,0.00035379138372074046,0.00035379138372074046
ID_5NLU55,0.0009253470519537579,0.0009253470519537579
ID_5HBYOD,0.0014752358201825355,0.0014752358201825355
ID_JFHIVO,0.00020229969035026398,0.00020229969035026398
ID_KXM5JC,0.00014287684320375257,0.00014287684320375257
ID_9KQ8G6,0.00019249425074767136,0.00019249425074767136
ID_QRHP7W,0.0001161536907611452,0.0001161536907611452
ID_G27PI8,0.0007178213885791849,0.0007178213885791849
ID_SZLKA0,0.0003557041580107502,0.0003557041580107502
ID_79HBLQ,7.762937420382035e-05,7.762937420382035e-05
ID_Y1H3MW,0.00023261184032244433,0.00023261184032244433
ID_Y3V3CO,0.005255894987538169,0.005255894987538169
ID_JSJ61E,0.0006651904757847208,0.0006651904757847208
ID_T9D5YO,0.00020574538704347826,0.00020574538704347826
ID_6MHG7Q,0.006014362959360182,0.006014362959360182
ID_UR8QH2,0.0003413353607695827,0.0003413353607695827
ID_W3SGDD,6.528374389553665e-05,6.528374389553665e-05
ID_B3I0HN,7.762937420382035e-05,7.762937420382035e-05
ID_WFV9C0,7.752637059612015e-05,7.752637059612015e-05
ID_5IQK6W,0.0001027124687149221,0.0001027124687149221
ID_PBD5R8,0.0004989265772333055,0.0004989265772333055
ID_R484DJ,0.0006677165215644245,0.0006677165215644245
ID_BIVIM6,0.0004588390501478119,0.0004588390501478119
ID_BXRC0F,9.277547330864014e-05,9.277547330864014e-05
ID_6H2MJS,0.0003318845620121976,0.0003318845620121976
ID_348H1F,0.0003142440792389689,0.0003142440792389689
ID_VIP5UD,0.0003323023125837542,0.0003323023125837542
ID_DJT4KL,0.00018383435697156176,0.00018383435697156176
ID_4O9FZR,0.0007519718512399183,0.0007519718512399183
ID_4S1COK,0.0006220626794852634,0.0006220626794852634
ID_JTBQR7,0.00032705270982478433,0.00032705270982478433
ID_8XLXKL,0.0004989265772333055,0.0004989265772333055
ID_30WM42,0.00047648102729379267,0.00047648102729379267
ID_1IG1YN,0.00046825752601782167,0.00046825752601782167
ID_OZDM1S,0.000192778271503625,0.000192778271503625
ID_EPIA8E,0.0006220626794852634,0.0006220626794852634
ID_1PV3T5,0.00021645711830209718,0.00021645711830209718
ID_8UHEOJ,0.0007817278579166751,0.0007817278579166751
ID_8EPQZD,0.0008783325059999584,0.0008783325059999584
ID_V5WCDP,0.0014355749195567324,0.0014355749195567324
ID_A0P2EE,0.0001027124687149221,0.0001027124687149221
ID_C0ECIX,0.00035379138372074046,0.00035379138372074046
ID_C1HUBS,0.000192778271503625,0.000192778271503625
ID_NWDA17,0.0003907577267936768,0.0003907577267936768
ID_OL060P,0.0003175074875409636,0.0003175074875409636
ID_XCVVZQ,0.002241660522510481,0.002241660522510481
ID_7RD23T,0.0006519152312754772,0.0006519152312754772
ID_ZK5F0Y,0.0009253470519537579,0.0009253470519537579
ID_G84HTM,0.00022964434628822828,0.00022964434628822828
ID_PU2FBZ,0.0002931347588395929,0.0002931347588395929
ID_C08HEJ,0.0004168675358369259,0.0004168675358369259
ID_735U96,0.0001210207557594672,0.0001210207557594672
ID_NSVW0U,0.00040077357696964285,0.00040077357696964285
ID_YI1DVD,0.0001542506524399,0.0001542506524399
ID_GRCY09,0.00016731960362154424,0.00016731960362154424
ID_TP6IPK,0.00022964434628822828,0.00022964434628822828
ID_HT2H75,0.00014287684320375257,0.00014287684320375257
ID_S3J1DY,0.0003797323429196362,0.0003797323429196362
ID_58TJGH,0.0018916575717813223,0.0018916575717813223
ID_YRLOVX,9.768202229892844e-05,9.768202229892844e-05
ID_TZHJRP,0.0004484243153633862,0.0004484243153633862
ID_KDNPHD,0.020480213844101182,0.020480213844101182
ID_8ZZTUS,0.0009102311216139479,0.0009102311216139479
ID_FBXD4Q,0.001683165604206082,0.001683165604206082
ID_QXYRCY,9.888731359762369e-05,9.888731359762369e-05
ID_OKTZEM,0.00018383435697156176,0.00018383435697156176
ID_84I8VZ,0.00021347561719767364,0.00021347561719767364
ID_5IF81A,0.00036891777009944994,0.00036891777009944994
ID_Y65O7E,0.0027959215631491218,0.0027959215631491218
ID_DGJE41,0.00030491553164792675,0.00030491553164792675
ID_5Z8WPJ,0.015378277326508823,0.015378277326508823
ID_KSMN02,0.0001161536907611452,0.0001161536907611452
ID_37FGZN,0.00039413217056049157,0.00039413217056049157
ID_5CE2HM,0.0009253470519537579,0.0009253470519537579
ID_5RBX0G,0.00030118183995036244,0.00030118183995036244
ID_VC3C3E,0.0006560989150054316,0.0006560989150054316
ID_CD4GLQ,0.00018383435697156176,0.00018383435697156176
ID_YYXB5J,0.00039424221728345284,0.00039424221728345284
ID_QL8IAR,0.0001221352783003228,0.0001221352783003228
ID_BHNY0O,0.0001161536907611452,0.0001161536907611452
ID_G6NIUE,0.0003175074875409636,0.0003175074875409636
ID_ATBCP0,0.0004951787314333757,0.0004951787314333757
ID_K0PEGT,0.000174967733971924,0.000174967733971924
ID_JDD3BW,0.00016521172855567942,0.00016521172855567942
ID_KUBEQ7,0.01705927942830517,0.01705927942830517
ID_2UB21W,0.0003725544848606332,0.0003725544848606332
ID_Q12WSA,0.00040592846155965926,0.00040592846155965926
ID_JX2N58,0.00035913016831270545,0.00035913016831270545
ID_II3KSP,0.0005174704652188139,0.0005174704652188139
ID_NK8O2D,6.528374389553665e-05,6.528374389553665e-05
ID_P452M6,6.528374389553665e-05,6.528374389553665e-05
ID_LFFY7U,0.00026634712485023145,0.00026634712485023145
ID_PTUVXH,7.752637059612015e-05,7.752637059612015e-05
ID_0HSCEO,0.0004989265772333055,0.0004989265772333055
ID_SSW9WR,0.0007519718512399183,0.0007519718512399183
ID_PD8ZQY,9.768202229892844e-05,9.768202229892844e-05
ID_263TA4,0.000192778271503625,0.000192778271503625
ID_B1FONR,0.00013337442270501936,0.00013337442270501936
ID_7NF6CG,0.0005210326754135803,0.0005210326754135803
ID_ENK045,0.0002702466700045076,0.0002702466700045076
ID_GR98DJ,0.0011268209350642519,0.0011268209350642519
ID_QRJ1XO,0.0005699473203782106,0.0005699473203782106
ID_3P5A12,5.8804002440755295e-05,5.8804002440755295e-05
ID_PZAIQH,0.0001161536907611452,0.0001161536907611452
ID_O61SU7,0.000192778271503625,0.000192778271503625
ID_9ZBFLX,6.528374389553665e-05,6.528374389553665e-05
ID_BY2R2J,0.01880822945484183,0.01880822945484183
ID_FJIOSZ,0.0004989265772333055,0.0004989265772333055
ID_OYBZ3H,0.0009253470519537579,0.0009253470519537579
ID_NQX0O8,0.00046825752601782167,0.00046825752601782167
ID_SLZDS2,0.000174967733971924,0.000174967733971924
ID_E78DPX,0.0006143825359723675,0.0006143825359723675
ID_RQP6K9,0.00031236189298513087,0.00031236189298513087
ID_IOLDZU,0.005266029550655031,0.005266029550655031
ID_SNXHFB,0.0004928255326142874,0.0004928255326142874
ID_MS1WPS,0.00040245417690371765,0.00040245417690371765
ID_HN3HHR,0.00023151921154871866,0.00023151921154871866
ID_HGDR69,0.0003408830276032147,0.0003408830276032147
ID_KQ5EXO,0.0018444439546966341,0.0018444439546966341
ID_CC0VYL,0.006043192997984718,0.006043192997984718
ID_R6WWCC,0.002228797914734265,0.002228797914734265
ID_SWOCAQ,0.00044883010519022594,0.00044883010519022594
ID_WHGARU,0.002017552793521318,0.002017552793521318
ID_73ULWE,0.00029237064624576775,0.00029237064624576775
ID_P1B4GG,0.004856952541743967,0.004856952541743967
ID_F5NM15,0.0005374508561394669,0.0005374508561394669
ID_7XJF6O,0.00043849375343625867,0.00043849375343625867
ID_ALWNWF,0.00032043185350790496,0.00032043185350790496
ID_FOX8D1,0.00016416707118095387,0.00016416707118095387
ID_UO8NL5,0.00012875199052363152,0.00012875199052363152
ID_004DL7,0.002214474164642338,0.002214474164642338
ID_CFSK8V,0.0003143582672057975,0.0003143582672057975
ID_X9KR9T,4.466535213606693e-05,4.466535213606693e-05
ID_Q3PK1O,0.00044883010519022594,0.00044883010519022594
ID_M62ZZR,0.000414565803057563,0.000414565803057563
ID_UOIFEC,0.00017187556714773805,0.00017187556714773805
ID_D1D4RK,0.0004003848626044438,0.0004003848626044438
ID_YZJB0C,0.0003628225485845617,0.0003628225485845617
ID_0NPRVJ,0.0006916277820715786,0.0006916277820715786
ID_8BZS64,0.00010341871286185583,0.00010341871286185583
ID_ZTXB6J,0.00012875199052363152,0.00012875199052363152
ID_0ZEYV1,0.005137322957959955,0.005137322957959955
ID_OVMHV9,0.0002477844295240603,0.0002477844295240603
ID_T6YHHW,0.000414565803057563,0.000414565803057563
ID_L6J9SJ,0.0015283015458747921,0.0015283015458747921
ID_VD5NIC,0.001436911054527005,0.001436911054527005
ID_AKV0AN,0.0013402051754610607,0.0013402051754610607
ID_5MQI2A,0.00033866272105146804,0.00033866272105146804
ID_8T676E,0.0005060730093707948,0.0005060730093707948
ID_80I3YJ,0.0004167987601979563,0.0004167987601979563
ID_AJ2J12,4.466535213606693e-05,4.466535213606693e-05
ID_IYSD3F,0.0009911691109779346,0.0009911691109779346
ID_QXMOH6,0.00012875199052363152,0.00012875199052363152
ID_LRD6RE,0.00012978951025881586,0.00012978951025881586
ID_8H40BW,0.0007829288425250307,0.0007829288425250307
ID_KGCLKE,0.0016890545455002298,0.0016890545455002298
ID_IVC3Q9,0.00044883010519022594,0.00044883010519022594
ID_YBET63,0.005082594457120148,0.005082594457120148
ID_LKVF8D,0.00018720700614976695,0.00018720700614976695
ID_N0KRIO,0.0009001497936998646,0.0009001497936998646
ID_8OUOJV,0.00689885495744401,0.00689885495744401
ID_Y5B1VB,0.00010580169604509835,0.00010580169604509835
ID_GVBQQE,7.949867881165801e-05,7.949867881165801e-05
ID_SE1BFM,0.0003601592723757552,0.0003601592723757552
ID_MXRB9X,0.0019726615803120242,0.0019726615803120242
ID_JXBY22,0.00022641875011350575,0.00022641875011350575
ID_N6FNIX,0.0002581469107136205,0.0002581469107136205
ID_OORS9Y,0.00029596447807000867,0.00029596447807000867
ID_VU3YY8,0.0004903580772950341,0.0004903580772950341
ID_X65SMS,0.0001643567808212827,0.0001643567808212827
ID_8U14T8,0.0007024302836793673,0.0007024302836793673
ID_1J3E42,0.0002682268584201367,0.0002682268584201367
ID_BWGEAG,0.002808782752804536,0.002808782752804536
ID_M2AV6H,0.001137277842579049,0.001137277842579049
ID_WH3JS3,0.00038153842796283607,0.00038153842796283607
ID_NZ3V3Z,0.000318021442965187,0.000318021442965187
ID_XVUXT6,0.0015964142323314228,0.0015964142323314228
ID_OQLIHX,0.0002460980798267244,0.0002460980798267244
ID_ZQJL1B,0.00046249756423122747,0.00046249756423122747
ID_79Y7EX,0.0020181914885975677,0.0020181914885975677
ID_28J9J5,0.006076991027794799,0.006076991027794799
ID_910L6Y,0.0024587224974771103,0.0024587224974771103
ID_EN93YN,8.279949216302667e-05,8.279949216302667e-05
ID_38GYOD,0.00039070739643494673,0.00039070739643494673
ID_G7TIWW,0.00022952300341639266,0.00022952300341639266
ID_GFIAH6,0.0011155129928338732,0.0011155129928338732
ID_77P9GP,0.0012254295634991298,0.0012254295634991298
ID_8AL0A1,0.00040865210908735847,0.00040865210908735847
ID_EZDTQB,0.0008120978967958361,0.0008120978967958361
ID_9S11YT,0.0004647421581414758,0.0004647421581414758
ID_WWIG9X,0.00018720700614976695,0.00018720700614976695
ID_FH1O04,0.007307368509124447,0.007307368509124447
ID_1G39W0,0.0007768844361139632,0.0007768844361139632
ID_54AWCS,0.0006163114422531889,0.0006163114422531889
ID_EFML0I,0.0005781847366329799,0.0005781847366329799
ID_9561UW,0.00014375739485480315,0.00014375739485480315
ID_SKRXO8,0.0001076423723642549,0.0001076423723642549
ID_T1ZFPC,0.0004318908343369095,0.0004318908343369095
ID_GOZQWK,0.000687978202740994,0.000687978202740994
ID_JKBQHX,0.0007981541713518871,0.0007981541713518871
ID_IGRJAM,0.00014070360381049102,0.00014070360381049102
ID_5BWJ28,0.00013696939273753257,0.00013696939273753257
ID_GKAI11,0.00010235826939780675,0.00010235826939780675
ID_A6815G,0.0004970901775976518,0.0004970901775976518
ID_VIDOWQ,0.00044287360892976944,0.00044287360892976944
ID_OOOX4T,0.0005781847366329799,0.0005781847366329799
ID_AE9R4L,0.00028982183075717356,0.00028982183075717356
ID_F8AO95,0.0009112047389517068,0.0009112047389517068
ID_X6ZOJH,0.0005781847366329799,0.0005781847366329799
ID_O1TPCL,0.000683441098942569,0.000683441098942569
ID_UHXSJT,4.061710684161248e-05,4.061710684161248e-05
ID_O844TL,0.0005781847366329799,0.0005781847366329799
ID_AS1OS1,0.0005781847366329799,0.0005781847366329799
ID_MMEHS3,0.00013696939273753257,0.00013696939273753257
ID_CQFY1Y,0.000681808396717891,0.000681808396717891
ID_JGBB5Z,0.0001451045635748665,0.0001451045635748665
ID_5844IN,0.0006146600339419897,0.0006146600339419897
ID_1CHR0U,0.0001682085184061817,0.0001682085184061817
ID_KA4XEL,0.0008344945573363124,0.0008344945573363124
ID_HC45O8,0.0003334252006869495,0.0003334252006869495
ID_Q29LQD,0.0005781847366329799,0.0005781847366329799
ID_QJV4SK,0.0005781847366329799,0.0005781847366329799
ID_JNXALI,0.0001076423723642549,0.0001076423723642549
ID_G1IG7E,0.0005781847366329799,0.0005781847366329799
ID_8B0B3T,0.0004318908343369095,0.0004318908343369095
ID_2VT9FI,9.267532937758733e-05,9.267532937758733e-05
ID_WACT7O,0.004647778390794025,0.004647778390794025
ID_WNI8DN,0.0005781847366329799,0.0005781847366329799
ID_FQTAK3,0.0001451045635748665,0.0001451045635748665
ID_574DIZ,0.0005781847366329799,0.0005781847366329799
ID_7SDSE9,5.6489052062688817e-05,5.6489052062688817e-05
ID_DFV6SX,0.0011764451780644988,0.0011764451780644988
ID_SRC95U,0.0004318908343369095,0.0004318908343369095
ID_22PEEN,0.0005053338702051155,0.0005053338702051155
ID_NI4J6I,0.00015447727997562358,0.00015447727997562358
ID_9W1XKU,0.0003334252006869495,0.0003334252006869495
ID_EXXRVW,0.0004318908343369095,0.0004318908343369095
ID_X1B7HZ,0.00020093725606915198,0.00020093725606915198
ID_2Z66EB,0.0006146600339419897,0.0006146600339419897
ID_3DF023,0.0006077391234619061,0.0006077391234619061
ID_838T04,0.0009700777304365887,0.0009700777304365887
ID_DCRP7F,0.00012252892156303617,0.00012252892156303617
ID_9KDNRL,0.0002953752635774581,0.0002953752635774581
ID_LVSS4O,0.00011400503043621788,0.00011400503043621788
ID_YAUK98,5.415306502258087e-05,5.415306502258087e-05
ID_VZO2C8,0.00018174533569031756,0.00018174533569031756
ID_B22C03,0.0005781847366329799,0.0005781847366329799
ID_OSSELX,0.000681808396717891,0.000681808396717891
ID_RVMS83,9.779196377142551e-05,9.779196377142551e-05
ID_N9GDIY,0.0005053338702051155,0.0005053338702051155
ID_86DS0O,0.0005781847366329799,0.0005781847366329799
ID_ZBG39I,0.0007019634451419115,0.0007019634451419115
ID_FLWZUM,9.779196377142551e-05,9.779196377142551e-05
ID_B64QFC,0.004375577027141854,0.004375577027141854
ID_STOONH,0.0004318908343369095,0.0004318908343369095
ID_WOGWV5,0.0008332978538645062,0.0008332978538645062
ID_DHNB48,0.0005781847366329799,0.0005781847366329799
ID_VAEHAO,0.0008132749588844364,0.0008132749588844364
ID_HLN7YL,0.0005781847366329799,0.0005781847366329799
ID_JSD8GD,0.0005781847366329799,0.0005781847366329799
ID_YMYL5P,5.415306502258087e-05,5.415306502258087e-05
ID_JWJ6LD,0.0001076423723642549,0.0001076423723642549
ID_YW34VH,0.0005781847366329799,0.0005781847366329799
ID_X5FI4F,0.0002700779314495328,0.0002700779314495328
ID_HOX29F,0.0001451045635748665,0.0001451045635748665
ID_5EH9MJ,0.0011350441604719146,0.0011350441604719146
ID_D2SQ2F,0.000681808396717891,0.000681808396717891
ID_TMFZSB,0.0005781847366329799,0.0005781847366329799
ID_WZLIOZ,0.0004318908343369095,0.0004318908343369095
ID_GW81H7,7.504494524299515e-05,7.504494524299515e-05
ID_8H6FU1,0.0002043253348710983,0.0002043253348710983
ID_8Y8FZW,0.000681808396717891,0.000681808396717891
ID_QTMQF9,0.0004916736402428655,0.0004916736402428655
ID_MO29LK,0.0006953220401458118,0.0006953220401458118
ID_HEFVRV,0.000681808396717891,0.000681808396717891
ID_HM2KF9,0.004465446049524193,0.004465446049524193
ID_T2LQRI,0.0004873098483742276,0.0004873098483742276
ID_WKW5QW,0.0003275734519836785,0.0003275734519836785
ID_YW71NA,0.0001076423723642549,0.0001076423723642549
ID_WG14C6,0.0007402822048908755,0.0007402822048908755
ID_ZWP9EJ,7.334894097401838e-05,7.334894097401838e-05
ID_N694IA,6.130268510510992e-05,6.130268510510992e-05
ID_BADU0T,0.00011711778752273546,0.00011711778752273546
ID_3X96G5,0.0006186659301285734,0.0006186659301285734
ID_C2SL3S,0.000229889524201016,0.000229889524201016
ID_O4DJ6G,7.890971537819105e-05,7.890971537819105e-05
ID_71R9X9,0.0001076423723642549,0.0001076423723642549
ID_ZDM8BX,0.0005781847366329799,0.0005781847366329799
ID_95AMEG,0.0008918402987297705,0.0008918402987297705
ID_PFYUD5,0.007458479381878463,0.007458479381878463
ID_VO4JHF,9.779196377142551e-05,9.779196377142551e-05
ID_9VY7H9,0.0030535621162540607,0.0030535621162540607
ID_PL4QY0,0.0008332978538645062,0.0008332978538645062
ID_Q3UAV5,0.00043023606395377453,0.00043023606395377453
ID_23NRCI,0.0007077018111473294,0.0007077018111473294
ID_T58A3E,0.0005781847366329799,0.0005781847366329799
ID_VFP3AX,0.0017628561684101115,0.0017628561684101115
ID_9P0RI1,0.0009794553580505835,0.0009794553580505835
ID_PM90HD,0.0001451045635748665,0.0001451045635748665
ID_RGEP75,0.0003334252006869495,0.0003334252006869495
ID_0V5W7R,0.0003438193178959119,0.0003438193178959119
ID_13XPOY,0.00020093725606915198,0.00020093725606915198
ID_34V217,0.00029629813164655863,0.00029629813164655863
ID_PII98H,0.00031963680387850997,0.00031963680387850997
ID_0FEW1F,7.334894097401838e-05,7.334894097401838e-05
ID_WCKBMG,0.0002619465025467941,0.0002619465025467941
ID_08DG5M,9.300248161714561e-05,9.300248161714561e-05
ID_NR39DV,0.0001043243196319334,0.0001043243196319334
ID_HL1IVR,0.00018235787428861732,0.00018235787428861732
ID_M7G1UN,0.0005781847366329799,0.0005781847366329799
ID_PTXVXA,0.0001076423723642549,0.0001076423723642549
ID_6M5MZL,0.00015472391876835355,0.00015472391876835355
ID_DULZGI,0.0001688109283243821,0.0001688109283243821
ID_LZU656,0.0006580419914576403,0.0006580419914576403
ID_1UYN03,0.000681808396717891,0.000681808396717891
ID_REBSF2,0.000509115657838808,0.000509115657838808
ID_LFP94I,0.0011133604471888026,0.0011133604471888026
ID_E8GMOT,0.0007805062183812276,0.0007805062183812276
ID_SLSO1E,0.0003119820185423749,0.0003119820185423749
ID_OZ54TY,0.0005781847366329799,0.0005781847366329799
ID_2XT9TI,0.001664166429830388,0.001664166429830388
ID_6WQFJU,0.000681808396717891,0.000681808396717891
ID_5WL3Y6,0.00010795657580743638,0.00010795657580743638
ID_H0N40Y,0.0004114672162946142,0.0004114672162946142
ID_LC7WV1,0.0009794553580505835,0.0009794553580505835
ID_8JMBE0,0.0012186625865840428,0.0012186625865840428
ID_D54YT9,0.0008082097501673688,0.0008082097501673688
ID_AKO2D7,0.00010009283094082989,0.00010009283094082989
ID_AFFUFE,0.0008578879376391,0.0008578879376391
ID_3G5BHU,0.0004318908343369095,0.0004318908343369095
ID_SVTUNC,0.0005781847366329799,0.0005781847366329799
ID_A7DKT7,0.0006611509167420833,0.0006611509167420833
ID_D1J9QX,0.0004318908343369095,0.0004318908343369095
ID_OU67R8,0.0004318908343369095,0.0004318908343369095
ID_QTR8MC,0.00028742879419772636,0.00028742879419772636
ID_NC86Y4,4.276985352346325e-05,4.276985352346325e-05
ID_A8FL82,0.0003161817831162461,0.0003161817831162461
ID_WC0D1P,0.0004456063127401808,0.0004456063127401808
ID_PWAUK1,0.0007531715827479189,0.0007531715827479189
ID_GIFIE7,0.00015472391876835355,0.00015472391876835355
ID_YOLT7L,0.0006953220401458118,0.0006953220401458118
ID_AOHLCR,0.00015472391876835355,0.00015472391876835355
ID_MC4FYO,0.0008234393262594928,0.0008234393262594928
ID_LGOAXV,7.890971537819105e-05,7.890971537819105e-05
ID_DDUFHC,0.0006906573952464707,0.0006906573952464707
ID_H0RGUD,0.0003339759604884131,0.0003339759604884131
ID_AMG79K,0.00023782531980481302,0.00023782531980481302
ID_QJ7ZG7,0.00013696939273753257,0.00013696939273753257
ID_O1IR2M,0.0005781847366329799,0.0005781847366329799
ID_NE2WWT,6.465863366838952e-05,6.465863366838952e-05
ID_B7S9BY,0.0007402822048908755,0.0007402822048908755
ID_QPCJON,9.267532937758733e-05,9.267532937758733e-05
ID_LBAOGX,6.975650252167675e-05,6.975650252167675e-05
ID_ZX88UJ,0.0005468916785937352,0.0005468916785937352
ID_O5C888,0.0007077018111473294,0.0007077018111473294
ID_NALJCO,0.0004450019419111311,0.0004450019419111311
ID_YE6913,7.890971537819105e-05,7.890971537819105e-05
ID_11KZ0U,0.005659045266645364,0.005659045266645364
ID_WBNOOL,9.779196377142551e-05,9.779196377142551e-05
ID_6W4LRH,0.0005781847366329799,0.0005781847366329799
ID_WBH8B3,0.0007402822048908755,0.0007402822048908755
ID_Y1VP8I,0.0004916736402428655,0.0004916736402428655
ID_RTUQI0,0.0011375443167313873,0.0011375443167313873
ID_KUH46J,4.276985352346325e-05,4.276985352346325e-05
ID_FNPWIO,0.0001076423723642549,0.0001076423723642549
ID_LL7LKM,0.00020093725606915198,0.00020093725606915198
ID_8JXK5Z,0.00036086193137364685,0.00036086193137364685
ID_RVDWFT,0.00041377202832844416,0.00041377202832844416
ID_8RP3M8,4.276985352346325e-05,4.276985352346325e-05
ID_LVL634,0.0006371132720814076,0.0006371132720814076
ID_DTCNOM,0.0006900797260985597,0.0006900797260985597
ID_LBOZ73,5.415306502258087e-05,5.415306502258087e-05
ID_RYVJD1,0.00029298889220175453,0.00029298889220175453
ID_XF725L,0.0005468916785937352,0.0005468916785937352
ID_HPW237,9.978840426182217e-05,9.978840426182217e-05
ID_X7D1UM,0.00025253352812140326,0.00025253352812140326
ID_YOT7XI,0.0007402606254247976,0.0007402606254247976
ID_98FMQO,0.0005558838657950506,0.0005558838657950506
ID_HQ0DQ7,6.975650252167675e-05,6.975650252167675e-05
ID_POCUA6,0.0007077018111473294,0.0007077018111473294
ID_CW729L,0.0008686093964360012,0.0008686093964360012
ID_LCYPU0,0.00013696939273753257,0.00013696939273753257
ID_NAKHWW,7.531405769653972e-05,7.531405769653972e-05
ID_ONQFWS,0.012344066936045815,0.012344066936045815
ID_H1OEWH,7.531405769653972e-05,7.531405769653972e-05
ID_Q1IJJJ,9.978840426182217e-05,9.978840426182217e-05
ID_LX7DZQ,4.276985352346325e-05,4.276985352346325e-05
ID_XQ4CM7,7.504494524299515e-05,7.504494524299515e-05
ID_Z32YMV,0.0007376995269097621,0.0007376995269097621
ID_3Z42A5,0.00020283347134113694,0.00020283347134113694
ID_U94QW1,0.0001672489567181359,0.0001672489567181359
ID_VQRFFA,0.0012895792774333921,0.0012895792774333921
ID_FWAHKC,0.0005781847366329799,0.0005781847366329799
ID_HXWWIA,0.0015153922861777032,0.0015153922861777032
ID_OREIPY,6.975650252167675e-05,6.975650252167675e-05
ID_U838WM,0.0006163114422531889,0.0006163114422531889
ID_9N55U9,9.267532937758733e-05,9.267532937758733e-05
ID_LB396K,0.00021652450724746238,0.00021652450724746238
ID_A145CS,0.0001508807648765144,0.0001508807648765144
ID_X8FLQA,0.0005781847366329799,0.0005781847366329799
ID_DFZGTP,0.00010795657580743638,0.00010795657580743638
ID_9WB9ER,7.890971537819105e-05,7.890971537819105e-05
ID_9PKSWB,0.00045029224113394075,0.00045029224113394075
ID_G3JAYX,0.0001682085184061817,0.0001682085184061817
ID_HSBW0H,0.0011350441604719146,0.0011350441604719146
ID_0NSO7P,0.00015447727997562358,0.00015447727997562358
ID_52TFD0,0.0006221079146362839,0.0006221079146362839
ID_D1FACJ,4.061710684161248e-05,4.061710684161248e-05
ID_JL96S9,0.00011437932099286495,0.00011437932099286495
ID_ZAD0FH,0.0002377775605782985,0.0002377775605782985
ID_4FWY0M,0.000681808396717891,0.000681808396717891
ID_A8CUPT,0.00017710963842081234,0.00017710963842081234
ID_94QLF8,5.415306502258087e-05,5.415306502258087e-05
ID_70653K,0.0007019634451419115,0.0007019634451419115
ID_14JUT9,0.005788208865631718,0.005788208865631718
ID_H2V2M0,0.0001076423723642549,0.0001076423723642549
ID_9WPT8S,0.0012957361589100635,0.0012957361589100635
ID_MLN1KY,0.0006611509167420833,0.0006611509167420833
ID_L9BHE4,0.00023451191817714493,0.00023451191817714493
ID_2E4Z0T,0.0011764451780644988,0.0011764451780644988
ID_ZT06HL,0.0005321481798782278,0.0005321481798782278
ID_EZOD1A,6.465863366838952e-05,6.465863366838952e-05
ID_8YFFOF,0.0009089719138753965,0.0009089719138753965
ID_HU2O61,0.0021553367757704742,0.0021553367757704742
ID_OWCHBD,0.0005781847366329799,0.0005781847366329799
ID_IG2VDI,0.0004318908343369095,0.0004318908343369095
ID_VAJXTJ,0.0014531504025152794,0.0014531504025152794
ID_6IAYCJ,0.00013696939273753257,0.00013696939273753257
ID_9T1VYC,0.0011764451780644988,0.0011764451780644988
ID_24SH8X,0.0023574672247985594,0.0023574672247985594
ID_8I7C6M,0.0005781847366329799,0.0005781847366329799
ID_ABKXZ5,0.0005781847366329799,0.0005781847366329799
ID_V86WTI,0.00015447727997562358,0.00015447727997562358
ID_CXZJ2V,0.0011879819017400599,0.0011879819017400599
ID_HTMPB2,0.0009963420023307349,0.0009963420023307349
ID_LE7AJZ,0.0002547248655591124,0.0002547248655591124
ID_JWE28K,0.00011437932099286495,0.00011437932099286495
ID_SO53CK,0.0005781847366329799,0.0005781847366329799
ID_0CG34U,0.00020160365215301504,0.00020160365215301504
ID_2MRPP3,0.0002043253348710983,0.0002043253348710983
ID_PMXN5K,0.0004718321865345818,0.0004718321865345818
ID_Z6SJMN,0.0005781847366329799,0.0005781847366329799
ID_A7GI40,0.00010795657580743638,0.00010795657580743638
ID_0KZUAR,0.00019171497640808652,0.00019171497640808652
ID_DG3MSI,0.000326958639996738,0.000326958639996738
ID_5J1CC3,0.00021454656698250194,0.00021454656698250194
ID_J415GF,7.980181127923531e-05,7.980181127923531e-05
ID_Q1L2TI,0.00014555727438826752,0.00014555727438826752
ID_MOHLRS,0.0005781847366329799,0.0005781847366329799
ID_C774J9,6.191026719242225e-05,6.191026719242225e-05
ID_SPCQ85,7.890971537819105e-05,7.890971537819105e-05
ID_GMYJFP,0.0007918828956620739,0.0007918828956620739
ID_ERHVEE,7.980181127923531e-05,7.980181127923531e-05
ID_WT1HQ6,0.00037766346739845824,0.00037766346739845824
ID_TYY327,0.0010650252698237701,0.0010650252698237701
ID_2W993C,0.00014555727438826752,0.00014555727438826752
ID_Q85Q17,0.000681808396717891,0.000681808396717891
ID_SNMSY2,0.0006867526924001233,0.0006867526924001233
ID_90FA7U,0.000326958639996738,0.000326958639996738
ID_X675QX,0.00021454656698250194,0.00021454656698250194
ID_5IAUIV,0.00017521553226934697,0.00017521553226934697
ID_HUVJV5,0.0006953220401458118,0.0006953220401458118
ID_PLDU8V,0.00013696939273753257,0.00013696939273753257
ID_NAL8DL,0.00014070360381049102,0.00014070360381049102
ID_JHAC5O,4.061710684161248e-05,4.061710684161248e-05
ID_APH98Z,0.00018174533569031756,0.00018174533569031756
ID_FHNDKH,0.0005573027446895123,0.0005573027446895123
ID_64A0TW,0.0009713244755015403,0.0009713244755015403
ID_ZP6A8U,0.0005376710071231075,0.0005376710071231075
ID_LTA2T4,0.0002553798718351225,0.0002553798718351225
ID_QXDAZX,0.0009713244755015403,0.0009713244755015403
ID_8F32YO,0.0009713244755015403,0.0009713244755015403
ID_0WZ4DT,0.00018881807506180177,0.00018881807506180177
ID_QJMYFP,0.00024497316965525274,0.00024497316965525274
ID_BRNJFB,0.0005096601652117085,0.0005096601652117085
ID_ZFJSZL,8.813335498795814e-05,8.813335498795814e-05
ID_GN401Z,0.0003099497237840715,0.0003099497237840715
ID_0GZD1A,0.0009032680057729823,0.0009032680057729823
ID_HUX15L,0.00021266645562277223,0.00021266645562277223
ID_W83YWB,0.00010634625751890693,0.00010634625751890693
ID_YBE59H,0.00014520405558006815,0.00014520405558006815
ID_UGYJJ1,0.00023062572741987014,0.00023062572741987014
ID_WFF4P7,0.0002553798718351225,0.0002553798718351225
ID_QO8HIH,0.0005376710071231075,0.0005376710071231075
ID_8K23T6,0.00021190404778696835,0.00021190404778696835
ID_4K41LT,0.0012969516255899993,0.0012969516255899993
ID_QZEY8Z,0.00027956243526910203,0.00027956243526910203
ID_DA24DX,0.0014912361986512955,0.0014912361986512955
ID_F4HZIQ,0.0005096601652117085,0.0005096601652117085
ID_EJQPOR,8.888879931548224e-05,8.888879931548224e-05
ID_TEZ9WM,0.0009713244755015403,0.0009713244755015403
ID_BSMYYX,0.0007772498235741344,0.0007772498235741344
ID_9UFWRG,0.0004412217735521075,0.0004412217735521075
ID_495ND2,0.0009428616605008164,0.0009428616605008164
ID_XO0E78,0.0009159750691322729,0.0009159750691322729
ID_FN7QN6,0.0006869409120159944,0.0006869409120159944
ID_KCT2EE,0.00029233965263875377,0.00029233965263875377
ID_F6IK16,0.0003575933198163839,0.0003575933198163839
ID_DST3IB,0.0002553798718351225,0.0002553798718351225
ID_AHVSYQ,0.00018881807506180177,0.00018881807506180177
ID_HO8R7K,0.0003443640596011227,0.0003443640596011227
ID_F8I9VJ,0.000883752540293564,0.000883752540293564
ID_L4Z7FR,0.0009713244755015403,0.0009713244755015403
ID_Z5ZLR0,0.0009397738094649478,0.0009397738094649478
ID_JIR3BK,0.0005247323064781991,0.0005247323064781991
ID_RWDQGP,0.0010336916940065942,0.0010336916940065942
ID_9ID54G,0.0001953081857346403,0.0001953081857346403
ID_Z0WTDF,0.0010664462745520805,0.0010664462745520805
ID_7W5KVT,0.0009032680057729823,0.0009032680057729823
ID_69Z23E,0.00026193094863076726,0.00026193094863076726
ID_OEY4YT,0.00033050200490147033,0.00033050200490147033
ID_60YB9F,0.0006340061415090193,0.0006340061415090193
ID_PYWPUB,0.0001953081857346403,0.0001953081857346403
ID_XA4WSH,0.0015847056736272673,0.0015847056736272673
ID_74JAB8,0.0009713244755015403,0.0009713244755015403
ID_3ZNQ5E,8.813335498795814e-05,8.813335498795814e-05
ID_170KNW,0.0013524312749562568,0.0013524312749562568
ID_C8C5DP,0.00026193094863076726,0.00026193094863076726
ID_EGZ2JX,0.0003953527287150181,0.0003953527287150181
ID_ZWEMTO,0.0009713244755015403,0.0009713244755015403
ID_PN64SH,0.0001953081857346403,0.0001953081857346403
ID_WQGKWB,0.0003575933198163839,0.0003575933198163839
ID_QT9D5C,0.00029371036998131303,0.00029371036998131303
ID_73YX5O,0.00031770355349062705,0.00031770355349062705
ID_PDXWIS,0.0008697649703938596,0.0008697649703938596
ID_BOEF4Q,0.0001118228463847845,0.0001118228463847845
ID_9XMKQP,9.924320831133389e-05,9.924320831133389e-05
ID_KIS1RR,0.0015921034798132084,0.0015921034798132084
ID_G4DDGB,9.219016752564112e-05,9.219016752564112e-05
ID_XVO0XE,0.0002553798718351225,0.0002553798718351225
ID_1SU765,0.0004181385992542383,0.0004181385992542383
ID_II16H0,0.00027415984817536274,0.00027415984817536274
ID_ZJDJST,0.0007149539794379034,0.0007149539794379034
ID_ITM93O,0.00011762713497457956,0.00011762713497457956
ID_ACIYGQ,0.000615349520960867,0.000615349520960867
ID_I3D2M6,0.00020629201743829003,0.00020629201743829003
ID_XPS7OD,0.00020629201743829003,0.00020629201743829003
ID_X6MHWN,0.0002806238137650439,0.0002806238137650439
ID_4H6ZU0,0.0009713244755015403,0.0009713244755015403
ID_VJRY9K,0.0009713244755015403,0.0009713244755015403
ID_JRQ0K2,0.0009032680057729823,0.0009032680057729823
ID_CVP7U0,0.00030977142603381416,0.00030977142603381416
ID_OC1T6J,0.00018056463262769394,0.00018056463262769394
ID_5BJWT7,0.0009032680057729823,0.0009032680057729823
ID_E72G1X,0.000883752540293564,0.000883752540293564
ID_A38G0Y,8.813335498795814e-05,8.813335498795814e-05
ID_Z63P61,0.0009713244755015403,0.0009713244755015403
ID_ZMXHIG,0.0009032680057729823,0.0009032680057729823
ID_80C6RQ,0.00043044670811402555,0.00043044670811402555
ID_Q02CHP,0.0009713244755015403,0.0009713244755015403
ID_K4CEJB,0.00023062572741987014,0.00023062572741987014
ID_IOMK3G,0.0009292265682486237,0.0009292265682486237
ID_N8X2DM,0.0009428616605008164,0.0009428616605008164
ID_R44Y09,0.0005247323064781991,0.0005247323064781991
ID_QHMV04,0.0009713244755015403,0.0009713244755015403
ID_2IZGEP,0.0009713244755015403,0.0009713244755015403
ID_OY9WWL,8.922887050468366e-05,8.922887050468366e-05
ID_7AMIMW,0.002280790194336771,0.002280790194336771
ID_6E9QFF,0.0005096601652117085,0.0005096601652117085
ID_PQW5VH,0.0008723793211779762,0.0008723793211779762
ID_F81GRT,0.00010634625751890693,0.00010634625751890693
ID_2P41YW,0.00017756966012569188,0.00017756966012569188
ID_LT4IZ3,0.00032229901930013556,0.00032229901930013556
ID_F16709,0.00031375033971985794,0.00031375033971985794
ID_OICH3X,0.00020753859034894958,0.00020753859034894958
ID_A7LTX0,0.0014912361986512955,0.0014912361986512955
ID_JA5369,0.00027956243526910203,0.00027956243526910203
ID_DH8BE3,0.0005247323064781991,0.0005247323064781991
ID_086L0X,0.00031770355349062705,0.00031770355349062705
ID_Z5HPTI,0.00023062572741987014,0.00023062572741987014
ID_OE1QUG,0.0009032680057729823,0.0009032680057729823
ID_9RTFXI,0.0014394982704066077,0.0014394982704066077
ID_JLIJV2,0.0005096601652117085,0.0005096601652117085
ID_JP0H9B,8.922887050468366e-05,8.922887050468366e-05
ID_BIVWYY,0.0019215645715572295,0.0019215645715572295
ID_AKLZO2,0.00029371036998131303,0.00029371036998131303
ID_NWHLNN,0.000883752540293564,0.000883752540293564
ID_JCTVHU,0.00021266645562277223,0.00021266645562277223
ID_LV7EWN,0.000694523223272738,0.000694523223272738
ID_0H0H1X,9.924320831133389e-05,9.924320831133389e-05
ID_OK3KGD,0.00026396728006740535,0.00026396728006740535
ID_XOLVVP,0.0009032680057729823,0.0009032680057729823
ID_XC1UCY,8.922887050468366e-05,8.922887050468366e-05
ID_WNRKKF,0.0009713244755015403,0.0009713244755015403
ID_CHT575,0.00021190404778696835,0.00021190404778696835
ID_IASVT4,0.0009713244755015403,0.0009713244755015403
ID_HQD8DQ,0.0009032680057729823,0.0009032680057729823
ID_WHC7HZ,0.0005096601652117085,0.0005096601652117085
ID_SP7WBC,0.00015417291171046526,0.00015417291171046526
ID_Y5TWK4,0.00030977142603381416,0.00030977142603381416
ID_VG1ZFI,0.00022114701398060773,0.00022114701398060773
ID_GL5NBY,0.00014520405558006815,0.00014520405558006815
ID_0M8ZAR,0.0009713244755015403,0.0009713244755015403
ID_WMX71G,0.00031770355349062705,0.00031770355349062705
ID_FV08L5,0.0007149539794379034,0.0007149539794379034
ID_3O27FX,0.0005596657680276733,0.0005596657680276733
ID_6V10CF,0.0011478000210277451,0.0011478000210277451
ID_PDVNE2,0.0015921034798132084,0.0015921034798132084
ID_53TEOE,0.00021190404778696835,0.00021190404778696835
ID_IDZWVW,0.0009713244755015403,0.0009713244755015403
ID_GB0OWZ,0.00021190404778696835,0.00021190404778696835
ID_P3UMEG,0.001091641241609733,0.001091641241609733
ID_ODQ1LG,0.001566990708333956,0.001566990708333956
ID_F313VZ,0.0005446033734380959,0.0005446033734380959
ID_8CSCDS,0.0002553798718351225,0.0002553798718351225
ID_4TNBZF,0.000334857345716463,0.000334857345716463
ID_4BYR7P,0.001400108254371066,0.001400108254371066
ID_T3LYCI,0.0009713244755015403,0.0009713244755015403
ID_BHZQ1G,0.0007356624900031449,0.0007356624900031449
ID_47HOMT,0.0005096601652117085,0.0005096601652117085
ID_6J0OA0,0.000802178387963723,0.000802178387963723
ID_K1APAR,0.0005096601652117085,0.0005096601652117085
ID_MHTTNO,0.0005247323064781991,0.0005247323064781991
ID_SUPIL0,0.0011712825700773773,0.0011712825700773773
ID_V9KJ8F,0.0005344929599235562,0.0005344929599235562
ID_WUKPEX,0.00036841855304965487,0.00036841855304965487
ID_7AXVF1,0.0002553798718351225,0.0002553798718351225
ID_332Y6S,0.0002553798718351225,0.0002553798718351225
ID_6Z7LIY,0.00017756966012569188,0.00017756966012569188
ID_VBBWXW,0.0002553798718351225,0.0002553798718351225
ID_PZ53IA,0.0015271888688803683,0.0015271888688803683
ID_BTQVAR,0.0003575933198163839,0.0003575933198163839
ID_SR0RDK,0.0007356624900031449,0.0007356624900031449
ID_XE2CME,0.0009713244755015403,0.0009713244755015403
ID_UWLODH,0.0009713244755015403,0.0009713244755015403
ID_T29X5H,0.00030977142603381416,0.00030977142603381416
ID_OZP07A,0.0021934430464193495,0.0021934430464193495
ID_D69JXQ,0.009170418507591998,0.009170418507591998
ID_VCTTSG,0.0003665131235395439,0.0003665131235395439
ID_6VLM19,0.00022114701398060773,0.00022114701398060773
ID_6K8DCI,0.0002343938827564955,0.0002343938827564955
ID_5F3FW3,0.0019906624801113077,0.0019906624801113077
ID_UG4L8G,0.00022291564448543124,0.00022291564448543124
ID_PMIYX1,0.0005300200840787689,0.0005300200840787689
ID_KVE8Y5,0.0006043155807334789,0.0006043155807334789
ID_TXR3M8,0.0006085097160081598,0.0006085097160081598
ID_FGU02Z,0.0005096601652117085,0.0005096601652117085
ID_SLT0Y1,0.00039133883687761205,0.00039133883687761205
ID_0Q5QSV,0.0001955391950129106,0.0001955391950129106
ID_50ELBR,0.0027787651882386706,0.0027787651882386706
ID_GQZQS4,9.219016752564112e-05,9.219016752564112e-05
ID_OQ2HIA,0.00026193094863076726,0.00026193094863076726
ID_O6E93Q,0.00020629201743829003,0.00020629201743829003
ID_HOZ3DC,0.00018204454837289534,0.00018204454837289534
ID_ELJCIV,0.0012373034845689832,0.0012373034845689832
ID_2UAKPX,0.00534976079835425,0.00534976079835425
ID_WJH6IB,0.003424780178029791,0.003424780178029791
ID_8JO374,0.0026292874310739887,0.0026292874310739887
ID_ZPTVXF,0.00024629250240496703,0.00024629250240496703
ID_ZAEIQP,0.0002803124142810928,0.0002803124142810928
ID_PBP9ZY,0.0012478234281697088,0.0012478234281697088
ID_4WJ0SO,0.00016909164756924027,0.00016909164756924027
ID_H973J5,0.00011654210576496852,0.00011654210576496852
ID_QQK6J6,0.0008812287170502756,0.0008812287170502756
ID_8CR3X0,0.00030900790946466274,0.00030900790946466274
ID_BS1PBY,9.557168610733789e-05,9.557168610733789e-05
ID_EMRG7L,0.002287848440895568,0.002287848440895568
ID_CZ1QYM,0.0016622598274889271,0.0016622598274889271
ID_OE25L3,0.003349692762301547,0.003349692762301547
ID_DSYW1S,0.0022632954877058026,0.0022632954877058026
ID_36YJHO,0.0016220519850821172,0.0016220519850821172
ID_BH8KBA,0.0014153016472065758,0.0014153016472065758
ID_DV95UI,0.00016482763813257314,0.00016482763813257314
ID_2CIKWQ,9.557168610733789e-05,9.557168610733789e-05
ID_5DHFGC,0.00035961529500157073,0.00035961529500157073
ID_AD0JB4,0.0003980560711125997,0.0003980560711125997
ID_SJB2PH,0.00027517155038213066,0.00027517155038213066
ID_Q2JGMI,0.00030900790946466274,0.00030900790946466274
ID_90Z3KA,0.0037855255452728465,0.0037855255452728465
ID_BLJT0F,0.00037002255741456336,0.00037002255741456336
ID_19LZOV,0.006239562629037332,0.006239562629037332
ID_HXU4D4,0.0003980560711125997,0.0003980560711125997
ID_PMTTW1,0.08351318191016945,0.08351318191016945
ID_F6SO3R,0.08351318191016945,0.08351318191016945
ID_NZ0L9S,0.0021497982019782545,0.0021497982019782545
ID_CO06H0,9.557168610733789e-05,9.557168610733789e-05
ID_F1SPJM,0.002061395268873068,0.002061395268873068
ID_Q2S367,0.0002803124142810928,0.0002803124142810928
ID_0A1W1B,0.00045706394547104283,0.00045706394547104283
ID_J1H455,0.0007660747707286499,0.0007660747707286499
ID_PNFU37,9.557168610733789e-05,9.557168610733789e-05
ID_X2I29Y,0.00022454769946538198,0.00022454769946538198
ID_I2EHXW,0.002456211957691008,0.002456211957691008
ID_K8D9L9,0.00016482763813257314,0.00016482763813257314
ID_XW3QM1,0.00016482763813257314,0.00016482763813257314
ID_HR6DTW,0.0014153016472065758,0.0014153016472065758
ID_J70B1Q,0.0002803124142810928,0.0002803124142810928
ID_CG7535,0.002534570247212676,0.002534570247212676
ID_BJ7RH7,0.00040027389992744754,0.00040027389992744754
ID_95B75E,0.000626104680820705,0.000626104680820705
ID_VST6U7,0.0011713891788154697,0.0011713891788154697
ID_G3ZX83,0.00019475095481771466,0.00019475095481771466
ID_OBGAY8,0.0006147145237412541,0.0006147145237412541
ID_7898T5,0.00045706394547104283,0.00045706394547104283
ID_GA55FI,0.0003428348206743216,0.0003428348206743216
ID_IP9G8X,0.000615594218222868,0.000615594218222868
ID_I1NTQJ,0.03322762749655973,0.03322762749655973
ID_J1IMQO,0.0005011478075163338,0.0005011478075163338
ID_FJY7M6,0.0002803124142810928,0.0002803124142810928
ID_XXD9VX,0.00013751718845907815,0.00013751718845907815
ID_95Y6Y3,0.0002803124142810928,0.0002803124142810928
ID_IEG8FD,0.00035961529500157073,0.00035961529500157073
ID_UUT71P,0.0015019870751465543,0.0015019870751465543
ID_ZVGYIZ,0.00024492764127819844,0.00024492764127819844
ID_GSRCHF,0.0017452710041405656,0.0017452710041405656
ID_KBNPFA,0.0003980560711125997,0.0003980560711125997
ID_K92S3H,0.0003980560711125997,0.0003980560711125997
ID_TIZ8GI,0.0005011478075163338,0.0005011478075163338
ID_43O6DO,9.557168610733789e-05,9.557168610733789e-05
ID_I69X2E,0.00011654210576496852,0.00011654210576496852
ID_IGUSKY,0.030271985487262724,0.030271985487262724
ID_IO9T8L,0.0022076352284841195,0.0022076352284841195
ID_GP1DHX,0.00030900790946466274,0.00030900790946466274
ID_6072SC,0.0003980560711125997,0.0003980560711125997
ID_60NL3S,0.0011173488817003087,0.0011173488817003087
ID_ITEO5N,0.0004336679970199277,0.0004336679970199277
ID_OYNTET,0.0011835377684555673,0.0011835377684555673
ID_D4YOQ7,0.004316493716580156,0.004316493716580156
ID_6REL2T,0.00020026926332421556,0.00020026926332421556
ID_88HS7P,0.00011654210576496852,0.00011654210576496852
ID_UST3WB,0.0011173488817003087,0.0011173488817003087
ID_ETJ0ZE,0.0003980560711125997,0.0003980560711125997
ID_7BGHTB,0.0003578480566478784,0.0003578480566478784
ID_ZDJ1XZ,9.557168610733789e-05,9.557168610733789e-05
ID_Y7ND6Y,0.00024492764127819844,0.00024492764127819844
ID_QRPH0R,0.0005764166398197429,0.0005764166398197429
ID_C01ZXM,0.00016909164756924027,0.00016909164756924027
ID_ZN6VHC,0.00011277296813188177,0.00011277296813188177
ID_3RTO71,0.00034057738824934533,0.00034057738824934533
ID_7AWBEY,0.0013609792367958698,0.0013609792367958698
ID_6OBWMT,0.0014153016472065758,0.0014153016472065758
ID_70AEKG,0.00034057738824934533,0.00034057738824934533
ID_MVQMU6,0.00040027389992744754,0.00040027389992744754
ID_XNFNA4,0.00035557127106040264,0.00035557127106040264
ID_1Y57MO,0.00011654210576496852,0.00011654210576496852
ID_GAOFDO,0.0002503055124683448,0.0002503055124683448
ID_WBEYQ0,0.0002803124142810928,0.0002803124142810928
ID_46KU2G,0.00024629250240496703,0.00024629250240496703
ID_IR8LH0,0.0005983845475392049,0.0005983845475392049
ID_S85UA7,9.557168610733789e-05,9.557168610733789e-05
ID_JI8Z14,0.0002503055124683448,0.0002503055124683448
ID_RNSP8B,0.0025173797153530265,0.0025173797153530265
ID_4GRPQ9,0.0016622598274889271,0.0016622598274889271
ID_8JTFNT,0.00024492764127819844,0.00024492764127819844
ID_2TMUS6,0.0002803124142810928,0.0002803124142810928
ID_UBIINM,0.00018204454837289534,0.00018204454837289534
ID_TFLD6S,0.00011654210576496852,0.00011654210576496852
ID_ESYJ2B,0.00034057738824934533,0.00034057738824934533
ID_KNDB9Y,0.0003371386463631154,0.0003371386463631154
ID_KBMX7S,0.0002803124142810928,0.0002803124142810928
ID_UFWO9L,0.0011173488817003087,0.0011173488817003087
ID_LFO2EU,0.00011654210576496852,0.00011654210576496852
ID_2ZBL24,0.00011277296813188177,0.00011277296813188177
ID_2WWX3O,0.00019475095481771466,0.00019475095481771466
ID_L9N1KK,0.0011173488817003087,0.0011173488817003087
ID_MFBDFI,9.557168610733789e-05,9.557168610733789e-05
ID_FSYPFJ,0.006518156334721531,0.006518156334721531
ID_7DOBZ7,0.005353176930162993,0.005353176930162993
ID_C6D32M,0.020070860650068873,0.020070860650068873
ID_UZW285,0.007197668155958913,0.007197668155958913
ID_5BJBQN,0.0053563614403359765,0.0053563614403359765
ID_IIL1YE,0.007300746412153608,0.007300746412153608
ID_35Q4VL,0.006985879038855677,0.006985879038855677
ID_0D8BV7,0.005353176930162993,0.005353176930162993
ID_F1CKKX,0.0027976208396218224,0.0027976208396218224
ID_NWINB1,0.06691378916263746,0.06691378916263746
ID_M3FL8L,0.005397402839325473,0.005397402839325473
ID_2L800L,0.017760311982499107,0.017760311982499107
ID_WE66R6,0.007300746412153608,0.007300746412153608
ID_3P9NV3,0.007300746412153608,0.007300746412153608
ID_GV31Z2,0.10444574922983513,0.10444574922983513
ID_JF5PXT,0.040444717039094094,0.040444717039094094
ID_DHMWLG,0.005353176930162993,0.005353176930162993
ID_6UCW4P,0.009026315702733734,0.009026315702733734
ID_YA5S91,0.009613128148540496,0.009613128148540496
ID_8IPOB2,0.00403463459622851,0.00403463459622851
ID_13CYF8,0.03062601556119281,0.03062601556119281
ID_MHUXYA,0.011643900361797986,0.011643900361797986
ID_QAMSN8,0.0039534123816916044,0.0039534123816916044
ID_4QEJQO,0.005475071884939438,0.005475071884939438
ID_AESDDG,0.007468843901450148,0.007468843901450148
ID_9Z1OH9,0.0036881378230997092,0.0036881378230997092
ID_AG8V7R,0.009613128148540496,0.009613128148540496
ID_W6WUS8,0.005475071884939438,0.005475071884939438
ID_M5OV7R,0.005040085911854246,0.005040085911854246
ID_OQBR7N,0.021256610129641293,0.021256610129641293
ID_VYAECN,0.04398869960684026,0.04398869960684026
ID_26AKFY,0.034953367559704095,0.034953367559704095
ID_VQGG2L,0.011643900361797986,0.011643900361797986
ID_Z2H98N,0.00946637594944194,0.00946637594944194
ID_DMNH7M,0.010645074504238995,0.010645074504238995
ID_BGOJK7,0.00946637594944194,0.00946637594944194
ID_7R8S23,0.01062873045204787,0.01062873045204787
ID_MQO3VY,0.00946637594944194,0.00946637594944194
ID_O51O42,0.010645074504238995,0.010645074504238995
ID_4ISUVM,0.00946637594944194,0.00946637594944194
ID_PGEE11,0.006208059920223505,0.006208059920223505
ID_I5VRO5,0.004908041705252241,0.004908041705252241
ID_T0N43N,0.00379814879980262,0.00379814879980262
ID_15F3L2,0.0293667342691906,0.0293667342691906
ID_MYJQBV,0.06705966413266114,0.06705966413266114
ID_SIXKWK,0.011106835112761615,0.011106835112761615
ID_R062SB,0.005264114291812173,0.005264114291812173
ID_JQMJO8,0.006575423925031187,0.006575423925031187
ID_N1KQ0P,0.034953367559704095,0.034953367559704095
ID_17EH3F,0.009613128148540496,0.009613128148540496
ID_WHQS9J,0.0038627268116354836,0.0038627268116354836
ID_E9MYEG,0.01062873045204787,0.01062873045204787
ID_P4VAZC,0.007959897499652294,0.007959897499652294
ID_8EUWNU,0.005245303527231271,0.005245303527231271
ID_S5TAQL,0.004963892918814524,0.004963892918814524
ID_0S0PVH,0.009613128148540496,0.009613128148540496
ID_HKCU5C,0.04799227163042932,0.04799227163042932
ID_9SXKX7,0.009613128148540496,0.009613128148540496
ID_CAC8HA,0.009026315702733734,0.009026315702733734
ID_LTTNP4,0.005473094724071359,0.005473094724071359
ID_8Y6GYA,0.010164680661552466,0.010164680661552466
ID_JAHUY4,0.009613128148540496,0.009613128148540496
ID_7WRXP5,0.005475071884939438,0.005475071884939438
ID_E6FGS1,0.0438398038054551,0.0438398038054551
ID_J23PY3,0.040444717039094094,0.040444717039094094
ID_I8EM0Z,0.02489799327045548,0.02489799327045548
ID_M0AGW7,0.0058824502116589395,0.0058824502116589395
ID_FM2PGK,0.008827908992104646,0.008827908992104646
ID_WR1UYY,0.012543593925027933,0.012543593925027933
ID_G2J9TV,0.0438398038054551,0.0438398038054551
ID_XCOLR8,0.004997255612655357,0.004997255612655357
ID_9J6DPQ,0.009613128148540496,0.009613128148540496
ID_X6MXTF,0.005475071884939438,0.005475071884939438
ID_YFL07C,0.005475071884939438,0.005475071884939438
ID_BCF7Y5,0.05932741087854957,0.05932741087854957
ID_WW13YS,0.006722107438281858,0.006722107438281858
ID_DEQONK,0.005040085911854246,0.005040085911854246
ID_8NIMUF,0.062390306939857004,0.062390306939857004
ID_AN1U1Q,0.00795267169390263,0.00795267169390263
ID_SYTJK4,0.022314190634870005,0.022314190634870005
ID_GE0PML,0.003947572013703565,0.003947572013703565
ID_2HISEV,0.0052147485850619,0.0052147485850619
ID_MDD7FZ,0.006518156334721531,0.006518156334721531
ID_FQNAWD,0.0077899027687753685,0.0077899027687753685
ID_FVWFLK,0.0187795410358117,0.0187795410358117
ID_ADU6RR,0.008009727417253617,0.008009727417253617
ID_XH1LC3,0.00684149497615615,0.00684149497615615
ID_P98LKD,0.0048523485002522565,0.0048523485002522565
ID_9OMVON,0.034953367559704095,0.034953367559704095
ID_FKYCE5,0.038938955828704325,0.038938955828704325
ID_V3YM6S,0.005942891958083151,0.005942891958083151
ID_HRFMYC,0.007228679184571511,0.007228679184571511
ID_D088YD,0.007385030579818102,0.007385030579818102
ID_CLQ4CW,0.00606820064566981,0.00606820064566981
ID_RL7E2I,0.009613128148540496,0.009613128148540496
ID_VK25IA,0.049564957843756106,0.049564957843756106
ID_RN5N5F,0.003756836362240613,0.003756836362240613
ID_5TLZMB,0.009014347720046851,0.009014347720046851
ID_7OSIUD,0.006208059920223505,0.006208059920223505
ID_MZPJPB,0.038938955828704325,0.038938955828704325
ID_1QMC23,0.007468843901450148,0.007468843901450148
ID_HE9HVL,0.0187795410358117,0.0187795410358117
ID_H2IQKE,0.011106835112761615,0.011106835112761615
ID_YHLHJU,0.005040085911854246,0.005040085911854246
ID_5QLFQX,0.005397402839325473,0.005397402839325473
ID_8XAE26,0.15162197002530406,0.15162197002530406
ID_4OPMF7,0.0049794320303326,0.0049794320303326
ID_N4FQXD,0.004794657171676415,0.004794657171676415
ID_BLEVN1,0.00684149497615615,0.00684149497615615
ID_LHUDOH,0.011748801491628881,0.011748801491628881
ID_OKOAZY,0.006939799623872536,0.006939799623872536
ID_E57G26,0.0051506582140703385,0.0051506582140703385
ID_2STV22,0.06111302356267051,0.06111302356267051
ID_7UZ55C,0.006695487391888034,0.006695487391888034
ID_DD2PDS,0.010604423112194745,0.010604423112194745
ID_KDHH6J,0.00403463459622851,0.00403463459622851
ID_A7UKVZ,0.0410379465937808,0.0410379465937808
ID_663PZ9,0.01062873045204787,0.01062873045204787
ID_URF0I1,0.02832052874154378,0.02832052874154378
ID_4N5TQ6,0.006939799623872536,0.006939799623872536
ID_60ZK2I,0.004963892918814524,0.004963892918814524
ID_QC43VZ,0.04799227163042932,0.04799227163042932
ID_13U1NY,0.009026315702733734,0.009026315702733734
ID_1VBX12,0.006206799115764299,0.006206799115764299
ID_7HH53L,0.006939799623872536,0.006939799623872536
ID_O7C7KQ,0.00403463459622851,0.00403463459622851
ID_G5JSBH,0.007324357895912847,0.007324357895912847
ID_VKKIH3,0.007837562104211316,0.007837562104211316
ID_665YVK,0.0049794320303326,0.0049794320303326
ID_I3WYPK,0.004794657171676415,0.004794657171676415
ID_UVJVQX,0.04799227163042932,0.04799227163042932
ID_574Q8E,0.022314190634870005,0.022314190634870005
ID_L6LXEE,0.038938955828704325,0.038938955828704325
ID_74MOYS,0.007869799064694937,0.007869799064694937
ID_N6IRKL,0.022314190634870005,0.022314190634870005
ID_3F60LX,0.01279917457703663,0.01279917457703663
ID_D6GTQM,0.019648598047978656,0.019648598047978656
ID_28MU6X,0.009613128148540496,0.009613128148540496
ID_4EA27V,0.005475071884939438,0.005475071884939438
ID_JMKVHA,0.005245303527231271,0.005245303527231271
ID_T8PROT,0.007468843901450148,0.007468843901450148
ID_KFZT1Z,0.06570743718697301,0.06570743718697301
ID_1L92EP,0.013173510306804337,0.013173510306804337
ID_D16TQ3,0.005353176930162993,0.005353176930162993
ID_4KJBXU,0.00379814879980262,0.00379814879980262
ID_HAGZ8S,0.00896398437727444,0.00896398437727444
ID_BZOPQK,0.004902078884474033,0.004902078884474033
ID_83J5WV,0.010604423112194745,0.010604423112194745
ID_2WYS02,0.00905454897503962,0.00905454897503962
ID_OHLMK5,0.10189023157485921,0.10189023157485921
ID_TENL85,0.006722107438281858,0.006722107438281858
ID_BIVD7V,0.006208059920223505,0.006208059920223505
ID_J28DNK,0.004812539292071817,0.004812539292071817
ID_BWIO8Z,0.004902078884474033,0.004902078884474033
ID_OCWO27,0.003889532065258743,0.003889532065258743
ID_IGHXNY,0.010348077264529715,0.010348077264529715
ID_LIIIBA,0.3067126446015932,0.3067126446015932
ID_1PO93P,0.00379814879980262,0.00379814879980262
ID_JS0FD0,0.0065446791426273295,0.0065446791426273295
ID_4YQUG6,0.01440016236168391,0.01440016236168391
ID_GGCNVE,0.02348943752420887,0.02348943752420887
ID_4MU095,0.038938955828704325,0.038938955828704325
ID_CF2J5G,0.040444717039094094,0.040444717039094094
ID_69KUSA,0.003963872838293739,0.003963872838293739
ID_47WWSO,0.009026315702733734,0.009026315702733734
ID_8EMU7E,0.009026315702733734,0.009026315702733734
ID_SSSQEE,0.018915222268722342,0.018915222268722342
ID_NC40LD,0.01378776424223193,0.01378776424223193
ID_RXX5K6,0.0035389419371332246,0.0035389419371332246
ID_O60MXV,0.006937444922045012,0.006937444922045012
ID_OG238E,0.003947572013703565,0.003947572013703565
ID_VA27BH,0.0064060648204331385,0.0064060648204331385
ID_5GVW6U,0.021256610129641293,0.021256610129641293
ID_74LR12,0.038910176164935736,0.038910176164935736
ID_345SCW,0.006518156334721531,0.006518156334721531
ID_AYT8DU,0.005112566996508427,0.005112566996508427
ID_XW5DPZ,0.0052369264590943695,0.0052369264590943695
ID_4IB9N7,0.0038627268116354836,0.0038627268116354836
ID_270DJ8,0.010105052687820831,0.010105052687820831
ID_NSAKGY,0.012543593925027933,0.012543593925027933
ID_1PTB19,0.005397402839325473,0.005397402839325473
ID_RDTW4J,0.007669753099895787,0.007669753099895787
ID_R8D4HS,0.005353176930162993,0.005353176930162993
ID_UF3LOQ,0.06705966413266114,0.06705966413266114
ID_AZRY44,0.005397402839325473,0.005397402839325473
ID_2KRTKC,0.0036233961299603035,0.0036233961299603035
ID_ISJZ5E,0.0038095096670861892,0.0038095096670861892
ID_DB3FQ6,0.0038095096670861892,0.0038095096670861892
ID_55KL6G,0.0038095096670861892,0.0038095096670861892
ID_X7RL40,0.0019005405924115053,0.0019005405924115053
ID_38TR4Q,0.0036602031719896186,0.0036602031719896186
ID_L8T6ZB,0.0036939173493563517,0.0036939173493563517
ID_D1SBOO,0.0028466451492891584,0.0028466451492891584
ID_83M5MJ,0.0038095096670861892,0.0038095096670861892
ID_XOU76K,0.0028466451492891584,0.0028466451492891584
ID_IWZ84Z,0.00209647657824767,0.00209647657824767
