ID,Target_07_AUC,Target_90_AUC,Target_120_AUC,Target_07_LogLoss,Target_90_LogLoss,Target_120_LogLoss
ID_LEG1GM,0.033452239981902436,0.016187380779637335,0.012963512228709438,0.033452239981902436,0.016187380779637335,0.012963512228709438
ID_1UKOKW,0.03539986725573976,0.03243694370808552,0.03663239003125305,0.03539986725573976,0.03243694370808552,0.03663239003125305
ID_U5H2YK,0.2449114482642147,0.4186221684935677,0.5302469891871717,0.2449114482642147,0.4186221684935677,0.5302469891871717
ID_55957A,0.22817136655679462,0.415105877672476,0.5291260596596445,0.22817136655679462,0.415105877672476,0.5291260596596445
ID_N1AC0A,0.03304224693191833,0.012914342518804547,0.012910319356682479,0.03304224693191833,0.012914342518804547,0.012910319356682479
ID_4R3SGT,0.03334319785611282,0.026596361242779077,0.035694176908001536,0.03334319785611282,0.026596361242779077,0.035694176908001536
ID_NVW38U,0.1242645112748185,0.33161427812498356,0.1771758335530178,0.1242645112748185,0.33161427812498356,0.1771758335530178
ID_15LAWX,0.033452239981902436,0.016187380779637335,0.012963512228709438,0.033452239981902436,0.016187380779637335,0.012963512228709438
ID_DPNOLZ,0.037308961323675977,0.019542235342014942,0.049552671629734396,0.037308961323675977,0.019542235342014942,0.049552671629734396
ID_GXO4MZ,0.03334319785611282,0.02845589188311397,0.03445528143137638,0.03334319785611282,0.02845589188311397,0.03445528143137638
ID_TWJ95S,0.037308961323675977,0.019542235342014942,0.049552671629734396,0.037308961323675977,0.019542235342014942,0.049552671629734396
ID_F6RQR5,0.03304224693191833,0.012921548157339665,0.012910319356682479,0.03304224693191833,0.012921548157339665,0.012910319356682479
ID_OD0S5Q,0.22958054505828288,0.47099608746732113,0.554390147604072,0.22958054505828288,0.47099608746732113,0.554390147604072
ID_L4DEEY,0.0907412774600818,0.1262460882180539,0.3825379799193347,0.0907412774600818,0.1262460882180539,0.3825379799193347
ID_H0WWMP,0.03334319785611282,0.026596361242779077,0.035694176908001536,0.03334319785611282,0.026596361242779077,0.035694176908001536
ID_NK0GGQ,0.03304224693191833,0.012914342518804547,0.012910319356682479,0.03304224693191833,0.012914342518804547,0.012910319356682479
ID_C3E07L,0.0344950902691338,0.020411955579810404,0.04559436143875527,0.0344950902691338,0.020411955579810404,0.04559436143875527
ID_8ZHOIS,0.033452239981902436,0.016187380779637335,0.012963512228709438,0.033452239981902436,0.016187380779637335,0.012963512228709438
ID_WEM7E6,0.18014578397190145,0.3487238930958916,0.7295826113468462,0.18014578397190145,0.3487238930958916,0.7295826113468462
ID_EI276D,0.1242645112748185,0.33161427812498356,0.1771758335530178,0.1242645112748185,0.33161427812498356,0.1771758335530178
ID_WY9YFZ,0.03334319785611282,0.026696664858056208,0.034693465207555355,0.03334319785611282,0.026696664858056208,0.034693465207555355
ID_VGITCI,0.037308961323675977,0.019542235342014942,0.049552671629734396,0.037308961323675977,0.019542235342014942,0.049552671629734396
ID_NHFYZX,0.03304224693191833,0.012921548157339665,0.012910319356682479,0.03304224693191833,0.012921548157339665,0.012910319356682479
ID_PZPP2T,0.03334319785611282,0.026703275067311308,0.035792819215374284,0.03334319785611282,0.026703275067311308,0.035792819215374284
ID_YSGK3Y,0.03304224693191833,0.012914342518804547,0.012910319356682479,0.03304224693191833,0.012914342518804547,0.012910319356682479
ID_RT29AK,0.03539986725573976,0.03127835436814851,0.03562637111270403,0.03539986725573976,0.03127835436814851,0.03562637111270403
ID_AUK2TM,0.24568673616241066,0.47524887976469676,0.5555652666676864,0.24568673616241066,0.47524887976469676,0.5555652666676864
ID_QZA91L,0.2530096057857112,0.49042018215391225,0.5378100602394635,0.2530096057857112,0.49042018215391225,0.5378100602394635
ID_CWTE3D,0.1283048517103158,0.3026446792694355,0.14304851769097254,0.1283048517103158,0.3026446792694355,0.14304851769097254
ID_E04V5D,0.03304224693191833,0.012921548157339665,0.012910319356682479,0.03304224693191833,0.012921548157339665,0.012910319356682479
ID_XTGV9Y,0.033452239981902436,0.016187380779637335,0.012963512228709438,0.033452239981902436,0.016187380779637335,0.012963512228709438
ID_ADLLTR,0.033452239981902436,0.016187380779637335,0.012963512228709438,0.033452239981902436,0.016187380779637335,0.012963512228709438
ID_938PPA,0.033452239981902436,0.016187380779637335,0.012963512228709438,0.033452239981902436,0.016187380779637335,0.012963512228709438
ID_68PA5Q,0.033452239981902436,0.016187380779637335,0.012963512228709438,0.033452239981902436,0.016187380779637335,0.012963512228709438
ID_EJJIM0,0.03334319785611282,0.026596361242779077,0.035694176908001536,0.03334319785611282,0.026596361242779077,0.035694176908001536
ID_9EEUE8,0.03539986725573976,0.031355276036496176,0.03507195756300287,0.03539986725573976,0.031355276036496176,0.03507195756300287
ID_EZ948R,0.16458230143978353,0.5190579546243977,0.7753816291312934,0.16458230143978353,0.5190579546243977,0.7753816291312934
ID_E0HFQZ,0.03304224693191833,0.012763534051448096,0.012794009247593966,0.03304224693191833,0.012763534051448096,0.012794009247593966
ID_KGXIB9,0.08137172811448441,0.051061748106416914,0.20364605635562855,0.08137172811448441,0.051061748106416914,0.20364605635562855
ID_ZXY6XK,0.03304224693191833,0.012914342518804547,0.012910319356682479,0.03304224693191833,0.012914342518804547,0.012910319356682479
ID_TEKWLH,0.03539986725573976,0.02998706732317329,0.03523840566567312,0.03539986725573976,0.02998706732317329,0.03523840566567312
ID_BWUBOA,0.03489857513348685,0.013361450038281755,0.012928674100087117,0.03489857513348685,0.013361450038281755,0.012928674100087117
ID_0KPGAQ,0.03489857513348685,0.014126452942065305,0.013411823627493848,0.03489857513348685,0.014126452942065305,0.013411823627493848
ID_3LJO3C,0.03334319785611282,0.027034233093831555,0.03573478963391323,0.03334319785611282,0.027034233093831555,0.03573478963391323
ID_WRG2RD,0.03334319785611282,0.026543930107862,0.03709018197138121,0.03334319785611282,0.026543930107862,0.03709018197138121
ID_4K4IHE,0.03304224693191833,0.013061783380615226,0.012522246369826982,0.03304224693191833,0.013061783380615226,0.012522246369826982
ID_U9Z9PF,0.033452239981902436,0.0160299132920868,0.012963512228709438,0.033452239981902436,0.0160299132920868,0.012963512228709438
ID_HX6A7Q,0.24568673616241066,0.4726501716993707,0.5555652666676864,0.24568673616241066,0.4726501716993707,0.5555652666676864
ID_CB9JIH,0.1242645112748185,0.3346108173467118,0.1771758335530178,0.1242645112748185,0.3346108173467118,0.1771758335530178
ID_HP3OJC,0.1242645112748185,0.33161427812498356,0.1771758335530178,0.1242645112748185,0.33161427812498356,0.1771758335530178
ID_15CTIR,0.24568673616241066,0.4744414552539472,0.5495268944044325,0.24568673616241066,0.4744414552539472,0.5495268944044325
ID_A7QLXN,0.03334319785611282,0.02845589188311397,0.03445528143137638,0.03334319785611282,0.02845589188311397,0.03445528143137638
ID_97B102,0.07886674490144649,0.10630908423275616,0.37569658028882114,0.07886674490144649,0.10630908423275616,0.37569658028882114
ID_2JV0A5,0.4608100345859228,0.42428725060381134,0.3884981350632376,0.4608100345859228,0.42428725060381134,0.3884981350632376
ID_4BHS4D,0.08794166167031017,0.05920327340242551,0.2053318838786002,0.08794166167031017,0.05920327340242551,0.2053318838786002
ID_475FQ7,0.03334319785611282,0.02703276654001061,0.03513976335830037,0.03334319785611282,0.02703276654001061,0.03513976335830037
ID_OOU6SR,0.03334319785611282,0.026596361242779077,0.035694176908001536,0.03334319785611282,0.026596361242779077,0.035694176908001536
ID_K9F2L9,0.03334319785611282,0.0271333933682172,0.03417647998306637,0.03334319785611282,0.0271333933682172,0.03417647998306637
ID_HVXRWN,0.08794166167031017,0.05920327340242551,0.2053318838786002,0.08794166167031017,0.05920327340242551,0.2053318838786002
ID_OD84X2,0.1242645112748185,0.33161427812498356,0.1771758335530178,0.1242645112748185,0.33161427812498356,0.1771758335530178
ID_S015G9,0.03304224693191833,0.012921548157339665,0.012910319356682479,0.03304224693191833,0.012921548157339665,0.012910319356682479
ID_SV5TAT,0.22200700238628937,0.37806262379794864,0.5277921136104178,0.22200700238628937,0.37806262379794864,0.5277921136104178
ID_CDCTHP,0.03334319785611282,0.026543930107862,0.03709018197138121,0.03334319785611282,0.026543930107862,0.03709018197138121
ID_AROTJX,0.03489857513348685,0.013722383987993064,0.01297792830070322,0.03489857513348685,0.013722383987993064,0.01297792830070322
ID_EHAJ1K,0.372950759385124,0.8948594803105477,0.9243061604288618,0.372950759385124,0.8948594803105477,0.9243061604288618
ID_IEX25G,0.03334319785611282,0.027034233093831555,0.03573478963391323,0.03334319785611282,0.027034233093831555,0.03573478963391323
ID_W88WIY,0.03539986725573976,0.031457298983394,0.03663239003125305,0.03539986725573976,0.031457298983394,0.03663239003125305
ID_J6RJJ3,0.1242645112748185,0.33161427812498356,0.1771758335530178,0.1242645112748185,0.33161427812498356,0.1771758335530178
ID_HXXXEO,0.03334319785611282,0.026596361242779077,0.035694176908001536,0.03334319785611282,0.026596361242779077,0.035694176908001536
ID_X4RW56,0.09889283653831592,0.13003054778703554,0.3837366275562424,0.09889283653831592,0.13003054778703554,0.3837366275562424
ID_R34IVE,0.41386213609076355,0.34215330875277444,0.31615630458452465,0.41386213609076355,0.34215330875277444,0.31615630458452465
ID_42HTPO,0.037308961323675977,0.019586025841572173,0.05045729780982518,0.037308961323675977,0.019586025841572173,0.05045729780982518
ID_S29RDB,0.03304224693191833,0.012914342518804547,0.012910319356682479,0.03304224693191833,0.012914342518804547,0.012910319356682479
ID_D92BW9,0.03334319785611282,0.026596361242779077,0.035694176908001536,0.03334319785611282,0.026596361242779077,0.035694176908001536
ID_LM303R,0.033452239981902436,0.016062301852172438,0.012708209189072702,0.033452239981902436,0.016062301852172438,0.012708209189072702
ID_9D1349,0.08137172811448441,0.051061748106416914,0.20364605635562855,0.08137172811448441,0.051061748106416914,0.20364605635562855
ID_YXYTNR,0.09889283653831592,0.1351947843271093,0.3837366275562424,0.09889283653831592,0.1351947843271093,0.3837366275562424
ID_LGBT94,0.1242645112748185,0.33161427812498356,0.1771758335530178,0.1242645112748185,0.33161427812498356,0.1771758335530178
ID_F5D4F1,0.03304224693191833,0.012921548157339665,0.012910319356682479,0.03304224693191833,0.012921548157339665,0.012910319356682479
ID_LCRAB6,0.07584831650584006,0.03961535251655391,0.18842401820318347,0.07584831650584006,0.03961535251655391,0.18842401820318347
ID_2S8CNZ,0.03489857513348685,0.013354394794112566,0.01393341381412995,0.03489857513348685,0.013354394794112566,0.01393341381412995
ID_1SGSZE,0.03304224693191833,0.012919555587958525,0.01297792830070322,0.03304224693191833,0.012919555587958525,0.01297792830070322
ID_KKBQQS,0.2617274901519241,0.6812276104463543,0.6956959425994764,0.2617274901519241,0.6812276104463543,0.6956959425994764
ID_XMDQ0Y,0.033405010150043886,0.01004990197839889,0.015179557795438836,0.033405010150043886,0.01004990197839889,0.015179557795438836
ID_J1LSS5,0.033405010150043886,0.01004990197839889,0.014864614610149372,0.033405010150043886,0.01004990197839889,0.014864614610149372
ID_UKASHO,0.033405010150043886,0.01004221946671079,0.01492618641401673,0.033405010150043886,0.01004221946671079,0.01492618641401673
ID_3RTT5L,0.8520553499958115,0.4653538430944979,0.4406295408569179,0.8520553499958115,0.4653538430944979,0.4406295408569179
ID_HWGAEQ,0.033405010150043886,0.010110340441917349,0.014685923723207183,0.033405010150043886,0.010110340441917349,0.014685923723207183
ID_U0LN1Z,0.827838072918606,0.5035195123062295,0.4275232621876935,0.827838072918606,0.5035195123062295,0.4275232621876935
ID_XCBXS7,0.8383640031862407,0.4635417573410289,0.4147586062306531,0.8383640031862407,0.4635417573410289,0.4147586062306531
ID_YFDC0M,0.033405010150043886,0.010189269811420421,0.01500764760092412,0.033405010150043886,0.010189269811420421,0.01500764760092412
ID_RCNWC6,0.8509020837152987,0.49625188536717035,0.4680030862524383,0.8509020837152987,0.49625188536717035,0.4680030862524383
ID_671WLE,0.8413351943217932,0.4630996759986323,0.4295529126792182,0.8413351943217932,0.4630996759986323,0.4295529126792182
ID_JXJ5V1,0.03348094749448393,0.01054661962821812,0.015320489691452515,0.03348094749448393,0.01054661962821812,0.015320489691452515
ID_QMT9FM,0.8516455473692386,0.4899651660010228,0.4680030862524383,0.8516455473692386,0.4899651660010228,0.4680030862524383
ID_VUL81Z,0.03348094749448393,0.012576410841752962,0.016147984800033703,0.03348094749448393,0.012576410841752962,0.016147984800033703
ID_MRZSZ3,0.03348094749448393,0.010695364240925716,0.015252903397553233,0.03348094749448393,0.010695364240925716,0.015252903397553233
ID_8HVUID,0.033405010150043886,0.010695747707929918,0.01500764760092412,0.033405010150043886,0.010695747707929918,0.01500764760092412
ID_3410TA,0.03348094749448393,0.01061614342241184,0.014754132145196913,0.03348094749448393,0.01061614342241184,0.014754132145196913
ID_ETZB50,0.033405010150043886,0.009977911531540436,0.014435171224251551,0.033405010150043886,0.009977911531540436,0.014435171224251551
ID_C19QG9,0.033405010150043886,0.010110340441917349,0.014685923723207183,0.033405010150043886,0.010110340441917349,0.014685923723207183
ID_L44KDR,0.033405010150043886,0.009977911531540436,0.014685923723207183,0.033405010150043886,0.009977911531540436,0.014685923723207183
ID_4DI6LA,0.033405010150043886,0.009977911531540436,0.014982103067611953,0.033405010150043886,0.009977911531540436,0.014982103067611953
ID_MLY1IW,0.033405010150043886,0.010126288360861962,0.014933272903062947,0.033405010150043886,0.010126288360861962,0.014933272903062947
ID_93HGEN,0.8412767779051082,0.5518129828560012,0.45853540627462136,0.8412767779051082,0.5518129828560012,0.45853540627462136
ID_LIHISF,0.03348094749448393,0.011185624676685133,0.015481017045658406,0.03348094749448393,0.011185624676685133,0.015481017045658406
ID_WE6D86,0.033405010150043886,0.009977911531540436,0.014722018189366732,0.033405010150043886,0.009977911531540436,0.014722018189366732
ID_GPFY9L,0.03348094749448393,0.0114319169233737,0.015464007426771132,0.03348094749448393,0.0114319169233737,0.015464007426771132
ID_RODTO0,0.033405010150043886,0.01004990197839889,0.014864614610149372,0.033405010150043886,0.01004990197839889,0.014864614610149372
ID_RX87BE,0.033405010150043886,0.010110340441917349,0.014685923723207183,0.033405010150043886,0.010110340441917349,0.014685923723207183
ID_38DTWE,0.03348094749448393,0.011258412849416947,0.015639380917425522,0.03348094749448393,0.011258412849416947,0.015639380917425522
ID_OZURHC,0.03593086477113482,0.01179191223958667,0.018248053677207624,0.03593086477113482,0.01179191223958667,0.018248053677207624
ID_C837CJ,0.033405010150043886,0.009909790556333873,0.015243988265435233,0.033405010150043886,0.009909790556333873,0.015243988265435233
ID_P91IX6,0.033405010150043886,0.010110340441917349,0.014685923723207183,0.033405010150043886,0.010110340441917349,0.014685923723207183
ID_8NF6B2,0.033405010150043886,0.01004990197839889,0.014603382287552168,0.033405010150043886,0.01004990197839889,0.014603382287552168
ID_4TNPPX,0.03348094749448393,0.011294125510909511,0.015131833236787396,0.03348094749448393,0.011294125510909511,0.015131833236787396
ID_B3KWIH,0.033405010150043886,0.009977911531540436,0.014685923723207183,0.033405010150043886,0.009977911531540436,0.014685923723207183
ID_SG931P,0.033405010150043886,0.010058167385655403,0.01519355872159249,0.033405010150043886,0.010058167385655403,0.01519355872159249
ID_BEPICH,0.033405010150043886,0.010475132643549954,0.014685923723207183,0.033405010150043886,0.010475132643549954,0.014685923723207183
ID_08XJFG,0.033405010150043886,0.010058167385655403,0.01519355872159249,0.033405010150043886,0.010058167385655403,0.01519355872159249
ID_D3YDST,0.03348094749448393,0.011862451738953329,0.016845506133260787,0.03348094749448393,0.011862451738953329,0.016845506133260787
ID_I6YHZD,0.03348094749448393,0.011362393129179985,0.015718258266941745,0.03348094749448393,0.011362393129179985,0.015718258266941745
ID_85J874,0.033405010150043886,0.010058167385655403,0.015536775391527155,0.033405010150043886,0.010058167385655403,0.015536775391527155
ID_VQEIBY,0.033405010150043886,0.010058167385655403,0.01519355872159249,0.033405010150043886,0.010058167385655403,0.01519355872159249
ID_0JQSZK,0.033405010150043886,0.010615753975702642,0.014808140345370343,0.033405010150043886,0.010615753975702642,0.014808140345370343
ID_JIDZNT,0.033405010150043886,0.010050493605517765,0.015054968834467731,0.033405010150043886,0.010050493605517765,0.015054968834467731
ID_15PDE4,0.03348094749448393,0.012117831925448873,0.016222395218816788,0.03348094749448393,0.012117831925448873,0.016222395218816788
ID_PKN25B,0.03379013078599846,0.010524901450893442,0.013270396386979869,0.03379013078599846,0.010524901450893442,0.013270396386979869
ID_D5RQPV,0.036494213078809255,0.012157471690611606,0.01884125595388171,0.036494213078809255,0.012157471690611606,0.01884125595388171
ID_0QRDVL,0.033405010150043886,0.01048083366470557,0.015224900514792849,0.033405010150043886,0.01048083366470557,0.015224900514792849
ID_LCBLI1,0.03379013078599846,0.011155551585544415,0.013270396386979869,0.03379013078599846,0.011155551585544415,0.013270396386979869
ID_RC9RKR,0.03377911239631651,0.01201935875789269,0.01838678463560509,0.03377911239631651,0.01201935875789269,0.01838678463560509
ID_HFEO8Z,0.033405010150043886,0.010749539666132249,0.015613559669609502,0.033405010150043886,0.010749539666132249,0.015613559669609502
ID_EFQEXF,0.03377911239631651,0.012016748921219539,0.018000840542301336,0.03377911239631651,0.012016748921219539,0.018000840542301336
ID_9UK4KJ,0.03379013078599846,0.011663039753707324,0.013270396386979869,0.03379013078599846,0.011663039753707324,0.013270396386979869
ID_VEMXQ2,0.03379013078599846,0.01102069208480125,0.013384599000830544,0.03379013078599846,0.01102069208480125,0.013384599000830544
ID_VGN8QR,0.03379013078599846,0.011663039753707324,0.013270396386979869,0.03379013078599846,0.011663039753707324,0.013270396386979869
ID_04QBJK,0.033405010150043886,0.010954342497147197,0.015334224400517868,0.033405010150043886,0.010954342497147197,0.015334224400517868
ID_M6902J,0.033405010150043886,0.010572085177220324,0.015685250945792782,0.033405010150043886,0.010572085177220324,0.015685250945792782
ID_5662X6,0.03377911239631651,0.012688036177344385,0.01838678463560509,0.03377911239631651,0.012688036177344385,0.01838678463560509
ID_EMVPFU,0.03379013078599846,0.010524901450893442,0.013270396386979869,0.03379013078599846,0.010524901450893442,0.013270396386979869
ID_7KALEL,0.07350998686197775,0.06774046321329322,0.15605431858203783,0.07350998686197775,0.06774046321329322,0.15605431858203783
ID_8APH0Q,0.03379013078599846,0.010904411966602223,0.013134076382823117,0.03379013078599846,0.010904411966602223,0.013134076382823117
ID_KR985R,0.03379013078599846,0.011024227740284694,0.013270396386979869,0.03379013078599846,0.011024227740284694,0.013270396386979869
ID_87YV3I,0.03379013078599846,0.011024227740284694,0.013270396386979869,0.03379013078599846,0.011024227740284694,0.013270396386979869
ID_TR8ASA,0.033405010150043886,0.010749539666132249,0.015613559669609502,0.033405010150043886,0.010749539666132249,0.015613559669609502
ID_MCNRLY,0.03379013078599846,0.010518574452860793,0.013918319588490305,0.03379013078599846,0.010518574452860793,0.013918319588490305
ID_U2C1OY,0.03379013078599846,0.01102069208480125,0.013384599000830544,0.03379013078599846,0.01102069208480125,0.013384599000830544
ID_02VC5B,0.033405010150043886,0.010749539666132249,0.015224900514792849,0.033405010150043886,0.010749539666132249,0.015224900514792849
ID_IMR2O6,0.03379013078599846,0.010524901450893442,0.013270396386979869,0.03379013078599846,0.010524901450893442,0.013270396386979869
ID_11U5X3,0.033405010150043886,0.01048083366470557,0.015224900514792849,0.033405010150043886,0.01048083366470557,0.015224900514792849
ID_BWQ4QE,0.03379013078599846,0.010524901450893442,0.013270396386979869,0.03379013078599846,0.010524901450893442,0.013270396386979869
ID_LMJQO0,0.033405010150043886,0.01048083366470557,0.015224900514792849,0.033405010150043886,0.01048083366470557,0.015224900514792849
ID_J8X1JQ,0.03379013078599846,0.011024227740284694,0.013270396386979869,0.03379013078599846,0.011024227740284694,0.013270396386979869
ID_IVOGMZ,0.06935042133104466,0.07285137627075372,0.17180513840798065,0.06935042133104466,0.07285137627075372,0.17180513840798065
ID_Z9OCJD,0.03379013078599846,0.011024227740284694,0.013270396386979869,0.03379013078599846,0.011024227740284694,0.013270396386979869
ID_W22JQT,0.03379013078599846,0.01102069208480125,0.013384599000830544,0.03379013078599846,0.01102069208480125,0.013384599000830544
ID_JG6KVB,0.03379013078599846,0.010524901450893442,0.013270396386979869,0.03379013078599846,0.010524901450893442,0.013270396386979869
ID_IRIQ9N,0.06538202860312395,0.09491653599352974,0.20816967683621349,0.06538202860312395,0.09491653599352974,0.20816967683621349
ID_O059B0,0.033405010150043886,0.010749539666132249,0.015224900514792849,0.033405010150043886,0.010749539666132249,0.015224900514792849
ID_CTIZD5,0.033405010150043886,0.011259925970519061,0.015224900514792849,0.033405010150043886,0.011259925970519061,0.015224900514792849
ID_ZIXA8E,0.03379013078599846,0.010524901450893442,0.013270396386979869,0.03379013078599846,0.010524901450893442,0.013270396386979869
ID_NB1NLU,0.033405010150043886,0.011010595766745804,0.0160998090369122,0.033405010150043886,0.011010595766745804,0.0160998090369122
ID_U6ULCZ,0.03379013078599846,0.010524901450893442,0.013270396386979869,0.03379013078599846,0.010524901450893442,0.013270396386979869
ID_QSX3RO,0.06538202860312395,0.1005759845657884,0.20907782732297983,0.06538202860312395,0.1005759845657884,0.20907782732297983
ID_1UA6WQ,0.07051432743337911,0.016870548981399988,0.06638136316007844,0.07051432743337911,0.016870548981399988,0.06638136316007844
ID_XPSO6B,0.03379013078599846,0.01102069208480125,0.013384599000830544,0.03379013078599846,0.01102069208480125,0.013384599000830544
ID_2ZQ7PC,0.033405010150043886,0.010361808834203744,0.015548116808705666,0.033405010150043886,0.010361808834203744,0.015548116808705666
ID_WDF4T1,0.03379013078599846,0.010524901450893442,0.013270396386979869,0.03379013078599846,0.010524901450893442,0.013270396386979869
ID_P6V6NH,0.03377911239631651,0.01201935875789269,0.01838678463560509,0.03377911239631651,0.01201935875789269,0.01838678463560509
ID_224AL4,0.03379013078599846,0.01102069208480125,0.013384599000830544,0.03379013078599846,0.01102069208480125,0.013384599000830544
ID_BOJ8C6,0.03377911239631651,0.011532124640023296,0.015685250945792782,0.03377911239631651,0.011532124640023296,0.015685250945792782
ID_FHTL2A,0.03379013078599846,0.011663039753707324,0.013270396386979869,0.03379013078599846,0.011663039753707324,0.013270396386979869
ID_4JT5BR,0.033405010150043886,0.010982167080140253,0.015224900514792849,0.033405010150043886,0.010982167080140253,0.015224900514792849
ID_3JRM7J,0.03379013078599846,0.011024227740284694,0.013270396386979869,0.03379013078599846,0.011024227740284694,0.013270396386979869
ID_QCP4DY,0.033405010150043886,0.010026219031250887,0.011969200287899951,0.033405010150043886,0.010026219031250887,0.011969200287899951
ID_N9NVTY,0.037049582638992856,0.01600820598537273,0.031065338198690767,0.037049582638992856,0.01600820598537273,0.031065338198690767
ID_L8NEX2,0.033405010150043886,0.010749539666132249,0.015224900514792849,0.033405010150043886,0.010749539666132249,0.015224900514792849
ID_V0ITZI,0.03379013078599846,0.01102069208480125,0.013384599000830544,0.03379013078599846,0.01102069208480125,0.013384599000830544
ID_U810NE,0.033405010150043886,0.010749539666132249,0.015224900514792849,0.033405010150043886,0.010749539666132249,0.015224900514792849
ID_T7IUG7,0.033405010150043886,0.01048083366470557,0.015224900514792849,0.033405010150043886,0.01048083366470557,0.015224900514792849
ID_P2HPA7,0.033405010150043886,0.010749539666132249,0.015224900514792849,0.033405010150043886,0.010749539666132249,0.015224900514792849
ID_7HCA07,0.03377911239631651,0.013158810128363951,0.032318789859246945,0.03377911239631651,0.013158810128363951,0.032318789859246945
ID_H1MCDH,0.03379013078599846,0.010524901450893442,0.013270396386979869,0.03379013078599846,0.010524901450893442,0.013270396386979869
ID_JAGL6N,0.03379013078599846,0.01102069208480125,0.013384599000830544,0.03379013078599846,0.01102069208480125,0.013384599000830544
ID_Q07G0X,0.033405010150043886,0.010418321562979378,0.015290434595501988,0.033405010150043886,0.010418321562979378,0.015290434595501988
ID_GFGBJP,0.03348094749448393,0.011853372176631427,0.015127126004410246,0.03348094749448393,0.011853372176631427,0.015127126004410246
ID_CCCZIE,0.033405010150043886,0.010297718012058999,0.01377389626179545,0.033405010150043886,0.010297718012058999,0.01377389626179545
ID_590HV5,0.033405010150043886,0.010681848891883542,0.015008168850493907,0.033405010150043886,0.010681848891883542,0.015008168850493907
ID_3V4E7G,0.033405010150043886,0.010525588569505346,0.014392899370437473,0.033405010150043886,0.010525588569505346,0.014392899370437473
ID_GIQVVF,0.033405010150043886,0.01056918781934422,0.013867762923538782,0.033405010150043886,0.01056918781934422,0.013867762923538782
ID_QLQOL2,0.033405010150043886,0.010297718012058999,0.013633180437016874,0.033405010150043886,0.010297718012058999,0.013633180437016874
ID_0CE2HK,0.03348094749448393,0.01162792587400463,0.014747623091806038,0.03348094749448393,0.01162792587400463,0.014747623091806038
ID_QG2TA1,0.03348094749448393,0.011728840737421605,0.015535345038438736,0.03348094749448393,0.011728840737421605,0.015535345038438736
ID_06I476,0.03377911239631651,0.01086556647814578,0.014718442494648116,0.03377911239631651,0.01086556647814578,0.014718442494648116
ID_MJ1FKS,0.03377911239631651,0.011748014082549371,0.015085947699896999,0.03377911239631651,0.011748014082549371,0.015085947699896999
ID_CVPRQL,0.033405010150043886,0.010276251730336538,0.014094682811235713,0.033405010150043886,0.010276251730336538,0.014094682811235713
ID_SZV3JP,0.03348094749448393,0.011375883994840824,0.016017712661934136,0.03348094749448393,0.011375883994840824,0.016017712661934136
ID_97O1LE,0.03348094749448393,0.011737852792075367,0.014046173005574055,0.03348094749448393,0.011737852792075367,0.014046173005574055
ID_DXPTCG,0.033405010150043886,0.010276251730336538,0.013940359718148042,0.033405010150043886,0.010276251730336538,0.013940359718148042
ID_VP7MWU,0.033405010150043886,0.010344372705543097,0.013701470309806587,0.033405010150043886,0.010344372705543097,0.013701470309806587
ID_YI13PR,0.033405010150043886,0.010630384823724326,0.014835041743711155,0.033405010150043886,0.010630384823724326,0.014835041743711155
ID_GKSEUX,0.033405010150043886,0.010213086300581004,0.015008168850493907,0.033405010150043886,0.010213086300581004,0.015008168850493907
ID_2JDZDR,0.033405010150043886,0.010527643468854805,0.01494815388215901,0.033405010150043886,0.010527643468854805,0.01494815388215901
ID_ESCEIY,0.03348094749448393,0.01159870479995346,0.018271262893149936,0.03348094749448393,0.01159870479995346,0.018271262893149936
ID_7YX6BJ,0.033405010150043886,0.010488729875924625,0.0143152128028326,0.033405010150043886,0.010488729875924625,0.0143152128028326
ID_K1MSGS,0.033405010150043886,0.010536909687922924,0.01397587487261606,0.033405010150043886,0.010536909687922924,0.01397587487261606
ID_HACR8W,0.033405010150043886,0.010681848891883542,0.015008168850493907,0.033405010150043886,0.010681848891883542,0.015008168850493907
ID_7IAGGB,0.033405010150043886,0.010613727916676982,0.01527476604572731,0.033405010150043886,0.010613727916676982,0.01527476604572731
ID_K1P3J8,0.03348094749448393,0.012535539522479352,0.017893668681882014,0.03348094749448393,0.012535539522479352,0.017893668681882014
ID_GHJU0P,0.03348094749448393,0.01137182260251101,0.014178435865243713,0.03348094749448393,0.01137182260251101,0.014178435865243713
ID_QB2VOQ,0.033405010150043886,0.009934787596285405,0.01476400161411184,0.033405010150043886,0.009934787596285405,0.01476400161411184
ID_917FV8,0.033405010150043886,0.01056918781934422,0.013867762923538782,0.033405010150043886,0.01056918781934422,0.013867762923538782
ID_XW1VHF,0.033405010150043886,0.010276251730336538,0.013940359718148042,0.033405010150043886,0.010276251730336538,0.013940359718148042
ID_UK4G6M,0.033405010150043886,0.0105395490298319,0.015360178770260064,0.033405010150043886,0.0105395490298319,0.015360178770260064
ID_BIPA8U,0.033405010150043886,0.010698505798930886,0.014281676917108053,0.033405010150043886,0.010698505798930886,0.014281676917108053
ID_Z3YZCX,0.033405010150043886,0.010681848891883542,0.015008168850493907,0.033405010150043886,0.010681848891883542,0.015008168850493907
ID_OII8NJ,0.033405010150043886,0.010681848891883542,0.015161129246148495,0.033405010150043886,0.010681848891883542,0.015161129246148495
ID_KVZHRX,0.033405010150043886,0.01065104398332788,0.014297811145189895,0.033405010150043886,0.01065104398332788,0.014297811145189895
ID_KKWKS6,0.03348094749448393,0.01127250401627422,0.014682566901260215,0.03348094749448393,0.01127250401627422,0.014682566901260215
ID_OABA3T,0.033405010150043886,0.009865708398160112,0.013069051867988967,0.033405010150043886,0.009865708398160112,0.013069051867988967
ID_XK9A5W,0.033405010150043886,0.010229597036852438,0.013868657016444625,0.033405010150043886,0.010229597036852438,0.013868657016444625
ID_QCOJ3X,0.03377911239631651,0.010895564873853392,0.013417955455149245,0.03377911239631651,0.010895564873853392,0.013417955455149245
ID_10YMBD,0.033405010150043886,0.010785250108595728,0.013838016188381782,0.033405010150043886,0.010785250108595728,0.013838016188381782
ID_LPH3DB,0.03348094749448393,0.011167686603982012,0.015303152422279554,0.03348094749448393,0.011167686603982012,0.015303152422279554
ID_KHSX16,0.03377911239631651,0.011342695515267426,0.014528537465459545,0.03377911239631651,0.011342695515267426,0.014528537465459545
ID_LTGA17,0.033405010150043886,0.010698505798930886,0.014281676917108053,0.033405010150043886,0.010698505798930886,0.014281676917108053
ID_3B3D83,0.033405010150043886,0.010230638668309616,0.01443463731276264,0.033405010150043886,0.010230638668309616,0.01443463731276264
ID_UQ2ERA,0.033405010150043886,0.01099691116859047,0.013838016188381782,0.033405010150043886,0.01099691116859047,0.013838016188381782
ID_RJVPF3,0.033405010150043886,0.010213086300581004,0.015008168850493907,0.033405010150043886,0.010213086300581004,0.015008168850493907
ID_HV0S70,0.033405010150043886,0.009822503707812881,0.013541440535005061,0.033405010150043886,0.009822503707812881,0.013541440535005061
ID_XBEH87,0.033405010150043886,0.010681848891883542,0.015161129246148495,0.033405010150043886,0.010681848891883542,0.015161129246148495
ID_RU36LB,0.03348094749448393,0.012871226738761062,0.015553389036336481,0.03348094749448393,0.012871226738761062,0.015553389036336481
ID_ZX0HBQ,0.03348094749448393,0.011728840737421605,0.015346376734030465,0.03348094749448393,0.011728840737421605,0.015346376734030465
ID_GKT8DV,0.033405010150043886,0.010229597036852438,0.014022980109532296,0.033405010150043886,0.010229597036852438,0.014022980109532296
ID_KHKU4Q,0.033405010150043886,0.010276251730336538,0.014094682811235713,0.033405010150043886,0.010276251730336538,0.014094682811235713
ID_XIMM99,0.03348094749448393,0.01162792587400463,0.014923649509675346,0.03348094749448393,0.01162792587400463,0.014923649509675346
ID_TBU5R1,0.033405010150043886,0.010162517693103055,0.014511970076556661,0.033405010150043886,0.010162517693103055,0.014511970076556661
ID_IXDD5C,0.033405010150043886,0.010230638668309616,0.014281676917108053,0.033405010150043886,0.010230638668309616,0.014281676917108053
ID_O6NVIA,0.03348094749448393,0.011120182493987869,0.015736083014061097,0.03348094749448393,0.011120182493987869,0.015736083014061097
ID_SUN5EY,0.03348094749448393,0.011346956790973561,0.01604130128990599,0.03348094749448393,0.011346956790973561,0.01604130128990599
ID_GYZ4QD,0.07055668939724055,0.019310618536487516,0.025758088014628384,0.07055668939724055,0.019310618536487516,0.025758088014628384
ID_L7KG54,0.033405010150043886,0.010323876461476231,0.013972539872877412,0.033405010150043886,0.010323876461476231,0.013972539872877412
ID_S6HTFD,0.033405010150043886,0.010344372705543097,0.013842186134585164,0.033405010150043886,0.010344372705543097,0.013842186134585164
ID_P06QON,0.033405010150043886,0.010785250108595728,0.013838016188381782,0.033405010150043886,0.010785250108595728,0.013838016188381782
ID_YOWRSL,0.035968377830028334,0.012052561249494949,0.016094889245974915,0.035968377830028334,0.012052561249494949,0.016094889245974915
ID_U5VLSB,0.033405010150043886,0.010567384924130318,0.01397587487261606,0.033405010150043886,0.010567384924130318,0.01397587487261606
ID_XGW2O2,0.033405010150043886,0.010276251730336538,0.013940359718148042,0.033405010150043886,0.010276251730336538,0.013940359718148042
ID_GQEHIP,0.03377911239631651,0.01095880825168108,0.014485844377099884,0.03377911239631651,0.01095880825168108,0.014485844377099884
ID_SG18NS,0.033405010150043886,0.010785250108595728,0.013838016188381782,0.033405010150043886,0.010785250108595728,0.013838016188381782
ID_V1RUP1,0.033405010150043886,0.010525588569505346,0.014392899370437473,0.033405010150043886,0.010525588569505346,0.014392899370437473
ID_SATMW5,0.03348094749448393,0.011853372176631427,0.015127126004410246,0.03348094749448393,0.011853372176631427,0.015127126004410246
ID_7BECWT,0.03348094749448393,0.01250448671704766,0.01517388612373227,0.03348094749448393,0.01250448671704766,0.01517388612373227
ID_S0YLSK,0.033405010150043886,0.010418321562979378,0.014907796146038722,0.033405010150043886,0.010418321562979378,0.014907796146038722
ID_KQF7DD,0.033405010150043886,0.01013491770784612,0.014929754328360856,0.033405010150043886,0.01013491770784612,0.014929754328360856
ID_L0BWUO,0.033405010150043886,0.010698505798930886,0.014281676917108053,0.033405010150043886,0.010698505798930886,0.014281676917108053
ID_QFB1JA,0.033405010150043886,0.01065104398332788,0.014297811145189895,0.033405010150043886,0.01065104398332788,0.014297811145189895
ID_5H2YDZ,0.033405010150043886,0.010162517693103055,0.014679702189457735,0.033405010150043886,0.010162517693103055,0.014679702189457735
ID_DT5H48,0.033405010150043886,0.010162517693103055,0.014511970076556661,0.033405010150043886,0.010162517693103055,0.014511970076556661
ID_EPUV7F,0.03348094749448393,0.01156467764183277,0.014046173005574055,0.03348094749448393,0.01156467764183277,0.014046173005574055
ID_D1W7AZ,0.033405010150043886,0.010344372705543097,0.013842186134585164,0.033405010150043886,0.010344372705543097,0.013842186134585164
ID_UOLZNR,0.033405010150043886,0.010567384924130318,0.01397587487261606,0.033405010150043886,0.010567384924130318,0.01397587487261606
ID_J7N1FB,0.03348094749448393,0.011617828489793067,0.014705477137969759,0.03348094749448393,0.011617828489793067,0.014705477137969759
ID_Q56GYN,0.033405010150043886,0.010607670005038459,0.014929754328360856,0.033405010150043886,0.010607670005038459,0.014929754328360856
ID_QM0CUB,0.03377911239631651,0.01101003136757079,0.014676449464340786,0.03377911239631651,0.01101003136757079,0.014676449464340786
ID_KFZM4L,0.033405010150043886,0.010055189540922606,0.014511615506163603,0.033405010150043886,0.010055189540922606,0.014511615506163603
ID_0JG3TM,0.033405010150043886,0.010344372705543097,0.013701470309806587,0.033405010150043886,0.010344372705543097,0.013701470309806587
ID_SU3V8X,0.033405010150043886,0.010785250108595728,0.013838016188381782,0.033405010150043886,0.010785250108595728,0.013838016188381782
ID_85P4YH,0.03348094749448393,0.012871226738761062,0.015553389036336481,0.03348094749448393,0.012871226738761062,0.015553389036336481
ID_IZF4GN,0.033405010150043886,0.010162517693103055,0.014511970076556661,0.033405010150043886,0.010162517693103055,0.014511970076556661
ID_9V9BNJ,0.03348094749448393,0.011562894513947887,0.015566602920617243,0.03348094749448393,0.011562894513947887,0.015566602920617243
ID_COSLW0,0.033405010150043886,0.010536909687922924,0.01397587487261606,0.033405010150043886,0.010536909687922924,0.01397587487261606
ID_JNAKG5,0.033405010150043886,0.010607670005038459,0.015082714724015444,0.033405010150043886,0.010607670005038459,0.015082714724015444
ID_22FKG1,0.03348094749448393,0.011853372176631427,0.015127126004410246,0.03348094749448393,0.011853372176631427,0.015127126004410246
ID_GO2BVN,0.033405010150043886,0.009934787596285405,0.015132945357441845,0.033405010150043886,0.009934787596285405,0.015132945357441845
ID_1D3R5U,0.033405010150043886,0.010470815429613664,0.014872161161028708,0.033405010150043886,0.010470815429613664,0.014872161161028708
ID_6HDHTS,0.03377911239631651,0.011390760910741666,0.014308944259091903,0.03377911239631651,0.011390760910741666,0.014308944259091903
ID_W82UZ2,0.03377911239631651,0.012009295270228051,0.015044032196713287,0.03377911239631651,0.012009295270228051,0.015044032196713287
ID_B8QQ14,0.033405010150043886,0.010344372705543097,0.013701470309806587,0.033405010150043886,0.010344372705543097,0.013701470309806587
ID_D50NYH,0.033405010150043886,0.010681848891883542,0.015008168850493907,0.033405010150043886,0.010681848891883542,0.015008168850493907
ID_TR3LZI,0.033405010150043886,0.010297718012058999,0.013409710125425335,0.033405010150043886,0.010297718012058999,0.013409710125425335
ID_X03IG4,0.033405010150043886,0.010145459492448293,0.013941720694740188,0.033405010150043886,0.010145459492448293,0.013941720694740188
ID_9W1DTW,0.033405010150043886,0.010487555102532013,0.014423324751909878,0.033405010150043886,0.010487555102532013,0.014423324751909878
ID_ELVMT3,0.03348094749448393,0.011817465275188843,0.015431867231959665,0.03348094749448393,0.011817465275188843,0.015431867231959665
ID_ACLR4X,0.033405010150043886,0.010681848891883542,0.015008168850493907,0.033405010150043886,0.010681848891883542,0.015008168850493907
ID_526E6B,0.033405010150043886,0.010681848891883542,0.015008168850493907,0.033405010150043886,0.010681848891883542,0.015008168850493907
ID_85BO18,0.03377911239631651,0.011390760910741666,0.014308944259091903,0.03377911239631651,0.011390760910741666,0.014308944259091903
ID_F7ZIJZ,0.033405010150043886,0.009987281462919691,0.014872161161028708,0.033405010150043886,0.009987281462919691,0.014872161161028708
ID_8DRM77,0.03348094749448393,0.011817465275188843,0.015638209749329928,0.03348094749448393,0.011817465275188843,0.015638209749329928
ID_7HA42W,0.03348094749448393,0.011090816802842289,0.015155842125834526,0.03348094749448393,0.011090816802842289,0.015155842125834526
ID_H0LTUX,0.035968377830028334,0.0119594816860327,0.016775933428901324,0.035968377830028334,0.0119594816860327,0.016775933428901324
ID_60JSZD,0.03348094749448393,0.012321068461065156,0.01575883641392677,0.03348094749448393,0.012321068461065156,0.01575883641392677
ID_U03OKF,0.033405010150043886,0.010344372705543097,0.013842186134585164,0.033405010150043886,0.010344372705543097,0.013842186134585164
ID_PG3BYK,0.033405010150043886,0.010297718012058999,0.013633180437016874,0.033405010150043886,0.010297718012058999,0.013633180437016874
ID_1VXGUB,0.03348094749448393,0.011426297600610653,0.015379333501322558,0.03348094749448393,0.011426297600610653,0.015379333501322558
ID_SA0EJV,0.03348094749448393,0.01127250401627422,0.014835527296914803,0.03348094749448393,0.01127250401627422,0.014835527296914803
ID_TG0ZNO,0.03348094749448393,0.01250448671704766,0.01517388612373227,0.03348094749448393,0.01250448671704766,0.01517388612373227
ID_OK1VUP,0.033405010150043886,0.01058963004865222,0.013997113235853184,0.033405010150043886,0.01058963004865222,0.013997113235853184
ID_NMESH4,0.03348094749448393,0.011853372176631427,0.015318294927340322,0.03348094749448393,0.011853372176631427,0.015318294927340322
ID_EWJ9VO,0.033405010150043886,0.01099691116859047,0.013838016188381782,0.033405010150043886,0.01099691116859047,0.013838016188381782
ID_HY4MBL,0.033405010150043886,0.010230638668309616,0.014281676917108053,0.033405010150043886,0.010230638668309616,0.014281676917108053
ID_VR31M9,0.03348094749448393,0.011817465275188843,0.015638209749329928,0.03348094749448393,0.011817465275188843,0.015638209749329928
ID_DPT0O6,0.033405010150043886,0.01056918781934422,0.013867762923538782,0.033405010150043886,0.01056918781934422,0.013867762923538782
ID_0CCA4F,0.03348094749448393,0.01127250401627422,0.014835527296914803,0.03348094749448393,0.01127250401627422,0.014835527296914803
ID_8DEOE6,0.033405010150043886,0.009865708398160112,0.013069051867988967,0.033405010150043886,0.009865708398160112,0.013069051867988967
ID_6PMH8O,0.03348094749448393,0.011202980222080505,0.014932928252967808,0.03348094749448393,0.011202980222080505,0.014932928252967808
ID_G4SI0V,0.033405010150043886,0.010261465308066464,0.013430563079853568,0.033405010150043886,0.010261465308066464,0.013430563079853568
ID_FFXJXU,0.033405010150043886,0.010681848891883542,0.015008168850493907,0.033405010150043886,0.010681848891883542,0.015008168850493907
ID_FP7DXV,0.033405010150043886,0.01099691116859047,0.013838016188381782,0.033405010150043886,0.01099691116859047,0.013838016188381782
ID_9GWO0I,0.033405010150043886,0.01058963004865222,0.013867762923538782,0.033405010150043886,0.01058963004865222,0.013867762923538782
ID_5K7ETI,0.033405010150043886,0.010329586283273025,0.013069051867988967,0.033405010150043886,0.010329586283273025,0.013069051867988967
ID_IUXQPV,0.03377911239631651,0.011227597968902287,0.014853349582348766,0.03377911239631651,0.011227597968902287,0.014853349582348766
ID_0OMUID,0.03348094749448393,0.01179285925034311,0.015535345038438736,0.03348094749448393,0.01179285925034311,0.015535345038438736
ID_YFBVK9,0.033405010150043886,0.010297718012058999,0.01377389626179545,0.033405010150043886,0.010297718012058999,0.01377389626179545
ID_V8VLC8,0.033405010150043886,0.010698505798930886,0.01443463731276264,0.033405010150043886,0.010698505798930886,0.01443463731276264
ID_00DZUV,0.03377911239631651,0.010883126007908736,0.015085947699896999,0.03377911239631651,0.010883126007908736,0.015085947699896999
ID_ZOW6TO,0.033405010150043886,0.01065104398332788,0.014297811145189895,0.033405010150043886,0.01065104398332788,0.014297811145189895
ID_HI16T2,0.033405010150043886,0.010276251730336538,0.014094682811235713,0.033405010150043886,0.010276251730336538,0.014094682811235713
ID_O76VHW,0.035968377830028334,0.011148017974448482,0.015318294927340322,0.035968377830028334,0.011148017974448482,0.015318294927340322
ID_UUULV5,0.03348094749448393,0.011123151194222292,0.015736083014061097,0.03348094749448393,0.011123151194222292,0.015736083014061097
ID_MHJ12U,0.03348094749448393,0.01250448671704766,0.01517388612373227,0.03348094749448393,0.01250448671704766,0.01517388612373227
ID_WKRV0S,0.03348094749448393,0.011921445734373076,0.015379333501322558,0.03348094749448393,0.011921445734373076,0.015379333501322558
ID_0EDVOO,0.03348094749448393,0.011728840737421605,0.015346376734030465,0.03348094749448393,0.011728840737421605,0.015346376734030465
ID_LZENBE,0.03348094749448393,0.011458027561306976,0.01532677698503647,0.03348094749448393,0.011458027561306976,0.01532677698503647
ID_SWD2XV,0.03283981634167366,0.011901420691488102,0.021538984565333708,0.03283981634167366,0.011901420691488102,0.021538984565333708
ID_HRPHAH,0.03283981634167366,0.011912415230521924,0.02132367339136172,0.03283981634167366,0.011912415230521924,0.02132367339136172
ID_LOIBL7,0.03348094749448393,0.010296726074371362,0.014921273355933682,0.03348094749448393,0.010296726074371362,0.014921273355933682
ID_O5A5SL,0.033405010150043886,0.01034506513520022,0.012768285939099922,0.033405010150043886,0.01034506513520022,0.012768285939099922
ID_JDKEGM,0.03348094749448393,0.012400114316574624,0.015334814960280286,0.03348094749448393,0.012400114316574624,0.015334814960280286
ID_9BJ65V,0.035968377830028334,0.01228587214959428,0.0157404437546098,0.035968377830028334,0.01228587214959428,0.0157404437546098
ID_TOUBDS,0.033405010150043886,0.010160886113830876,0.014392811968356086,0.033405010150043886,0.010160886113830876,0.014392811968356086
ID_LYPHKJ,0.033405010150043886,0.010309304405835173,0.013071392551747354,0.033405010150043886,0.010309304405835173,0.013071392551747354
ID_7BRQK3,0.03348094749448393,0.01215565461496159,0.016026131060322822,0.03348094749448393,0.01215565461496159,0.016026131060322822
ID_QFQB36,0.033405010150043886,0.009167552851331437,0.01526309048891087,0.033405010150043886,0.009167552851331437,0.01526309048891087
ID_RD2HT8,0.03699365443617307,0.011134907214097892,0.021722883199855037,0.03699365443617307,0.011134907214097892,0.021722883199855037
ID_3IQMTD,0.033405010150043886,0.0103112711356384,0.012697587496401222,0.033405010150043886,0.0103112711356384,0.012697587496401222
ID_YVW8FX,0.03348094749448393,0.011885596194597975,0.01538094083231591,0.03348094749448393,0.011885596194597975,0.01538094083231591
ID_8X19A2,0.033405010150043886,0.010519231524943232,0.013848405897224352,0.033405010150043886,0.010519231524943232,0.013848405897224352
ID_7UBQQ1,0.03348094749448393,0.011164136481920908,0.01456863690640814,0.03348094749448393,0.011164136481920908,0.01456863690640814
ID_RPDIFP,0.03348094749448393,0.010281899961175095,0.014921273355933682,0.03348094749448393,0.010281899961175095,0.014921273355933682
ID_M6XT25,0.033405010150043886,0.00958298876316164,0.013713336276407254,0.033405010150043886,0.00958298876316164,0.013713336276407254
ID_RDJTK6,0.03348094749448393,0.010229820130606462,0.015184415076672246,0.03348094749448393,0.010229820130606462,0.015184415076672246
ID_IK48F6,0.033405010150043886,0.009933731602425402,0.01415294508996225,0.033405010150043886,0.009933731602425402,0.01415294508996225
ID_BH8L7O,0.033405010150043886,0.010472644598632654,0.014790707735481568,0.033405010150043886,0.010472644598632654,0.014790707735481568
ID_5MC5NZ,0.03348094749448393,0.010296726074371362,0.014921273355933682,0.03348094749448393,0.010296726074371362,0.014921273355933682
ID_U8UVJ0,0.03348094749448393,0.010665979640552901,0.01448854524805077,0.03348094749448393,0.010665979640552901,0.01448854524805077
ID_28EYPT,0.03699365443617307,0.011134907214097892,0.021722883199855037,0.03699365443617307,0.011134907214097892,0.021722883199855037
ID_93YWC8,0.03348094749448393,0.009690210323581642,0.014503565212587798,0.03348094749448393,0.009690210323581642,0.014503565212587798
ID_V5332N,0.033405010150043886,0.010474643068061042,0.013522675885913524,0.033405010150043886,0.010474643068061042,0.013522675885913524
ID_W6HDV5,0.033405010150043886,0.010034147673024213,0.013848405897224352,0.033405010150043886,0.010034147673024213,0.013848405897224352
ID_63DZQ1,0.03348094749448393,0.011158313772268984,0.01456863690640814,0.03348094749448393,0.011158313772268984,0.01456863690640814
ID_IU1RUI,0.03348094749448393,0.010296726074371362,0.014921273355933682,0.03348094749448393,0.010296726074371362,0.014921273355933682
ID_OXNKLU,0.03348094749448393,0.011458027561306976,0.01532677698503647,0.03348094749448393,0.011458027561306976,0.01532677698503647
ID_VM1XCG,0.033405010150043886,0.01034506513520022,0.012768285939099922,0.033405010150043886,0.01034506513520022,0.012768285939099922
ID_35VBIN,0.03348094749448393,0.010080617442806156,0.014914605121254573,0.03348094749448393,0.010080617442806156,0.014914605121254573
ID_SVQ88Q,0.03348094749448393,0.010121191597270006,0.015347798968397566,0.03348094749448393,0.010121191597270006,0.015347798968397566
ID_JFWEX9,0.03348094749448393,0.010296726074371362,0.014921273355933682,0.03348094749448393,0.010296726074371362,0.014921273355933682
ID_PHWF17,0.03377911239631651,0.01114600923638616,0.0131171895262602,0.03377911239631651,0.01114600923638616,0.0131171895262602
ID_Y5BIWA,0.036737564018120464,0.011698752973225182,0.021077621818502004,0.036737564018120464,0.011698752973225182,0.021077621818502004
ID_FZVHYY,0.03348094749448393,0.011158313772268984,0.01456863690640814,0.03348094749448393,0.011158313772268984,0.01456863690640814
ID_EPTS2K,0.03348094749448393,0.01132779266733824,0.01426574827330836,0.03348094749448393,0.01132779266733824,0.01426574827330836
ID_Y7L6RK,0.033405010150043886,0.010523963723730542,0.013864858289156198,0.033405010150043886,0.010523963723730542,0.013864858289156198
ID_M3CIP9,0.03348094749448393,0.009690210323581642,0.014503565212587798,0.03348094749448393,0.009690210323581642,0.014503565212587798
ID_GJR246,0.033405010150043886,0.01034506513520022,0.012768285939099922,0.033405010150043886,0.01034506513520022,0.012768285939099922
ID_WOOP5X,0.033405010150043886,0.01030983512121567,0.013051041402754138,0.033405010150043886,0.01030983512121567,0.013051041402754138
ID_89A4YE,0.033405010150043886,0.010513538733224883,0.015260282207322987,0.033405010150043886,0.010513538733224883,0.015260282207322987
ID_R1CD9F,0.03377911239631651,0.011844928784870729,0.014197504536627555,0.03377911239631651,0.011844928784870729,0.014197504536627555
ID_NEBCGE,0.03348094749448393,0.009585545286160643,0.014448638496225444,0.03348094749448393,0.009585545286160643,0.014448638496225444
ID_AY542M,0.08222954869399986,0.009731970874298865,0.05098484746221688,0.08222954869399986,0.009731970874298865,0.05098484746221688
ID_KC3CBG,0.033405010150043886,0.010309304405835173,0.013071392551747354,0.033405010150043886,0.010309304405835173,0.013071392551747354
ID_K4ZNMT,0.033405010150043886,0.010473835998595471,0.014600937626301337,0.033405010150043886,0.010473835998595471,0.014600937626301337
ID_SBU7DK,0.03348094749448393,0.010296726074371362,0.014921273355933682,0.03348094749448393,0.010296726074371362,0.014921273355933682
ID_60I9OZ,0.033405010150043886,0.009278949037757481,0.013785056303207846,0.033405010150043886,0.009278949037757481,0.013785056303207846
ID_CON7O4,0.03348094749448393,0.010110196938346364,0.015501306079332186,0.03348094749448393,0.010110196938346364,0.015501306079332186
ID_WYGX88,0.035968377830028334,0.011556428401267306,0.015362572794837387,0.035968377830028334,0.011556428401267306,0.015362572794837387
ID_KEJ9UP,0.03348094749448393,0.010105468167568417,0.015121803166727978,0.03348094749448393,0.010105468167568417,0.015121803166727978
ID_49D2AR,0.033405010150043886,0.010474643068061042,0.013522675885913524,0.033405010150043886,0.010474643068061042,0.013522675885913524
ID_V7DMUX,0.03348094749448393,0.011357891973169793,0.015126769080744375,0.03348094749448393,0.011357891973169793,0.015126769080744375
ID_ZLQ4JH,0.033405010150043886,0.010474643068061042,0.013758448954492125,0.033405010150043886,0.010474643068061042,0.013758448954492125
ID_677O8P,0.033405010150043886,0.01015334474465246,0.014441453510746952,0.033405010150043886,0.01015334474465246,0.014441453510746952
ID_D02ECF,0.03348094749448393,0.01151232597581635,0.015578676205401439,0.03348094749448393,0.01151232597581635,0.015578676205401439
ID_5QBTV9,0.033405010150043886,0.010526007282534212,0.015173009245823871,0.033405010150043886,0.010526007282534212,0.015173009245823871
ID_25GIGF,0.033405010150043886,0.010629770242221944,0.014243938283820957,0.033405010150043886,0.010629770242221944,0.014243938283820957
ID_2EYUSI,0.03348094749448393,0.01036565876252336,0.015401358551266803,0.03348094749448393,0.01036565876252336,0.015401358551266803
ID_AFJISS,0.033405010150043886,0.010473835998595471,0.014600937626301337,0.033405010150043886,0.010473835998595471,0.014600937626301337
ID_P95MFR,0.033405010150043886,0.010498093496593149,0.013848405897224352,0.033405010150043886,0.010498093496593149,0.013848405897224352
ID_7LNIHE,0.03348094749448393,0.010174991961762135,0.014687971826686652,0.03348094749448393,0.010174991961762135,0.014687971826686652
ID_RJFY9O,0.03348094749448393,0.009585545286160643,0.014606804953138321,0.03348094749448393,0.009585545286160643,0.014606804953138321
ID_DHPPV2,0.03348094749448393,0.010933180799492806,0.014115709646942537,0.03348094749448393,0.010933180799492806,0.014115709646942537
ID_GW0TFH,0.033405010150043886,0.010474643068061042,0.013522675885913524,0.033405010150043886,0.010474643068061042,0.013522675885913524
ID_NL68DQ,0.03792422382563615,0.010577984478706821,0.020171971105224614,0.03792422382563615,0.010577984478706821,0.020171971105224614
ID_7V19DB,0.03348094749448393,0.010174991961762135,0.014687971826686652,0.03348094749448393,0.010174991961762135,0.014687971826686652
ID_8H47OG,0.03348094749448393,0.01071181259891766,0.014793701952508249,0.03348094749448393,0.01071181259891766,0.014793701952508249
ID_ZVKA4U,0.033405010150043886,0.01034506513520022,0.012768285939099922,0.033405010150043886,0.01034506513520022,0.012768285939099922
ID_ATOU9I,0.03348094749448393,0.011002792770394738,0.013637385111299964,0.03348094749448393,0.011002792770394738,0.013637385111299964
ID_XYCHYM,0.033405010150043886,0.010523963723730542,0.013864858289156198,0.033405010150043886,0.010523963723730542,0.013864858289156198
ID_E34NO5,0.03348094749448393,0.012311208647138621,0.015334814960280286,0.03348094749448393,0.012311208647138621,0.015334814960280286
ID_P64AZ0,0.03348094749448393,0.010160296336412744,0.015453978727907262,0.03348094749448393,0.010160296336412744,0.015453978727907262
ID_1QOZJU,0.033405010150043886,0.010474643068061042,0.013758448954492125,0.033405010150043886,0.010474643068061042,0.013758448954492125
ID_XLYALT,0.03348094749448393,0.011789864380682403,0.014716707082298735,0.03348094749448393,0.011789864380682403,0.014716707082298735
ID_WGDRNV,0.03348094749448393,0.010281899961175095,0.015248770404188853,0.03348094749448393,0.010281899961175095,0.015248770404188853
ID_B6R04O,0.033405010150043886,0.010092765138624317,0.014633840180732579,0.033405010150043886,0.010092765138624317,0.014633840180732579
ID_LNUKMI,0.033405010150043886,0.009284731693121712,0.013986232989502809,0.033405010150043886,0.009284731693121712,0.013986232989502809
ID_YQU1KF,0.033405010150043886,0.01034506513520022,0.012768285939099922,0.033405010150043886,0.01034506513520022,0.012768285939099922
ID_8NHM2A,0.03348094749448393,0.010536886142507813,0.013911263528723846,0.03348094749448393,0.010536886142507813,0.013911263528723846
ID_CDOW4B,0.03348094749448393,0.00965506908035436,0.01420417579725664,0.03348094749448393,0.00965506908035436,0.01420417579725664
ID_EX6VFO,0.033405010150043886,0.00921082806255092,0.014166711222653712,0.033405010150043886,0.00921082806255092,0.014166711222653712
ID_5RO8MY,0.03348094749448393,0.011624509603443193,0.014239610780471259,0.03348094749448393,0.011624509603443193,0.014239610780471259
ID_JLMYMA,0.033405010150043886,0.010472644598632654,0.014790707735481568,0.033405010150043886,0.010472644598632654,0.014790707735481568
ID_MVEV3V,0.03348094749448393,0.009690210323581642,0.0146521358558939,0.03348094749448393,0.009690210323581642,0.0146521358558939
ID_5S5YUE,0.033405010150043886,0.010523963723730542,0.013864858289156198,0.033405010150043886,0.010523963723730542,0.013864858289156198
ID_6VX4DA,0.03348094749448393,0.011531652120450764,0.015578676205401439,0.03348094749448393,0.011531652120450764,0.015578676205401439
ID_SC5634,0.03348094749448393,0.009690210323581642,0.014503565212587798,0.03348094749448393,0.009690210323581642,0.014503565212587798
ID_EZO6E7,0.033405010150043886,0.009937351922372141,0.013572128678615195,0.033405010150043886,0.009937351922372141,0.013572128678615195
ID_6QKL3H,0.033405010150043886,0.009926741163874191,0.012589475547323942,0.033405010150043886,0.009926741163874191,0.012589475547323942
ID_A11EEW,0.036737564018120464,0.011630554690372583,0.021266931594120023,0.036737564018120464,0.011630554690372583,0.021266931594120023
ID_1F53HQ,0.03348094749448393,0.011083494691105651,0.014075978164128129,0.03348094749448393,0.011083494691105651,0.014075978164128129
ID_BPD0T4,0.033405010150043886,0.010496229228553332,0.013841435351771828,0.033405010150043886,0.010496229228553332,0.013841435351771828
ID_6P0J6L,0.03348094749448393,0.011649220333839926,0.01456863690640814,0.03348094749448393,0.011649220333839926,0.01456863690640814
ID_2M35S8,0.04833845535397882,0.010513769402658149,0.023056750368405404,0.04833845535397882,0.010513769402658149,0.023056750368405404
ID_Z0NFOR,0.03348094749448393,0.009585545286160643,0.014448638496225444,0.03348094749448393,0.009585545286160643,0.014448638496225444
ID_EXDP8Y,0.033405010150043886,0.01001300964467413,0.013848405897224352,0.033405010150043886,0.01001300964467413,0.013848405897224352
ID_QRLVAL,0.033405010150043886,0.009284731693121712,0.013837662346196707,0.033405010150043886,0.009284731693121712,0.013837662346196707
ID_Y8G6YL,0.033405010150043886,0.010074420625791312,0.013086202431912212,0.033405010150043886,0.010074420625791312,0.013086202431912212
ID_X6X0ZN,0.03377911239631651,0.011844928784870729,0.014197504536627555,0.03377911239631651,0.011844928784870729,0.014197504536627555
ID_LYVJ1L,0.033405010150043886,0.01034506513520022,0.012768285939099922,0.033405010150043886,0.01034506513520022,0.012768285939099922
ID_MNE22V,0.033405010150043886,0.01033440055064153,0.013400704380917542,0.033405010150043886,0.01033440055064153,0.013400704380917542
ID_PUNH2D,0.03348094749448393,0.010128963528415757,0.01347412123812391,0.03348094749448393,0.010128963528415757,0.01347412123812391
ID_8WSWMT,0.03348094749448393,0.010185193679729504,0.015662820970329432,0.03348094749448393,0.010185193679729504,0.015662820970329432
ID_ZDYSIZ,0.03377911239631651,0.01186045121660406,0.014197504536627555,0.03377911239631651,0.01186045121660406,0.014197504536627555
ID_PFPEKM,0.033405010150043886,0.010509499125969362,0.01317914695779587,0.033405010150043886,0.010509499125969362,0.01317914695779587
ID_NNZAIC,0.033405010150043886,0.009183199419006138,0.015138918200706132,0.033405010150043886,0.009183199419006138,0.015138918200706132
ID_1TLG7R,0.03348094749448393,0.010296726074371362,0.014921273355933682,0.03348094749448393,0.010296726074371362,0.014921273355933682
ID_9H2JEC,0.033405010150043886,0.010519231524943232,0.013848405897224352,0.033405010150043886,0.010519231524943232,0.013848405897224352
ID_LLCJJG,0.03348094749448393,0.010281899961175095,0.015102569020831675,0.03348094749448393,0.010281899961175095,0.015102569020831675
ID_7ILKZQ,0.033405010150043886,0.010612546676746555,0.015643383975605236,0.033405010150043886,0.010612546676746555,0.015643383975605236
ID_UBXNCV,0.033405010150043886,0.010034147673024213,0.013848405897224352,0.033405010150043886,0.010034147673024213,0.013848405897224352
ID_UXA3BF,0.03348094749448393,0.010118079062530465,0.015851220815253874,0.03348094749448393,0.010118079062530465,0.015851220815253874
ID_249DRM,0.03348094749448393,0.01064228880472394,0.014891541247169451,0.03348094749448393,0.01064228880472394,0.014891541247169451
ID_Z9QNGS,0.03348094749448393,0.011458027561306976,0.01532677698503647,0.03348094749448393,0.011458027561306976,0.01532677698503647
ID_5V5YL7,0.033405010150043886,0.009278949037757481,0.013929281436534583,0.033405010150043886,0.009278949037757481,0.013929281436534583
ID_A7GQU5,0.033405010150043886,0.00959700964021321,0.013086202431912212,0.033405010150043886,0.00959700964021321,0.013086202431912212
ID_B33J1S,0.033405010150043886,0.01034506513520022,0.012768285939099922,0.033405010150043886,0.01034506513520022,0.012768285939099922
ID_KO7FBB,0.03348094749448393,0.011458027561306976,0.015139660043336946,0.03348094749448393,0.011458027561306976,0.015139660043336946
ID_7DB6U3,0.03348094749448393,0.011218679977163014,0.016233876316151793,0.03348094749448393,0.011218679977163014,0.016233876316151793
ID_L6C55N,0.033405010150043886,0.009235673826537998,0.014973446223368318,0.033405010150043886,0.009235673826537998,0.014973446223368318
ID_5S3A5Z,0.03348094749448393,0.01132779266733824,0.01426574827330836,0.03348094749448393,0.01132779266733824,0.01426574827330836
ID_WNRIP1,0.033405010150043886,0.010061907975265509,0.015169787730146326,0.033405010150043886,0.010061907975265509,0.015169787730146326
ID_14WLPI,0.033405010150043886,0.010612546676746555,0.015405667271836853,0.033405010150043886,0.010612546676746555,0.015405667271836853
ID_O9X6J6,0.03348094749448393,0.010199053528829893,0.015462369777804352,0.03348094749448393,0.010199053528829893,0.015462369777804352
ID_RA2DLW,0.035968377830028334,0.010356548085334823,0.015902685778128756,0.035968377830028334,0.010356548085334823,0.015902685778128756
ID_3ARXWX,0.035968377830028334,0.010356548085334823,0.015934410880058807,0.035968377830028334,0.010356548085334823,0.015934410880058807
ID_GTXRS7,0.03348094749448393,0.00965506908035436,0.014348400930583377,0.03348094749448393,0.00965506908035436,0.014348400930583377
ID_53HFX3,0.03348094749448393,0.011169666299290892,0.014394056079451274,0.03348094749448393,0.011169666299290892,0.014394056079451274
ID_MHS7P6,0.03348094749448393,0.010296726074371362,0.014921273355933682,0.03348094749448393,0.010296726074371362,0.014921273355933682
ID_83W356,0.03348094749448393,0.011386543160976974,0.015002153963083789,0.03348094749448393,0.011386543160976974,0.015002153963083789
ID_YYDX2H,0.03348094749448393,0.011531652120450764,0.015381656875687997,0.03348094749448393,0.011531652120450764,0.015381656875687997
ID_LM4X5P,0.033405010150043886,0.010509721018267935,0.014877713592636965,0.033405010150043886,0.010509721018267935,0.014877713592636965
ID_RUYJOV,0.033405010150043886,0.010523963723730542,0.013864858289156198,0.033405010150043886,0.010523963723730542,0.013864858289156198
ID_VWYZDV,0.03283981634167366,0.011980536205728483,0.021136503841612357,0.03283981634167366,0.011980536205728483,0.021136503841612357
ID_SMEEWO,0.033405010150043886,0.010034147673024213,0.013848405897224352,0.033405010150043886,0.010034147673024213,0.013848405897224352
ID_6AMJI3,0.033405010150043886,0.009270815069765279,0.015346574757363118,0.033405010150043886,0.009270815069765279,0.015346574757363118
ID_34VCUO,0.033405010150043886,0.010472644598632654,0.014790707735481568,0.033405010150043886,0.010472644598632654,0.014790707735481568
ID_B3QCGW,0.033405010150043886,0.010309304405835173,0.01333241450812783,0.033405010150043886,0.010309304405835173,0.01333241450812783
ID_YJ4QD4,0.033405010150043886,0.010731563881475406,0.03932982926377008,0.033405010150043886,0.010731563881475406,0.03932982926377008
ID_H4YDLW,0.033405010150043886,0.01030525091623146,0.03932982926377008,0.033405010150043886,0.01030525091623146,0.03932982926377008
ID_E03C34,0.033405010150043886,0.010731563881475406,0.03932982926377008,0.033405010150043886,0.010731563881475406,0.03932982926377008
ID_170IHM,0.033405010150043886,0.010729529751713103,0.04029287471614997,0.033405010150043886,0.010729529751713103,0.04029287471614997
ID_AQD45I,0.06256638831522443,0.032437682655098055,0.17849135393817717,0.06256638831522443,0.032437682655098055,0.17849135393817717
ID_XVPUUZ,0.06256638831522443,0.032437682655098055,0.17849135393817717,0.06256638831522443,0.032437682655098055,0.17849135393817717
ID_XI6QQ0,0.036399280265452874,0.012359273930963546,0.12930250643711855,0.036399280265452874,0.012359273930963546,0.12930250643711855
ID_GN5HJG,0.07233552560705055,0.043866335433224705,0.18545511717497895,0.07233552560705055,0.043866335433224705,0.18545511717497895
ID_72UHEN,0.033405010150043886,0.010576313174067542,0.022517515432123467,0.033405010150043886,0.010576313174067542,0.022517515432123467
ID_TM0IMP,0.059414011363572425,0.030827625405899745,0.18090250088766752,0.059414011363572425,0.030827625405899745,0.18090250088766752
ID_YGEZQG,0.07494510417812379,0.03889695499394934,0.18135056428254664,0.07494510417812379,0.03889695499394934,0.18135056428254664
ID_NB35EZ,0.033405010150043886,0.010729529751713103,0.04029287471614997,0.033405010150043886,0.010729529751713103,0.04029287471614997
ID_B44OOF,0.033405010150043886,0.010729529751713103,0.04029287471614997,0.033405010150043886,0.010729529751713103,0.04029287471614997
ID_NTHRCW,0.033405010150043886,0.010729529751713103,0.04029287471614997,0.033405010150043886,0.010729529751713103,0.04029287471614997
ID_4M0YMS,0.033405010150043886,0.010568427796317906,0.03390360391378868,0.033405010150043886,0.010568427796317906,0.03390360391378868
ID_MDPJ5N,0.033405010150043886,0.010729529751713103,0.04029287471614997,0.033405010150043886,0.010729529751713103,0.04029287471614997
ID_GCE89L,0.0341591333787696,0.012281430258215688,0.1316495620521035,0.0341591333787696,0.012281430258215688,0.1316495620521035
ID_5I780C,0.033405010150043886,0.010576313174067542,0.02437541313557728,0.033405010150043886,0.010576313174067542,0.02437541313557728
ID_2B7SR5,0.033405010150043886,0.010731563881475406,0.03932982926377008,0.033405010150043886,0.010731563881475406,0.03932982926377008
ID_NUEHVL,0.033405010150043886,0.010731563881475406,0.03932982926377008,0.033405010150043886,0.010731563881475406,0.03932982926377008
ID_M0Z56V,0.033405010150043886,0.010576313174067542,0.022517515432123467,0.033405010150043886,0.010576313174067542,0.022517515432123467
ID_QWOKAX,0.033405010150043886,0.010576313174067542,0.022517515432123467,0.033405010150043886,0.010576313174067542,0.022517515432123467
ID_6E3ARV,0.033405010150043886,0.01065600964612766,0.03782349574975591,0.033405010150043886,0.01065600964612766,0.03782349574975591
ID_F120A9,0.07494510417812379,0.03889695499394934,0.18135056428254664,0.07494510417812379,0.03889695499394934,0.18135056428254664
ID_92GH8G,0.033405010150043886,0.010576313174067542,0.028755591490352096,0.033405010150043886,0.010576313174067542,0.028755591490352096
ID_SK11B2,0.033405010150043886,0.01065600964612766,0.03782349574975591,0.033405010150043886,0.01065600964612766,0.03782349574975591
ID_3ONHGA,0.036399280265452874,0.012359273930963546,0.12930250643711855,0.036399280265452874,0.012359273930963546,0.12930250643711855
ID_CCEFHU,0.033405010150043886,0.010729529751713103,0.04029287471614997,0.033405010150043886,0.010729529751713103,0.04029287471614997
ID_N914ML,0.033405010150043886,0.010253527515574332,0.03713291361147949,0.033405010150043886,0.010253527515574332,0.03713291361147949
ID_DT1RJO,0.07494510417812379,0.03889695499394934,0.17889475942716093,0.07494510417812379,0.03889695499394934,0.17889475942716093
ID_AKS62G,0.033405010150043886,0.010576313174067542,0.02206544692713528,0.033405010150043886,0.010576313174067542,0.02206544692713528
ID_AOUGMR,0.033405010150043886,0.010426171216811404,0.023182685179034112,0.033405010150043886,0.010426171216811404,0.023182685179034112
ID_5R164Q,0.033405010150043886,0.010576313174067542,0.02206544692713528,0.033405010150043886,0.010576313174067542,0.02206544692713528
ID_HNW1SP,0.033405010150043886,0.010731563881475406,0.03932982926377008,0.033405010150043886,0.010731563881475406,0.03932982926377008
ID_OOPSZH,0.03348094749448393,0.011507021520789373,0.03663835211622578,0.03348094749448393,0.011507021520789373,0.03663835211622578
ID_VAJKEF,0.033405010150043886,0.010729529751713103,0.04029287471614997,0.033405010150043886,0.010729529751713103,0.04029287471614997
ID_XO432P,0.03348094749448393,0.011373073243089834,0.02277936484606503,0.03348094749448393,0.011373073243089834,0.02277936484606503
ID_EIKAR0,0.033405010150043886,0.01065600964612766,0.03782349574975591,0.033405010150043886,0.01065600964612766,0.03782349574975591
ID_DYDUC0,0.06256638831522443,0.032437682655098055,0.17849135393817717,0.06256638831522443,0.032437682655098055,0.17849135393817717
ID_0E6AWX,0.033405010150043886,0.01030525091623146,0.03932982926377008,0.033405010150043886,0.01030525091623146,0.03932982926377008
ID_RCKGWH,0.033405010150043886,0.010729529751713103,0.04029287471614997,0.033405010150043886,0.010729529751713103,0.04029287471614997
ID_MPEJJ7,0.036399280265452874,0.012359273930963546,0.12930250643711855,0.036399280265452874,0.012359273930963546,0.12930250643711855
ID_92GB4X,0.036399280265452874,0.012359273930963546,0.12930250643711855,0.036399280265452874,0.012359273930963546,0.12930250643711855
ID_PF9MLB,0.033405010150043886,0.010576313174067542,0.022517515432123467,0.033405010150043886,0.010576313174067542,0.022517515432123467
ID_BKPXHW,0.033405010150043886,0.010731563881475406,0.03932982926377008,0.033405010150043886,0.010731563881475406,0.03932982926377008
ID_0U0CZ6,0.033405010150043886,0.010397279373027934,0.022517515432123467,0.033405010150043886,0.010397279373027934,0.022517515432123467
ID_W2OT9E,0.033405010150043886,0.01079033476815048,0.03932982926377008,0.033405010150043886,0.01079033476815048,0.03932982926377008
ID_533G8B,0.033405010150043886,0.010397279373027934,0.022517515432123467,0.033405010150043886,0.010397279373027934,0.022517515432123467
ID_Z8YTI6,0.036399280265452874,0.012359273930963546,0.12930250643711855,0.036399280265452874,0.012359273930963546,0.12930250643711855
ID_6C4OE9,0.07921508566800865,0.08050288498085867,0.20066634236397213,0.07921508566800865,0.08050288498085867,0.20066634236397213
ID_KL4MG7,0.033405010150043886,0.01079033476815048,0.04029287471614997,0.033405010150043886,0.01079033476815048,0.04029287471614997
ID_MTIIWZ,0.033405010150043886,0.01065600964612766,0.03782349574975591,0.033405010150043886,0.01065600964612766,0.03782349574975591
ID_FUAXKT,0.033405010150043886,0.01065600964612766,0.03782349574975591,0.033405010150043886,0.01065600964612766,0.03782349574975591
ID_2FIUCN,0.20182684758186475,0.596796136892366,0.9230259826460363,0.20182684758186475,0.596796136892366,0.9230259826460363
ID_BZ0G9W,0.033405010150043886,0.031082627473375923,0.058839156932794456,0.033405010150043886,0.031082627473375923,0.058839156932794456
ID_UK2N3N,0.09387160481559337,0.5222234973059379,0.922727773839618,0.09387160481559337,0.5222234973059379,0.922727773839618
ID_51JHHB,0.037049582638992856,0.11859518642196568,0.24548530998111623,0.037049582638992856,0.11859518642196568,0.24548530998111623
ID_E8M783,0.03377911239631651,0.06808286519579852,0.0892286193090818,0.03377911239631651,0.06808286519579852,0.0892286193090818
ID_HGRL68,0.033405010150043886,0.04939031732816384,0.09236337465513211,0.033405010150043886,0.04939031732816384,0.09236337465513211
ID_Z099ZD,0.08196520781708332,0.32863673868911847,0.8754337085078051,0.08196520781708332,0.32863673868911847,0.8754337085078051
ID_J98CG9,0.03377911239631651,0.05297567089643895,0.08336151950410575,0.03377911239631651,0.05297567089643895,0.08336151950410575
ID_3UQ81U,0.03377911239631651,0.06808286519579852,0.0892286193090818,0.03377911239631651,0.06808286519579852,0.0892286193090818
ID_NZIYML,0.033405010150043886,0.048813751573237654,0.09134226681119242,0.033405010150043886,0.048813751573237654,0.09134226681119242
ID_TDYO22,0.033405010150043886,0.030894410954834518,0.05887895324706142,0.033405010150043886,0.030894410954834518,0.05887895324706142
ID_PJ4KK1,0.033405010150043886,0.04760144695726268,0.08373876345809958,0.033405010150043886,0.04760144695726268,0.08373876345809958
ID_I9K28A,0.033405010150043886,0.04939031732816384,0.09236337465513211,0.033405010150043886,0.04939031732816384,0.09236337465513211
ID_1DU4K9,0.033405010150043886,0.04939031732816384,0.09236337465513211,0.033405010150043886,0.04939031732816384,0.09236337465513211
ID_GTAZM3,0.033405010150043886,0.04939031732816384,0.09236337465513211,0.033405010150043886,0.04939031732816384,0.09236337465513211
ID_85BE9E,0.033405010150043886,0.030875115339202775,0.06152371890659913,0.033405010150043886,0.030875115339202775,0.06152371890659913
ID_7P1FDA,0.033405010150043886,0.030894410954834518,0.05887895324706142,0.033405010150043886,0.030894410954834518,0.05887895324706142
ID_RUN0MH,0.033405010150043886,0.030894410954834518,0.05887895324706142,0.033405010150043886,0.030894410954834518,0.05887895324706142
ID_YBFBW4,0.057859890289025315,0.300355206933829,0.6563518522522722,0.057859890289025315,0.300355206933829,0.6563518522522722
ID_NE459Y,0.04266829926924607,0.27626948359637576,0.6500589072618126,0.04266829926924607,0.27626948359637576,0.6500589072618126
ID_GGZZ9O,0.05657715297047116,0.29486230607363123,0.6426129903579536,0.05657715297047116,0.29486230607363123,0.6426129903579536
ID_H1PP14,0.033405010150043886,0.048813751573237654,0.09134226681119242,0.033405010150043886,0.048813751573237654,0.09134226681119242
ID_0PPL34,0.040035635064851686,0.2649371346883629,0.6165221158573899,0.040035635064851686,0.2649371346883629,0.6165221158573899
ID_CRMQQO,0.033405010150043886,0.03146174002405081,0.058839156932794456,0.033405010150043886,0.03146174002405081,0.058839156932794456
ID_A0YIQ0,0.054500688417410056,0.30927237468557145,0.6584728111356188,0.054500688417410056,0.30927237468557145,0.6584728111356188
ID_Q1TCRH,0.033405010150043886,0.031082627473375923,0.058839156932794456,0.033405010150043886,0.031082627473375923,0.058839156932794456
ID_94MXFN,0.033405010150043886,0.031082627473375923,0.058839156932794456,0.033405010150043886,0.031082627473375923,0.058839156932794456
ID_88SLJ5,0.06157766387913172,0.32863673868911847,0.702066071477848,0.06157766387913172,0.32863673868911847,0.702066071477848
ID_ECEAEJ,0.033405010150043886,0.04939031732816384,0.09236337465513211,0.033405010150043886,0.04939031732816384,0.09236337465513211
ID_4QDWP4,0.033405010150043886,0.049879781756652725,0.09134226681119242,0.033405010150043886,0.049879781756652725,0.09134226681119242
ID_UH4UW8,0.033405010150043886,0.04939031732816384,0.09236337465513211,0.033405010150043886,0.04939031732816384,0.09236337465513211
ID_VCFVPX,0.033405010150043886,0.049879781756652725,0.09134226681119242,0.033405010150043886,0.049879781756652725,0.09134226681119242
ID_04ZSOG,0.03377911239631651,0.04957196895252519,0.07829997523612695,0.03377911239631651,0.04957196895252519,0.07829997523612695
ID_BQ8JLJ,0.033405010150043886,0.049879781756652725,0.09134226681119242,0.033405010150043886,0.049879781756652725,0.09134226681119242
ID_35RX02,0.033405010150043886,0.04939031732816384,0.09236337465513211,0.033405010150043886,0.04939031732816384,0.09236337465513211
ID_GOXE3K,0.033405010150043886,0.04065003350897473,0.07989897286546971,0.033405010150043886,0.04065003350897473,0.07989897286546971
ID_U5RFQ3,0.03377911239631651,0.06372172814317088,0.08355902492868997,0.03377911239631651,0.06372172814317088,0.08355902492868997
ID_DM55ZQ,0.033405010150043886,0.02647082673481103,0.05371960801680988,0.033405010150043886,0.02647082673481103,0.05371960801680988
ID_A1QQRA,0.054500688417410056,0.32340659915592485,0.6866836351283003,0.054500688417410056,0.32340659915592485,0.6866836351283003
ID_19O4B5,0.03377911239631651,0.05071551626277956,0.07829997523612695,0.03377911239631651,0.05071551626277956,0.07829997523612695
ID_5REP3T,0.033405010150043886,0.04939031732816384,0.09236337465513211,0.033405010150043886,0.04939031732816384,0.09236337465513211
ID_OF5R7M,0.06157766387913172,0.32863673868911847,0.702066071477848,0.06157766387913172,0.32863673868911847,0.702066071477848
ID_Q1LGPO,0.033405010150043886,0.030894410954834518,0.05887895324706142,0.033405010150043886,0.030894410954834518,0.05887895324706142
ID_K5EEX9,0.033405010150043886,0.048813751573237654,0.09134226681119242,0.033405010150043886,0.048813751573237654,0.09134226681119242
ID_IQGKMC,0.033405010150043886,0.049879781756652725,0.09134226681119242,0.033405010150043886,0.049879781756652725,0.09134226681119242
ID_HT38F6,0.033405010150043886,0.04939031732816384,0.09236337465513211,0.033405010150043886,0.04939031732816384,0.09236337465513211
ID_LZLRNV,0.033405010150043886,0.030875115339202775,0.06152371890659913,0.033405010150043886,0.030875115339202775,0.06152371890659913
ID_TWJQGO,0.033405010150043886,0.030262220524898,0.05415479239678347,0.033405010150043886,0.030262220524898,0.05415479239678347
ID_0CL91E,0.033405010150043886,0.03146174002405081,0.058839156932794456,0.033405010150043886,0.03146174002405081,0.058839156932794456
ID_57W8R1,0.033405010150043886,0.031101923089007673,0.056361186622402575,0.033405010150043886,0.031101923089007673,0.056361186622402575
ID_5WL00B,0.054500688417410056,0.32340659915592485,0.6866836351283003,0.054500688417410056,0.32340659915592485,0.6866836351283003
ID_GXWOO5,0.04407990326851674,0.1541983856421576,0.09783555466685151,0.04407990326851674,0.1541983856421576,0.09783555466685151
ID_TWRUWM,0.04407990326851674,0.1541983856421576,0.09783555466685151,0.04407990326851674,0.1541983856421576,0.09783555466685151
ID_A9BGIR,0.043287183970607435,0.10339031394644227,0.059756309059202234,0.043287183970607435,0.10339031394644227,0.059756309059202234
ID_2JI71I,0.03918515620399239,0.11615354127769068,0.07828983228078662,0.03918515620399239,0.11615354127769068,0.07828983228078662
ID_ML47TN,0.043287183970607435,0.10355302849442549,0.061852240716578154,0.043287183970607435,0.10355302849442549,0.061852240716578154
ID_7WZ9FK,0.04407990326851674,0.1541983856421576,0.09783555466685151,0.04407990326851674,0.1541983856421576,0.09783555466685151
ID_DRELA9,0.04407990326851674,0.1541983856421576,0.09783555466685151,0.04407990326851674,0.1541983856421576,0.09783555466685151
ID_J8US98,0.06429800881323958,0.11235807896732444,0.06749745151246356,0.06429800881323958,0.11235807896732444,0.06749745151246356
ID_H10W0Q,0.04407990326851674,0.1541983856421576,0.09783555466685151,0.04407990326851674,0.1541983856421576,0.09783555466685151
ID_9ZL287,0.043287183970607435,0.10355302849442549,0.061852240716578154,0.043287183970607435,0.10355302849442549,0.061852240716578154
ID_TZBCSR,0.04407990326851674,0.15086669020054355,0.09535653004807008,0.04407990326851674,0.15086669020054355,0.09535653004807008
ID_FTIP85,0.04451128480193224,0.15195853663358844,0.09535653004807008,0.04451128480193224,0.15195853663358844,0.09535653004807008
ID_FJN24X,0.04336979340715762,0.1480259238074101,0.10276237504620199,0.04336979340715762,0.1480259238074101,0.10276237504620199
ID_VKFW41,0.04336979340715762,0.1480259238074101,0.10276237504620199,0.04336979340715762,0.1480259238074101,0.10276237504620199
ID_TAJUDM,0.06429800881323958,0.11252056273468344,0.06958587847042749,0.06429800881323958,0.11252056273468344,0.06958587847042749
ID_MTGYGV,0.06429800881323958,0.11235807896732444,0.06749745151246356,0.06429800881323958,0.11235807896732444,0.06749745151246356
ID_71YOL3,0.7040313292365269,0.4558536054083421,0.3839153586310319,0.7040313292365269,0.4558536054083421,0.3839153586310319
ID_7CNHAN,0.7040313292365269,0.4558536054083421,0.3839153586310319,0.7040313292365269,0.4558536054083421,0.3839153586310319
ID_OZTOGX,0.7335012733835404,0.46425654046939485,0.3775239787845308,0.7335012733835404,0.46425654046939485,0.3775239787845308
ID_S9GOKQ,0.7359588639506074,0.5041079149588632,0.39333837662008575,0.7359588639506074,0.5041079149588632,0.39333837662008575
ID_TCCXJY,0.9117383000019376,0.6060026710581229,0.5517261142534245,0.9117383000019376,0.6060026710581229,0.5517261142534245
ID_UJI7EY,0.04375665086427692,0.14954841322885942,0.09860795682810983,0.04375665086427692,0.14954841322885942,0.09860795682810983
ID_WSXVUU,0.04336979340715762,0.1480259238074101,0.10276237504620199,0.04336979340715762,0.1480259238074101,0.10276237504620199
ID_FXV3ZJ,0.043287183970607435,0.10355302849442549,0.061852240716578154,0.043287183970607435,0.10355302849442549,0.061852240716578154
ID_CFIC5L,0.03847504634263328,0.1305383265972997,0.08419538177942186,0.03847504634263328,0.1305383265972997,0.08419538177942186
ID_T9BUYJ,0.04508337471748879,0.21291170671329535,0.18151124415524855,0.04508337471748879,0.21291170671329535,0.18151124415524855
ID_2KG52B,0.9117383000019376,0.6258941859028637,0.5555805250711343,0.9117383000019376,0.6258941859028637,0.5555805250711343
ID_U4YBEU,0.04407990326851674,0.15086669020054355,0.09535653004807008,0.04407990326851674,0.15086669020054355,0.09535653004807008
ID_J8SQUH,0.03847504634263328,0.12752928888939236,0.08504740611596914,0.03847504634263328,0.12752928888939236,0.08504740611596914
ID_UMRHMM,0.04336979340715762,0.14826205258814826,0.09860795682810983,0.04336979340715762,0.14826205258814826,0.09860795682810983
ID_XS0D20,0.9117383000019376,0.6258941859028637,0.5555805250711343,0.9117383000019376,0.6258941859028637,0.5555805250711343
ID_UT4QJ0,0.043287183970607435,0.10339031394644227,0.059756309059202234,0.043287183970607435,0.10339031394644227,0.059756309059202234
ID_LWNW4V,0.043287183970607435,0.10339031394644227,0.059756309059202234,0.043287183970607435,0.10339031394644227,0.059756309059202234
ID_I5ITGA,0.043287183970607435,0.10339031394644227,0.059756309059202234,0.043287183970607435,0.10339031394644227,0.059756309059202234
ID_63LRW5,0.6607549921971866,0.44243799512143855,0.35363870534293296,0.6607549921971866,0.44243799512143855,0.35363870534293296
ID_ECWV3B,0.043287183970607435,0.10339031394644227,0.059756309059202234,0.043287183970607435,0.10339031394644227,0.059756309059202234
ID_WYQ24M,0.8584367232727843,0.538561325009558,0.4959589946799602,0.8584367232727843,0.538561325009558,0.4959589946799602
ID_H9HY14,0.04336979340715762,0.1512840666143942,0.1012346178769364,0.04336979340715762,0.1512840666143942,0.1012346178769364
ID_UHQ8W8,0.7040313292365269,0.4558536054083421,0.3839153586310319,0.7040313292365269,0.4558536054083421,0.3839153586310319
ID_0U4OWS,0.043287183970607435,0.10339031394644227,0.059756309059202234,0.043287183970607435,0.10339031394644227,0.059756309059202234
ID_0ISQF0,0.8584367232727843,0.5665456213996096,0.5240868419276576,0.8584367232727843,0.5665456213996096,0.5240868419276576
ID_1AME4K,0.03744080738098185,0.0873191704931775,0.05448150289219569,0.03744080738098185,0.0873191704931775,0.05448150289219569
ID_2WSSFW,0.03847504634263328,0.11868865055348962,0.08720230263883508,0.03847504634263328,0.11868865055348962,0.08720230263883508
ID_LFVE77,0.04375665086427692,0.14954841322885942,0.09860795682810983,0.04375665086427692,0.14954841322885942,0.09860795682810983
ID_NEY52P,0.06429800881323958,0.11235807896732444,0.06749745151246356,0.06429800881323958,0.11235807896732444,0.06749745151246356
ID_17EACN,0.04451128480193224,0.15195853663358844,0.09535653004807008,0.04451128480193224,0.15195853663358844,0.09535653004807008
ID_6O0STD,0.043287183970607435,0.10339031394644227,0.059756309059202234,0.043287183970607435,0.10339031394644227,0.059756309059202234
ID_5YH0SU,0.04407990326851674,0.1541983856421576,0.09783555466685151,0.04407990326851674,0.1541983856421576,0.09783555466685151
ID_VQRYU1,0.03539986725573976,0.030474845824618922,0.03357150324839319,0.03539986725573976,0.030474845824618922,0.03357150324839319
ID_B6QT72,0.03304224693191833,0.00964081571477448,0.012554790156509694,0.03304224693191833,0.00964081571477448,0.012554790156509694
ID_XGRMG5,0.03304224693191833,0.009609657217125063,0.013602355769257987,0.03304224693191833,0.009609657217125063,0.013602355769257987
ID_MDIKUJ,0.03334319785611282,0.025903881993173124,0.03389705975266906,0.03334319785611282,0.025903881993173124,0.03389705975266906
ID_R4G4CS,0.03489857513348685,0.009947933156305936,0.0142725998929783,0.03489857513348685,0.009947933156305936,0.0142725998929783
ID_7841GQ,0.03334319785611282,0.025541758963065424,0.03399420236506424,0.03334319785611282,0.025541758963065424,0.03399420236506424
ID_68H8D0,0.09100662882365936,0.03135473105537042,0.0816763337630142,0.09100662882365936,0.03135473105537042,0.0816763337630142
ID_MQ1XM6,0.03304224693191833,0.00965131850905305,0.012778220886911823,0.03304224693191833,0.00965131850905305,0.012778220886911823
ID_2ELMR8,0.09100662882365936,0.03135473105537042,0.0816763337630142,0.09100662882365936,0.03135473105537042,0.0816763337630142
ID_EVBKW0,0.08328758986228366,0.017812766616409962,0.020607970853720164,0.08328758986228366,0.017812766616409962,0.020607970853720164
ID_Z6ZMD2,0.03304224693191833,0.00964081571477448,0.012554790156509694,0.03304224693191833,0.00964081571477448,0.012554790156509694
ID_QJVZET,0.03489857513348685,0.009897504348192507,0.013147849682955843,0.03489857513348685,0.009897504348192507,0.013147849682955843
ID_CQT5H1,0.033452239981902436,0.011914092138835122,0.012956296824787215,0.033452239981902436,0.011914092138835122,0.012956296824787215
ID_973XDF,0.033452239981902436,0.011736131346105759,0.013413819566072996,0.033452239981902436,0.011736131346105759,0.013413819566072996
ID_NSA0JJ,0.03489857513348685,0.00992517253073349,0.013810240771233977,0.03489857513348685,0.00992517253073349,0.013810240771233977
ID_FL0OCB,0.0344950902691338,0.014562234310447718,0.04225361531076732,0.0344950902691338,0.014562234310447718,0.04225361531076732
ID_2VHH1D,0.033452239981902436,0.011914092138835122,0.012956296824787215,0.033452239981902436,0.011914092138835122,0.012956296824787215
ID_U6MZRL,0.08954555516622076,0.025990300498103143,0.07913539408379858,0.08954555516622076,0.025990300498103143,0.07913539408379858
ID_MC3FP5,0.033452239981902436,0.011878091517771677,0.013493250186621097,0.033452239981902436,0.011878091517771677,0.013493250186621097
ID_9UV0JT,0.09100662882365936,0.03135473105537042,0.0816763337630142,0.09100662882365936,0.03135473105537042,0.0816763337630142
ID_58OZCP,0.09100662882365936,0.02712354996716396,0.07913539408379858,0.09100662882365936,0.02712354996716396,0.07913539408379858
ID_DE895W,0.09100662882365936,0.031541311299135,0.0808475403189015,0.09100662882365936,0.031541311299135,0.0808475403189015
ID_YXE8JJ,0.09100662882365936,0.03135473105537042,0.0816763337630142,0.09100662882365936,0.03135473105537042,0.0816763337630142
ID_TB9U7O,0.03489857513348685,0.010205034928021554,0.012872667407749578,0.03489857513348685,0.010205034928021554,0.012872667407749578
ID_R8NWKZ,0.03334319785611282,0.025865891524525578,0.03340145336952505,0.03334319785611282,0.025865891524525578,0.03340145336952505
ID_W9UZJB,0.03304224693191833,0.00964081571477448,0.012554790156509694,0.03304224693191833,0.00964081571477448,0.012554790156509694
ID_2323FO,0.03304224693191833,0.009623336695829727,0.013029461519367663,0.03304224693191833,0.009623336695829727,0.013029461519367663
ID_L6SYR3,0.037308961323675977,0.015261982894057557,0.042796018378905135,0.037308961323675977,0.015261982894057557,0.042796018378905135
ID_KEGBSM,0.03304224693191833,0.009650538537012896,0.013892116948284069,0.03304224693191833,0.009650538537012896,0.013892116948284069
ID_KD638L,0.037308961323675977,0.015261982894057557,0.042796018378905135,0.037308961323675977,0.015261982894057557,0.042796018378905135
ID_UV1C91,0.0344950902691338,0.014296469433818158,0.043655839742402516,0.0344950902691338,0.014296469433818158,0.043655839742402516
ID_2R99F6,0.08156765919744424,0.015520017604098359,0.07783651785959154,0.08156765919744424,0.015520017604098359,0.07783651785959154
ID_NDABA2,0.03334319785611282,0.025865891524525578,0.03340145336952505,0.03334319785611282,0.025865891524525578,0.03340145336952505
ID_VHW1SA,0.09100662882365936,0.026936969723399384,0.07991164581064004,0.09100662882365936,0.026936969723399384,0.07991164581064004
ID_6Q0PHL,0.09100662882365936,0.031541311299135,0.0808475403189015,0.09100662882365936,0.031541311299135,0.0808475403189015
ID_N526QO,0.09100662882365936,0.026936969723399384,0.07991164581064004,0.09100662882365936,0.026936969723399384,0.07991164581064004
ID_O3XAMU,0.037308961323675977,0.013736547389201166,0.04303678016334611,0.037308961323675977,0.013736547389201166,0.04303678016334611
ID_PUWLBC,0.03304224693191833,0.009650538537012896,0.013704383069160442,0.03304224693191833,0.009650538537012896,0.013704383069160442
ID_VD6HTN,0.037308961323675977,0.013787336299365993,0.04453707772605278,0.037308961323675977,0.013787336299365993,0.04453707772605278
ID_0T2A2U,0.033405010150043886,0.012160757048761897,0.017865516972414897,0.033405010150043886,0.012160757048761897,0.017865516972414897
ID_H1QAOB,0.033405010150043886,0.009735480785682808,0.013833676330927415,0.033405010150043886,0.009735480785682808,0.013833676330927415
ID_0DGOAR,0.033405010150043886,0.012160757048761897,0.017865516972414897,0.033405010150043886,0.012160757048761897,0.017865516972414897
ID_G2AFM5,0.03379013078599846,0.010071836825470306,0.012971033534656532,0.03379013078599846,0.010071836825470306,0.012971033534656532
ID_HMY17R,0.033405010150043886,0.011899783628796068,0.01800468316596611,0.033405010150043886,0.011899783628796068,0.01800468316596611
ID_XAUH6E,0.03379013078599846,0.00910168705370789,0.013672552897424651,0.03379013078599846,0.00910168705370789,0.013672552897424651
ID_PDT688,0.03597739537953403,0.012439553084114246,0.01539646503633988,0.03597739537953403,0.012439553084114246,0.01539646503633988
ID_DJB815,0.033405010150043886,0.00980083719654162,0.01375799926686356,0.033405010150043886,0.00980083719654162,0.01375799926686356
ID_PCHYP9,0.03597739537953403,0.013126897682504343,0.01549932312158276,0.03597739537953403,0.013126897682504343,0.01549932312158276
ID_WA6QND,0.033405010150043886,0.010170989518283005,0.012524720009469923,0.033405010150043886,0.010170989518283005,0.012524720009469923
ID_7ELMZ7,0.03348094749448393,0.010976095382477749,0.012643322004786892,0.03348094749448393,0.010976095382477749,0.012643322004786892
ID_CVNZQF,0.033405010150043886,0.01193624439458209,0.01809058634557176,0.033405010150043886,0.01193624439458209,0.01809058634557176
ID_GAHF28,0.033405010150043886,0.011941408343205055,0.017912177089678925,0.033405010150043886,0.011941408343205055,0.017912177089678925
ID_X2RBI1,0.03348094749448393,0.011120241925345251,0.015452936556625118,0.03348094749448393,0.011120241925345251,0.015452936556625118
ID_IVO26V,0.03348094749448393,0.009767201242324514,0.01482416913271583,0.03348094749448393,0.009767201242324514,0.01482416913271583
ID_AFMCOW,0.033405010150043886,0.01021622145757263,0.013641632733547496,0.033405010150043886,0.01021622145757263,0.013641632733547496
ID_1C94ID,0.033405010150043886,0.012124396211754604,0.01840124325938402,0.033405010150043886,0.012124396211754604,0.01840124325938402
ID_0C4EDO,0.03348094749448393,0.010976095382477749,0.012643322004786892,0.03348094749448393,0.010976095382477749,0.012643322004786892
ID_DOH3RS,0.03597739537953403,0.012488832578859254,0.016042725058051873,0.03597739537953403,0.012488832578859254,0.016042725058051873
ID_GPQQOT,0.03348094749448393,0.009927956645240453,0.01572055771292092,0.03348094749448393,0.009927956645240453,0.01572055771292092
ID_6UR8NI,0.033405010150043886,0.010210759224972601,0.01245589320781046,0.033405010150043886,0.010210759224972601,0.01245589320781046
ID_W6QZ1Q,0.03348094749448393,0.011710359658419163,0.013994104847620955,0.03348094749448393,0.011710359658419163,0.013994104847620955
ID_XI9QKS,0.033405010150043886,0.012160757048761897,0.017865516972414897,0.033405010150043886,0.012160757048761897,0.017865516972414897
ID_WZZ662,0.03348094749448393,0.011469095357946435,0.014476314202357118,0.03348094749448393,0.011469095357946435,0.014476314202357118
ID_9FITRJ,0.033405010150043886,0.010210759224972601,0.01245589320781046,0.033405010150043886,0.010210759224972601,0.01245589320781046
ID_JI0NUP,0.033405010150043886,0.010170989518283005,0.012524720009469923,0.033405010150043886,0.010170989518283005,0.012524720009469923
ID_36R17J,0.03348094749448393,0.011138978944903826,0.015416827916462145,0.03348094749448393,0.011138978944903826,0.015416827916462145
ID_KCZ1QX,0.033405010150043886,0.011941408343205055,0.017912177089678925,0.033405010150043886,0.011941408343205055,0.017912177089678925
ID_DG9EBL,0.03348094749448393,0.009927956645240453,0.01482416913271583,0.03348094749448393,0.009927956645240453,0.01482416913271583
ID_BPEU3X,0.033405010150043886,0.012160757048761897,0.017865516972414897,0.033405010150043886,0.012160757048761897,0.017865516972414897
ID_JWXL0Z,0.033405010150043886,0.010210759224972601,0.01245589320781046,0.033405010150043886,0.010210759224972601,0.01245589320781046
ID_IZ777T,0.033405010150043886,0.01167738504053517,0.018142953223455355,0.033405010150043886,0.01167738504053517,0.018142953223455355
ID_08BIU5,0.033405010150043886,0.011899783628796068,0.01800468316596611,0.033405010150043886,0.011899783628796068,0.01800468316596611
ID_BUYSNI,0.03348094749448393,0.010882433441886382,0.014394056079451274,0.03348094749448393,0.010882433441886382,0.014394056079451274
ID_U9DXQ2,0.03348094749448393,0.011469095357946435,0.014476314202357118,0.03348094749448393,0.011469095357946435,0.014476314202357118
ID_TMUJCJ,0.033405010150043886,0.009695835309939805,0.014016469683592409,0.033405010150043886,0.009695835309939805,0.014016469683592409
ID_RJR9RN,0.03348094749448393,0.012383585663816775,0.014998026242722945,0.03348094749448393,0.012383585663816775,0.014998026242722945
ID_3YHYSL,0.03416423303227109,0.01236180471012729,0.014569053675216243,0.03416423303227109,0.01236180471012729,0.014569053675216243
ID_9AQYF7,0.03666214874957501,0.028686576857590775,0.031514812751658405,0.03666214874957501,0.028686576857590775,0.031514812751658405
ID_54RAVH,0.03353174215142335,0.016856961418620236,0.028022317972553404,0.03353174215142335,0.016856961418620236,0.028022317972553404
ID_J5P69A,0.03392679291971282,0.028069915572629264,0.031514812751658405,0.03392679291971282,0.028069915572629264,0.031514812751658405
ID_G1V02M,0.033405010150043886,0.00980083719654162,0.013623487962773084,0.033405010150043886,0.00980083719654162,0.013623487962773084
ID_6PA6IV,0.03416423303227109,0.01110167091737867,0.01479687627571027,0.03416423303227109,0.01110167091737867,0.01479687627571027
ID_JQYQPR,0.033405010150043886,0.009695835309939805,0.014016469683592409,0.033405010150043886,0.009695835309939805,0.014016469683592409
ID_FB0WKU,0.03666214874957501,0.028686576857590775,0.031514812751658405,0.03666214874957501,0.028686576857590775,0.031514812751658405
ID_TA5143,0.033405010150043886,0.012160757048761897,0.017865516972414897,0.033405010150043886,0.012160757048761897,0.017865516972414897
ID_94CW70,0.033405010150043886,0.01454809097152076,0.017878507406260263,0.033405010150043886,0.01454809097152076,0.017878507406260263
ID_0JC80K,0.04025202909327289,0.028301387872926978,0.02562491046689044,0.04025202909327289,0.028301387872926978,0.02562491046689044
ID_SNIBU6,0.03348094749448393,0.0117912319560805,0.013712461919161836,0.03348094749448393,0.0117912319560805,0.013712461919161836
ID_TJU7KY,0.033405010150043886,0.009695835309939805,0.014016469683592409,0.033405010150043886,0.009695835309939805,0.014016469683592409
ID_7WX39F,0.03597739537953403,0.012509321953611974,0.015549344457908938,0.03597739537953403,0.012509321953611974,0.015549344457908938
ID_AOFGSF,0.033405010150043886,0.012124396211754604,0.01840124325938402,0.033405010150043886,0.012124396211754604,0.01840124325938402
ID_KBYL88,0.033405010150043886,0.01193624439458209,0.01809058634557176,0.033405010150043886,0.01193624439458209,0.01809058634557176
ID_YTS87K,0.037439307968734695,0.042541948063058,0.032354175304218885,0.037439307968734695,0.042541948063058,0.032354175304218885
ID_GEF4SU,0.07397390490356995,0.03380084889766335,0.05578616237925704,0.07397390490356995,0.03380084889766335,0.05578616237925704
ID_2UMLV4,0.033405010150043886,0.010207666219027665,0.012517673414090305,0.033405010150043886,0.010207666219027665,0.012517673414090305
ID_AG56N6,0.04163205448468167,0.031660625728612335,0.0267485480223086,0.04163205448468167,0.031660625728612335,0.0267485480223086
ID_PJRXEY,0.033405010150043886,0.01193624439458209,0.01809058634557176,0.033405010150043886,0.01193624439458209,0.01809058634557176
ID_BIYAR6,0.033405010150043886,0.01193624439458209,0.01809058634557176,0.033405010150043886,0.01193624439458209,0.01809058634557176
ID_Q5KE8B,0.033405010150043886,0.00975338151527513,0.014084721733449374,0.033405010150043886,0.00975338151527513,0.014084721733449374
ID_JYQN2M,0.033405010150043886,0.012155593100138931,0.018037695696709075,0.033405010150043886,0.012155593100138931,0.018037695696709075
ID_GI8IYT,0.033405010150043886,0.01193624439458209,0.01809058634557176,0.033405010150043886,0.01193624439458209,0.01809058634557176
ID_UI3NV7,0.033405010150043886,0.01002474686997387,0.012701676431438361,0.033405010150043886,0.01002474686997387,0.012701676431438361
ID_LSLZLB,0.03625784124481794,0.015771217582686417,0.02415229383219376,0.03625784124481794,0.015771217582686417,0.02415229383219376
ID_U80UCB,0.03348094749448393,0.011049328977588181,0.01698551569101456,0.03348094749448393,0.011049328977588181,0.01698551569101456
ID_7YIFAF,0.033405010150043886,0.012160757048761897,0.017865516972414897,0.033405010150043886,0.012160757048761897,0.017865516972414897
ID_X1XYBC,0.03392679291971282,0.028069915572629264,0.031514812751658405,0.03392679291971282,0.028069915572629264,0.031514812751658405
ID_Z7PXEJ,0.03348094749448393,0.011138978944903826,0.015416827916462145,0.03348094749448393,0.011138978944903826,0.015416827916462145
ID_FZHPYW,0.033405010150043886,0.010170989518283005,0.012524720009469923,0.033405010150043886,0.010170989518283005,0.012524720009469923
ID_9SPXYO,0.033405010150043886,0.01193624439458209,0.01809058634557176,0.033405010150043886,0.01193624439458209,0.01809058634557176
ID_WRT76C,0.033405010150043886,0.012160757048761897,0.017865516972414897,0.033405010150043886,0.012160757048761897,0.017865516972414897
ID_J2FJRW,0.033405010150043886,0.010251568486622214,0.013710334935472308,0.033405010150043886,0.010251568486622214,0.013710334935472308
ID_IEUVNM,0.03597739537953403,0.012000255120229826,0.01517774941910165,0.03597739537953403,0.012000255120229826,0.01517774941910165
ID_1U9QOZ,0.04131837757100294,0.03369391886769045,0.029657767268253275,0.04131837757100294,0.03369391886769045,0.029657767268253275
ID_ELOPWG,0.03416423303227109,0.011580116244049005,0.01420154846996736,0.03416423303227109,0.011580116244049005,0.01420154846996736
ID_ZI5Y1E,0.033405010150043886,0.01002474686997387,0.012501436944773204,0.033405010150043886,0.01002474686997387,0.012501436944773204
ID_ASGRG0,0.033405010150043886,0.009695835309939805,0.014016469683592409,0.033405010150043886,0.009695835309939805,0.014016469683592409
ID_PSAMCJ,0.033405010150043886,0.010170989518283005,0.012524720009469923,0.033405010150043886,0.010170989518283005,0.012524720009469923
ID_2A4701,0.033405010150043886,0.010170989518283005,0.012524720009469923,0.033405010150043886,0.010170989518283005,0.012524720009469923
ID_8AQJGL,0.03348094749448393,0.01087739919641076,0.014773558992055484,0.03348094749448393,0.01087739919641076,0.014773558992055484
ID_4NNDXH,0.033405010150043886,0.012119526481381204,0.018573421983678198,0.033405010150043886,0.012119526481381204,0.018573421983678198
ID_3PVLGV,0.033405010150043886,0.00975338151527513,0.014084721733449374,0.033405010150043886,0.00975338151527513,0.014084721733449374
ID_NM26QX,0.036477909742129305,0.02833182666485763,0.03755924763273537,0.036477909742129305,0.02833182666485763,0.03755924763273537
ID_JPHAG6,0.033405010150043886,0.010207666219027665,0.012517673414090305,0.033405010150043886,0.010207666219027665,0.012517673414090305
ID_WKK2CS,0.033405010150043886,0.00975338151527513,0.014084721733449374,0.033405010150043886,0.00975338151527513,0.014084721733449374
ID_MTFXPX,0.033405010150043886,0.01189673374609201,0.018494172458057685,0.033405010150043886,0.01189673374609201,0.018494172458057685
ID_8Y14DK,0.033405010150043886,0.01014842738740362,0.01283240323016035,0.033405010150043886,0.01014842738740362,0.01283240323016035
ID_ET1AOI,0.03379013078599846,0.010070916328558126,0.01309182802415273,0.03379013078599846,0.010070916328558126,0.01309182802415273
ID_B4CFP4,0.04163205448468167,0.04476959870123312,0.03301138788200385,0.04163205448468167,0.04476959870123312,0.03301138788200385
ID_4WUH73,0.033405010150043886,0.010251568486622214,0.013710334935472308,0.033405010150043886,0.010251568486622214,0.013710334935472308
ID_B6GW66,0.03348094749448393,0.010307521389526321,0.013801364078626395,0.03348094749448393,0.010307521389526321,0.013801364078626395
ID_BKO8EP,0.03416423303227109,0.010544634161860625,0.014736953265905704,0.03416423303227109,0.010544634161860625,0.014736953265905704
ID_3KYFSE,0.03878616612658046,0.013164467138253843,0.01640326573080725,0.03878616612658046,0.013164467138253843,0.01640326573080725
ID_ILOCIE,0.03348094749448393,0.010751045388141207,0.013486373385963583,0.03348094749448393,0.010751045388141207,0.013486373385963583
ID_79UIX6,0.033405010150043886,0.011941408343205055,0.017912177089678925,0.033405010150043886,0.011941408343205055,0.017912177089678925
ID_K29ICA,0.033405010150043886,0.009688025104416319,0.014318009514041675,0.033405010150043886,0.009688025104416319,0.014318009514041675
ID_EMCF89,0.033405010150043886,0.012155593100138931,0.018037695696709075,0.033405010150043886,0.012155593100138931,0.018037695696709075
ID_VVPJT8,0.03679136658103976,0.02979710825634323,0.032557224126645426,0.03679136658103976,0.02979710825634323,0.032557224126645426
ID_6RW7WE,0.05220908173465556,0.11942888497014492,0.07971733478779257,0.05220908173465556,0.11942888497014492,0.07971733478779257
ID_RP4S9G,0.037439307968734695,0.03454745610925766,0.029657767268253275,0.037439307968734695,0.03454745610925766,0.029657767268253275
ID_BW4GGG,0.033405010150043886,0.010174220171100347,0.012440462322030263,0.033405010150043886,0.010174220171100347,0.012440462322030263
ID_7Y1J8O,0.033405010150043886,0.012160757048761897,0.017865516972414897,0.033405010150043886,0.012160757048761897,0.017865516972414897
ID_U9XJOX,0.036227202751900674,0.021684664627064726,0.03047173065258861,0.036227202751900674,0.021684664627064726,0.03047173065258861
ID_9HLS3W,0.033405010150043886,0.01193624439458209,0.01809058634557176,0.033405010150043886,0.01193624439458209,0.01809058634557176
ID_VHEXDH,0.033405010150043886,0.010170989518283005,0.012524720009469923,0.033405010150043886,0.010170989518283005,0.012524720009469923
ID_GJUTJ6,0.033405010150043886,0.012160757048761897,0.017865516972414897,0.033405010150043886,0.012160757048761897,0.017865516972414897
ID_3K6BSM,0.03348094749448393,0.010934521679722874,0.014677621387181742,0.03348094749448393,0.010934521679722874,0.014677621387181742
ID_9QHKM5,0.0427366277545357,0.11261461182385218,0.06463373840593986,0.0427366277545357,0.11261461182385218,0.06463373840593986
ID_2IDMK7,0.03348094749448393,0.01593282231419176,0.01872160544855583,0.03348094749448393,0.01593282231419176,0.01872160544855583
ID_2UT2U6,0.033405010150043886,0.011941408343205055,0.017912177089678925,0.033405010150043886,0.011941408343205055,0.017912177089678925
ID_UR6FEW,0.033405010150043886,0.012160757048761897,0.017865516972414897,0.033405010150043886,0.012160757048761897,0.017865516972414897
ID_TRQZ0M,0.033405010150043886,0.012155593100138931,0.018037695696709075,0.033405010150043886,0.012155593100138931,0.018037695696709075
ID_KKGOZ3,0.033405010150043886,0.012155593100138931,0.018037695696709075,0.033405010150043886,0.012155593100138931,0.018037695696709075
ID_MWBQU9,0.03348094749448393,0.011049328977588181,0.01698551569101456,0.03348094749448393,0.011049328977588181,0.01698551569101456
ID_SHGMZJ,0.03743930796873469,0.03454745610925766,0.02918948213355673,0.03743930796873469,0.03454745610925766,0.02918948213355673
ID_KYD4DW,0.033405010150043886,0.009695835309939805,0.014016469683592409,0.033405010150043886,0.009695835309939805,0.014016469683592409
ID_QAIAUU,0.03348094749448393,0.011469095357946435,0.014476314202357118,0.03348094749448393,0.011469095357946435,0.014476314202357118
ID_2LRZL3,0.033405010150043886,0.012119526481381204,0.018573421983678198,0.033405010150043886,0.012119526481381204,0.018573421983678198
ID_V7A541,0.033405010150043886,0.010210759224972601,0.01245589320781046,0.033405010150043886,0.010210759224972601,0.01245589320781046
ID_9DXFRR,0.03348094749448393,0.011994882119020006,0.014855817114961329,0.03348094749448393,0.011994882119020006,0.014855817114961329
ID_S7KKUF,0.03348094749448393,0.011188746998312436,0.015247701136698023,0.03348094749448393,0.011188746998312436,0.015247701136698023
ID_GX5WM0,0.03348094749448393,0.009767201242324514,0.014981188263582723,0.03348094749448393,0.009767201242324514,0.014981188263582723
ID_9CLKA6,0.03348094749448393,0.01087739919641076,0.014773558992055484,0.03348094749448393,0.01087739919641076,0.014773558992055484
ID_CEKPDU,0.033405010150043886,0.010180919161858825,0.014150980987682886,0.033405010150043886,0.010180919161858825,0.014150980987682886
ID_5LE4HE,0.033405010150043886,0.010207666219027665,0.012517673414090305,0.033405010150043886,0.010207666219027665,0.012517673414090305
ID_2YYGLW,0.03589149892017496,0.01058491802019734,0.012916129675825533,0.03589149892017496,0.01058491802019734,0.012916129675825533
ID_I76YXQ,0.033405010150043886,0.012124396211754604,0.01840124325938402,0.033405010150043886,0.012124396211754604,0.01840124325938402
ID_L8Y0QF,0.033405010150043886,0.010207666219027665,0.012517673414090305,0.033405010150043886,0.010207666219027665,0.012517673414090305
ID_B3CDOU,0.03348094749448393,0.011188746998312436,0.015226251079550073,0.03348094749448393,0.011188746998312436,0.015226251079550073
ID_LVNFZZ,0.033405010150043886,0.00980083719654162,0.013623487962773084,0.033405010150043886,0.00980083719654162,0.013623487962773084
ID_HKFQ1V,0.03348094749448393,0.010937838064113917,0.015226251079550073,0.03348094749448393,0.010937838064113917,0.015226251079550073
ID_803TPA,0.033405010150043886,0.01193624439458209,0.01809058634557176,0.033405010150043886,0.01193624439458209,0.01809058634557176
ID_GLQ3DX,0.033405010150043886,0.01193624439458209,0.01809058634557176,0.033405010150043886,0.01193624439458209,0.01809058634557176
ID_IQPKA6,0.03348094749448393,0.011047961150667227,0.013538208319751383,0.03348094749448393,0.011047961150667227,0.013538208319751383
ID_ZVCB1F,0.033405010150043886,0.00975338151527513,0.014084721733449374,0.033405010150043886,0.00975338151527513,0.014084721733449374
ID_J55KEV,0.03348094749448393,0.009312905064475012,0.013544876104871923,0.03348094749448393,0.009312905064475012,0.013544876104871923
ID_F0XW09,0.03348094749448393,0.011188746998312436,0.015057124299785951,0.03348094749448393,0.011188746998312436,0.015057124299785951
ID_DHZUBS,0.03416423303227109,0.011235332394670207,0.01569051957775567,0.03416423303227109,0.011235332394670207,0.01569051957775567
ID_W41W7O,0.03597739537953403,0.013218190335204218,0.01549932312158276,0.03597739537953403,0.013218190335204218,0.01549932312158276
ID_6AQOOX,0.03705846899975961,0.012659517998470555,0.02355281371222448,0.03705846899975961,0.012659517998470555,0.02355281371222448
ID_WQ0W7P,0.03829720669091176,0.012729916811600066,0.024900149164159245,0.03829720669091176,0.012729916811600066,0.024900149164159245
ID_GARNGB,0.03705846899975961,0.012655813716645021,0.02355281371222448,0.03705846899975961,0.012655813716645021,0.02355281371222448
ID_ZRFZ0T,0.03518494730796259,0.012896643861960743,0.02302410216047283,0.03518494730796259,0.012896643861960743,0.02302410216047283
ID_TSKMGA,0.03705846899975961,0.01253107451017692,0.023703411396731947,0.03705846899975961,0.01253107451017692,0.023703411396731947
ID_CZJREO,0.035443592665504606,0.011024461840231765,0.019411011577836607,0.035443592665504606,0.011024461840231765,0.019411011577836607
ID_7UONQC,0.035022514696508036,0.011240492514192821,0.01932005568214128,0.035022514696508036,0.011240492514192821,0.01932005568214128
ID_VM84AE,0.060671405456668825,0.11762061207923691,0.15980965226745894,0.060671405456668825,0.11762061207923691,0.15980965226745894
ID_LYQHB8,0.13703114877278214,0.15087722511816457,0.6324172157964143,0.13703114877278214,0.15087722511816457,0.6324172157964143
ID_SRMPF6,0.06712619499100345,0.18286384194089747,0.22039227494830932,0.06712619499100345,0.18286384194089747,0.22039227494830932
ID_AQEDUU,0.06406182580252487,0.11228428583298565,0.15980965226745894,0.06406182580252487,0.11228428583298565,0.15980965226745894
ID_URYB4G,0.11760256197515162,0.13905769188789915,0.2988433492562692,0.11760256197515162,0.13905769188789915,0.2988433492562692
ID_L1C8T4,0.033405010150043886,0.01018448030197847,0.014149887615696735,0.033405010150043886,0.01018448030197847,0.014149887615696735
ID_GQHEYV,0.07970293465958547,0.13338369738405728,0.303078401983245,0.07970293465958547,0.13338369738405728,0.303078401983245
ID_E0O1TE,0.033405010150043886,0.010151900955078178,0.013807707033570935,0.033405010150043886,0.010151900955078178,0.013807707033570935
ID_P7I8OT,0.12303801223377844,0.21197498088589378,0.5970925841196124,0.12303801223377844,0.21197498088589378,0.5970925841196124
ID_KU8IY3,0.5065405385897549,0.38427473346022034,0.5255502435768598,0.5065405385897549,0.38427473346022034,0.5255502435768598
ID_56TEHN,0.033405010150043886,0.010223258459930076,0.014087216393144265,0.033405010150043886,0.010223258459930076,0.014087216393144265
ID_QMWF8O,0.11824206811057628,0.14274096254575383,0.2988433492562692,0.11824206811057628,0.14274096254575383,0.2988433492562692
ID_22YEQD,0.033405010150043886,0.01018448030197847,0.014149887615696735,0.033405010150043886,0.01018448030197847,0.014149887615696735
ID_7GZXR0,0.033405010150043886,0.010151900955078178,0.013807707033570935,0.033405010150043886,0.010151900955078178,0.013807707033570935
ID_G9WW3Y,0.06712619499100345,0.08893896557413761,0.18143852637711752,0.06712619499100345,0.08893896557413761,0.18143852637711752
ID_AXB1LU,0.033405010150043886,0.01018448030197847,0.014149887615696735,0.033405010150043886,0.01018448030197847,0.014149887615696735
ID_EWJGNL,0.03348094749448393,0.014929108721366286,0.016870441654395857,0.03348094749448393,0.014929108721366286,0.016870441654395857
ID_Z8A224,0.069456434144472,0.08137039798622824,0.20202000099184353,0.069456434144472,0.08137039798622824,0.20202000099184353
ID_SMAV0S,0.06406182580252487,0.11518628436717698,0.16012253719604028,0.06406182580252487,0.11518628436717698,0.16012253719604028
ID_4W0S35,0.06669037234543353,0.06833933396696744,0.1879368136904394,0.06669037234543353,0.06833933396696744,0.1879368136904394
ID_32HYGC,0.0681448601469398,0.12907563753912374,0.21422123638591145,0.0681448601469398,0.12907563753912374,0.21422123638591145
ID_Y0V0Q8,0.06406182580252487,0.11228428583298565,0.15980965226745894,0.06406182580252487,0.11228428583298565,0.15980965226745894
ID_VEHMX4,0.033405010150043886,0.01018448030197847,0.014149887615696735,0.033405010150043886,0.01018448030197847,0.014149887615696735
ID_B8VB2S,0.035443592665504606,0.010767811276357401,0.01932005568214128,0.035443592665504606,0.010767811276357401,0.01932005568214128
ID_YU423E,0.033405010150043886,0.010151900955078178,0.014087216393144265,0.033405010150043886,0.010151900955078178,0.014087216393144265
ID_NYYJM9,0.03348094749448393,0.010987486037596111,0.014149887615696735,0.03348094749448393,0.010987486037596111,0.014149887615696735
ID_WP14OU,0.033405010150043886,0.013953557919671913,0.016562449707741275,0.033405010150043886,0.013953557919671913,0.016562449707741275
ID_XDWYCC,0.06202586151484386,0.13448626801210106,0.2533253842810298,0.06202586151484386,0.13448626801210106,0.2533253842810298
ID_H0ZGLY,0.44817128074193036,0.30036118016248997,0.4299443234567707,0.44817128074193036,0.30036118016248997,0.4299443234567707
ID_BEKEYZ,0.0681448601469398,0.12907563753912374,0.21422123638591145,0.0681448601469398,0.12907563753912374,0.21422123638591145
ID_JB2Y8O,0.5512473047982438,0.5221855787585765,0.8149197004305606,0.5512473047982438,0.5221855787585765,0.8149197004305606
ID_FO98FY,0.1519138299280025,0.2529808714270476,0.5730255035544365,0.1519138299280025,0.2529808714270476,0.5730255035544365
ID_JGO3WB,0.033405010150043886,0.010151900955078178,0.013807707033570935,0.033405010150043886,0.010151900955078178,0.013807707033570935
ID_MENRNK,0.033405010150043886,0.010151900955078178,0.013807707033570935,0.033405010150043886,0.010151900955078178,0.013807707033570935
ID_60PIJY,0.033405010150043886,0.010151900955078178,0.013807707033570935,0.033405010150043886,0.010151900955078178,0.013807707033570935
ID_N05EO9,0.06406182580252487,0.11518628436717698,0.15980965226745894,0.06406182580252487,0.11518628436717698,0.15980965226745894
ID_GO6AEU,0.033405010150043886,0.010151900955078178,0.013807707033570935,0.033405010150043886,0.010151900955078178,0.013807707033570935
ID_V8O1QV,0.10738187758242064,0.12076592345217374,0.2551642406719325,0.10738187758242064,0.12076592345217374,0.2551642406719325
ID_Z5Q2AH,0.04994775179287313,0.11699365523948833,0.22013192131333806,0.04994775179287313,0.11699365523948833,0.22013192131333806
ID_84O0XR,0.06881387468830212,0.09808076492992931,0.2081408792089821,0.06881387468830212,0.09808076492992931,0.2081408792089821
ID_G5ULLS,0.0681448601469398,0.12907563753912374,0.21422123638591145,0.0681448601469398,0.12907563753912374,0.21422123638591145
ID_UQLI5V,0.033405010150043886,0.01018448030197847,0.014149887615696735,0.033405010150043886,0.01018448030197847,0.014149887615696735
ID_P5TQAL,0.04055118379705187,0.01076777033857354,0.021378526913328987,0.04055118379705187,0.01076777033857354,0.021378526913328987
ID_DNX620,0.04915616407854361,0.012460227602399817,0.0223450545072355,0.04915616407854361,0.012460227602399817,0.0223450545072355
ID_7JV87P,0.033405010150043886,0.01018448030197847,0.014149887615696735,0.033405010150043886,0.01018448030197847,0.014149887615696735
ID_A23KNJ,0.03348094749448393,0.011806577296035913,0.015209592076776966,0.03348094749448393,0.011806577296035913,0.015209592076776966
ID_KNF9P6,0.13461283248733602,0.15640264264576487,0.26562188628037897,0.13461283248733602,0.15640264264576487,0.26562188628037897
ID_MMVYLE,0.03348094749448393,0.01165388960033181,0.014812884212340014,0.03348094749448393,0.01165388960033181,0.014812884212340014
ID_GFGI4F,0.033405010150043886,0.010151900955078178,0.013807707033570935,0.033405010150043886,0.010151900955078178,0.013807707033570935
ID_I8FAWN,0.033405010150043886,0.01018448030197847,0.014149887615696735,0.033405010150043886,0.01018448030197847,0.014149887615696735
ID_42E5J9,0.033405010150043886,0.010151900955078178,0.013807707033570935,0.033405010150043886,0.010151900955078178,0.013807707033570935
ID_8QIBGT,0.16924172093727644,0.33428531321582605,0.6486316111213687,0.16924172093727644,0.33428531321582605,0.6486316111213687
ID_AV3PSZ,0.06406182580252487,0.11228428583298565,0.15980965226745894,0.06406182580252487,0.11228428583298565,0.15980965226745894
ID_NJNVR3,0.033405010150043886,0.010151900955078178,0.013807707033570935,0.033405010150043886,0.010151900955078178,0.013807707033570935
ID_C1X1NC,0.04994775179287313,0.12010925379020923,0.22013192131333806,0.04994775179287313,0.12010925379020923,0.22013192131333806
ID_1AT9KW,0.03348094749448393,0.01165388960033181,0.014812884212340014,0.03348094749448393,0.01165388960033181,0.014812884212340014
ID_TXM3UJ,0.060671405456668825,0.12086720674277196,0.15980965226745894,0.060671405456668825,0.12086720674277196,0.15980965226745894
ID_AQNPGS,0.08072559127924969,0.13682431986581664,0.2561399132567352,0.08072559127924969,0.13682431986581664,0.2561399132567352
ID_VQ7W0A,0.13505479434043713,0.1436403569903464,0.25962391023241066,0.13505479434043713,0.1436403569903464,0.25962391023241066
ID_PP9RGH,0.033405010150043886,0.010151900955078178,0.014087216393144265,0.033405010150043886,0.010151900955078178,0.014087216393144265
ID_CCQCPK,0.10818582400021659,0.17407565467961253,0.32169210133933906,0.10818582400021659,0.17407565467961253,0.32169210133933906
ID_K3NMVQ,0.033405010150043886,0.01018448030197847,0.014149887615696735,0.033405010150043886,0.01018448030197847,0.014149887615696735
ID_XRKPXN,0.035443592665504606,0.010959105429372954,0.019587565898331754,0.035443592665504606,0.010959105429372954,0.019587565898331754
ID_Z26KY5,0.07123887827888264,0.1107563430063197,0.20787558905228679,0.07123887827888264,0.1107563430063197,0.20787558905228679
ID_IVLEST,0.03348094749448393,0.011579290382353417,0.014953053630142947,0.03348094749448393,0.011579290382353417,0.014953053630142947
ID_0J1LF5,0.033405010150043886,0.009823169369543396,0.013043380455514396,0.033405010150043886,0.009823169369543396,0.013043380455514396
ID_6UN1T6,0.033405010150043886,0.009831878374698573,0.013314822671601787,0.033405010150043886,0.009831878374698573,0.013314822671601787
ID_K2FMPI,0.033405010150043886,0.010161518204394013,0.01361162691998208,0.033405010150043886,0.010161518204394013,0.01361162691998208
ID_FM755F,0.1626642690469861,0.15328830007999114,0.5064693810924956,0.1626642690469861,0.15328830007999114,0.5064693810924956
ID_XRDXXZ,0.08203482237278016,0.08975600052340078,0.20274952091351384,0.08203482237278016,0.08975600052340078,0.20274952091351384
ID_OOT7EU,0.03348094749448393,0.01182048428930996,0.015096383887546748,0.03348094749448393,0.01182048428930996,0.015096383887546748
ID_2IAGXT,0.03348094749448393,0.011345045753925092,0.014847236697020464,0.03348094749448393,0.011345045753925092,0.014847236697020464
ID_TVWIUG,0.033405010150043886,0.010236305098010087,0.013956104797440104,0.033405010150043886,0.010236305098010087,0.013956104797440104
ID_WZNIA5,0.03348094749448393,0.011667157511675335,0.014699676023109794,0.03348094749448393,0.011667157511675335,0.014699676023109794
ID_4UD817,0.07568488696561991,0.08385953197518353,0.1981197059083123,0.07568488696561991,0.08385953197518353,0.1981197059083123
ID_Y8QP8D,0.033405010150043886,0.010236305098010087,0.013956104797440104,0.033405010150043886,0.010236305098010087,0.013956104797440104
ID_MVMMZ5,0.033405010150043886,0.010160401650450936,0.013631440817573946,0.033405010150043886,0.010160401650450936,0.013631440817573946
ID_DMI52X,0.033405010150043886,0.010161518204394013,0.01361162691998208,0.033405010150043886,0.010161518204394013,0.01361162691998208
ID_CAFKO7,0.03348094749448393,0.011391242692348695,0.014953053630142947,0.03348094749448393,0.011391242692348695,0.014953053630142947
ID_7N507C,0.03348094749448393,0.01187256127004211,0.015096383887546748,0.03348094749448393,0.01187256127004211,0.015096383887546748
ID_54A9SS,0.3853684807282103,0.2782207212379504,0.46275859643069867,0.3853684807282103,0.2782207212379504,0.46275859643069867
ID_0USD12,0.033405010150043886,0.010195149250858439,0.014012975458963782,0.033405010150043886,0.010195149250858439,0.014012975458963782
ID_RPZ22Z,0.033405010150043886,0.010160401650450936,0.013956104797440104,0.033405010150043886,0.010160401650450936,0.013956104797440104
ID_ST1G3A,0.03348094749448393,0.011370897009507192,0.014556345765705993,0.03348094749448393,0.011370897009507192,0.014556345765705993
ID_R653PC,0.03348094749448393,0.011370897009507192,0.014556345765705993,0.03348094749448393,0.011370897009507192,0.014556345765705993
ID_MXKXHH,0.033405010150043886,0.010236305098010087,0.013956104797440104,0.033405010150043886,0.010236305098010087,0.013956104797440104
ID_EBHVGH,0.033405010150043886,0.010160401650450936,0.013631440817573946,0.033405010150043886,0.010160401650450936,0.013631440817573946
ID_UTUSKA,0.03348094749448393,0.010753763109589382,0.013898972388021697,0.03348094749448393,0.010753763109589382,0.013898972388021697
ID_QXI7WO,0.033405010150043886,0.009823169369543396,0.013314822671601787,0.033405010150043886,0.009823169369543396,0.013314822671601787
ID_JUWIIQ,0.033405010150043886,0.010160401650450936,0.013956104797440104,0.033405010150043886,0.010160401650450936,0.013956104797440104
ID_KG679D,0.033405010150043886,0.010161518204394013,0.01361162691998208,0.033405010150043886,0.010161518204394013,0.01361162691998208
ID_0SBJWI,0.03348094749448393,0.010753763109589382,0.013898972388021697,0.03348094749448393,0.010753763109589382,0.013898972388021697
ID_BZ3FXA,0.15626940020683236,0.19628702891772276,0.5092565492380309,0.15626940020683236,0.19628702891772276,0.5092565492380309
ID_HUWRBN,0.033405010150043886,0.009823169369543396,0.013314822671601787,0.033405010150043886,0.009823169369543396,0.013314822671601787
ID_REHHGY,0.033405010150043886,0.010236305098010087,0.013956104797440104,0.033405010150043886,0.010236305098010087,0.013956104797440104
ID_PMEGO0,0.033405010150043886,0.010161518204394013,0.01361162691998208,0.033405010150043886,0.010161518204394013,0.01361162691998208
ID_IL6LSS,0.03348094749448393,0.011442109040703832,0.014847236697020464,0.03348094749448393,0.011442109040703832,0.014847236697020464
ID_PHPRJV,0.033405010150043886,0.010160401650450936,0.013956104797440104,0.033405010150043886,0.010160401650450936,0.013956104797440104
ID_YZPT9I,0.033405010150043886,0.010541815935493616,0.038584992942968785,0.033405010150043886,0.010541815935493616,0.038584992942968785
ID_INX5GB,0.033405010150043886,0.00996729623016563,0.03705208044989841,0.033405010150043886,0.00996729623016563,0.03705208044989841
ID_SWPYGT,0.038717944211885694,0.015497629155172263,0.1802081948343967,0.038717944211885694,0.015497629155172263,0.1802081948343967
ID_FJI00V,0.036749228597665544,0.015315735433038907,0.17039861451829405,0.036749228597665544,0.015315735433038907,0.17039861451829405
ID_IEX2UL,0.038717944211885694,0.014622705174130151,0.18279076404889777,0.038717944211885694,0.014622705174130151,0.18279076404889777
ID_0O39EX,0.034744073672806824,0.015761865342360713,0.1631967716313205,0.034744073672806824,0.015761865342360713,0.1631967716313205
ID_S4XD8H,0.033405010150043886,0.010543648313317843,0.037275655191934716,0.033405010150043886,0.010543648313317843,0.037275655191934716
ID_T922CM,0.14978871205829636,0.3378790602251372,0.6522433686746123,0.14978871205829636,0.3378790602251372,0.6522433686746123
ID_IZKU1L,0.03348094749448393,0.011108378797027675,0.03637148334168108,0.03348094749448393,0.011108378797027675,0.03637148334168108
ID_HT4WWZ,0.033405010150043886,0.010105321102844993,0.037275655191934716,0.033405010150043886,0.010105321102844993,0.037275655191934716
ID_N57ZY0,0.05348096950403715,0.022038895429985866,0.2242845994794995,0.05348096950403715,0.022038895429985866,0.2242845994794995
ID_97YIMP,0.033405010150043886,0.010105321102844993,0.037275655191934716,0.033405010150043886,0.010105321102844993,0.037275655191934716
ID_D51DKG,0.03905880552797983,0.014041016484972198,0.1574513156555589,0.03905880552797983,0.014041016484972198,0.1574513156555589
ID_8DBGRU,0.034744073672806824,0.015761865342360713,0.1631967716313205,0.034744073672806824,0.015761865342360713,0.1631967716313205
ID_9CQJQW,0.034744073672806824,0.015761865342360713,0.1631967716313205,0.034744073672806824,0.015761865342360713,0.1631967716313205
ID_DZTIC5,0.038717944211885694,0.014244054951102088,0.17660888574070313,0.038717944211885694,0.014244054951102088,0.17660888574070313
ID_RT2NGQ,0.033405010150043886,0.010543648313317843,0.038767116685223105,0.033405010150043886,0.010543648313317843,0.038767116685223105
ID_3TV8X9,0.03696965462427851,0.015893145294788105,0.16075170699794855,0.03696965462427851,0.015893145294788105,0.16075170699794855
ID_JSJFMM,0.038717944211885694,0.014244054951102088,0.17660888574070313,0.038717944211885694,0.014244054951102088,0.17660888574070313
ID_U7DE1J,0.03348094749448393,0.011162938163263702,0.03637148334168108,0.03348094749448393,0.011162938163263702,0.03637148334168108
ID_QYPSZ8,0.033405010150043886,0.00996729623016563,0.03705208044989841,0.033405010150043886,0.00996729623016563,0.03705208044989841
ID_HXWPHV,0.033405010150043886,0.010429320971043297,0.0360513700837015,0.033405010150043886,0.010429320971043297,0.0360513700837015
ID_4XJUM7,0.033405010150043886,0.010039944839939183,0.037275655191934716,0.033405010150043886,0.010039944839939183,0.037275655191934716
ID_OOZOIL,0.033405010150043886,0.010428126580069887,0.034585616085914206,0.033405010150043886,0.010428126580069887,0.034585616085914206
ID_95I388,0.033405010150043886,0.010541815935493616,0.038584992942968785,0.033405010150043886,0.010541815935493616,0.038584992942968785
ID_Z9ECXM,0.033405010150043886,0.010039944839939183,0.037275655191934716,0.033405010150043886,0.010039944839939183,0.037275655191934716
ID_VJMSAU,0.033405010150043886,0.010428126580069887,0.034585616085914206,0.033405010150043886,0.010428126580069887,0.034585616085914206
ID_2SWR73,0.033405010150043886,0.009982074553163585,0.03628917274178632,0.033405010150043886,0.009982074553163585,0.03628917274178632
ID_KEQHOC,0.03348094749448393,0.011537900921601809,0.03990429617973188,0.03348094749448393,0.011537900921601809,0.03990429617973188
ID_59TJN8,0.033405010150043886,0.010428126580069887,0.034585616085914206,0.033405010150043886,0.010428126580069887,0.034585616085914206
ID_Y9ZQLU,0.033405010150043886,0.010541815935493616,0.038584992942968785,0.033405010150043886,0.010541815935493616,0.038584992942968785
ID_KH6UO0,0.033405010150043886,0.010541815935493616,0.038584992942968785,0.033405010150043886,0.010541815935493616,0.038584992942968785
ID_RSQVI7,0.033405010150043886,0.010454306255349658,0.037981528778888586,0.033405010150043886,0.010454306255349658,0.037981528778888586
ID_539EVX,0.033405010150043886,0.009967072681884615,0.0360513700837015,0.033405010150043886,0.009967072681884615,0.0360513700837015
ID_BI2VMU,0.038717944211885694,0.015497629155172263,0.1802081948343967,0.038717944211885694,0.015497629155172263,0.1802081948343967
ID_4D3I04,0.033405010150043886,0.010543648313317843,0.037275655191934716,0.033405010150043886,0.010543648313317843,0.037275655191934716
ID_U45SXA,0.038717944211885694,0.014622705174130151,0.18279076404889777,0.038717944211885694,0.014622705174130151,0.18279076404889777
ID_4JPZY9,0.038717944211885694,0.015497629155172263,0.1802081948343967,0.038717944211885694,0.015497629155172263,0.1802081948343967
ID_EMQNRZ,0.038717944211885694,0.014622705174130151,0.18279076404889777,0.038717944211885694,0.014622705174130151,0.18279076404889777
ID_LP9JYH,0.033405010150043886,0.010543648313317843,0.038767116685223105,0.033405010150043886,0.010543648313317843,0.038767116685223105
ID_XBNGOR,0.033405010150043886,0.009932100726788781,0.0360513700837015,0.033405010150043886,0.009932100726788781,0.0360513700837015
ID_6P6UZG,0.03696965462427851,0.0154470153854663,0.1664019200722704,0.03696965462427851,0.0154470153854663,0.1664019200722704
ID_EVADQD,0.033405010150043886,0.009982074553163585,0.03628917274178632,0.033405010150043886,0.009982074553163585,0.03628917274178632
ID_STBPWO,0.033405010150043886,0.010543648313317843,0.037275655191934716,0.033405010150043886,0.010543648313317843,0.037275655191934716
ID_XU7MY3,0.033405010150043886,0.010429320971043297,0.03755714529840514,0.033405010150043886,0.010429320971043297,0.03755714529840514
ID_UE54M8,0.03348094749448393,0.0121690429957525,0.0391834300012545,0.03348094749448393,0.0121690429957525,0.0391834300012545
ID_0NEC9T,0.033405010150043886,0.010543648313317843,0.038767116685223105,0.033405010150043886,0.010543648313317843,0.038767116685223105
ID_2MDCUV,0.033405010150043886,0.00996729623016563,0.03558174177893669,0.033405010150043886,0.00996729623016563,0.03558174177893669
ID_BXXMB9,0.038717944211885694,0.014622705174130151,0.18279076404889777,0.038717944211885694,0.014622705174130151,0.18279076404889777
ID_F4K9RH,0.03348094749448393,0.011162938163263702,0.03637148334168108,0.03348094749448393,0.011162938163263702,0.03637148334168108
ID_YC2PUL,0.033405010150043886,0.010541815935493616,0.038584992942968785,0.033405010150043886,0.010541815935493616,0.038584992942968785
ID_Q3GQZC,0.033405010150043886,0.010429320971043297,0.0360513700837015,0.033405010150043886,0.010429320971043297,0.0360513700837015
ID_8R80X6,0.033405010150043886,0.010429320971043297,0.0360513700837015,0.033405010150043886,0.010429320971043297,0.0360513700837015
ID_1IESDO,0.033405010150043886,0.009967072681884615,0.0360513700837015,0.033405010150043886,0.009967072681884615,0.0360513700837015
ID_EQG3A7,0.03696965462427851,0.0154470153854663,0.1664019200722704,0.03696965462427851,0.0154470153854663,0.1664019200722704
ID_JMND8O,0.03348094749448393,0.011296064079650864,0.0362915775492725,0.03348094749448393,0.011296064079650864,0.0362915775492725
ID_DNU0QM,0.033405010150043886,0.010466457511633661,0.0360513700837015,0.033405010150043886,0.010466457511633661,0.0360513700837015
ID_5UJIQ7,0.03348094749448393,0.011294565327128013,0.035173560842041256,0.03348094749448393,0.011294565327128013,0.035173560842041256
ID_DGWKWK,0.033405010150043886,0.009967072681884615,0.0360513700837015,0.033405010150043886,0.009967072681884615,0.0360513700837015
ID_8Y16EG,0.033405010150043886,0.010039944839939183,0.037275655191934716,0.033405010150043886,0.010039944839939183,0.037275655191934716
ID_QCEB9N,0.033405010150043886,0.00996729623016563,0.03705208044989841,0.033405010150043886,0.00996729623016563,0.03705208044989841
ID_IB3VU7,0.033405010150043886,0.010105321102844993,0.037275655191934716,0.033405010150043886,0.010105321102844993,0.037275655191934716
ID_OFXODK,0.033405010150043886,0.010541815935493616,0.038584992942968785,0.033405010150043886,0.010541815935493616,0.038584992942968785
ID_1CMCRH,0.03348094749448393,0.011326775583999034,0.03761555449976075,0.03348094749448393,0.011326775583999034,0.03761555449976075
ID_3RH6TN,0.033405010150043886,0.010428126580069887,0.034585616085914206,0.033405010150043886,0.010428126580069887,0.034585616085914206
ID_7HH5IO,0.03348094749448393,0.011978020890548871,0.04826080318804189,0.03348094749448393,0.011978020890548871,0.04826080318804189
ID_BOVCXK,0.033405010150043886,0.010613065866362292,0.03983196990667626,0.033405010150043886,0.010613065866362292,0.03983196990667626
ID_DYZZ59,0.033405010150043886,0.010039944839939183,0.037275655191934716,0.033405010150043886,0.010039944839939183,0.037275655191934716
ID_752ORM,0.033405010150043886,0.010105321102844993,0.037275655191934716,0.033405010150043886,0.010105321102844993,0.037275655191934716
ID_BWW8DE,0.03348094749448393,0.01191040089249539,0.03778312855783711,0.03348094749448393,0.01191040089249539,0.03778312855783711
ID_2J1VXU,0.033405010150043886,0.009932100726788781,0.0360513700837015,0.033405010150043886,0.009932100726788781,0.0360513700837015
ID_895UNA,0.033405010150043886,0.009932100726788781,0.0360513700837015,0.033405010150043886,0.009932100726788781,0.0360513700837015
ID_BF9GRX,0.038717944211885694,0.014622705174130151,0.18279076404889777,0.038717944211885694,0.014622705174130151,0.18279076404889777
ID_S7XMZ6,0.03348094749448393,0.011162938163263702,0.03616023409638786,0.03348094749448393,0.011162938163263702,0.03616023409638786
ID_Q2MLKE,0.03348094749448393,0.010549957747012766,0.034841211080630964,0.03348094749448393,0.010549957747012766,0.034841211080630964
ID_T3NEEY,0.03348094749448393,0.011162938163263702,0.03616023409638786,0.03348094749448393,0.011162938163263702,0.03616023409638786
ID_C2YB30,0.03348094749448393,0.010600329062475364,0.0418634706693716,0.03348094749448393,0.010600329062475364,0.0418634706693716
ID_5RJHPE,0.03348094749448393,0.011908537473916504,0.03666903402605269,0.03348094749448393,0.011908537473916504,0.03666903402605269
ID_0NKOI7,0.038717944211885694,0.014622705174130151,0.18279076404889777,0.038717944211885694,0.014622705174130151,0.18279076404889777
ID_07AJO5,0.033405010150043886,0.010428126580069887,0.034585616085914206,0.033405010150043886,0.010428126580069887,0.034585616085914206
ID_6UV94Z,0.03348094749448393,0.010593840789489335,0.034841211080630964,0.03348094749448393,0.010593840789489335,0.034841211080630964
ID_TVDDBE,0.03348094749448393,0.011108378797027675,0.03637148334168108,0.03348094749448393,0.011108378797027675,0.03637148334168108
ID_876BNL,0.05712185032787012,0.3310781284043961,0.4970986240034633,0.05712185032787012,0.3310781284043961,0.4970986240034633
ID_HDUN96,0.035442347685920396,0.25442446688415316,0.43953855348360804,0.035442347685920396,0.25442446688415316,0.43953855348360804
ID_O7XCVA,0.03812250562810228,0.25717040998614576,0.47314052864873934,0.03812250562810228,0.25717040998614576,0.47314052864873934
ID_HN3Q2B,0.03936011538653267,0.3362782902689164,0.5270519846802761,0.03936011538653267,0.3362782902689164,0.5270519846802761
ID_43WX04,0.038969907304204784,0.03084037801587168,0.05301601190892935,0.038969907304204784,0.03084037801587168,0.05301601190892935
ID_18QI1A,0.30010100623053504,0.44982155433761806,0.4837460868566954,0.30010100623053504,0.44982155433761806,0.4837460868566954
ID_LZIJWN,0.03843558746542801,0.043172048488683994,0.06471262672039607,0.03843558746542801,0.043172048488683994,0.06471262672039607
ID_A8HYQ6,0.0387493707054712,0.04590782918631354,0.0629092651245768,0.0387493707054712,0.04590782918631354,0.0629092651245768
ID_FE5SES,0.038969907304204784,0.03084037801587168,0.054083966959800625,0.038969907304204784,0.03084037801587168,0.054083966959800625
ID_YVKYBF,0.0385919925767796,0.03912599531038462,0.04496428877783823,0.0385919925767796,0.03912599531038462,0.04496428877783823
ID_ML1SA5,0.035998345700810654,0.029988763058956508,0.02722254701692483,0.035998345700810654,0.029988763058956508,0.02722254701692483
ID_DBPJBC,0.03843558746542801,0.04053488835366165,0.06688168326305555,0.03843558746542801,0.04053488835366165,0.06688168326305555
ID_Q51LM9,0.30010100623053504,0.44982155433761806,0.4837460868566954,0.30010100623053504,0.44982155433761806,0.4837460868566954
ID_KSCMRK,0.29875450014878024,0.45745422313842465,0.48274662926490386,0.29875450014878024,0.45745422313842465,0.48274662926490386
ID_YBTPCY,0.035998345700810654,0.029988763058956508,0.02722254701692483,0.035998345700810654,0.029988763058956508,0.02722254701692483
ID_9HS5DB,0.036281808366030746,0.027258392104194985,0.03115383722824485,0.036281808366030746,0.027258392104194985,0.03115383722824485
ID_8GOXK3,0.038969907304204784,0.0305804273904009,0.05301601190892935,0.038969907304204784,0.0305804273904009,0.05301601190892935
ID_PP01G2,0.036281808366030746,0.02585873998880501,0.03128589796890204,0.036281808366030746,0.02585873998880501,0.03128589796890204
ID_R4LUTD,0.036281808366030746,0.022968997433426938,0.03009615031096876,0.036281808366030746,0.022968997433426938,0.03009615031096876
ID_QD9ZYZ,0.036281808366030746,0.027258392104194985,0.03115383722824485,0.036281808366030746,0.027258392104194985,0.03115383722824485
ID_9A3RGH,0.036281808366030746,0.027258392104194985,0.03115383722824485,0.036281808366030746,0.027258392104194985,0.03115383722824485
ID_9SL27X,0.036281808366030746,0.026242098138512186,0.030542557288117143,0.036281808366030746,0.026242098138512186,0.030542557288117143
ID_1JDULR,0.03645503517301747,0.03224398900686359,0.029302831204481,0.03645503517301747,0.03224398900686359,0.029302831204481
ID_NPK8WH,0.036281808366030746,0.026242098138512186,0.030542557288117143,0.036281808366030746,0.026242098138512186,0.030542557288117143
ID_UIQ2M6,0.28129275108030316,0.36440313179488637,0.45199106000311096,0.28129275108030316,0.36440313179488637,0.45199106000311096
ID_KZ7WF1,0.03843558746542801,0.037294897729149026,0.06514614403966908,0.03843558746542801,0.037294897729149026,0.06514614403966908
ID_SL826W,0.035681476165769783,0.030060841220690075,0.02777971026982433,0.035681476165769783,0.030060841220690075,0.02777971026982433
ID_JU38M1,0.03843558746542801,0.04463479675174811,0.06747270253560063,0.03843558746542801,0.04463479675174811,0.06747270253560063
ID_2ESPZK,0.035681476165769783,0.030060841220690075,0.02777971026982433,0.035681476165769783,0.030060841220690075,0.02777971026982433
ID_K2YFYU,0.3029339149472518,0.4508386745410832,0.48261649344316304,0.3029339149472518,0.4508386745410832,0.48261649344316304
ID_TBP5FU,0.0385919925767796,0.037822008162207675,0.04518117182917455,0.0385919925767796,0.037822008162207675,0.04518117182917455
ID_35L0LZ,0.0387493707054712,0.04839856804734215,0.07097798506169221,0.0387493707054712,0.04839856804734215,0.07097798506169221
ID_Y4KXQM,0.038969907304204784,0.041082282186006853,0.050233683602601664,0.038969907304204784,0.041082282186006853,0.050233683602601664
ID_DN79ZG,0.038969907304204784,0.03723349250982037,0.04671195281989088,0.038969907304204784,0.03723349250982037,0.04671195281989088
ID_3SXP9A,0.28129275108030316,0.36440313179488637,0.45199106000311096,0.28129275108030316,0.36440313179488637,0.45199106000311096
ID_2V2H8G,0.03830894659560388,0.035845051012948624,0.05359446893759172,0.03830894659560388,0.035845051012948624,0.05359446893759172
ID_X49G2U,0.03843558746542801,0.04407022251627997,0.07282950848630534,0.03843558746542801,0.04407022251627997,0.07282950848630534
ID_7R2JHD,0.03843558746542801,0.04407022251627997,0.07282950848630534,0.03843558746542801,0.04407022251627997,0.07282950848630534
ID_I79GFF,0.21964028592843932,0.4967431692929939,0.34037478164467827,0.21964028592843932,0.4967431692929939,0.34037478164467827
ID_ZC1AQA,0.037126855323441905,0.03224398900686359,0.02817959767405427,0.037126855323441905,0.03224398900686359,0.02817959767405427
ID_D5ZZFS,0.03843558746542801,0.0485821438814623,0.07282950848630534,0.03843558746542801,0.0485821438814623,0.07282950848630534
ID_OJKN2W,0.3029339149472518,0.4506452785579105,0.48721319627520643,0.3029339149472518,0.4506452785579105,0.48721319627520643
ID_B2Z1PP,0.21964028592843932,0.4967431692929939,0.34037478164467827,0.21964028592843932,0.4967431692929939,0.34037478164467827
ID_T7A33E,0.038969907304204784,0.035593488914132144,0.05459982364438665,0.038969907304204784,0.035593488914132144,0.05459982364438665
ID_DL8DPL,0.0385919925767796,0.040035882830533394,0.050233683602601664,0.0385919925767796,0.040035882830533394,0.050233683602601664
ID_7IE517,0.038969907304204784,0.03490135515295442,0.05124784995221607,0.038969907304204784,0.03490135515295442,0.05124784995221607
ID_KV3UHT,0.3029339149472518,0.4506452785579105,0.48721319627520643,0.3029339149472518,0.4506452785579105,0.48721319627520643
ID_GY618Y,0.3029339149472518,0.4506452785579105,0.48721319627520643,0.3029339149472518,0.4506452785579105,0.48721319627520643
ID_7IHCZE,0.03843558746542801,0.04293402855281765,0.06298329182318765,0.03843558746542801,0.04293402855281765,0.06298329182318765
ID_L41OWZ,0.038969907304204784,0.041082282186006853,0.050233683602601664,0.038969907304204784,0.041082282186006853,0.050233683602601664
ID_B2UV3T,0.03843558746542801,0.04407022251627997,0.07282950848630534,0.03843558746542801,0.04407022251627997,0.07282950848630534
ID_T8EQ3F,0.03843558746542801,0.045036836044584166,0.06924145973804884,0.03843558746542801,0.045036836044584166,0.06924145973804884
ID_ZW0DVE,0.03843558746542801,0.03495374798726043,0.06220783590553451,0.03843558746542801,0.03495374798726043,0.06220783590553451
ID_SSS3KA,0.036281808366030746,0.023740300990500195,0.02841432013224111,0.036281808366030746,0.023740300990500195,0.02841432013224111
ID_D4HDFD,0.038969907304204784,0.03955897873262271,0.048099143964850405,0.038969907304204784,0.03955897873262271,0.048099143964850405
ID_T6ZYQU,0.0385919925767796,0.04037794420979281,0.04622698109134479,0.0385919925767796,0.04037794420979281,0.04622698109134479
ID_DWK7UW,0.038969907304204784,0.03918421271704314,0.04517256840415995,0.038969907304204784,0.03918421271704314,0.04517256840415995
ID_RUJKIR,0.03843558746542801,0.043943897642779554,0.06718225521084217,0.03843558746542801,0.043943897642779554,0.06718225521084217
ID_0SN05S,0.036281808366030746,0.026242098138512186,0.030542557288117143,0.036281808366030746,0.026242098138512186,0.030542557288117143
ID_A6J8PW,0.2779946026954997,0.37930735073176847,0.4521237933227168,0.2779946026954997,0.37930735073176847,0.4521237933227168
ID_GH8L5Y,0.03843558746542801,0.04797215903481947,0.06718225521084217,0.03843558746542801,0.04797215903481947,0.06718225521084217
ID_TRDBZE,0.0385919925767796,0.040035882830533394,0.050233683602601664,0.0385919925767796,0.040035882830533394,0.050233683602601664
ID_O3H4R1,0.0385919925767796,0.03284165355833839,0.044561902272703145,0.0385919925767796,0.03284165355833839,0.044561902272703145
ID_TGLP6W,0.038969907304204784,0.035021247418706804,0.04671195281989088,0.038969907304204784,0.035021247418706804,0.04671195281989088
ID_1SXWML,0.0385919925767796,0.040814199413930614,0.05146027713892402,0.0385919925767796,0.040814199413930614,0.05146027713892402
ID_91OUIW,0.3029339149472518,0.4506452785579105,0.48721319627520643,0.3029339149472518,0.4506452785579105,0.48721319627520643
ID_1N0WJJ,0.3029339149472518,0.4506452785579105,0.48721319627520643,0.3029339149472518,0.4506452785579105,0.48721319627520643
ID_UTMX3S,0.038969907304204784,0.029213829972763793,0.05170999428177412,0.038969907304204784,0.029213829972763793,0.05170999428177412
ID_SP2RUN,0.0387493707054712,0.049222722864274523,0.06361744398830681,0.0387493707054712,0.049222722864274523,0.06361744398830681
ID_ZU20XJ,0.035681476165769783,0.02961670294048531,0.02722254701692483,0.035681476165769783,0.02961670294048531,0.02722254701692483
ID_H6JGLH,0.038969907304204784,0.03490135515295442,0.051039570325894346,0.038969907304204784,0.03490135515295442,0.051039570325894346
ID_8IHXOY,0.03843558746542801,0.04273645800348036,0.0629092651245768,0.03843558746542801,0.04273645800348036,0.0629092651245768
ID_4VK4NE,0.0385919925767796,0.03912599531038462,0.04496428877783823,0.0385919925767796,0.03912599531038462,0.04496428877783823
ID_I71IWR,0.036281808366030746,0.026242098138512186,0.030542557288117143,0.036281808366030746,0.026242098138512186,0.030542557288117143
ID_C368SW,0.28129275108030316,0.36440313179488637,0.45199106000311096,0.28129275108030316,0.36440313179488637,0.45199106000311096
ID_VT6L20,0.0385919925767796,0.03463610593459914,0.04671195281989088,0.0385919925767796,0.03463610593459914,0.04671195281989088
ID_6XBTY9,0.03843558746542801,0.04209441671440063,0.06514614403966908,0.03843558746542801,0.04209441671440063,0.06514614403966908
ID_UIEG1P,0.0385919925767796,0.040814199413930614,0.05146027713892402,0.0385919925767796,0.040814199413930614,0.05146027713892402
ID_9HR4BX,0.03843558746542801,0.040662339632978134,0.06298329182318765,0.03843558746542801,0.040662339632978134,0.06298329182318765
ID_OPWJP4,0.0385919925767796,0.03354315040729083,0.04532240988596603,0.0385919925767796,0.03354315040729083,0.04532240988596603
ID_1KUZ5C,0.04146680442060382,0.10612204200860428,0.3017038747783339,0.04146680442060382,0.10612204200860428,0.3017038747783339
ID_KBW7CU,0.13331336545246858,0.43044637721421425,0.3368856857456605,0.13331336545246858,0.43044637721421425,0.3368856857456605
ID_2ILIQY,0.036281808366030746,0.027258392104194985,0.03115383722824485,0.036281808366030746,0.027258392104194985,0.03115383722824485
ID_KFS68B,0.03843558746542801,0.03544228045836142,0.06335321422420143,0.03843558746542801,0.03544228045836142,0.06335321422420143
ID_8P12DQ,0.3029339149472518,0.4508386745410832,0.48261649344316304,0.3029339149472518,0.4508386745410832,0.48261649344316304
ID_J3426Q,0.036281808366030746,0.027258392104194985,0.03115383722824485,0.036281808366030746,0.027258392104194985,0.03115383722824485
ID_2TM2XS,0.0387493707054712,0.041502286813075315,0.07724551923181382,0.0387493707054712,0.041502286813075315,0.07724551923181382
ID_8CHBZO,0.28129275108030316,0.36440313179488637,0.45199106000311096,0.28129275108030316,0.36440313179488637,0.45199106000311096
ID_F6CFLR,0.039242278460274865,0.21164448934361563,0.2540312231030998,0.039242278460274865,0.21164448934361563,0.2540312231030998
ID_WEUPHB,0.035681476165769783,0.030060841220690075,0.02777971026982433,0.035681476165769783,0.030060841220690075,0.02777971026982433
ID_T9CUR2,0.03843558746542801,0.04407022251627997,0.07282950848630534,0.03843558746542801,0.04407022251627997,0.07282950848630534
ID_6NT1J7,0.03843558746542801,0.041938104347320815,0.05760261802619192,0.03843558746542801,0.041938104347320815,0.05760261802619192
ID_5XJZ15,0.036281808366030746,0.027258392104194985,0.03115383722824485,0.036281808366030746,0.027258392104194985,0.03115383722824485
ID_4C75NZ,0.036281808366030746,0.027258392104194985,0.03115383722824485,0.036281808366030746,0.027258392104194985,0.03115383722824485
ID_4I22LB,0.03843558746542801,0.047664618653158394,0.07097798506169221,0.03843558746542801,0.047664618653158394,0.07097798506169221
ID_71ANPU,0.03843558746542801,0.04334379854499833,0.07097798506169221,0.03843558746542801,0.04334379854499833,0.07097798506169221
ID_TLRRWX,0.036281808366030746,0.027258392104194985,0.03115383722824485,0.036281808366030746,0.027258392104194985,0.03115383722824485
ID_11MWYB,0.038969907304204784,0.03467669983550058,0.04671195281989088,0.038969907304204784,0.03467669983550058,0.04671195281989088
ID_ZJYYTF,0.03645503517301747,0.03224398900686359,0.029302831204481,0.03645503517301747,0.03224398900686359,0.029302831204481
ID_XS5IZB,0.03843558746542801,0.04407022251627997,0.07282950848630534,0.03843558746542801,0.04407022251627997,0.07282950848630534
ID_OAMCTD,0.036281808366030746,0.021791809245746675,0.028514284786486044,0.036281808366030746,0.021791809245746675,0.028514284786486044
ID_VZ2BA0,0.036281808366030746,0.027258392104194985,0.03115383722824485,0.036281808366030746,0.027258392104194985,0.03115383722824485
ID_OUFL3R,0.036281808366030746,0.026242098138512186,0.030542557288117143,0.036281808366030746,0.026242098138512186,0.030542557288117143
ID_C9JHEM,0.03843558746542801,0.04725664277633248,0.06864336837096421,0.03843558746542801,0.04725664277633248,0.06864336837096421
ID_ZULTCR,0.03728429414435014,0.0531281258061584,0.07272179842332696,0.03728429414435014,0.0531281258061584,0.07272179842332696
ID_0M1QAK,0.04040163493303092,0.03071355842728211,0.029422110484410905,0.04040163493303092,0.03071355842728211,0.029422110484410905
ID_22EOFV,0.0550784900035177,0.04149735915103043,0.07177660297314838,0.0550784900035177,0.04149735915103043,0.07177660297314838
ID_CC1868,0.8297265905722195,0.4595431029794659,0.339784629414438,0.8297265905722195,0.4595431029794659,0.339784629414438
ID_RRHEAY,0.03728429414435014,0.05698690394966187,0.07840238190988129,0.03728429414435014,0.05698690394966187,0.07840238190988129
ID_312RLJ,0.03657418428299102,0.0546177135468251,0.08109104942493939,0.03657418428299102,0.0546177135468251,0.08109104942493939
ID_FW5MN2,0.7774834434155775,0.4225150626953977,0.3258819902422722,0.7774834434155775,0.4225150626953977,0.3258819902422722
ID_UJT70Q,0.04051559238024372,0.030220359789764797,0.0270548043360962,0.04051559238024372,0.030220359789764797,0.0270548043360962
ID_T6DWM5,0.041484007274198306,0.0306405778409331,0.032382724448663094,0.041484007274198306,0.0306405778409331,0.032382724448663094
ID_P35RKU,0.04040163493303092,0.03071355842728211,0.029422110484410905,0.04040163493303092,0.03071355842728211,0.029422110484410905
ID_0LNF2H,0.04051559238024372,0.03007843087076168,0.02601428681147301,0.04051559238024372,0.03007843087076168,0.02601428681147301
ID_FE89WN,0.04040163493303092,0.03071355842728211,0.029422110484410905,0.04040163493303092,0.03071355842728211,0.029422110484410905
ID_FNIMWZ,0.04051559238024372,0.030220359789764797,0.0270548043360962,0.04051559238024372,0.030220359789764797,0.0270548043360962
ID_MRNN7B,0.04014666572779453,0.03062847759228049,0.026575243288880192,0.04014666572779453,0.03062847759228049,0.026575243288880192
ID_J8YA05,0.04014666572779453,0.03062847759228049,0.026575243288880192,0.04014666572779453,0.03062847759228049,0.026575243288880192
ID_6NXJX5,0.04014666572779453,0.03062847759228049,0.026575243288880192,0.04014666572779453,0.03062847759228049,0.026575243288880192
ID_BJV0W6,0.7785121985131774,0.43918138319294026,0.3648134883397816,0.7785121985131774,0.43918138319294026,0.3648134883397816
ID_8L1YW7,0.03779525168986069,0.06874325017315824,0.0804146192581046,0.03779525168986069,0.06874325017315824,0.0804146192581046
ID_XJPLJC,0.04040163493303092,0.03071355842728211,0.029422110484410905,0.04040163493303092,0.03071355842728211,0.029422110484410905
ID_R652CL,0.03657418428299102,0.06064503646851084,0.08109104942493939,0.03657418428299102,0.06064503646851084,0.08109104942493939
ID_E69JOD,0.040737447678054345,0.029426708756234526,0.029146027032629526,0.040737447678054345,0.029426708756234526,0.029146027032629526
ID_CZS6OU,0.051931384479439555,0.0526699142421929,0.06916645648010787,0.051931384479439555,0.0526699142421929,0.06916645648010787
ID_GRQZ05,0.03657418428299102,0.0546177135468251,0.08109104942493939,0.03657418428299102,0.0546177135468251,0.08109104942493939
ID_Y0BSPY,0.05502916964252664,0.04702064153515676,0.07347421522633243,0.05502916964252664,0.04702064153515676,0.07347421522633243
ID_K2JIN9,0.040737447678054345,0.029426708756234526,0.029146027032629526,0.040737447678054345,0.029426708756234526,0.029146027032629526
ID_FUI65H,0.827725657083209,0.4520663011374468,0.3453703028001203,0.827725657083209,0.4520663011374468,0.3453703028001203
ID_95L18T,0.040737447678054345,0.02912236849511893,0.028366284592599357,0.040737447678054345,0.02912236849511893,0.028366284592599357
ID_LP5DMO,0.7721775413113695,0.45631067082965154,0.4072035016815848,0.7721775413113695,0.45631067082965154,0.4072035016815848
ID_DMJWXV,0.03512085411352059,0.026272479744242648,0.026027925334587556,0.03512085411352059,0.026272479744242648,0.026027925334587556
ID_DQP3PY,0.04266218697840812,0.0306405778409331,0.02945840276552099,0.04266218697840812,0.0306405778409331,0.02945840276552099
ID_PV90XU,0.041929750888992354,0.07206493663877211,0.08666658041693963,0.041929750888992354,0.07206493663877211,0.08666658041693963
ID_3105ME,0.03728429414435014,0.06381655986575073,0.07840238190988129,0.03728429414435014,0.06381655986575073,0.07840238190988129
ID_YQQHQ3,0.037706596678050756,0.03263976182412898,0.02705957748844035,0.037706596678050756,0.03263976182412898,0.02705957748844035
ID_V44WY3,0.03704559341387438,0.027277320259379283,0.025914577514137064,0.03704559341387438,0.027277320259379283,0.025914577514137064
ID_UCO85D,0.040737447678054345,0.029426708756234526,0.029146027032629526,0.040737447678054345,0.029426708756234526,0.029146027032629526
ID_1XHBUV,0.046980313960907516,0.05104291057767171,0.07307545039016214,0.046980313960907516,0.05104291057767171,0.07307545039016214
ID_6HMBCZ,0.04051559238024372,0.03007843087076168,0.02601428681147301,0.04051559238024372,0.03007843087076168,0.02601428681147301
ID_3AFMQB,0.04051559238024372,0.030220359789764797,0.0270548043360962,0.04051559238024372,0.030220359789764797,0.0270548043360962
ID_0HGHQZ,0.03512085411352059,0.026472405465108668,0.026713233943060796,0.03512085411352059,0.026472405465108668,0.026713233943060796
ID_86OGKU,0.04121964102763323,0.07083902103389093,0.09109297297418793,0.04121964102763323,0.07083902103389093,0.09109297297418793
ID_CIAW5T,0.05617003864906865,0.047679498262513643,0.0794844772085685,0.05617003864906865,0.047679498262513643,0.0794844772085685
ID_SPZWF2,0.03728429414435014,0.05698690394966187,0.07840238190988129,0.03728429414435014,0.05698690394966187,0.07840238190988129
ID_PHOPIB,0.035160232280176874,0.027733462585724084,0.023833021049175847,0.035160232280176874,0.027733462585724084,0.023833021049175847
ID_MNZEHD,0.04014666572779453,0.030744792194921558,0.027660521273494297,0.04014666572779453,0.030744792194921558,0.027660521273494297
ID_797ML8,0.04014666572779453,0.030744792194921558,0.027660521273494297,0.04014666572779453,0.030744792194921558,0.027660521273494297
ID_BYU5HD,0.03704559341387438,0.03196844827742749,0.026312433429688975,0.03704559341387438,0.03196844827742749,0.026312433429688975
ID_RXCEKJ,0.03657418428299102,0.06064503646851084,0.08109104942493939,0.03657418428299102,0.06064503646851084,0.08109104942493939
ID_ELSO35,0.035160232280176874,0.02656695102260297,0.023833021049175847,0.035160232280176874,0.02656695102260297,0.023833021049175847
ID_VINNFK,0.03704559341387438,0.030208793281719413,0.027667854380207794,0.03704559341387438,0.030208793281719413,0.027667854380207794
ID_N6DOKU,0.03704559341387438,0.030208793281719413,0.027667854380207794,0.03704559341387438,0.030208793281719413,0.027667854380207794
ID_0EFT4F,0.03728429414435014,0.0531281258061584,0.07272179842332696,0.03728429414435014,0.0531281258061584,0.07272179842332696
ID_XKQHVP,0.036528416973840946,0.03078978341506961,0.02933052029262149,0.036528416973840946,0.03078978341506961,0.02933052029262149
ID_SU4Q41,0.04014666572779453,0.030744792194921558,0.027660521273494297,0.04014666572779453,0.030744792194921558,0.027660521273494297
ID_D11XF1,0.03657418428299102,0.06064503646851084,0.08109104942493939,0.03657418428299102,0.06064503646851084,0.08109104942493939
ID_P86BG6,0.04266218697840812,0.0306405778409331,0.02945840276552099,0.04266218697840812,0.0306405778409331,0.02945840276552099
ID_PADGJY,0.03728429414435014,0.0531281258061584,0.07272179842332696,0.03728429414435014,0.0531281258061584,0.07272179842332696
ID_7PYROJ,0.05121896813053661,0.04710310854483851,0.08265113418401486,0.05121896813053661,0.04710310854483851,0.08265113418401486
ID_4ZP64K,0.04040163493303092,0.030560760211969247,0.028360119734325562,0.04040163493303092,0.030560760211969247,0.028360119734325562
ID_6UI50R,0.04266218697840812,0.0306405778409331,0.02945840276552099,0.04266218697840812,0.0306405778409331,0.02945840276552099
ID_0CQMTS,0.03704559341387438,0.030208793281719413,0.027667854380207794,0.03704559341387438,0.030208793281719413,0.027667854380207794
ID_GWHZQX,0.03704559341387438,0.030208793281719413,0.027667854380207794,0.03704559341387438,0.030208793281719413,0.027667854380207794
ID_75RX5W,0.04014666572779453,0.030744792194921558,0.027660521273494297,0.04014666572779453,0.030744792194921558,0.027660521273494297
ID_O9HFAP,0.04012143386774354,0.029426708756234526,0.0320033950660472,0.04012143386774354,0.029426708756234526,0.0320033950660472
ID_Y6EXY9,0.04014666572779453,0.030744792194921558,0.027660521273494297,0.04014666572779453,0.030744792194921558,0.027660521273494297
ID_G0KUFV,0.8449231338795835,0.4503054777274715,0.3340727621223306,0.8449231338795835,0.4503054777274715,0.3340727621223306
ID_4U98W5,0.04051559238024372,0.030220359789764797,0.0270548043360962,0.04051559238024372,0.030220359789764797,0.0270548043360962
ID_M6LH16,0.04040163493303092,0.03071355842728211,0.029422110484410905,0.04040163493303092,0.03071355842728211,0.029422110484410905
ID_IBYOA8,0.04051559238024372,0.030220359789764797,0.0270548043360962,0.04051559238024372,0.030220359789764797,0.0270548043360962
ID_JCS18T,0.03657418428299102,0.050839529448274884,0.07515825986294497,0.03657418428299102,0.050839529448274884,0.07515825986294497
ID_PDAYPC,0.04040163493303092,0.030560760211969247,0.028360119734325562,0.04040163493303092,0.030560760211969247,0.028360119734325562
ID_6MSHHO,0.04040163493303092,0.03071355842728211,0.029422110484410905,0.04040163493303092,0.03071355842728211,0.029422110484410905
ID_KXJDXJ,0.03728429414435014,0.06381655986575073,0.07840238190988129,0.03728429414435014,0.06381655986575073,0.07840238190988129
ID_X06P29,0.04051559238024372,0.030220359789764797,0.0270548043360962,0.04051559238024372,0.030220359789764797,0.0270548043360962
ID_SU0E3L,0.04266218697840812,0.0306405778409331,0.02945840276552099,0.04266218697840812,0.0306405778409331,0.02945840276552099
ID_86RCT1,0.035160232280176874,0.02755103738173111,0.024796334390271842,0.035160232280176874,0.02755103738173111,0.024796334390271842
ID_BHSPH0,0.04266218697840812,0.0306405778409331,0.02945840276552099,0.04266218697840812,0.0306405778409331,0.02945840276552099
ID_BSI555,0.03512085411352059,0.026472405465108668,0.026713233943060796,0.03512085411352059,0.026472405465108668,0.026713233943060796
ID_AJZY4W,0.05502916964252664,0.04372002311475847,0.07347421522633243,0.05502916964252664,0.04372002311475847,0.07347421522633243
ID_5JVBFT,0.046268003245226196,0.040707722459819,0.07177660297314838,0.046268003245226196,0.040707722459819,0.07177660297314838
ID_KOBTYW,0.7774834434155775,0.4225150626953977,0.3258819902422722,0.7774834434155775,0.4225150626953977,0.3258819902422722
ID_5O17MO,0.03657418428299102,0.06064503646851084,0.08109104942493939,0.03657418428299102,0.06064503646851084,0.08109104942493939
ID_K11Q5X,0.04014666572779453,0.02998829278687347,0.02601428681147301,0.04014666572779453,0.02998829278687347,0.02601428681147301
ID_G7GY5M,0.040737447678054345,0.02912236849511893,0.028366284592599357,0.040737447678054345,0.02912236849511893,0.028366284592599357
ID_WKHNNC,0.0345048403032098,0.026862263574912792,0.029357572985799732,0.0345048403032098,0.026862263574912792,0.029357572985799732
ID_VJ5MEA,0.03512085411352059,0.026272479744242648,0.026027925334587556,0.03512085411352059,0.026272479744242648,0.026027925334587556
ID_Y8KTAQ,0.04237898444908822,0.2561955913129231,0.2507626280458609,0.04237898444908822,0.2561955913129231,0.2507626280458609
ID_9AT8CS,0.04237898444908822,0.25261510257209,0.24845213723778758,0.04237898444908822,0.25261510257209,0.24845213723778758
ID_1UYUHI,0.04237898444908822,0.25261510257209,0.24845213723778758,0.04237898444908822,0.25261510257209,0.24845213723778758
ID_IW1QYO,0.03595950732787213,0.22780359396398442,0.1993333641211225,0.03595950732787213,0.22780359396398442,0.1993333641211225
ID_C4MM2J,0.03594995107166726,0.20112018805200707,0.18297804065386386,0.03594995107166726,0.20112018805200707,0.18297804065386386
ID_HFZ0HI,0.04237898444908822,0.2551324941681118,0.24789420917923471,0.04237898444908822,0.2551324941681118,0.24789420917923471
ID_ZV17K7,0.03595950732787213,0.22780359396398442,0.1993333641211225,0.03595950732787213,0.22780359396398442,0.1993333641211225
ID_4I93LT,0.04237898444908822,0.2551324941681118,0.24789420917923471,0.04237898444908822,0.2551324941681118,0.24789420917923471
ID_RIUVLU,0.03595950732787213,0.2384168914450341,0.20220161561637057,0.03595950732787213,0.2384168914450341,0.20220161561637057
ID_GMAXQ3,0.04237898444908822,0.2561955913129231,0.2507626280458609,0.04237898444908822,0.2561955913129231,0.2507626280458609
ID_30V9V7,0.04237898444908822,0.2551324941681118,0.24789420917923471,0.04237898444908822,0.2551324941681118,0.24789420917923471
ID_00D47V,0.03595950732787213,0.19901439958577546,0.1820731139293576,0.03595950732787213,0.19901439958577546,0.1820731139293576
ID_COCODS,0.04237898444908822,0.2561955913129231,0.2507626280458609,0.04237898444908822,0.2561955913129231,0.2507626280458609
ID_HR5HVM,0.04237898444908822,0.25261510257209,0.24845213723778758,0.04237898444908822,0.25261510257209,0.24845213723778758
ID_WGYIZG,0.04237898444908822,0.25278198018775117,0.25128402792079035,0.04237898444908822,0.25278198018775117,0.25128402792079035
ID_O5CFG3,0.04237898444908822,0.2561955913129231,0.2507626280458609,0.04237898444908822,0.2561955913129231,0.2507626280458609
ID_U0K12F,0.03595950732787213,0.2211268994472458,0.19889866419129687,0.03595950732787213,0.2211268994472458,0.19889866419129687
ID_VRYVS7,0.04237898444908822,0.2561955913129231,0.2507626280458609,0.04237898444908822,0.2561955913129231,0.2507626280458609
ID_G4MECV,0.03595950732787213,0.2211268994472458,0.19889866419129687,0.03595950732787213,0.2211268994472458,0.19889866419129687
ID_OXEA7H,0.03595950732787213,0.22236212280497536,0.20220161561637057,0.03595950732787213,0.22236212280497536,0.20220161561637057
ID_DH682H,0.04237898444908822,0.25278198018775117,0.25128402792079035,0.04237898444908822,0.25278198018775117,0.25128402792079035
ID_4ZJ6HT,0.04237898444908822,0.2561955913129231,0.2507626280458609,0.04237898444908822,0.2561955913129231,0.2507626280458609
ID_1619HA,0.04237898444908822,0.2561955913129231,0.2507626280458609,0.04237898444908822,0.2561955913129231,0.2507626280458609
ID_A66ERH,0.04237898444908822,0.2551324941681118,0.24789420917923471,0.04237898444908822,0.2551324941681118,0.24789420917923471
ID_SRS330,0.04237898444908822,0.2561955913129231,0.2507626280458609,0.04237898444908822,0.2561955913129231,0.2507626280458609
ID_3D2WF7,0.03595950732787213,0.20006342089257645,0.18314820230058854,0.03595950732787213,0.20006342089257645,0.18314820230058854
ID_X8YETU,0.04237898444908822,0.25261510257209,0.24845213723778758,0.04237898444908822,0.25261510257209,0.24845213723778758
ID_PQ0W7T,0.04237898444908822,0.2551324941681118,0.24789420917923471,0.04237898444908822,0.2551324941681118,0.24789420917923471
ID_SO28RE,0.04237898444908822,0.2561955913129231,0.2507626280458609,0.04237898444908822,0.2561955913129231,0.2507626280458609
ID_JFSXTY,0.04237898444908822,0.2551324941681118,0.24789420917923471,0.04237898444908822,0.2551324941681118,0.24789420917923471
ID_RPQFKB,0.04237898444908822,0.2561955913129231,0.2507626280458609,0.04237898444908822,0.2561955913129231,0.2507626280458609
ID_EV4Z1I,0.04237898444908822,0.2561955913129231,0.2507626280458609,0.04237898444908822,0.2561955913129231,0.2507626280458609
ID_B9T63O,0.04237898444908822,0.2561955913129231,0.2507626280458609,0.04237898444908822,0.2561955913129231,0.2507626280458609
ID_VLJU6A,0.04237898444908822,0.2551324941681118,0.24789420917923471,0.04237898444908822,0.2551324941681118,0.24789420917923471
ID_FKK9MW,0.04237898444908822,0.25261510257209,0.24845213723778758,0.04237898444908822,0.25261510257209,0.24845213723778758
ID_RVEFZ9,0.03595950732787213,0.23860117583385693,0.19889866419129687,0.03595950732787213,0.23860117583385693,0.19889866419129687
ID_VQ4UCJ,0.04237898444908822,0.2551324941681118,0.24789420917923471,0.04237898444908822,0.2551324941681118,0.24789420917923471
ID_2R7V3V,0.04237898444908822,0.2561955913129231,0.2507626280458609,0.04237898444908822,0.2561955913129231,0.2507626280458609
ID_K8P06C,0.04237898444908822,0.2551324941681118,0.24789420917923471,0.04237898444908822,0.2551324941681118,0.24789420917923471
ID_6T87EC,0.04237898444908822,0.2561955913129231,0.2507626280458609,0.04237898444908822,0.2561955913129231,0.2507626280458609
ID_45LBG7,0.04237898444908822,0.25278198018775117,0.25128402792079035,0.04237898444908822,0.25278198018775117,0.25128402792079035
ID_O1ZMUJ,0.03595950732787213,0.22780359396398442,0.1993333641211225,0.03595950732787213,0.22780359396398442,0.1993333641211225
ID_REIL7X,0.04237898444908822,0.25261510257209,0.24845213723778758,0.04237898444908822,0.25261510257209,0.24845213723778758
ID_TLNC9J,0.03595950732787213,0.2211268994472458,0.19889866419129687,0.03595950732787213,0.2211268994472458,0.19889866419129687
ID_F5NEVH,0.04237898444908822,0.25278198018775117,0.25128402792079035,0.04237898444908822,0.25278198018775117,0.25128402792079035
ID_7OQTQ4,0.04237898444908822,0.25261510257209,0.24845213723778758,0.04237898444908822,0.25261510257209,0.24845213723778758
ID_UPPGOC,0.04237898444908822,0.25278198018775117,0.25128402792079035,0.04237898444908822,0.25278198018775117,0.25128402792079035
ID_WRR93C,0.04237898444908822,0.2551324941681118,0.24789420917923471,0.04237898444908822,0.2551324941681118,0.24789420917923471
ID_UJ3S2W,0.04237898444908822,0.25261510257209,0.24845213723778758,0.04237898444908822,0.25261510257209,0.24845213723778758
ID_W3HZK9,0.04237898444908822,0.25278198018775117,0.25128402792079035,0.04237898444908822,0.25278198018775117,0.25128402792079035
ID_EYK26U,0.04237898444908822,0.25278198018775117,0.25128402792079035,0.04237898444908822,0.25278198018775117,0.25128402792079035
ID_4KT11I,0.04237898444908822,0.2551324941681118,0.24789420917923471,0.04237898444908822,0.2551324941681118,0.24789420917923471
ID_16FUTF,0.04237898444908822,0.2561955913129231,0.2507626280458609,0.04237898444908822,0.2561955913129231,0.2507626280458609
ID_KO4YXJ,0.04237898444908822,0.2561955913129231,0.2507626280458609,0.04237898444908822,0.2561955913129231,0.2507626280458609
ID_WWKLVE,0.03595950732787213,0.2287019885368395,0.2026073273360443,0.03595950732787213,0.2287019885368395,0.2026073273360443
ID_QY3MHP,0.04237898444908822,0.25278198018775117,0.25128402792079035,0.04237898444908822,0.25278198018775117,0.25128402792079035
ID_INQA11,0.03489857513348685,0.010267543918214148,0.012061631728459987,0.03489857513348685,0.010267543918214148,0.012061631728459987
ID_S2ISZ6,0.03489857513348685,0.010267543918214148,0.012061631728459987,0.03489857513348685,0.010267543918214148,0.012061631728459987
ID_A5YCBL,0.033452239981902436,0.011172631128289772,0.012676961638322529,0.033452239981902436,0.011172631128289772,0.012676961638322529
ID_LUMWXR,0.033452239981902436,0.011185034455829655,0.012414008490451336,0.033452239981902436,0.011185034455829655,0.012414008490451336
ID_EP24JU,0.08328758986228366,0.01863318140118346,0.021007832559004347,0.08328758986228366,0.01863318140118346,0.021007832559004347
ID_SL31EO,0.16827469446349452,0.2812874328945171,0.47924433371452524,0.16827469446349452,0.2812874328945171,0.47924433371452524
ID_I52U1R,0.27939478793629,0.7397986491182892,0.6088935970086566,0.27939478793629,0.7397986491182892,0.6088935970086566
ID_11K6P1,0.07876365471652108,0.018404556893795502,0.022021218800765494,0.07876365471652108,0.018404556893795502,0.022021218800765494
ID_9MROM2,0.03539986725573976,0.03244121993872438,0.03589531550886622,0.03539986725573976,0.03244121993872438,0.03589531550886622
ID_MXJE6Z,0.07876365471652108,0.018404556893795502,0.022021218800765494,0.07876365471652108,0.018404556893795502,0.022021218800765494
ID_HXOTEN,0.14193815696810488,0.20158753089307854,0.41013312289291465,0.14193815696810488,0.20158753089307854,0.41013312289291465
ID_3GRDZX,0.033452239981902436,0.01131840327866201,0.012652943217917222,0.033452239981902436,0.01131840327866201,0.012652943217917222
ID_QUV2SL,0.09092438268898653,0.025373355008011095,0.02531848978526227,0.09092438268898653,0.025373355008011095,0.02531848978526227
ID_XVD7XJ,0.037308961323675977,0.014534582429773577,0.04238978184515318,0.037308961323675977,0.014534582429773577,0.04238978184515318
ID_D4H6PR,0.07876365471652108,0.018404556893795502,0.022021218800765494,0.07876365471652108,0.018404556893795502,0.022021218800765494
ID_P50S8V,0.27939478793629,0.7458871511912895,0.6088935970086566,0.27939478793629,0.7458871511912895,0.6088935970086566
ID_B1P8NI,0.6888399901153126,0.9566101516142345,0.9553205340458731,0.6888399901153126,0.9566101516142345,0.9553205340458731
ID_VHAKMG,0.4480453392175147,0.9169783817406232,0.8809177391224841,0.4480453392175147,0.9169783817406232,0.8809177391224841
ID_P1BZK5,0.1935614204669977,0.41471991516436935,0.867991677840764,0.1935614204669977,0.41471991516436935,0.867991677840764
ID_1VFWEO,0.2567883747613427,0.7267813672757957,0.6047226940970666,0.2567883747613427,0.7267813672757957,0.6047226940970666
ID_DS7LOZ,0.03489857513348685,0.010239993382255537,0.01312458006227575,0.03489857513348685,0.010239993382255537,0.01312458006227575
ID_3PM5TY,0.033452239981902436,0.01131840327866201,0.012652943217917222,0.033452239981902436,0.01131840327866201,0.012652943217917222
ID_ACVINX,0.15471135966625985,0.2812433080035743,0.49896895852044887,0.15471135966625985,0.2812433080035743,0.49896895852044887
ID_N9WXLE,0.1472603205314672,0.24587919338499042,0.44114980438838247,0.1472603205314672,0.24587919338499042,0.44114980438838247
ID_HOZEHI,0.27939478793629,0.7421337253697218,0.6088935970086566,0.27939478793629,0.7421337253697218,0.6088935970086566
ID_ACNM6Y,0.17572573359828714,0.3200186666735565,0.5405220987250999,0.17572573359828714,0.3200186666735565,0.5405220987250999
ID_4E94FT,0.03304224693191833,0.009445818882097095,0.013343704628744396,0.03304224693191833,0.009445818882097095,0.013343704628744396
ID_PCOVC8,0.27615800466839796,0.5953234814792732,0.5750904099930161,0.27615800466839796,0.5953234814792732,0.5750904099930161
ID_Q9IZA8,0.03304224693191833,0.009445818882097095,0.013343704628744396,0.03304224693191833,0.009445818882097095,0.013343704628744396
ID_PBDHXZ,0.1472603205314672,0.24587919338499042,0.44114980438838247,0.1472603205314672,0.24587919338499042,0.44114980438838247
ID_CY8HQK,0.15753164526592975,0.27731169614782736,0.4849866485567099,0.15753164526592975,0.27731169614782736,0.4849866485567099
ID_SPCMX9,0.037308961323675977,0.014534582429773577,0.04238978184515318,0.037308961323675977,0.014534582429773577,0.04238978184515318
ID_T242K8,0.03489857513348685,0.010364740496929826,0.011700200803024367,0.03489857513348685,0.010364740496929826,0.011700200803024367
ID_3B5N8K,0.1472603205314672,0.24587919338499042,0.44114980438838247,0.1472603205314672,0.24587919338499042,0.44114980438838247
ID_5GKAF9,0.037308961323675977,0.014534582429773577,0.04238978184515318,0.037308961323675977,0.014534582429773577,0.04238978184515318
ID_KTCVZC,0.03304224693191833,0.009445818882097095,0.013343704628744396,0.03304224693191833,0.009445818882097095,0.013343704628744396
ID_T2WXE1,0.03489857513348685,0.010239993382255537,0.01312458006227575,0.03489857513348685,0.010239993382255537,0.01312458006227575
ID_6QKMNI,0.15471135966625985,0.2812433080035743,0.49896895852044887,0.15471135966625985,0.2812433080035743,0.49896895852044887
ID_3FZUIO,0.25572143506464134,0.46426128640155534,0.7869459362194964,0.25572143506464134,0.46426128640155534,0.7869459362194964
ID_O00R2A,0.27939478793629,0.7397986491182892,0.6088935970086566,0.27939478793629,0.7397986491182892,0.6088935970086566
ID_XJTAL7,0.03539986725573976,0.011698927665087946,0.03197091778518499,0.03539986725573976,0.011698927665087946,0.03197091778518499
ID_NT0QPX,0.46046726871522636,0.9289456005400483,0.901273836261975,0.46046726871522636,0.9289456005400483,0.901273836261975
ID_UQ658O,0.1472603205314672,0.24587919338499042,0.44114980438838247,0.1472603205314672,0.24587919338499042,0.44114980438838247
ID_ZKA4ZO,0.16827469446349452,0.2812874328945171,0.47924433371452524,0.16827469446349452,0.2812874328945171,0.47924433371452524
ID_F7RSFR,0.037308961323675977,0.014534582429773577,0.04238978184515318,0.037308961323675977,0.014534582429773577,0.04238978184515318
ID_2R52MU,0.25572143506464134,0.46426128640155534,0.7869459362194964,0.25572143506464134,0.46426128640155534,0.7869459362194964
ID_134UJF,0.03334319785611282,0.011188808420322749,0.03168239363495624,0.03334319785611282,0.011188808420322749,0.03168239363495624
ID_UX404U,0.03334319785611282,0.011443460181632392,0.030508861516661247,0.03334319785611282,0.011443460181632392,0.030508861516661247
ID_MRF8HI,0.40258228607057056,0.9125508679375256,0.8635882538533759,0.40258228607057056,0.9125508679375256,0.8635882538533759
ID_FPUZW4,0.037308961323675977,0.014534582429773577,0.04238978184515318,0.037308961323675977,0.014534582429773577,0.04238978184515318
ID_J55FHB,0.08328758986228366,0.01863318140118346,0.021007832559004347,0.08328758986228366,0.01863318140118346,0.021007832559004347
ID_NUI7QC,0.17572573359828714,0.3200186666735565,0.5405220987250999,0.17572573359828714,0.3200186666735565,0.5405220987250999
ID_PAH8E7,0.03334319785611282,0.011443460181632392,0.030508861516661247,0.03334319785611282,0.011443460181632392,0.030508861516661247
ID_NPER5O,0.037308961323675977,0.014534582429773577,0.04238978184515318,0.037308961323675977,0.014534582429773577,0.04238978184515318
ID_SXC6H6,0.27939478793629,0.7397986491182892,0.6088935970086566,0.27939478793629,0.7397986491182892,0.6088935970086566
ID_9ECTWS,0.27939478793629,0.7397986491182892,0.6088935970086566,0.27939478793629,0.7397986491182892,0.6088935970086566
ID_BJ7D96,0.03304224693191833,0.009485231910038618,0.012554790156509694,0.03304224693191833,0.009485231910038618,0.012554790156509694
ID_YSS4R7,0.037308961323675977,0.014534582429773577,0.04238978184515318,0.037308961323675977,0.014534582429773577,0.04238978184515318
ID_HKTMZS,0.03334319785611282,0.011119189404032696,0.029971599876007796,0.03334319785611282,0.011119189404032696,0.029971599876007796
ID_BMNQKP,0.07943588081725625,0.017118050138352086,0.020929771176113894,0.07943588081725625,0.017118050138352086,0.020929771176113894
ID_6SD288,0.15471135966625985,0.2812433080035743,0.49896895852044887,0.15471135966625985,0.2812433080035743,0.49896895852044887
ID_VCUVSI,0.23095537373875302,0.6270739421760184,0.5345853477062326,0.23095537373875302,0.6270739421760184,0.5345853477062326
ID_1E6RRT,0.07876365471652108,0.017262748923263873,0.021539756286738335,0.07876365471652108,0.017262748923263873,0.021539756286738335
ID_QWHDJ6,0.4480453392175147,0.9186649517398142,0.880222395117628,0.4480453392175147,0.9186649517398142,0.880222395117628
ID_7A81Z0,0.09092438268898653,0.025481825978889375,0.02500707732954171,0.09092438268898653,0.025481825978889375,0.02500707732954171
ID_V1IGD1,0.0344950902691338,0.014138693268625229,0.043159522498631836,0.0344950902691338,0.014138693268625229,0.043159522498631836
ID_KGJM6D,0.03304224693191833,0.009633396969711654,0.01149266550352907,0.03304224693191833,0.009633396969711654,0.01149266550352907
ID_PB7GWB,0.033452239981902436,0.01131840327866201,0.012652943217917222,0.033452239981902436,0.01131840327866201,0.012652943217917222
ID_RU0BM2,0.03304224693191833,0.009485231910038618,0.012554790156509694,0.03304224693191833,0.009485231910038618,0.012554790156509694
ID_KQBP25,0.03489857513348685,0.010239993382255537,0.013361455450430593,0.03489857513348685,0.010239993382255537,0.013361455450430593
ID_S12YPO,0.27939478793629,0.7356935136874362,0.6088935970086566,0.27939478793629,0.7356935136874362,0.6088935970086566
ID_4STW9Z,0.4000030346514404,0.850366166948855,0.8592179531553059,0.4000030346514404,0.850366166948855,0.8592179531553059
ID_3HJ5U2,0.4483120202249775,0.9279081753454634,0.900578492257119,0.4483120202249775,0.9279081753454634,0.900578492257119
ID_IWBR0X,0.4480453392175147,0.9185912597030419,0.8809177391224841,0.4480453392175147,0.9185912597030419,0.8809177391224841
ID_F702MM,0.03304224693191833,0.00958794840330635,0.0123213116790498,0.03304224693191833,0.00958794840330635,0.0123213116790498
ID_P3UTGI,0.03489857513348685,0.010128754505216159,0.012662220940531429,0.03489857513348685,0.010128754505216159,0.012662220940531429
ID_Z5BDVD,0.30183600720880344,0.2525294098981665,0.1106201212308218,0.30183600720880344,0.2525294098981665,0.1106201212308218
ID_POLQ33,0.03859285441973674,0.025133989784908953,0.06226732910293982,0.03859285441973674,0.025133989784908953,0.06226732910293982
ID_00FGHV,0.772500424374534,0.4753848302533503,0.520263721135569,0.772500424374534,0.4753848302533503,0.520263721135569
ID_YDQNRI,0.7216093328114297,0.45597599467800043,0.6406073985171845,0.7216093328114297,0.45597599467800043,0.6406073985171845
ID_GD1YS3,0.03654072153760958,0.033268414330161644,0.07798293409860342,0.03654072153760958,0.033268414330161644,0.07798293409860342
ID_KQNHNN,0.7056837235055379,0.3773151396519134,0.5547980933736989,0.7056837235055379,0.3773151396519134,0.5547980933736989
ID_R4SVZT,0.045411908823383376,0.05345042045984904,0.10979482478731303,0.045411908823383376,0.05345042045984904,0.10979482478731303
ID_ANQ3L6,0.031849533333363954,0.02047079298776226,0.03884350991292228,0.031849533333363954,0.02047079298776226,0.03884350991292228
ID_GGDIMC,0.031849533333363954,0.02047079298776226,0.03884350991292228,0.031849533333363954,0.02047079298776226,0.03884350991292228
ID_DA5QKQ,0.033405010150043886,0.010196016621711799,0.014179373270278453,0.033405010150043886,0.010196016621711799,0.014179373270278453
ID_ENU5TU,0.033405010150043886,0.010123058004732687,0.013852073281975833,0.033405010150043886,0.010123058004732687,0.013852073281975833
ID_IJNDAU,0.033405010150043886,0.010207740935187993,0.014186343815730976,0.033405010150043886,0.010207740935187993,0.014186343815730976
ID_QNWUIA,0.033300338672088335,0.00719939430973256,0.010084737638877917,0.033300338672088335,0.00719939430973256,0.010084737638877917
ID_0WNG6D,0.03604363309306786,0.04566203735148137,0.27426077676792493,0.03604363309306786,0.04566203735148137,0.27426077676792493
ID_8EX44U,0.0450965460996419,0.2109142501740554,0.6251184860977637,0.0450965460996419,0.2109142501740554,0.6251184860977637
ID_92PU7R,0.07342520192163092,0.07636361138580142,0.4943122639714297,0.07342520192163092,0.07636361138580142,0.4943122639714297
ID_N2FZUH,0.033405010150043886,0.010435042414885503,0.014528847739960707,0.033405010150043886,0.010435042414885503,0.014528847739960707
ID_90OLRU,0.033405010150043886,0.010435042414885503,0.014528847739960707,0.033405010150043886,0.010435042414885503,0.014528847739960707
ID_XZY8MP,0.03478323619629587,0.045813692405260294,0.2825968396167917,0.03478323619629587,0.045813692405260294,0.2825968396167917
ID_HAAT76,0.033405010150043886,0.009532735637262792,0.011085113880590376,0.033405010150043886,0.009532735637262792,0.011085113880590376
ID_U088B7,0.03478323619629587,0.04729041277443951,0.2810346613540135,0.03478323619629587,0.04729041277443951,0.2810346613540135
ID_Q8URMK,0.07308427522631981,0.011055051718759307,0.009966221936791175,0.07308427522631981,0.011055051718759307,0.009966221936791175
ID_GS2DIL,0.05291527413102627,0.016917709884825816,0.03696487659333888,0.05291527413102627,0.016917709884825816,0.03696487659333888
ID_C5THPI,0.048133829382169875,0.018057675849352733,0.03349739977867661,0.048133829382169875,0.018057675849352733,0.03349739977867661
ID_JP5OOL,0.048133829382169875,0.017938446381847297,0.03364515524906442,0.048133829382169875,0.017938446381847297,0.03364515524906442
ID_PX9PLQ,0.03977065253140911,0.010676438307946352,0.02612258382095872,0.03977065253140911,0.010676438307946352,0.02612258382095872
ID_7330RT,0.03478323619629587,0.04473660186463737,0.27312966853703685,0.03478323619629587,0.04473660186463737,0.27312966853703685
ID_O33VRI,0.033300338672088335,0.00719939430973256,0.010084737638877917,0.033300338672088335,0.00719939430973256,0.010084737638877917
ID_YF2V6H,0.033300338672088335,0.00719939430973256,0.010084595556677935,0.033300338672088335,0.00719939430973256,0.010084595556677935
ID_Q7ZF74,0.048133829382169875,0.018045488360192253,0.03425965030111311,0.048133829382169875,0.018045488360192253,0.03425965030111311
ID_8J8ZIO,0.0396276111677989,0.010444676550161801,0.022842966218487016,0.0396276111677989,0.010444676550161801,0.022842966218487016
ID_60GJ5S,0.03348094749448393,0.010968881215780456,0.014242044492830922,0.03348094749448393,0.010968881215780456,0.014242044492830922
ID_2OUBT5,0.033671775255738126,0.03877290799232437,0.2749210813526558,0.033671775255738126,0.03877290799232437,0.2749210813526558
ID_12WOGA,0.03329690366971634,0.007594363769323637,0.010206436447089287,0.03329690366971634,0.007594363769323637,0.010206436447089287
ID_ZWFCLM,0.04941656670072403,0.017715390935790963,0.03425965030111311,0.04941656670072403,0.017715390935790963,0.03425965030111311
ID_VGMTRR,0.033405010150043886,0.010196016621711799,0.014179373270278453,0.033405010150043886,0.010196016621711799,0.014179373270278453
ID_5YECKD,0.033300338672088335,0.00719939430973256,0.010084737638877917,0.033300338672088335,0.00719939430973256,0.010084737638877917
ID_2149G2,0.03604363309306786,0.04566203735148137,0.27426077676792493,0.03604363309306786,0.04566203735148137,0.27426077676792493
ID_KIDIEK,0.03800992451654124,0.07418033344282189,0.35793101918473624,0.03800992451654124,0.07418033344282189,0.35793101918473624
ID_5KFOE3,0.033300338672088335,0.007351549817127249,0.010084737638877917,0.033300338672088335,0.007351549817127249,0.010084737638877917
ID_CJJFN7,0.033405010150043886,0.009532735637262792,0.011085113880590376,0.033405010150043886,0.009532735637262792,0.011085113880590376
ID_KMFM96,0.033300338672088335,0.00719939430973256,0.010084737638877917,0.033300338672088335,0.00719939430973256,0.010084737638877917
ID_XK9L0I,0.033405010150043886,0.010460685811956347,0.014528847739960707,0.033405010150043886,0.010460685811956347,0.014528847739960707
ID_06TUVJ,0.04941656670072403,0.017715390935790963,0.03425965030111311,0.04941656670072403,0.017715390935790963,0.03425965030111311
ID_XHG003,0.035564350330244424,0.011898932262762424,0.024473655671917862,0.035564350330244424,0.011898932262762424,0.024473655671917862
ID_NX5RVU,0.051713068894322284,0.02081905846889988,0.039640148620533715,0.051713068894322284,0.02081905846889988,0.039640148620533715
ID_9TQ75E,0.033300338672088335,0.00719939430973256,0.010084737638877917,0.033300338672088335,0.00719939430973256,0.010084737638877917
ID_N7FKWB,0.03348094749448393,0.010959293529271384,0.014242044492830922,0.03348094749448393,0.010959293529271384,0.014242044492830922
ID_6YYGIZ,0.05291527413102627,0.017922614849259902,0.03714001642125222,0.05291527413102627,0.017922614849259902,0.03714001642125222
ID_2FSC9D,0.035564350330244424,0.012011121843111884,0.02510412716129409,0.035564350330244424,0.012011121843111884,0.02510412716129409
ID_SJQSN7,0.033405010150043886,0.010196016621711799,0.014179373270278453,0.033405010150043886,0.010196016621711799,0.014179373270278453
ID_1D43WK,0.03478323619629587,0.048120779885013426,0.28259014947928635,0.03478323619629587,0.048120779885013426,0.28259014947928635
ID_UPPKDE,0.033405010150043886,0.010196016621711799,0.014179373270278453,0.033405010150043886,0.010196016621711799,0.014179373270278453
ID_WLOGY7,0.03541121871678325,0.07547902336126285,0.3377728326471927,0.03541121871678325,0.07547902336126285,0.3377728326471927
ID_6IE66T,0.03293388767995037,0.01207242838280053,0.024933819274753726,0.03293388767995037,0.01207242838280053,0.024933819274753726
ID_JLGA9S,0.03541121871678325,0.10195174522508159,0.38495716940098934,0.03541121871678325,0.10195174522508159,0.38495716940098934
ID_AWHF2K,0.050430331575768136,0.021613380574048574,0.039640148620533715,0.050430331575768136,0.021613380574048574,0.039640148620533715
ID_UHB821,0.04941656670072403,0.017715390935790963,0.03425965030111311,0.04941656670072403,0.017715390935790963,0.03425965030111311
ID_I1RLPK,0.033300338672088335,0.007351549817127249,0.010084737638877917,0.033300338672088335,0.007351549817127249,0.010084737638877917
ID_FZ714I,0.033300338672088335,0.00719939430973256,0.010084737638877917,0.033300338672088335,0.00719939430973256,0.010084737638877917
ID_BW2KFV,0.03348094749448393,0.010976485682790752,0.012282874320526308,0.03348094749448393,0.010976485682790752,0.012282874320526308
ID_WZ4ZLP,0.03478323619629587,0.045813692405260294,0.2825968396167917,0.03478323619629587,0.045813692405260294,0.2825968396167917
ID_A804C8,0.033300338672088335,0.00719939430973256,0.010084737638877917,0.033300338672088335,0.00719939430973256,0.010084737638877917
ID_O0SAC9,0.033405010150043886,0.010372087376222798,0.013948363288683442,0.033405010150043886,0.010372087376222798,0.013948363288683442
ID_2FZGUI,0.033300338672088335,0.00719939430973256,0.010084737638877917,0.033300338672088335,0.00719939430973256,0.010084737638877917
ID_048GQG,0.033300338672088335,0.00719939430973256,0.010084737638877917,0.033300338672088335,0.00719939430973256,0.010084737638877917
ID_J1UM6R,0.054337450139973466,0.0964816847123435,0.25900793065595595,0.054337450139973466,0.0964816847123435,0.25900793065595595
ID_T5VKMK,0.03577966908992861,0.031625493615738576,0.02993466737044346,0.03577966908992861,0.031625493615738576,0.02993466737044346
ID_0BYJ5N,0.033405010150043886,0.010199313769919654,0.013789541609439026,0.033405010150043886,0.010199313769919654,0.013789541609439026
ID_K8ESYM,0.033405010150043886,0.009657919618518963,0.013233274512306718,0.033405010150043886,0.009657919618518963,0.013233274512306718
ID_KNY5YG,0.04203256382461566,0.05864256257829773,0.05786935323527251,0.04203256382461566,0.05864256257829773,0.05786935323527251
ID_D2DLCV,0.033405010150043886,0.010184700384847232,0.013754147582663264,0.033405010150043886,0.010184700384847232,0.013754147582663264
ID_UYNICE,0.03348094749448393,0.01173339879383106,0.0148842255734859,0.03348094749448393,0.01173339879383106,0.0148842255734859
ID_G60X6Z,0.033405010150043886,0.010188053762146577,0.013979311718619257,0.033405010150043886,0.010188053762146577,0.013979311718619257
ID_HSPNIW,0.03934707988360257,0.030644306092467342,0.027796809778642996,0.03934707988360257,0.030644306092467342,0.027796809778642996
ID_5VE34C,0.033405010150043886,0.01017408456949604,0.013754147582663264,0.033405010150043886,0.01017408456949604,0.013754147582663264
ID_1UIH4F,0.15860040644191478,0.4926888765774879,0.6414710118571354,0.15860040644191478,0.4926888765774879,0.6414710118571354
ID_J6NXSU,0.033405010150043886,0.010188053762146577,0.013979311718619257,0.033405010150043886,0.010188053762146577,0.013979311718619257
ID_VBT4T1,0.03903340296992385,0.02995116751454146,0.029656014658013437,0.03903340296992385,0.02995116751454146,0.029656014658013437
ID_3A48N3,0.04211377830056646,0.03241106874459328,0.05787028146992111,0.04211377830056646,0.03241106874459328,0.05787028146992111
ID_8JDABW,0.04603946041571305,0.015427284334572643,0.02457994242861633,0.04603946041571305,0.015427284334572643,0.02457994242861633
ID_RXFZLF,0.03577966908992862,0.03036726011649135,0.02993466737044346,0.03577966908992862,0.03036726011649135,0.02993466737044346
ID_VFFFGX,0.06259005260111694,0.07658623035613203,0.21902231762827148,0.06259005260111694,0.07658623035613203,0.21902231762827148
ID_NFHSAZ,0.03577966908992861,0.031625493615738576,0.02993466737044346,0.03577966908992861,0.031625493615738576,0.02993466737044346
ID_7ZY0NG,0.033405010150043886,0.01017408456949604,0.013754147582663264,0.033405010150043886,0.01017408456949604,0.013754147582663264
ID_8QIBCL,0.033405010150043886,0.01013710366778638,0.013979311718619257,0.033405010150043886,0.01013710366778638,0.013979311718619257
ID_MNWT6P,0.03655121007156158,0.031127014523317353,0.02993466737044346,0.03655121007156158,0.031127014523317353,0.02993466737044346
ID_S8PJBH,0.03886004442057123,0.031127014523317353,0.061160787550649034,0.03886004442057123,0.031127014523317353,0.061160787550649034
ID_GSOEX8,0.033405010150043886,0.01013710366778638,0.013693103718203837,0.033405010150043886,0.01013710366778638,0.013693103718203837
ID_65S4A3,0.03577966908992861,0.03036726011649135,0.02993466737044346,0.03577966908992861,0.03036726011649135,0.02993466737044346
ID_01C6IY,0.03348094749448393,0.01178660311162151,0.014562238087054825,0.03348094749448393,0.01178660311162151,0.014562238087054825
ID_4QEIOH,0.033405010150043886,0.01017408456949604,0.013754147582663264,0.033405010150043886,0.01017408456949604,0.013754147582663264
ID_KQAT5X,0.03577966908992862,0.03036726011649135,0.02993466737044346,0.03577966908992862,0.03036726011649135,0.02993466737044346
ID_FHFMAM,0.033405010150043886,0.010199313769919654,0.013693103718203837,0.033405010150043886,0.010199313769919654,0.013693103718203837
ID_16IYHJ,0.03606458548498288,0.03143686666709183,0.03131778577138732,0.03606458548498288,0.03143686666709183,0.03131778577138732
ID_S2R9OO,0.03655121007156158,0.031127014523317353,0.029326130563724913,0.03655121007156158,0.031127014523317353,0.029326130563724913
ID_1YPD87,0.033405010150043886,0.009657919618518963,0.013233274512306718,0.033405010150043886,0.009657919618518963,0.013233274512306718
ID_IZPAAG,0.033405010150043886,0.010188053762146577,0.013979311718619257,0.033405010150043886,0.010188053762146577,0.013979311718619257
ID_LU1WVW,0.03577966908992861,0.03100701882133649,0.024940558868101214,0.03577966908992861,0.03100701882133649,0.024940558868101214
ID_JYWA52,0.05349198990493484,0.08297278349480797,0.22360022249395786,0.05349198990493484,0.08297278349480797,0.22360022249395786
ID_DAAUON,0.033405010150043886,0.009665409046317321,0.013233274512306718,0.033405010150043886,0.009665409046317321,0.013233274512306718
ID_63MA7T,0.033405010150043886,0.010145562400397566,0.013693103718203837,0.033405010150043886,0.010145562400397566,0.013693103718203837
ID_WPMWMW,0.04599247178051372,0.07005821005283798,0.05701758053834803,0.04599247178051372,0.07005821005283798,0.05701758053834803
ID_XWS3E2,0.033405010150043886,0.00977976437015773,0.013357058032094405,0.033405010150043886,0.00977976437015773,0.013357058032094405
ID_RQW2NY,0.033405010150043886,0.010188053762146577,0.013979311718619257,0.033405010150043886,0.010188053762146577,0.013979311718619257
ID_CF06U6,0.047047591851746576,0.03290120764858363,0.06252810974149335,0.047047591851746576,0.03290120764858363,0.06252810974149335
ID_K9GCJZ,0.0371628601534393,0.013346147558287936,0.023632084852094254,0.0371628601534393,0.013346147558287936,0.023632084852094254
ID_UDX6J6,0.033405010150043886,0.01013710366778638,0.013693103718203837,0.033405010150043886,0.01013710366778638,0.013693103718203837
ID_YEK3N6,0.03577966908992862,0.03036726011649135,0.029326130563724913,0.03577966908992862,0.03036726011649135,0.029326130563724913
ID_RZMYEA,0.033405010150043886,0.01013710366778638,0.013407682772635317,0.033405010150043886,0.01013710366778638,0.013407682772635317
ID_KGBQSU,0.04603946041571305,0.018780653863017388,0.029297705719899078,0.04603946041571305,0.018780653863017388,0.029297705719899078
ID_ANMF9T,0.033405010150043886,0.01017408456949604,0.013754147582663264,0.033405010150043886,0.01017408456949604,0.013754147582663264
ID_12IR7V,0.033405010150043886,0.010074036817205263,0.013469047580885319,0.033405010150043886,0.010074036817205263,0.013469047580885319
ID_7L6OKC,0.03577966908992862,0.031127014523317353,0.029326130563724913,0.03577966908992862,0.031127014523317353,0.029326130563724913
ID_L18EB0,0.05399508558743309,0.0655430324517456,0.2180321148988184,0.05399508558743309,0.0655430324517456,0.2180321148988184
ID_KS8ESR,0.03348094749448393,0.011644517161436245,0.0148842255734859,0.03348094749448393,0.011644517161436245,0.0148842255734859
ID_MGLJCN,0.033405010150043886,0.010188053762146577,0.013693103718203837,0.033405010150043886,0.010188053762146577,0.013693103718203837
ID_K6VD1U,0.03577966908992862,0.031127014523317353,0.029326130563724913,0.03577966908992862,0.031127014523317353,0.029326130563724913
ID_NBOI6E,0.033405010150043886,0.010184700384847232,0.013754147582663264,0.033405010150043886,0.010184700384847232,0.013754147582663264
ID_295N8V,0.035402806196814775,0.03661623630939707,0.03294864270875169,0.035402806196814775,0.03661623630939707,0.03294864270875169
ID_8GVR4A,0.03577966908992861,0.03157047419558498,0.025378323330581036,0.03577966908992861,0.03157047419558498,0.025378323330581036
ID_92ZY5Y,0.033405010150043886,0.010199313769919654,0.013693103718203837,0.033405010150043886,0.010199313769919654,0.013693103718203837
ID_UOTTW5,0.03577966908992862,0.031127014523317353,0.02993466737044346,0.03577966908992862,0.031127014523317353,0.02993466737044346
ID_NUS824,0.05801528064856071,0.09564418012532348,0.09234357106441671,0.05801528064856071,0.09564418012532348,0.09234357106441671
ID_6M47S2,0.03330079239510221,0.024224305820761887,0.024996272180396375,0.03330079239510221,0.024224305820761887,0.024996272180396375
ID_QU3QNZ,0.033405010150043886,0.010145562400397566,0.013979311718619257,0.033405010150043886,0.010145562400397566,0.013979311718619257
ID_V0BREC,0.033405010150043886,0.010145562400397566,0.013563198372947024,0.033405010150043886,0.010145562400397566,0.013563198372947024
ID_A6QKLH,0.03348094749448393,0.011430004281544916,0.014487517709048946,0.03348094749448393,0.011430004281544916,0.014487517709048946
ID_210G9G,0.042701247643422674,0.033516264655044,0.035647257926239094,0.042701247643422674,0.033516264655044,0.035647257926239094
ID_9RATZ5,0.033405010150043886,0.010106608672954584,0.013289995823369991,0.033405010150043886,0.010106608672954584,0.013289995823369991
ID_B0QCIA,0.033405010150043886,0.010184700384847232,0.014036558900058572,0.033405010150043886,0.010184700384847232,0.014036558900058572
ID_EPSM9H,0.03348094749448393,0.010169272308438244,0.013289995823369991,0.03348094749448393,0.010169272308438244,0.013289995823369991
ID_36E2M8,0.03577966908992861,0.03036726011649135,0.029326130563724913,0.03577966908992861,0.03036726011649135,0.029326130563724913
ID_XJB20Q,0.04299457300227228,0.0566531211199979,0.05872209484474286,0.04299457300227228,0.0566531211199979,0.05872209484474286
ID_V6J8WF,0.03348094749448393,0.01202892268356711,0.015122830538863243,0.03348094749448393,0.01202892268356711,0.015122830538863243
ID_B8PE1F,0.05041176714279824,0.09089712959836387,0.06523946013135452,0.05041176714279824,0.09089712959836387,0.06523946013135452
ID_D3HW6G,0.033405010150043886,0.010184700384847232,0.013754147582663264,0.033405010150043886,0.010184700384847232,0.013754147582663264
ID_8L8UWY,0.033405010150043886,0.01017408456949604,0.013754147582663264,0.033405010150043886,0.01017408456949604,0.013754147582663264
ID_C4XYDR,0.03743677318994017,0.03498578865114662,0.028242624690578633,0.03743677318994017,0.03498578865114662,0.028242624690578633
ID_9ZHQSC,0.050220111255791004,0.05698780949440856,0.062165765549746094,0.050220111255791004,0.05698780949440856,0.062165765549746094
ID_VV6B0Z,0.04999156586766912,0.017610892520468553,0.028782810966104445,0.04999156586766912,0.017610892520468553,0.028782810966104445
ID_LJ3UDV,0.078068575803108,0.1023327402042728,0.18343712756168834,0.078068575803108,0.1023327402042728,0.18343712756168834
ID_SMRPHF,0.06556276825230482,0.10865065401645885,0.21456025084949348,0.06556276825230482,0.10865065401645885,0.21456025084949348
ID_8P2W83,0.04662995495472337,0.014662702528787553,0.019785476599381253,0.04662995495472337,0.014662702528787553,0.019785476599381253
ID_9AOX8N,0.06550519569702912,0.09901217795157329,0.18499403357501595,0.06550519569702912,0.09901217795157329,0.18499403357501595
ID_0V4XZ0,0.058005086209835174,0.09818869179915697,0.18408952578961393,0.058005086209835174,0.09818869179915697,0.18408952578961393
ID_71YN0L,0.12737128755744032,0.12844824007829028,0.09875838551360466,0.12737128755744032,0.12844824007829028,0.09875838551360466
ID_BSCWO5,0.057785700118373105,0.13910715099207457,0.24677103286005475,0.057785700118373105,0.13910715099207457,0.24677103286005475
ID_1CJ5FO,0.09955905017513086,0.1195046902341347,0.23938541248049347,0.09955905017513086,0.1195046902341347,0.23938541248049347
ID_L620RV,0.036547031649086,0.012280061083250231,0.0215149424072465,0.036547031649086,0.012280061083250231,0.0215149424072465
ID_XQT8TW,0.036547031649086,0.011428035327707347,0.021434648408603325,0.036547031649086,0.011428035327707347,0.021434648408603325
ID_N5ZN4G,0.036547031649086,0.012280061083250231,0.0215149424072465,0.036547031649086,0.012280061083250231,0.0215149424072465
ID_V12YNL,0.057785700118373105,0.13910715099207457,0.24677103286005475,0.057785700118373105,0.13910715099207457,0.24677103286005475
ID_A3DNUK,0.057785700118373105,0.13910715099207457,0.24677103286005475,0.057785700118373105,0.13910715099207457,0.24677103286005475
ID_5B3NF6,0.057785700118373105,0.13910715099207457,0.24677103286005475,0.057785700118373105,0.13910715099207457,0.24677103286005475
ID_41NZ9C,0.057785700118373105,0.13910715099207457,0.24677103286005475,0.057785700118373105,0.13910715099207457,0.24677103286005475
ID_JDHBFC,0.057785700118373105,0.13910715099207457,0.24677103286005475,0.057785700118373105,0.13910715099207457,0.24677103286005475
ID_IY9L9I,0.06706963307288986,0.24993677020163324,0.54850423486628,0.06706963307288986,0.24993677020163324,0.54850423486628
ID_U2SJ08,0.10910292012586909,0.5245862238198777,0.7211332014404919,0.10910292012586909,0.5245862238198777,0.7211332014404919
ID_ESM8N8,0.07410235520745798,0.1484506545649488,0.2888466703458574,0.07410235520745798,0.1484506545649488,0.2888466703458574
ID_Y8LOYK,0.10048241249933292,0.16800683434946198,0.2711031147693288,0.10048241249933292,0.16800683434946198,0.2711031147693288
ID_B7XTJ9,0.036547031649086,0.012206059843324776,0.021722949171880196,0.036547031649086,0.012206059843324776,0.021722949171880196
ID_KE6EOH,0.05008692022407281,0.15954436845023823,0.2725530626283776,0.05008692022407281,0.15954436845023823,0.2725530626283776
ID_ZOEHP1,0.036547031649086,0.012206059843324776,0.021722949171880196,0.036547031649086,0.012206059843324776,0.021722949171880196
ID_OF19CG,0.057785700118373105,0.13910715099207457,0.24677103286005475,0.057785700118373105,0.13910715099207457,0.24677103286005475
ID_YUT4M4,0.057785700118373105,0.13910715099207457,0.24677103286005475,0.057785700118373105,0.13910715099207457,0.24677103286005475
ID_CWUZQ1,0.10093045649219298,0.13706410040531763,0.23938541248049347,0.10093045649219298,0.13706410040531763,0.23938541248049347
ID_6FWUC1,0.09960001155863568,0.15600509878215668,0.2801896274809394,0.09960001155863568,0.15600509878215668,0.2801896274809394
ID_4AWIOL,0.036547031649086,0.011428035327707347,0.021434648408603325,0.036547031649086,0.011428035327707347,0.021434648408603325
ID_MSJYWZ,0.033833217885029326,0.011869810023049423,0.021544698705347892,0.033833217885029326,0.011869810023049423,0.021544698705347892
ID_N9NW32,0.057785700118373105,0.13910715099207457,0.24677103286005475,0.057785700118373105,0.13910715099207457,0.24677103286005475
ID_STP6PQ,0.07536401674443823,0.31864415570770255,0.6707993987559839,0.07536401674443823,0.31864415570770255,0.6707993987559839
ID_2Q1AXB,0.057785700118373105,0.13910715099207457,0.24677103286005475,0.057785700118373105,0.13910715099207457,0.24677103286005475
ID_X8CXRN,0.057785700118373105,0.13910715099207457,0.24677103286005475,0.057785700118373105,0.13910715099207457,0.24677103286005475
ID_ZEJHY1,0.057785700118373105,0.13910715099207457,0.24677103286005475,0.057785700118373105,0.13910715099207457,0.24677103286005475
ID_JT0RBZ,0.036547031649086,0.011428035327707347,0.021434648408603325,0.036547031649086,0.011428035327707347,0.021434648408603325
ID_GXNTBL,0.036059026803962085,0.012742208418067887,0.0215149424072465,0.036059026803962085,0.012742208418067887,0.0215149424072465
ID_I4N3U4,0.036547031649086,0.012280061083250231,0.0215149424072465,0.036547031649086,0.012280061083250231,0.0215149424072465
ID_CFDN0Q,0.03846487987902582,0.01346275502091231,0.14660433450983462,0.03846487987902582,0.01346275502091231,0.14660433450983462
ID_6SL7FX,0.03639782705726885,0.013450253974031802,0.14571570249652538,0.03639782705726885,0.013450253974031802,0.14571570249652538
ID_D4UOPR,0.033405010150043886,0.009999227273035757,0.020767695189181815,0.033405010150043886,0.009999227273035757,0.020767695189181815
ID_V2FWTM,0.033405010150043886,0.009997203257769881,0.021070835205401275,0.033405010150043886,0.009997203257769881,0.021070835205401275
ID_XR61KW,0.037134829299069284,0.013408871673248599,0.13642250039934842,0.037134829299069284,0.013408871673248599,0.13642250039934842
ID_0LJATN,0.03639782705726885,0.013450253974031802,0.14571570249652538,0.03639782705726885,0.013450253974031802,0.14571570249652538
ID_81ZCO6,0.033405010150043886,0.010095201029555651,0.022474585068123075,0.033405010150043886,0.010095201029555651,0.022474585068123075
ID_T74SPZ,0.034454549037141256,0.013450253974031802,0.14265717118570767,0.034454549037141256,0.013450253974031802,0.14265717118570767
ID_2Q0H2I,0.033405010150043886,0.010741725328971868,0.049271664199300264,0.033405010150043886,0.010741725328971868,0.049271664199300264
ID_XZC1XA,0.033405010150043886,0.010306821662582732,0.039011864725480676,0.033405010150043886,0.010306821662582732,0.039011864725480676
ID_9EVQEO,0.050816635542510834,0.02162921452815093,0.1809904903388197,0.050816635542510834,0.02162921452815093,0.1809904903388197
ID_TBMDR7,0.03639782705726885,0.013106908528354336,0.15138968457133917,0.03639782705726885,0.013106908528354336,0.15138968457133917
ID_PX3V1E,0.03348094749448393,0.012355432576025917,0.05273372653270373,0.03348094749448393,0.012355432576025917,0.05273372653270373
ID_GFNMAQ,0.03348094749448393,0.012838251505067441,0.027892690600127015,0.03348094749448393,0.012838251505067441,0.027892690600127015
ID_4IKKFX,0.033405010150043886,0.009756087447144643,0.02416573297563072,0.033405010150043886,0.009756087447144643,0.02416573297563072
ID_PXX6LX,0.03639782705726885,0.013173609238046183,0.15215983718532408,0.03639782705726885,0.013173609238046183,0.15215983718532408
ID_9Y7QYI,0.03639782705726885,0.013450253974031802,0.14571570249652538,0.03639782705726885,0.013450253974031802,0.14571570249652538
ID_NCMGQO,0.033405010150043886,0.00993911528598435,0.024544102114512238,0.033405010150043886,0.00993911528598435,0.024544102114512238
ID_L1RS7T,0.03639782705726885,0.013106908528354336,0.15138968457133917,0.03639782705726885,0.013106908528354336,0.15138968457133917
ID_UBNAI1,0.03639782705726885,0.013450253974031802,0.14571570249652538,0.03639782705726885,0.013450253974031802,0.14571570249652538
ID_ZLFFSD,0.03348094749448393,0.011285637751940518,0.026153292922933443,0.03348094749448393,0.011285637751940518,0.026153292922933443
ID_89E64C,0.03639782705726885,0.013450253974031802,0.14571570249652538,0.03639782705726885,0.013450253974031802,0.14571570249652538
ID_ZGKPYC,0.050816635542510834,0.02162921452815093,0.1809904903388197,0.050816635542510834,0.02162921452815093,0.1809904903388197
ID_TQ2SKG,0.03348094749448393,0.01049039931566794,0.02316203910879898,0.03348094749448393,0.01049039931566794,0.02316203910879898
ID_SYXTO4,0.033405010150043886,0.010407398404343703,0.04853901156843982,0.033405010150043886,0.010407398404343703,0.04853901156843982
ID_4OJFGR,0.033405010150043886,0.00993911528598435,0.024544102114512238,0.033405010150043886,0.00993911528598435,0.024544102114512238
ID_RSKO1F,0.034454549037141256,0.013450253974031802,0.14265717118570767,0.034454549037141256,0.013450253974031802,0.14265717118570767
ID_H8UYPI,0.033405010150043886,0.010495034915363324,0.048848207164132906,0.033405010150043886,0.010495034915363324,0.048848207164132906
ID_8GEYYG,0.050816635542510834,0.02162921452815093,0.1809904903388197,0.050816635542510834,0.02162921452815093,0.1809904903388197
ID_P2D00R,0.034454549037141256,0.013232847590054123,0.15356173881193488,0.034454549037141256,0.013232847590054123,0.15356173881193488
ID_90GUIW,0.033405010150043886,0.009999227273035757,0.021577795049659117,0.033405010150043886,0.009999227273035757,0.021577795049659117
ID_T3J7SY,0.033405010150043886,0.010216844691961442,0.024577254503360187,0.033405010150043886,0.010216844691961442,0.024577254503360187
ID_2V5UEE,0.033405010150043886,0.010741725328971868,0.049271664199300264,0.033405010150043886,0.010741725328971868,0.049271664199300264
ID_E9CUC6,0.033405010150043886,0.009997203257769881,0.02203891112381449,0.033405010150043886,0.009997203257769881,0.02203891112381449
ID_5R7WSC,0.033405010150043886,0.009999227273035757,0.020767695189181815,0.033405010150043886,0.009999227273035757,0.020767695189181815
ID_OF67ZH,0.034454549037141256,0.013576193035731588,0.1478877567371211,0.034454549037141256,0.013576193035731588,0.1478877567371211
ID_0ZINW1,0.033405010150043886,0.010095201029555651,0.022474585068123075,0.033405010150043886,0.010095201029555651,0.022474585068123075
ID_XCZR6Z,0.03639782705726885,0.013450253974031802,0.14571570249652538,0.03639782705726885,0.013450253974031802,0.14571570249652538
ID_3J6JIM,0.03348094749448393,0.011350365540242047,0.02278864444278729,0.03348094749448393,0.011350365540242047,0.02278864444278729
ID_0KVUYB,0.03639782705726885,0.013450253974031802,0.14571570249652538,0.03639782705726885,0.013450253974031802,0.14571570249652538
ID_31AGWA,0.03639782705726885,0.013450253974031802,0.14571570249652538,0.03639782705726885,0.013450253974031802,0.14571570249652538
ID_JOHIEH,0.033405010150043886,0.010098027047042515,0.022024475970977984,0.033405010150043886,0.010098027047042515,0.022024475970977984
ID_SY5ACF,0.03348094749448393,0.010858494254623308,0.03513306212440324,0.03348094749448393,0.010858494254623308,0.03513306212440324
ID_51HR8B,0.033405010150043886,0.01007546509806247,0.022152104119693983,0.033405010150043886,0.01007546509806247,0.022152104119693983
ID_FBOIDY,0.033405010150043886,0.009997203257769881,0.021070835205401275,0.033405010150043886,0.009997203257769881,0.021070835205401275
ID_KXXYIZ,0.033405010150043886,0.00993911528598435,0.024544102114512238,0.033405010150043886,0.00993911528598435,0.024544102114512238
ID_7JDECQ,0.03348094749448393,0.01214433464109631,0.03955797098259929,0.03348094749448393,0.01214433464109631,0.03955797098259929
ID_ZNDJO0,0.033405010150043886,0.009999227273035757,0.021577795049659117,0.033405010150043886,0.009999227273035757,0.021577795049659117
ID_NO00XI,0.03639782705726885,0.013450253974031802,0.14571570249652538,0.03639782705726885,0.013450253974031802,0.14571570249652538
ID_MXVMHB,0.033405010150043886,0.009999227273035757,0.020767695189181815,0.033405010150043886,0.009999227273035757,0.020767695189181815
ID_47X9RR,0.033405010150043886,0.01008703338751668,0.021685835848311418,0.033405010150043886,0.01008703338751668,0.021685835848311418
ID_875Q3P,0.03639782705726885,0.013106908528354336,0.15138968457133917,0.03639782705726885,0.013106908528354336,0.15138968457133917
ID_0CP43G,0.033405010150043886,0.010258191161585772,0.03640677047141384,0.033405010150043886,0.010258191161585772,0.03640677047141384
ID_BLCTDI,0.03348094749448393,0.011102869125376485,0.03599322746925738,0.03348094749448393,0.011102869125376485,0.03599322746925738
ID_V7NFWN,0.033405010150043886,0.010495034915363324,0.048848207164132906,0.033405010150043886,0.010495034915363324,0.048848207164132906
ID_RZH309,0.033405010150043886,0.010078129662920675,0.021685835848311418,0.033405010150043886,0.010078129662920675,0.021685835848311418
ID_MKWIN3,0.03639782705726885,0.013450253974031802,0.14571570249652538,0.03639782705726885,0.013450253974031802,0.14571570249652538
ID_M5QVXA,0.033405010150043886,0.010587983374681118,0.051024032719493094,0.033405010150043886,0.010587983374681118,0.051024032719493094
ID_KEMXON,0.033405010150043886,0.010098027047042515,0.02546995018939855,0.033405010150043886,0.010098027047042515,0.02546995018939855
ID_UF64U6,0.03639782705726885,0.013106908528354336,0.15138968457133917,0.03639782705726885,0.013106908528354336,0.15138968457133917
ID_390VSL,0.033405010150043886,0.010078129662920675,0.021685835848311418,0.033405010150043886,0.010078129662920675,0.021685835848311418
ID_E1PRPX,0.03348094749448393,0.01203597589088798,0.04993110941102254,0.03348094749448393,0.01203597589088798,0.04993110941102254
ID_4XBB4P,0.03348094749448393,0.011961133591760265,0.02739559160677317,0.03348094749448393,0.011961133591760265,0.02739559160677317
ID_FDZWH6,0.03348094749448393,0.012508427878015944,0.028134663128316556,0.03348094749448393,0.012508427878015944,0.028134663128316556
ID_CYGOO8,0.033405010150043886,0.010259321270460777,0.03722860133028866,0.033405010150043886,0.010259321270460777,0.03722860133028866
ID_7ILHH1,0.033405010150043886,0.010005990675982224,0.021577795049659117,0.033405010150043886,0.010005990675982224,0.021577795049659117
ID_3J4B56,0.045132165018183915,0.020233188051762194,0.17423397358872406,0.045132165018183915,0.020233188051762194,0.17423397358872406
ID_Y5SQ1L,0.033405010150043886,0.010095201029555651,0.022474585068123075,0.033405010150043886,0.010095201029555651,0.022474585068123075
ID_LIBKDI,0.03348094749448393,0.010874316827743908,0.021080084106971292,0.03348094749448393,0.010874316827743908,0.021080084106971292
ID_6S3LGU,0.033405010150043886,0.010306821662582732,0.039011864725480676,0.033405010150043886,0.010306821662582732,0.039011864725480676
ID_CCL3L7,0.033405010150043886,0.010495034915363324,0.053199665867180695,0.033405010150043886,0.010495034915363324,0.053199665867180695
ID_N51IQT,0.03639782705726885,0.013106908528354336,0.15138968457133917,0.03639782705726885,0.013106908528354336,0.15138968457133917
ID_KVRLKK,0.033405010150043886,0.010388141263435676,0.024544102114512238,0.033405010150043886,0.010388141263435676,0.024544102114512238
ID_NH7ABP,0.033405010150043886,0.010384586202829237,0.02494140046683558,0.033405010150043886,0.010384586202829237,0.02494140046683558
ID_VTBHST,0.033405010150043886,0.010095201029555651,0.022474585068123075,0.033405010150043886,0.010095201029555651,0.022474585068123075
ID_4KV1ZV,0.033405010150043886,0.009997203257769881,0.021070835205401275,0.033405010150043886,0.009997203257769881,0.021070835205401275
ID_5Z1DAT,0.045132165018183915,0.020947521402618893,0.16743885585272839,0.045132165018183915,0.020947521402618893,0.16743885585272839
ID_ZXQRP1,0.033405010150043886,0.010407398404343703,0.04853901156843982,0.033405010150043886,0.010407398404343703,0.04853901156843982
ID_16O9TG,0.033405010150043886,0.01007546509806247,0.022152104119693983,0.033405010150043886,0.01007546509806247,0.022152104119693983
ID_86Z5BT,0.033405010150043886,0.009997203257769881,0.021070835205401275,0.033405010150043886,0.009997203257769881,0.021070835205401275
ID_02VGAQ,0.033405010150043886,0.009999227273035757,0.021577795049659117,0.033405010150043886,0.009999227273035757,0.021577795049659117
ID_7UZ111,0.033405010150043886,0.009997203257769881,0.021070835205401275,0.033405010150043886,0.009997203257769881,0.021070835205401275
ID_2X5YMF,0.033405010150043886,0.010259321270460777,0.03575826265932693,0.033405010150043886,0.010259321270460777,0.03575826265932693
ID_PPMQQ3,0.033405010150043886,0.010293360524943482,0.03844175935301101,0.033405010150043886,0.010293360524943482,0.03844175935301101
ID_IR01XD,0.03348094749448393,0.011961133591760265,0.02739559160677317,0.03348094749448393,0.011961133591760265,0.02739559160677317
ID_GEWJ3P,0.033405010150043886,0.010098027047042515,0.022024475970977984,0.033405010150043886,0.010098027047042515,0.022024475970977984
ID_H3GX6C,0.03348094749448393,0.01063118818204891,0.020662842454655734,0.03348094749448393,0.01063118818204891,0.020662842454655734
ID_DJ6NAP,0.033405010150043886,0.009999227273035757,0.021577795049659117,0.033405010150043886,0.009999227273035757,0.021577795049659117
ID_QLXTHH,0.034454549037141256,0.013450253974031802,0.14265717118570767,0.034454549037141256,0.013450253974031802,0.14265717118570767
ID_E1CQQL,0.033405010150043886,0.010098027047042515,0.022024475970977984,0.033405010150043886,0.010098027047042515,0.022024475970977984
ID_1LB0SW,0.033405010150043886,0.010587983374681118,0.051024032719493094,0.033405010150043886,0.010587983374681118,0.051024032719493094
ID_LRT2RR,0.033405010150043886,0.01007546509806247,0.022152104119693983,0.033405010150043886,0.01007546509806247,0.022152104119693983
ID_4OCPML,0.033405010150043886,0.01007546509806247,0.022152104119693983,0.033405010150043886,0.01007546509806247,0.022152104119693983
ID_3PPVTQ,0.03348094749448393,0.010874316827743908,0.021080084106971292,0.03348094749448393,0.010874316827743908,0.021080084106971292
ID_OHA3B2,0.033405010150043886,0.010741725328971868,0.049271664199300264,0.033405010150043886,0.010741725328971868,0.049271664199300264
ID_X2EZX0,0.033405010150043886,0.009997203257769881,0.02203891112381449,0.033405010150043886,0.009997203257769881,0.02203891112381449
ID_N7CKJM,0.034454549037141256,0.013450253974031802,0.14265717118570767,0.034454549037141256,0.013450253974031802,0.14265717118570767
ID_ED5XL6,0.03348094749448393,0.01214433464109631,0.03955797098259929,0.03348094749448393,0.01214433464109631,0.03955797098259929
ID_UPMG2P,0.03639782705726885,0.013450253974031802,0.14571570249652538,0.03639782705726885,0.013450253974031802,0.14571570249652538
ID_I8ZJUM,0.033405010150043886,0.01030832608290843,0.03808382412462633,0.033405010150043886,0.01030832608290843,0.03808382412462633
ID_T01X1E,0.033405010150043886,0.01040621163392759,0.04872005680878458,0.033405010150043886,0.01040621163392759,0.04872005680878458
ID_TX3T1U,0.033405010150043886,0.010495034915363324,0.048848207164132906,0.033405010150043886,0.010495034915363324,0.048848207164132906
ID_BK85LX,0.033405010150043886,0.010741725328971868,0.049271664199300264,0.033405010150043886,0.010741725328971868,0.049271664199300264
ID_I3EHXO,0.033405010150043886,0.010403427347247043,0.0484828781704326,0.033405010150043886,0.010403427347247043,0.0484828781704326
ID_S6GDVH,0.03348094749448393,0.012040188527003122,0.02452257079390329,0.03348094749448393,0.012040188527003122,0.02452257079390329
ID_Q29IAO,0.03348094749448393,0.012838251505067441,0.027892690600127015,0.03348094749448393,0.012838251505067441,0.027892690600127015
ID_CM5IWG,0.033405010150043886,0.010495034915363324,0.048848207164132906,0.033405010150043886,0.010495034915363324,0.048848207164132906
ID_Y0V2PI,0.033405010150043886,0.010294778864743507,0.03747433722051686,0.033405010150043886,0.010294778864743507,0.03747433722051686
ID_9QINRQ,0.034454549037141256,0.013106908528354336,0.14757699184684608,0.034454549037141256,0.013106908528354336,0.14757699184684608
ID_JFKDW9,0.03639782705726885,0.013450253974031802,0.14571570249652538,0.03639782705726885,0.013450253974031802,0.14571570249652538
ID_GO0M2G,0.03639782705726885,0.013450253974031802,0.14571570249652538,0.03639782705726885,0.013450253974031802,0.14571570249652538
ID_PIGI7K,0.033405010150043886,0.010741725328971868,0.049271664199300264,0.033405010150043886,0.010741725328971868,0.049271664199300264
ID_IJXCEY,0.033405010150043886,0.010407398404343703,0.047247595633285316,0.033405010150043886,0.010407398404343703,0.047247595633285316
ID_VI4U4R,0.033405010150043886,0.010095201029555651,0.022474585068123075,0.033405010150043886,0.010095201029555651,0.022474585068123075
ID_258MZC,0.033405010150043886,0.009997203257769881,0.02203891112381449,0.033405010150043886,0.009997203257769881,0.02203891112381449
ID_H18RCQ,0.033405010150043886,0.010384586202829237,0.02494140046683558,0.033405010150043886,0.010384586202829237,0.02494140046683558
ID_07BV8U,0.03348094749448393,0.012508427878015944,0.02739559160677317,0.03348094749448393,0.012508427878015944,0.02739559160677317
ID_VZICF1,0.033405010150043886,0.010495034915363324,0.048848207164132906,0.033405010150043886,0.010495034915363324,0.048848207164132906
ID_WRL982,0.033405010150043886,0.009997203257769881,0.02203891112381449,0.033405010150043886,0.009997203257769881,0.02203891112381449
ID_9YG2KN,0.03639782705726885,0.013450253974031802,0.14571570249652538,0.03639782705726885,0.013450253974031802,0.14571570249652538
ID_KERY7T,0.037134829299069284,0.013759022008079536,0.14189341253031745,0.037134829299069284,0.013759022008079536,0.14189341253031745
ID_SZCEKW,0.033405010150043886,0.010495034915363324,0.048848207164132906,0.033405010150043886,0.010495034915363324,0.048848207164132906
ID_6O5TR9,0.03348094749448393,0.012040188527003122,0.02452257079390329,0.03348094749448393,0.012040188527003122,0.02452257079390329
ID_2VWEN3,0.03639782705726885,0.013450253974031802,0.14571570249652538,0.03639782705726885,0.013450253974031802,0.14571570249652538
ID_390114,0.033405010150043886,0.010495034915363324,0.048848207164132906,0.033405010150043886,0.010495034915363324,0.048848207164132906
ID_414HOK,0.033405010150043886,0.010506745659833013,0.048848207164132906,0.033405010150043886,0.010506745659833013,0.048848207164132906
ID_OM9I7H,0.04272201794752221,0.05516934845146116,0.15088693673624032,0.04272201794752221,0.05516934845146116,0.15088693673624032
ID_UAFWJ8,0.038499485869932196,0.04749100026585951,0.1496488357922862,0.038499485869932196,0.04749100026585951,0.1496488357922862
ID_JEO0RE,0.29118350051365927,0.4473664077444205,0.46573682356196167,0.29118350051365927,0.4473664077444205,0.46573682356196167
ID_2FK7L8,0.035681476165769783,0.0344678634071779,0.02979297563401672,0.035681476165769783,0.0344678634071779,0.02979297563401672
ID_BR0ZVK,0.035681476165769783,0.0344678634071779,0.02979297563401672,0.035681476165769783,0.0344678634071779,0.02979297563401672
ID_4XW3SG,0.035998345700810654,0.02647179244983113,0.028023387757479003,0.035998345700810654,0.02647179244983113,0.028023387757479003
ID_ND0JUF,0.20059256181651192,0.5286501612909816,0.5906544056244303,0.20059256181651192,0.5286501612909816,0.5906544056244303
ID_LRK0VM,0.22220397552501356,0.5341517489440504,0.5860866719190797,0.22220397552501356,0.5341517489440504,0.5860866719190797
ID_F9LL3S,0.29118350051365927,0.4487854070527388,0.46587131947800425,0.29118350051365927,0.4487854070527388,0.46587131947800425
ID_QYNGUD,0.18370130787742267,0.7706980943462938,0.6724266857859069,0.18370130787742267,0.7706980943462938,0.6724266857859069
ID_RZE5NT,0.035998345700810654,0.02647179244983113,0.026923566239119765,0.035998345700810654,0.02647179244983113,0.026923566239119765
ID_Y3XGHG,0.035998345700810654,0.02647179244983113,0.026923566239119765,0.035998345700810654,0.02647179244983113,0.026923566239119765
ID_PAN2FG,0.035998345700810654,0.02647179244983113,0.028023387757479003,0.035998345700810654,0.02647179244983113,0.028023387757479003
ID_E1VE1N,0.035998345700810654,0.030939315943005533,0.02808855412166414,0.035998345700810654,0.030939315943005533,0.02808855412166414
ID_V9V15D,0.23184149987162703,0.9534074127291305,0.961619935461306,0.23184149987162703,0.9534074127291305,0.961619935461306
ID_6LSQM7,0.03709073084592022,0.0431133958844751,0.06998132227233612,0.03709073084592022,0.0431133958844751,0.06998132227233612
ID_O5CMPP,0.2936852951741974,0.4495960133364746,0.4945154994669102,0.2936852951741974,0.4495960133364746,0.4945154994669102
ID_7UEYP5,0.035681476165769783,0.029866931757446393,0.0263219230266879,0.035681476165769783,0.029866931757446393,0.0263219230266879
ID_GE4M9Q,0.035681476165769783,0.03023952203256861,0.02687742796138508,0.035681476165769783,0.03023952203256861,0.02687742796138508
ID_V2I3KR,0.29380582124693067,0.4101724112744478,0.45015939485009665,0.29380582124693067,0.4101724112744478,0.45015939485009665
ID_O59IL2,0.18274647947665698,0.7554011434865279,0.7526885951087292,0.18274647947665698,0.7554011434865279,0.7526885951087292
ID_2RX566,0.035998345700810654,0.023721339688663825,0.025126896925999075,0.035998345700810654,0.023721339688663825,0.025126896925999075
ID_3TZG4C,0.29380582124693067,0.44806143866857845,0.46860281341265925,0.29380582124693067,0.44806143866857845,0.46860281341265925
ID_QB7IZK,0.035998345700810654,0.02647179244983113,0.026923566239119765,0.035998345700810654,0.02647179244983113,0.026923566239119765
ID_XCQ47J,0.035998345700810654,0.03499307456882419,0.027962523138865908,0.035998345700810654,0.03499307456882419,0.027962523138865908
ID_GEIU3Q,0.2607684811171901,0.7281550065462944,0.6548795970121397,0.2607684811171901,0.7281550065462944,0.6548795970121397
ID_BAJPY0,0.14002440397483437,0.5387834630972346,0.5546069720644259,0.14002440397483437,0.5387834630972346,0.5546069720644259
ID_BSVNKG,0.035681476165769783,0.03676337675322331,0.030399484998340394,0.035681476165769783,0.03676337675322331,0.030399484998340394
ID_QM4O2S,0.035681476165769783,0.0344678634071779,0.028607136795912383,0.035681476165769783,0.0344678634071779,0.028607136795912383
ID_ZB10X6,0.035998345700810654,0.02647179244983113,0.028023387757479003,0.035998345700810654,0.02647179244983113,0.028023387757479003
ID_VLOALM,0.43061462101393705,0.8661444553491703,0.88317259864406,0.43061462101393705,0.8661444553491703,0.88317259864406
ID_CG3L2H,0.035998345700810654,0.022290779446065234,0.026732070052435917,0.035998345700810654,0.022290779446065234,0.026732070052435917
ID_VAG0Q5,0.15637547058472254,0.573320431522105,0.5160424405241782,0.15637547058472254,0.573320431522105,0.5160424405241782
ID_7J1S3Y,0.035998345700810654,0.025063888105087424,0.028825115743473156,0.035998345700810654,0.025063888105087424,0.028825115743473156
ID_JW1LBC,0.1836000274747487,0.7605268260643063,0.9059619298743844,0.1836000274747487,0.7605268260643063,0.9059619298743844
ID_083PSL,0.03709073084592022,0.0431133958844751,0.06998132227233612,0.03709073084592022,0.0431133958844751,0.06998132227233612
ID_EALA41,0.16590019884729457,0.7760015645572991,0.6724266857859069,0.16590019884729457,0.7760015645572991,0.6724266857859069
ID_3ZIHQR,0.035998345700810654,0.024971270875446407,0.029255839042849306,0.035998345700810654,0.024971270875446407,0.029255839042849306
ID_F5HANJ,0.24654585369356138,0.7460470609700742,0.6304211331595198,0.24654585369356138,0.7460470609700742,0.6304211331595198
ID_DHARBL,0.29118350051365927,0.4473664077444205,0.46573682356196167,0.29118350051365927,0.4473664077444205,0.46573682356196167
ID_H3K94A,0.29118350051365927,0.4473664077444205,0.46573682356196167,0.29118350051365927,0.4473664077444205,0.46573682356196167
ID_BV33ZV,0.035681476165769783,0.0344678634071779,0.028607136795912383,0.035681476165769783,0.0344678634071779,0.028607136795912383
ID_GOSZ8L,0.035998345700810654,0.030178068059781675,0.027373675760739884,0.035998345700810654,0.030178068059781675,0.027373675760739884
ID_S9JF8F,0.15638890101125255,0.7611378112949946,0.7414588969124575,0.15638890101125255,0.7611378112949946,0.7414588969124575
ID_UOLBI5,0.2936852951741974,0.44967811300714955,0.49621368388689935,0.2936852951741974,0.44967811300714955,0.49621368388689935
ID_K3PNUV,0.035681476165769783,0.02682804947720078,0.023870039425439676,0.035681476165769783,0.02682804947720078,0.023870039425439676
ID_ANWYJ9,0.035681476165769783,0.03023952203256861,0.02687742796138508,0.035681476165769783,0.03023952203256861,0.02687742796138508
ID_AMSE7R,0.035998345700810654,0.02647179244983113,0.028023387757479003,0.035998345700810654,0.02647179244983113,0.028023387757479003
ID_I88AP8,0.2936852951741974,0.4495960133364746,0.4945154994669102,0.2936852951741974,0.4495960133364746,0.4945154994669102
ID_NWA3L6,0.035998345700810654,0.030178068059781675,0.0263219230266879,0.035998345700810654,0.030178068059781675,0.0263219230266879
ID_BEJ4NZ,0.3984779564403571,0.895210796408926,0.8379575190554485,0.3984779564403571,0.895210796408926,0.8379575190554485
ID_QW38O7,0.29118350051365927,0.42998035275049845,0.45493507221141544,0.29118350051365927,0.42998035275049845,0.45493507221141544
ID_0BO03Q,0.15318355529404382,0.6360855049595372,0.579141572978386,0.15318355529404382,0.6360855049595372,0.579141572978386
ID_CKOUOI,0.21774785310207292,0.6346384260162425,0.6066213698603625,0.21774785310207292,0.6346384260162425,0.6066213698603625
ID_LB4MOB,0.03709073084592022,0.0431133958844751,0.06998132227233612,0.03709073084592022,0.0431133958844751,0.06998132227233612
ID_M3EGOP,0.23814230651884405,0.89673390812229,0.8705655945007764,0.23814230651884405,0.89673390812229,0.8705655945007764
ID_3DR3OC,0.29380582124693067,0.4101724112744478,0.45015939485009665,0.29380582124693067,0.4101724112744478,0.45015939485009665
ID_CII7S2,0.035681476165769783,0.028586771264874224,0.028488777687212925,0.035681476165769783,0.028586771264874224,0.028488777687212925
ID_PS36LP,0.035681476165769783,0.0344678634071779,0.028607136795912383,0.035681476165769783,0.0344678634071779,0.028607136795912383
ID_UMATGZ,0.29118350051365927,0.4473664077444205,0.46573682356196167,0.29118350051365927,0.4473664077444205,0.46573682356196167
ID_RZXWDX,0.03709073084592022,0.04686319804005859,0.06711691808251259,0.03709073084592022,0.04686319804005859,0.06711691808251259
ID_MBP2SR,0.035681476165769783,0.03023952203256861,0.02687742796138508,0.035681476165769783,0.03023952203256861,0.02687742796138508
ID_26D5YY,0.035998345700810654,0.030178068059781675,0.0263219230266879,0.035998345700810654,0.030178068059781675,0.0263219230266879
ID_F7H73Q,0.035998345700810654,0.02647179244983113,0.028023387757479003,0.035998345700810654,0.02647179244983113,0.028023387757479003
ID_W4PRR2,0.035998345700810654,0.030178068059781675,0.0263219230266879,0.035998345700810654,0.030178068059781675,0.0263219230266879
ID_UY4Z5F,0.035681476165769783,0.03023952203256861,0.02687742796138508,0.035681476165769783,0.03023952203256861,0.02687742796138508
ID_Y8KQBZ,0.20003646009344345,0.7890548673300188,0.7826615940122224,0.20003646009344345,0.7890548673300188,0.7826615940122224
ID_QVEUCL,0.15638890101125255,0.7611537355580317,0.7414588969124575,0.15638890101125255,0.7611537355580317,0.7414588969124575
ID_4ZRHI7,0.20059256181651192,0.5286501612909816,0.5906544056244303,0.20059256181651192,0.5286501612909816,0.5906544056244303
ID_WLTHN7,0.26036661499429253,0.6591062366015318,0.65365194990152,0.26036661499429253,0.6591062366015318,0.65365194990152
ID_1FYJNL,0.035681476165769783,0.036043092724790435,0.03170837121772533,0.035681476165769783,0.036043092724790435,0.03170837121772533
ID_D9L64Q,0.29118350051365927,0.4473664077444205,0.46573682356196167,0.29118350051365927,0.4473664077444205,0.46573682356196167
ID_86WW5J,0.035681476165769783,0.03030944558692762,0.027512029317629118,0.035681476165769783,0.03030944558692762,0.027512029317629118
ID_7Y6T5F,0.2604836768063095,0.8154318441738935,0.7054874609100992,0.2604836768063095,0.8154318441738935,0.7054874609100992
ID_H6BCXL,0.035998345700810654,0.027045743895303113,0.023223965874116546,0.035998345700810654,0.027045743895303113,0.023223965874116546
ID_HWUQNT,0.2936852951741974,0.4251724590100848,0.48273182344622756,0.2936852951741974,0.4251724590100848,0.48273182344622756
ID_42K0G3,0.29118350051365927,0.4473664077444205,0.46573682356196167,0.29118350051365927,0.4473664077444205,0.46573682356196167
ID_RJA1CY,0.035681476165769783,0.03676337675322331,0.030399484998340394,0.035681476165769783,0.03676337675322331,0.030399484998340394
ID_KUD6LS,0.035998345700810654,0.030939315943005533,0.02808855412166414,0.035998345700810654,0.030939315943005533,0.02808855412166414
ID_YF4XAS,0.18274647947665698,0.7554011434865279,0.7526885951087292,0.18274647947665698,0.7554011434865279,0.7526885951087292
ID_9L5QZW,0.035681476165769783,0.03023952203256861,0.02797278540583465,0.035681476165769783,0.03023952203256861,0.02797278540583465
ID_PKRBWM,0.29118350051365927,0.4487854070527388,0.46587131947800425,0.29118350051365927,0.4487854070527388,0.46587131947800425
ID_KV5X78,0.2936852951741974,0.45413139485186804,0.49022066317515123,0.2936852951741974,0.45413139485186804,0.49022066317515123
ID_K05FSC,0.035681476165769783,0.03023952203256861,0.02797278540583465,0.035681476165769783,0.03023952203256861,0.02797278540583465
ID_VKADHX,0.2766741153603261,0.8950335620564489,0.8075188643086126,0.2766741153603261,0.8950335620564489,0.8075188643086126
ID_FJ9WOU,0.26036661499429253,0.6591062366015318,0.65365194990152,0.26036661499429253,0.6591062366015318,0.65365194990152
ID_42T9XM,0.035998345700810654,0.02647179244983113,0.028023387757479003,0.035998345700810654,0.02647179244983113,0.028023387757479003
ID_9ZLKG2,0.035998345700810654,0.024971270875446407,0.02808855412166414,0.035998345700810654,0.024971270875446407,0.02808855412166414
ID_HXOU9G,0.1487800561112134,0.7245714774145555,0.7100210934855831,0.1487800561112134,0.7245714774145555,0.7100210934855831
ID_WB4AC6,0.29118350051365927,0.417394797172249,0.45493507221141544,0.29118350051365927,0.417394797172249,0.45493507221141544
ID_I62XI1,0.29118350051365927,0.43088980404502325,0.455069568127458,0.29118350051365927,0.43088980404502325,0.455069568127458
ID_3ZWI9L,0.035681476165769783,0.028586771264874224,0.029674616525317263,0.035681476165769783,0.028586771264874224,0.029674616525317263
ID_3SR2CY,0.18274647947665698,0.7554011434865279,0.7526885951087292,0.18274647947665698,0.7554011434865279,0.7526885951087292
ID_ZBZKT1,0.035998345700810654,0.030939315943005533,0.02808855412166414,0.035998345700810654,0.030939315943005533,0.02808855412166414
ID_O4VQ7G,0.035998345700810654,0.030178068059781675,0.0263219230266879,0.035998345700810654,0.030178068059781675,0.0263219230266879
ID_N744FI,0.035998345700810654,0.021380993199882438,0.024935384204854395,0.035998345700810654,0.021380993199882438,0.024935384204854395
ID_TV8IEH,0.035681476165769783,0.0344678634071779,0.028607136795912383,0.035681476165769783,0.0344678634071779,0.028607136795912383
ID_NMAF4Q,0.29118350051365927,0.4473664077444205,0.46573682356196167,0.29118350051365927,0.4473664077444205,0.46573682356196167
ID_K2ZCCX,0.03740451408596341,0.04760129073155217,0.06711691808251259,0.03740451408596341,0.04760129073155217,0.06711691808251259
ID_R18GZ6,0.035681476165769783,0.024414554362139115,0.02291379768055144,0.035681476165769783,0.024414554362139115,0.02291379768055144
ID_IFP722,0.035998345700810654,0.026970247151113052,0.023870039425439676,0.035998345700810654,0.026970247151113052,0.023870039425439676
ID_IR8CDY,0.25867351032855407,0.6847691298180911,0.815351022087745,0.25867351032855407,0.6847691298180911,0.815351022087745
ID_Z2I4JV,0.29118350051365927,0.4473664077444205,0.46573682356196167,0.29118350051365927,0.4473664077444205,0.46573682356196167
ID_6KEY2P,0.03740451408596341,0.04760129073155217,0.06711691808251259,0.03740451408596341,0.04760129073155217,0.06711691808251259
ID_5S0DH2,0.035681476165769783,0.0344678634071779,0.028607136795912383,0.035681476165769783,0.0344678634071779,0.028607136795912383
ID_XNJ95S,0.035998345700810654,0.02647179244983113,0.028023387757479003,0.035998345700810654,0.02647179244983113,0.028023387757479003
ID_H6CCOD,0.03740451408596341,0.037014702008196856,0.0611605636322891,0.03740451408596341,0.037014702008196856,0.0611605636322891
ID_WQCUST,0.18370130787742267,0.7706980943462938,0.6724266857859069,0.18370130787742267,0.7706980943462938,0.6724266857859069
ID_T75BT1,0.0428869099741926,0.027006867981845265,0.03164152745330515,0.0428869099741926,0.027006867981845265,0.03164152745330515
ID_XS9OXI,0.03765704024803097,0.025685576027359887,0.02657189176570389,0.03765704024803097,0.025685576027359887,0.02657189176570389
ID_EA1206,0.04255178731255531,0.031586756294440695,0.031677630716939575,0.04255178731255531,0.031586756294440695,0.031677630716939575
ID_YH37JO,0.7442538452615394,0.42937472200911775,0.35733792841327067,0.7442538452615394,0.42937472200911775,0.35733792841327067
ID_B8H7AK,0.04255178731255531,0.031586756294440695,0.031677630716939575,0.04255178731255531,0.031586756294440695,0.031677630716939575
ID_C09NJ3,0.04036411655615345,0.0274324674905733,0.028078518866910075,0.04036411655615345,0.0274324674905733,0.028078518866910075
ID_0P1U7I,0.03765704024803097,0.028661607042763784,0.026405110608026743,0.03765704024803097,0.028661607042763784,0.026405110608026743
ID_KJZGN2,0.03765704024803097,0.027547008766069234,0.028228946427655235,0.03765704024803097,0.027547008766069234,0.028228946427655235
ID_XBCJ33,0.03765704024803097,0.027547008766069234,0.028228946427655235,0.03765704024803097,0.027547008766069234,0.028228946427655235
ID_QPKPCR,0.04255178731255531,0.03207930738825238,0.03239892538916936,0.04255178731255531,0.03207930738825238,0.03239892538916936
ID_GAOAHL,0.04255178731255531,0.03192174303502397,0.031216818134543953,0.04255178731255531,0.03192174303502397,0.031216818134543953
ID_9KT6CB,0.04255178731255531,0.03142991010140756,0.031518608926999855,0.04255178731255531,0.03142991010140756,0.031518608926999855
ID_KUJ9FC,0.04255178731255531,0.03207930738825238,0.03239892538916936,0.04255178731255531,0.03207930738825238,0.03239892538916936
ID_I81UCW,0.04255178731255531,0.03207930738825238,0.03239892538916936,0.04255178731255531,0.03207930738825238,0.03239892538916936
ID_GB2SDS,0.04255178731255531,0.03192174303502397,0.031216818134543953,0.04255178731255531,0.03192174303502397,0.031216818134543953
ID_X9A4JH,0.04255178731255531,0.03192174303502397,0.031216818134543953,0.04255178731255531,0.03192174303502397,0.031216818134543953
ID_RTGELG,0.0428869099741926,0.026844495011078436,0.03045607278046179,0.0428869099741926,0.026844495011078436,0.03045607278046179
ID_HNXAGO,0.04255178731255531,0.031429191941212284,0.030502005367592816,0.04255178731255531,0.031429191941212284,0.030502005367592816
ID_5FC3QJ,0.7442538452615394,0.4289593199160181,0.34564746692762405,0.7442538452615394,0.4289593199160181,0.34564746692762405
ID_CWTFLH,0.03765704024803097,0.027500621385610338,0.0271850397359251,0.03765704024803097,0.027500621385610338,0.0271850397359251
ID_B38JUX,0.7442538452615394,0.42843999664558335,0.3440010806568631,0.7442538452615394,0.42843999664558335,0.3440010806568631
ID_UH1KTJ,0.7442538452615394,0.42843999664558335,0.3440010806568631,0.7442538452615394,0.42843999664558335,0.3440010806568631
ID_5LLHBD,0.0428869099741926,0.031335812741457865,0.030401435759346077,0.0428869099741926,0.031335812741457865,0.030401435759346077
ID_3YY9DP,0.0428869099741926,0.031335812741457865,0.030401435759346077,0.0428869099741926,0.031335812741457865,0.030401435759346077
ID_744ERE,0.0428869099741926,0.026844495011078436,0.03045607278046179,0.0428869099741926,0.026844495011078436,0.03045607278046179
ID_QV8YW3,0.04100464396894039,0.02208826697358081,0.02737334851903276,0.04100464396894039,0.02208826697358081,0.02737334851903276
ID_G5ERJR,0.04255178731255531,0.031262244794014994,0.030401435759346077,0.04255178731255531,0.031262244794014994,0.030401435759346077
ID_MNB1L3,0.04255178731255531,0.03192174303502397,0.031216818134543953,0.04255178731255531,0.03192174303502397,0.031216818134543953
ID_B84S8R,0.03765704024803097,0.027547008766069234,0.028228946427655235,0.03765704024803097,0.027547008766069234,0.028228946427655235
ID_VI1CDO,0.04227323660850149,0.03828699284986803,0.038796617334861394,0.04227323660850149,0.03828699284986803,0.038796617334861394
ID_31K8SP,0.03765704024803097,0.027547008766069234,0.028228946427655235,0.03765704024803097,0.027547008766069234,0.028228946427655235
ID_3F8T7O,0.0428869099741926,0.031335812741457865,0.030401435759346077,0.0428869099741926,0.031335812741457865,0.030401435759346077
ID_RW3Q5J,0.04255178731255531,0.031262244794014994,0.030401435759346077,0.04255178731255531,0.031262244794014994,0.030401435759346077
ID_T3FYEA,0.7442538452615394,0.42843999664558335,0.3440010806568631,0.7442538452615394,0.42843999664558335,0.3440010806568631
ID_OZU9F0,0.7140079857414576,0.42463690847125574,0.3473145324524328,0.7140079857414576,0.42463690847125574,0.3473145324524328
ID_JLNANL,0.04255178731255531,0.031262244794014994,0.030401435759346077,0.04255178731255531,0.031262244794014994,0.030401435759346077
ID_09QFQF,0.04255178731255531,0.03192174303502397,0.031216818134543953,0.04255178731255531,0.03192174303502397,0.031216818134543953
ID_CJR13W,0.04255178731255531,0.031262244794014994,0.030401435759346077,0.04255178731255531,0.031262244794014994,0.030401435759346077
ID_1U5ABT,0.04255178731255531,0.03192174303502397,0.031216818134543953,0.04255178731255531,0.03192174303502397,0.031216818134543953
ID_J3WB2P,0.04036411655615345,0.030064423562557546,0.027127781771455115,0.04036411655615345,0.030064423562557546,0.027127781771455115
ID_CYJMO0,0.03895857092499428,0.03030023841568258,0.031174856129192047,0.03895857092499428,0.03030023841568258,0.031174856129192047
ID_RIZD06,0.03765704024803097,0.027547008766069234,0.028228946427655235,0.03765704024803097,0.027547008766069234,0.028228946427655235
ID_K565PV,0.04255178731255531,0.03192174303502397,0.031216818134543953,0.04255178731255531,0.03192174303502397,0.031216818134543953
ID_KGPDZS,0.04255178731255531,0.031262244794014994,0.030401435759346077,0.04255178731255531,0.031262244794014994,0.030401435759346077
ID_PD7IH8,0.04255178731255531,0.03142991010140756,0.031518608926999855,0.04255178731255531,0.03142991010140756,0.031518608926999855
ID_FM7JHM,0.04255178731255531,0.03207930738825238,0.03239892538916936,0.04255178731255531,0.03207930738825238,0.03239892538916936
ID_JKUDBT,0.7442538452615394,0.42843999664558335,0.3440010806568631,0.7442538452615394,0.42843999664558335,0.3440010806568631
ID_ZSTDRG,0.04255178731255531,0.031262244794014994,0.030401435759346077,0.04255178731255531,0.031262244794014994,0.030401435759346077
ID_WM2OCW,0.03765704024803097,0.027547008766069234,0.028228946427655235,0.03765704024803097,0.027547008766069234,0.028228946427655235
ID_V2VKWX,0.04255178731255531,0.03192174303502397,0.031216818134543953,0.04255178731255531,0.03192174303502397,0.031216818134543953
ID_Z0V4IF,0.04255178731255531,0.03207930738825238,0.03239892538916936,0.04255178731255531,0.03207930738825238,0.03239892538916936
ID_ZKWY5H,0.7442538452615394,0.42843999664558335,0.3440010806568631,0.7442538452615394,0.42843999664558335,0.3440010806568631
ID_Y92YDT,0.0428869099741926,0.026844495011078436,0.03045607278046179,0.0428869099741926,0.026844495011078436,0.03045607278046179
ID_SUKNX3,0.0428869099741926,0.031335812741457865,0.030401435759346077,0.0428869099741926,0.031335812741457865,0.030401435759346077
ID_UQ2MN7,0.04255178731255531,0.03192174303502397,0.031216818134543953,0.04255178731255531,0.03192174303502397,0.031216818134543953
ID_R4B5Y3,0.7442538452615394,0.4289593199160181,0.34564746692762405,0.7442538452615394,0.4289593199160181,0.34564746692762405
ID_5FIQN2,0.0428869099741926,0.031335812741457865,0.030401435759346077,0.0428869099741926,0.031335812741457865,0.030401435759346077
ID_CK7R8V,0.04100464396894039,0.025553065295381275,0.025787376946068245,0.04100464396894039,0.025553065295381275,0.025787376946068245
ID_9CKT1G,0.7362862709548386,0.4924759591483504,0.40713610539520334,0.7362862709548386,0.4924759591483504,0.40713610539520334
ID_OP7PVS,0.04255178731255531,0.03207930738825238,0.03239892538916936,0.04255178731255531,0.03207930738825238,0.03239892538916936
ID_E958NN,0.04255178731255531,0.03207930738825238,0.03239892538916936,0.04255178731255531,0.03207930738825238,0.03239892538916936
ID_DEFSVV,0.04255178731255531,0.03207930738825238,0.03239892538916936,0.04255178731255531,0.03207930738825238,0.03239892538916936
ID_BKDCXA,0.03895857092499428,0.02569534216582984,0.03482359169689614,0.03895857092499428,0.02569534216582984,0.03482359169689614
ID_I0OGOO,0.03765704024803097,0.027547008766069234,0.028228946427655235,0.03765704024803097,0.027547008766069234,0.028228946427655235
ID_5A0PRD,0.04255178731255531,0.03207930738825238,0.03239892538916936,0.04255178731255531,0.03207930738825238,0.03239892538916936
ID_KEK3CV,0.04255178731255531,0.03142991010140756,0.031518608926999855,0.04255178731255531,0.03142991010140756,0.031518608926999855
ID_G5CBCM,0.04255178731255531,0.03207930738825238,0.03239892538916936,0.04255178731255531,0.03207930738825238,0.03239892538916936
ID_6K7MP9,0.04100464396894039,0.025528261799385707,0.02839404894069104,0.04100464396894039,0.025528261799385707,0.02839404894069104
ID_9972R1,0.0428869099741926,0.031335812741457865,0.030401435759346077,0.0428869099741926,0.031335812741457865,0.030401435759346077
ID_PNK92C,0.03583232334286032,0.019405390874870098,0.011709181578348517,0.03583232334286032,0.019405390874870098,0.011709181578348517
ID_W39B3I,0.03357568688596541,0.017881254337197165,0.01163438306741742,0.03357568688596541,0.017881254337197165,0.01163438306741742
ID_HD9ID6,0.03583232334286032,0.019405390874870098,0.011709181578348517,0.03583232334286032,0.019405390874870098,0.011709181578348517
ID_BN91DN,0.03357568688596541,0.017780663654830442,0.01163438306741742,0.03357568688596541,0.017780663654830442,0.01163438306741742
ID_3GOCN3,0.35916747908651014,0.8645867470454209,0.8757084754648096,0.35916747908651014,0.8645867470454209,0.8757084754648096
ID_ET6KNZ,0.31841873059220593,0.6943160490914123,0.8019986140914024,0.31841873059220593,0.6943160490914123,0.8019986140914024
ID_OTOWTK,0.03468143333033558,0.02281203237885445,0.03634462920765142,0.03468143333033558,0.02281203237885445,0.03634462920765142
ID_WX5YV9,0.03583232334286032,0.020328719706759545,0.012915334913883506,0.03583232334286032,0.020328719706759545,0.012915334913883506
ID_BKG1JJ,0.03468143333033558,0.02364211022705507,0.03634462920765142,0.03468143333033558,0.02364211022705507,0.03634462920765142
ID_N7EE5X,0.35778830501298214,0.879911218613098,0.8830348781430231,0.35778830501298214,0.879911218613098,0.8830348781430231
ID_3HJF2B,0.2669188740545325,0.6588330761206734,0.600624298706828,0.2669188740545325,0.6588330761206734,0.600624298706828
ID_L77EMA,0.03357568688596541,0.017876174408800266,0.011709181578348517,0.03357568688596541,0.017876174408800266,0.011709181578348517
ID_UONM6Q,0.03357568688596541,0.017881254337197165,0.01163438306741742,0.03357568688596541,0.017881254337197165,0.01163438306741742
ID_ZCOCP7,0.03357568688596541,0.018625122419228642,0.011709181578348517,0.03357568688596541,0.018625122419228642,0.011709181578348517
ID_9HPWEF,0.2669188740545325,0.6570732396133194,0.602200116512928,0.2669188740545325,0.6570732396133194,0.602200116512928
ID_48PTGW,0.03583232334286032,0.020250164961311455,0.012419920191136793,0.03583232334286032,0.020250164961311455,0.012419920191136793
ID_GSHF7X,0.03357568688596541,0.017876174408800266,0.011709181578348517,0.03357568688596541,0.017876174408800266,0.011709181578348517
ID_72DBE5,0.03468143333033558,0.0229435878321149,0.036518752479332894,0.03468143333033558,0.0229435878321149,0.036518752479332894
ID_H8FI6N,0.03357568688596541,0.017876174408800266,0.011709181578348517,0.03357568688596541,0.017876174408800266,0.011709181578348517
ID_897NU8,0.03357568688596541,0.017780663654830442,0.01163438306741742,0.03357568688596541,0.017780663654830442,0.01163438306741742
ID_PS57CR,0.03357568688596541,0.017881254337197165,0.01163438306741742,0.03357568688596541,0.017881254337197165,0.01163438306741742
ID_VLC084,0.03583232334286032,0.020328719706759545,0.012915334913883506,0.03583232334286032,0.020328719706759545,0.012915334913883506
ID_0TQQFQ,0.03357568688596541,0.017876174408800266,0.011709181578348517,0.03357568688596541,0.017876174408800266,0.011709181578348517
ID_E94KOM,0.3603453012972908,0.9055972228959117,0.8915909638456986,0.3603453012972908,0.9055972228959117,0.8915909638456986
ID_DBOXYC,0.03583232334286032,0.019405390874870098,0.011709181578348517,0.03583232334286032,0.019405390874870098,0.011709181578348517
ID_Z8WJLG,0.03357568688596541,0.017876174408800266,0.011709181578348517,0.03357568688596541,0.017876174408800266,0.011709181578348517
ID_D7H9P4,0.03468143333033558,0.0229435878321149,0.036518752479332894,0.03468143333033558,0.0229435878321149,0.036518752479332894
ID_HNBXAQ,0.03357568688596541,0.01782492187908149,0.011519083175798537,0.03357568688596541,0.01782492187908149,0.011519083175798537
ID_T0YIRE,0.03583232334286032,0.019405390874870098,0.011709181578348517,0.03583232334286032,0.019405390874870098,0.011709181578348517
ID_9PTBA8,0.2669188740545325,0.6664314259553584,0.602200116512928,0.2669188740545325,0.6664314259553584,0.602200116512928
ID_7GNPFS,0.24709443544879514,0.6549271501292148,0.6013344567471162,0.24709443544879514,0.6549271501292148,0.6013344567471162
ID_LDL582,0.03357568688596541,0.01782492187908149,0.011519083175798537,0.03357568688596541,0.01782492187908149,0.011519083175798537
ID_QDFKYG,0.033296269920237286,0.007659518185266103,0.010149494228180301,0.033296269920237286,0.007659518185266103,0.010149494228180301
ID_E9HXCI,0.03329690366971634,0.007602619689353068,0.01033639367557141,0.03329690366971634,0.007602619689353068,0.01033639367557141
ID_VXNUAB,0.03329690366971634,0.00762043733625283,0.01033639367557141,0.03329690366971634,0.00762043733625283,0.01033639367557141
ID_7X3ANU,0.033300338672088335,0.007342581595439873,0.010252279834500014,0.033300338672088335,0.007342581595439873,0.010252279834500014
ID_JHEJ6C,0.06773802056441011,0.11627946618726262,0.23733236414399878,0.06773802056441011,0.11627946618726262,0.23733236414399878
ID_PQEFSA,0.033300338672088335,0.007374609334326326,0.010252120641090214,0.033300338672088335,0.007374609334326326,0.010252120641090214
ID_74362O,0.03348094749448393,0.011887208719503887,0.015810260758476354,0.03348094749448393,0.011887208719503887,0.015810260758476354
ID_ZYEPM4,0.05739620871326882,0.09681380719882896,0.20329048624831658,0.05739620871326882,0.09681380719882896,0.20329048624831658
ID_NO41LI,0.07453205562899723,0.10322771753726388,0.1672691813565378,0.07453205562899723,0.10322771753726388,0.1672691813565378
ID_A1BP0L,0.03329690366971634,0.00762043733625283,0.01033639367557141,0.03329690366971634,0.00762043733625283,0.01033639367557141
ID_833EID,0.20402763406861624,0.40654902929513576,0.5225506640791004,0.20402763406861624,0.40654902929513576,0.5225506640791004
ID_QVFOVQ,0.03433616939518638,0.026669174837631513,0.03486802266839469,0.03433616939518638,0.026669174837631513,0.03486802266839469
ID_E8JXTE,0.2797491542314725,0.4382650993527029,0.46776568678388797,0.2797491542314725,0.4382650993527029,0.46776568678388797
ID_SW35TS,0.05440566652121914,0.1097769686277966,0.20524363839353543,0.05440566652121914,0.1097769686277966,0.20524363839353543
ID_UE2F8Y,0.033300338672088335,0.007374609334326326,0.010252120641090214,0.033300338672088335,0.007374609334326326,0.010252120641090214
ID_EW9NJ2,0.05440566652121914,0.1097769686277966,0.20524363839353543,0.05440566652121914,0.1097769686277966,0.20524363839353543
ID_J6FHL2,0.20402763406861624,0.40654902929513576,0.5225506640791004,0.20402763406861624,0.40654902929513576,0.5225506640791004
ID_UGEC57,0.035586512944686836,0.02441148874346736,0.03736691862037816,0.035586512944686836,0.02441148874346736,0.03736691862037816
ID_VSQBO6,0.038769054302924134,0.026755518783386188,0.03633613143295239,0.038769054302924134,0.026755518783386188,0.03633613143295239
ID_UVXMIM,0.22240656243882817,0.26373606270754213,0.7145233347288805,0.22240656243882817,0.26373606270754213,0.7145233347288805
ID_T058KG,0.033405010150043886,0.011842083320980646,0.018200077857973094,0.033405010150043886,0.011842083320980646,0.018200077857973094
ID_VACRZA,0.033405010150043886,0.011793482901218328,0.018292583934260278,0.033405010150043886,0.011793482901218328,0.018292583934260278
ID_Y56MW9,0.033405010150043886,0.012049292372561192,0.018325596465003244,0.033405010150043886,0.012049292372561192,0.018325596465003244
ID_0DPIA8,0.03348094749448393,0.012188320442799062,0.018360070434978847,0.03348094749448393,0.012188320442799062,0.018360070434978847
ID_3U9J6G,0.033405010150043886,0.011579504746427476,0.018153417740709065,0.033405010150043886,0.011579504746427476,0.018153417740709065
ID_EUSZBN,0.033405010150043886,0.011297094606988403,0.018292583934260278,0.033405010150043886,0.011297094606988403,0.018292583934260278
ID_9E5OMC,0.033405010150043886,0.011793482901218328,0.018292583934260278,0.033405010150043886,0.011793482901218328,0.018292583934260278
ID_3R6KBU,0.03348094749448393,0.012941997163684424,0.018532249159273026,0.03348094749448393,0.012941997163684424,0.018532249159273026
ID_4TGSZ9,0.033405010150043886,0.01183691937235768,0.01837848711386593,0.033405010150043886,0.01183691937235768,0.01837848711386593
ID_NX8EEE,0.03284302782327103,0.011468613413640066,0.021392225163308066,0.03284302782327103,0.011468613413640066,0.021392225163308066
ID_RWKSD3,0.034183174808957835,0.02859608488454798,0.022040749462444227,0.034183174808957835,0.02859608488454798,0.022040749462444227
ID_7X97V1,0.034183174808957835,0.03119567514749367,0.02647428846172149,0.034183174808957835,0.03119567514749367,0.02647428846172149
ID_2AFQRA,0.033405010150043886,0.01183691937235768,0.01837848711386593,0.033405010150043886,0.01183691937235768,0.01837848711386593
ID_Q1RU6X,0.033405010150043886,0.01183691937235768,0.01837848711386593,0.033405010150043886,0.01183691937235768,0.01837848711386593
ID_YC254M,0.033405010150043886,0.011805722483973354,0.018735804144942216,0.033405010150043886,0.011805722483973354,0.018735804144942216
ID_UNWPJB,0.033405010150043886,0.011579504746427476,0.018153417740709065,0.033405010150043886,0.011579504746427476,0.018153417740709065
ID_B660BU,0.03348094749448393,0.013787666945796242,0.020496729169329396,0.03348094749448393,0.013787666945796242,0.020496729169329396
ID_4ORCRP,0.033405010150043886,0.01183691937235768,0.01837848711386593,0.033405010150043886,0.01183691937235768,0.01837848711386593
ID_YFLCSJ,0.03348094749448393,0.013430340892358165,0.020758569477326173,0.03348094749448393,0.013430340892358165,0.020758569477326173
ID_733Z0L,0.033405010150043886,0.011367131746223965,0.018200077857973094,0.033405010150043886,0.011367131746223965,0.018200077857973094
ID_KB7EEN,0.033405010150043886,0.011579504746427476,0.018153417740709065,0.033405010150043886,0.011579504746427476,0.018153417740709065
ID_066CHB,0.033405010150043886,0.011790433018514271,0.018782073226351854,0.033405010150043886,0.011790433018514271,0.018782073226351854
ID_BEU1N6,0.033405010150043886,0.012054456321184157,0.018153417740709065,0.033405010150043886,0.012054456321184157,0.018153417740709065
ID_C8R4WH,0.033405010150043886,0.01183691937235768,0.01837848711386593,0.033405010150043886,0.01183691937235768,0.01837848711386593
ID_PI3I2J,0.033405010150043886,0.01183691937235768,0.01837848711386593,0.033405010150043886,0.01183691937235768,0.01837848711386593
ID_9PMVYR,0.033405010150043886,0.01183691937235768,0.01837848711386593,0.033405010150043886,0.01183691937235768,0.01837848711386593
ID_Q7EXXO,0.033405010150043886,0.01183691937235768,0.01837848711386593,0.033405010150043886,0.01183691937235768,0.01837848711386593
ID_CQKKBK,0.033405010150043886,0.011793482901218328,0.018609894502057675,0.033405010150043886,0.011793482901218328,0.018609894502057675
ID_9QR9WA,0.03348094749448393,0.013602332807205136,0.020758569477326173,0.03348094749448393,0.013602332807205136,0.020758569477326173
ID_FELSNU,0.03348094749448393,0.013602332807205136,0.020758569477326173,0.03348094749448393,0.013602332807205136,0.020758569477326173
ID_PNKANZ,0.03277410430078003,0.020574604591128712,0.021660851378227392,0.03277410430078003,0.020574604591128712,0.021660851378227392
ID_22JIZ1,0.034183174808957835,0.0292198085989132,0.021961396042764716,0.034183174808957835,0.0292198085989132,0.021961396042764716
ID_IRZOS2,0.03734624501198903,0.010705965598773792,0.022143888179359465,0.03734624501198903,0.010705965598773792,0.022143888179359465
ID_PHQQ0F,0.035443592665504606,0.010969325559758651,0.02145695965607112,0.035443592665504606,0.010969325559758651,0.02145695965607112
ID_IW2314,0.035443592665504606,0.01103217589071561,0.021276340838245353,0.035443592665504606,0.01103217589071561,0.021276340838245353
ID_8UX59T,0.033405010150043886,0.009615544153284222,0.01566388284501059,0.033405010150043886,0.009615544153284222,0.01566388284501059
ID_4VMFY1,0.033405010150043886,0.009698295175752835,0.01470026423153411,0.033405010150043886,0.009698295175752835,0.01470026423153411
ID_NAS5OH,0.033405010150043886,0.011842083320980646,0.018200077857973094,0.033405010150043886,0.011842083320980646,0.018200077857973094
ID_B5C6RJ,0.033405010150043886,0.01183691937235768,0.01837848711386593,0.033405010150043886,0.01183691937235768,0.01837848711386593
ID_PXCAKA,0.033405010150043886,0.012049292372561192,0.018325596465003244,0.033405010150043886,0.012049292372561192,0.018325596465003244
ID_T7JWJL,0.03348094749448393,0.010416836804998707,0.015742662354491985,0.03348094749448393,0.010416836804998707,0.015742662354491985
ID_Z40GIH,0.03277410430078003,0.023727451801728052,0.02264382931558337,0.03277410430078003,0.023727451801728052,0.02264382931558337
ID_7B6TSR,0.033405010150043886,0.011579504746427476,0.018153417740709065,0.033405010150043886,0.011579504746427476,0.018153417740709065
ID_T8UE85,0.033405010150043886,0.012049292372561192,0.018325596465003244,0.033405010150043886,0.012049292372561192,0.018325596465003244
ID_N2GA6J,0.033405010150043886,0.011084721606784892,0.018338903618189455,0.033405010150043886,0.011084721606784892,0.018338903618189455
ID_X7QNEK,0.03284302782327103,0.011459307476521737,0.02148059774075811,0.03284302782327103,0.011459307476521737,0.02148059774075811
ID_L03W0G,0.03348094749448393,0.010573776562525035,0.015294263610109994,0.03348094749448393,0.010573776562525035,0.015294263610109994
ID_5UDF18,0.033405010150043886,0.011859337871839381,0.018200077857973094,0.033405010150043886,0.011859337871839381,0.018200077857973094
ID_TT098H,0.03348094749448393,0.013455425602461234,0.020249683304569176,0.03348094749448393,0.013455425602461234,0.020249683304569176
ID_5QZP6R,0.033405010150043886,0.009637626082709582,0.012528996272125096,0.033405010150043886,0.009637626082709582,0.012528996272125096
ID_EH54DK,0.03284302782327103,0.011135267495808305,0.02170975977771725,0.03284302782327103,0.011135267495808305,0.02170975977771725
ID_PALW0Q,0.03682634256305874,0.011354929260630794,0.022339772831091464,0.03682634256305874,0.011354929260630794,0.022339772831091464
ID_KSA6SI,0.033405010150043886,0.011842083320980646,0.018200077857973094,0.033405010150043886,0.011842083320980646,0.018200077857973094
ID_YDQ1KZ,0.034183174808957835,0.02859608488454798,0.022040749462444227,0.034183174808957835,0.02859608488454798,0.022040749462444227
ID_7TRIGH,0.033405010150043886,0.01183691937235768,0.01837848711386593,0.033405010150043886,0.01183691937235768,0.01837848711386593
ID_T2KMPX,0.033405010150043886,0.012054456321184157,0.018153417740709065,0.033405010150043886,0.012054456321184157,0.018153417740709065
ID_W6H2GG,0.033405010150043886,0.01183691937235768,0.01837848711386593,0.033405010150043886,0.01183691937235768,0.01837848711386593
ID_CQOM1C,0.033405010150043886,0.012018095484176865,0.018689144027678187,0.033405010150043886,0.012018095484176865,0.018689144027678187
ID_V4PFS3,0.033405010150043886,0.010144284925517544,0.01513393532081072,0.033405010150043886,0.010144284925517544,0.01513393532081072
ID_7SSXA0,0.033405010150043886,0.011581109901014817,0.018656554619321704,0.033405010150043886,0.011581109901014817,0.018656554619321704
ID_904OMU,0.033405010150043886,0.01183691937235768,0.01837848711386593,0.033405010150043886,0.01183691937235768,0.01837848711386593
ID_UPD1SQ,0.033405010150043886,0.009661111984099299,0.012252442362773364,0.033405010150043886,0.009661111984099299,0.012252442362773364
ID_3BE6BK,0.033405010150043886,0.010152717114256613,0.014983419653315311,0.033405010150043886,0.010152717114256613,0.014983419653315311
ID_ROX1RX,0.033405010150043886,0.011297094606988403,0.018292583934260278,0.033405010150043886,0.011297094606988403,0.018292583934260278
ID_HJN7VE,0.03348094749448393,0.013610048732629419,0.020249683304569176,0.03348094749448393,0.013610048732629419,0.020249683304569176
ID_HQT8FR,0.03734624501198903,0.010966824836766975,0.022248816935396137,0.03734624501198903,0.010966824836766975,0.022248816935396137
ID_IT2HDM,0.03277410430078003,0.020574604591128712,0.021660851378227392,0.03277410430078003,0.020574604591128712,0.021660851378227392
ID_YNKD7B,0.035443592665504606,0.010676153500314714,0.021693595035204134,0.035443592665504606,0.010676153500314714,0.021693595035204134
ID_9QKC85,0.033405010150043886,0.009661111984099299,0.012252442362773364,0.033405010150043886,0.009661111984099299,0.012252442362773364
ID_QO4II7,0.033405010150043886,0.012049292372561192,0.018325596465003244,0.033405010150043886,0.012049292372561192,0.018325596465003244
ID_EXZ3UM,0.033405010150043886,0.012049292372561192,0.018325596465003244,0.033405010150043886,0.012049292372561192,0.018325596465003244
ID_REKC8W,0.033405010150043886,0.012049292372561192,0.018325596465003244,0.033405010150043886,0.012049292372561192,0.018325596465003244
ID_ATOZFV,0.033405010150043886,0.009492613463222414,0.012488039885517915,0.033405010150043886,0.009492613463222414,0.012488039885517915
ID_XUPA46,0.033405010150043886,0.010197507278160965,0.014935492065109034,0.033405010150043886,0.010197507278160965,0.014935492065109034
ID_BTIN8A,0.033405010150043886,0.009492613463222414,0.012314786963412955,0.033405010150043886,0.009492613463222414,0.012314786963412955
ID_4A8R3V,0.03682634256305874,0.011354929260630794,0.022451756963707516,0.03682634256305874,0.011354929260630794,0.022451756963707516
ID_QPZL6F,0.033405010150043886,0.01183691937235768,0.01837848711386593,0.033405010150043886,0.01183691937235768,0.01837848711386593
ID_45449H,0.03348094749448393,0.012957697592655842,0.020758569477326173,0.03348094749448393,0.012957697592655842,0.020758569477326173
ID_3QF1JY,0.033405010150043886,0.010197507278160965,0.014863521341508385,0.033405010150043886,0.010197507278160965,0.014863521341508385
ID_ZO8KHA,0.03348094749448393,0.01029546036721612,0.014749825603300846,0.03348094749448393,0.01029546036721612,0.014749825603300846
ID_K9PYT8,0.03348094749448393,0.013681179240800544,0.020249683304569176,0.03348094749448393,0.013681179240800544,0.020249683304569176
ID_QI8JG9,0.035022514696508036,0.011130300193457877,0.02179458831687037,0.035022514696508036,0.011130300193457877,0.02179458831687037
ID_QQTRMM,0.033405010150043886,0.012018095484176865,0.018689144027678187,0.033405010150043886,0.012018095484176865,0.018689144027678187
ID_TH808E,0.033405010150043886,0.012049292372561192,0.018325596465003244,0.033405010150043886,0.012049292372561192,0.018325596465003244
ID_LMWRAC,0.033405010150043886,0.012018095484176865,0.018689144027678187,0.033405010150043886,0.012018095484176865,0.018689144027678187
ID_AW91U7,0.033405010150043886,0.011842083320980646,0.018200077857973094,0.033405010150043886,0.011842083320980646,0.018200077857973094
ID_G90D2D,0.03284302782327103,0.011135267495808305,0.02170975977771725,0.03284302782327103,0.011135267495808305,0.02170975977771725
ID_RAVU77,0.033405010150043886,0.010111851911236508,0.012331794732669044,0.033405010150043886,0.010111851911236508,0.012331794732669044
ID_61GEC6,0.035022514696508036,0.01151090907490664,0.021185384942550026,0.035022514696508036,0.01151090907490664,0.021185384942550026
ID_MVNZ8F,0.035443592665504606,0.010676153500314714,0.021693595035204134,0.035443592665504606,0.010676153500314714,0.021693595035204134
ID_1QI418,0.033405010150043886,0.010090327231803163,0.012608348642020775,0.033405010150043886,0.010090327231803163,0.012608348642020775
ID_DQP75D,0.033405010150043886,0.01183691937235768,0.01837848711386593,0.033405010150043886,0.01183691937235768,0.01837848711386593
ID_TKOQON,0.033405010150043886,0.010111851911236508,0.012331794732669044,0.033405010150043886,0.010111851911236508,0.012331794732669044
ID_3HTFW1,0.049178884983313756,0.01515778105174502,0.027080248986674063,0.049178884983313756,0.01515778105174502,0.027080248986674063
ID_8KEJPH,0.03348094749448393,0.012941997163684424,0.018532249159273026,0.03348094749448393,0.012941997163684424,0.018532249159273026
ID_J8AEJ1,0.033405010150043886,0.010114934030586937,0.012252442362773364,0.033405010150043886,0.010114934030586937,0.012252442362773364
ID_ECH1M4,0.033405010150043886,0.010111851911236508,0.012331794732669044,0.033405010150043886,0.010111851911236508,0.012331794732669044
ID_D88GUO,0.035968377830028334,0.010886566934001076,0.01599846350360345,0.035968377830028334,0.010886566934001076,0.01599846350360345
ID_6U3FDV,0.03377911239631651,0.011092984841817094,0.014667878393696945,0.03377911239631651,0.011092984841817094,0.014667878393696945
ID_IITBB8,0.033405010150043886,0.009492613463222414,0.012314786963412955,0.033405010150043886,0.009492613463222414,0.012314786963412955
ID_1NH2JD,0.033405010150043886,0.012054456321184157,0.018153417740709065,0.033405010150043886,0.012054456321184157,0.018153417740709065
ID_83W49H,0.033405010150043886,0.01183691937235768,0.01837848711386593,0.033405010150043886,0.01183691937235768,0.01837848711386593
ID_W9M82U,0.033405010150043886,0.012049292372561192,0.018325596465003244,0.033405010150043886,0.012049292372561192,0.018325596465003244
ID_TJ3MK7,0.033405010150043886,0.012054456321184157,0.018153417740709065,0.033405010150043886,0.012054456321184157,0.018153417740709065
ID_45IHF3,0.03348094749448393,0.01029546036721612,0.014913824588993065,0.03348094749448393,0.01029546036721612,0.014913824588993065
ID_W9UTJU,0.033405010150043886,0.010111851911236508,0.012331794732669044,0.033405010150043886,0.010111851911236508,0.012331794732669044
ID_GFQSV3,0.033405010150043886,0.009661111984099299,0.012252442362773364,0.033405010150043886,0.009661111984099299,0.012252442362773364
ID_G8MQYI,0.0371876127951604,0.02857139162506111,0.02466574501646754,0.0371876127951604,0.02857139162506111,0.02466574501646754
ID_K9FWUG,0.03682634256305874,0.01133605825509158,0.022482167484925687,0.03682634256305874,0.01133605825509158,0.022482167484925687
ID_2CCRSP,0.033405010150043886,0.011543526200276578,0.019038343332939786,0.033405010150043886,0.011543526200276578,0.019038343332939786
ID_U1ST6M,0.03348094749448393,0.013787666945796242,0.020496729169329396,0.03348094749448393,0.013787666945796242,0.020496729169329396
ID_BIBW8E,0.033405010150043886,0.012018095484176865,0.018689144027678187,0.033405010150043886,0.012018095484176865,0.018689144027678187
ID_G1TRLN,0.033405010150043886,0.012049292372561192,0.018325596465003244,0.033405010150043886,0.012049292372561192,0.018325596465003244
ID_ZDCCE5,0.033405010150043886,0.012054456321184157,0.018153417740709065,0.033405010150043886,0.012054456321184157,0.018153417740709065
ID_GJ1X0Y,0.0371876127951604,0.02857139162506111,0.02481478385860575,0.0371876127951604,0.02857139162506111,0.02481478385860575
ID_6R8K2I,0.03277410430078003,0.024337713589223434,0.02256447589590386,0.03277410430078003,0.024337713589223434,0.02256447589590386
ID_SB5WMN,0.03348094749448393,0.010216568790708824,0.014894585375573213,0.03348094749448393,0.010216568790708824,0.014894585375573213
ID_IDNZZO,0.033405010150043886,0.010111851911236508,0.012331794732669044,0.033405010150043886,0.010111851911236508,0.012331794732669044
ID_1QOW1W,0.033405010150043886,0.009492613463222414,0.012488039885517915,0.033405010150043886,0.009492613463222414,0.012488039885517915
ID_8WP8VX,0.035022514696508036,0.011459307476521737,0.021388324970861405,0.035022514696508036,0.011459307476521737,0.021388324970861405
ID_XELVEF,0.03377911239631651,0.011640393468335312,0.014667878393696945,0.03377911239631651,0.011640393468335312,0.014667878393696945
ID_54OCQC,0.03776509895518131,0.01686818240795361,0.027275407243414786,0.03776509895518131,0.01686818240795361,0.027275407243414786
ID_8PAGNV,0.04481983538163544,0.018962437763175403,0.027843223673433937,0.04481983538163544,0.018962437763175403,0.027843223673433937
ID_GYR7IN,0.03658059575098363,0.016257566856538494,0.02588404892066723,0.03658059575098363,0.016257566856538494,0.02588404892066723
ID_FLBXIB,0.04691354887042654,0.020182534383519968,0.029328335602713553,0.04691354887042654,0.020182534383519968,0.029328335602713553
ID_5VQXP0,0.04611427282848395,0.027974994103247657,0.03849779825022075,0.04611427282848395,0.027974994103247657,0.03849779825022075
ID_C85QWY,0.03776489845445351,0.014480846298654426,0.03145925411764797,0.03776489845445351,0.014480846298654426,0.03145925411764797
ID_HMDPWN,0.03852103895357548,0.011208174711244363,0.022103078103288237,0.03852103895357548,0.011208174711244363,0.022103078103288237
ID_S213JS,0.033405010150043886,0.00974633343188959,0.014247868446069784,0.033405010150043886,0.00974633343188959,0.014247868446069784
ID_JJB0N9,0.04920687141273174,0.025217747775685986,0.04867895294482558,0.04920687141273174,0.025217747775685986,0.04867895294482558
ID_JI09Z4,0.03852103895357548,0.011208174711244363,0.022103078103288237,0.03852103895357548,0.011208174711244363,0.022103078103288237
ID_XQD518,0.03914690719912725,0.010732834068932898,0.022103078103288237,0.03914690719912725,0.010732834068932898,0.022103078103288237
ID_6WA8X2,0.033405010150043886,0.009261249579970569,0.013991972600529198,0.033405010150043886,0.009261249579970569,0.013991972600529198
ID_LV4Z3X,0.033405010150043886,0.00974633343188959,0.014393925297766386,0.033405010150043886,0.00974633343188959,0.014393925297766386
ID_HG6O68,0.033405010150043886,0.00974633343188959,0.014247868446069784,0.033405010150043886,0.00974633343188959,0.014247868446069784
ID_U5R2MX,0.033405010150043886,0.010547726528920432,0.016082202408602173,0.033405010150043886,0.010547726528920432,0.016082202408602173
ID_P91KWI,0.046003199702220963,0.012929588198699785,0.02312172312381448,0.046003199702220963,0.012929588198699785,0.02312172312381448
ID_1LR5GS,0.03852103895357548,0.011208174711244363,0.022103078103288237,0.03852103895357548,0.011208174711244363,0.022103078103288237
ID_4V99R0,0.036399280265452874,0.011625467964488566,0.02215803414174096,0.036399280265452874,0.011625467964488566,0.02215803414174096
ID_K7VOHK,0.06487775610536903,0.1522694341536889,0.09339750193367541,0.06487775610536903,0.1522694341536889,0.09339750193367541
ID_CW7BS0,0.03914690719912725,0.010732834068932898,0.022103078103288237,0.03914690719912725,0.010732834068932898,0.022103078103288237
ID_AFAB4R,0.036399280265452874,0.011625467964488566,0.02231484013005409,0.036399280265452874,0.011625467964488566,0.02231484013005409
ID_78AWWK,0.03348094749448393,0.011149031356238567,0.016476920632520833,0.03348094749448393,0.011149031356238567,0.016476920632520833
ID_STJEV5,0.033405010150043886,0.01004941925561393,0.015378748651003322,0.033405010150043886,0.01004941925561393,0.015378748651003322
ID_SNEFWM,0.03619962346555285,0.011208174711244363,0.02260761390315738,0.03619962346555285,0.011208174711244363,0.02260761390315738
ID_1Z5H24,0.033405010150043886,0.010302856579153037,0.015439112036313572,0.033405010150043886,0.010302856579153037,0.015439112036313572
ID_5Y7E9L,0.03619962346555285,0.011208174711244363,0.02260761390315738,0.03619962346555285,0.011208174711244363,0.02260761390315738
ID_SQPD1Y,0.03377911239631651,0.01097528170566027,0.015522069886400763,0.03377911239631651,0.01097528170566027,0.015522069886400763
ID_QGJOBR,0.03852103895357548,0.011208174711244363,0.022103078103288237,0.03852103895357548,0.011208174711244363,0.022103078103288237
ID_FK332O,0.03619962346555285,0.011208174711244363,0.02260761390315738,0.03619962346555285,0.011208174711244363,0.02260761390315738
ID_W4K932,0.033405010150043886,0.010519256422700043,0.015015762225199968,0.033405010150043886,0.010519256422700043,0.015015762225199968
ID_5C4970,0.03852103895357548,0.011208174711244363,0.022103078103288237,0.03852103895357548,0.011208174711244363,0.022103078103288237
ID_0QG01H,0.0369079836655683,0.011161414361993884,0.02215803414174096,0.0369079836655683,0.011161414361993884,0.02215803414174096
ID_E1URRC,0.036399280265452874,0.011625467964488566,0.02215803414174096,0.036399280265452874,0.011625467964488566,0.02215803414174096
ID_ND44I5,0.0341591333787696,0.011625467964488566,0.0226625699416101,0.0341591333787696,0.011625467964488566,0.0226625699416101
ID_MOKPZ9,0.03348094749448393,0.011347131180219135,0.016693656202657926,0.03348094749448393,0.011347131180219135,0.016693656202657926
ID_YKQU0Q,0.033405010150043886,0.009261249579970569,0.013991972600529198,0.033405010150043886,0.009261249579970569,0.013991972600529198
ID_20X7IL,0.033405010150043886,0.009261249579970569,0.013991972600529198,0.033405010150043886,0.009261249579970569,0.013991972600529198
ID_XNR8IL,0.0369079836655683,0.011161414361993884,0.02215803414174096,0.0369079836655683,0.011161414361993884,0.02215803414174096
ID_PKK3GF,0.03852103895357548,0.011208174711244363,0.022103078103288237,0.03852103895357548,0.011208174711244363,0.022103078103288237
ID_L8XKD7,0.03377911239631651,0.010396795895348969,0.015652986118216066,0.03377911239631651,0.010396795895348969,0.015652986118216066
ID_W6BRD9,0.03348094749448393,0.011172250218701529,0.017078271591265588,0.03348094749448393,0.011172250218701529,0.017078271591265588
ID_YR9NYE,0.033405010150043886,0.00974633343188959,0.013991972600529198,0.033405010150043886,0.00974633343188959,0.013991972600529198
ID_C9SGUI,0.03852103895357548,0.011208174711244363,0.022103078103288237,0.03852103895357548,0.011208174711244363,0.022103078103288237
ID_MTQKCA,0.03348094749448393,0.01094037691610674,0.015046975854979978,0.03348094749448393,0.01094037691610674,0.015046975854979978
ID_PVWOIW,0.03619962346555285,0.011248726218907549,0.022830735504324993,0.03619962346555285,0.011248726218907549,0.022830735504324993
ID_QE0PJR,0.0341591333787696,0.011666019472151751,0.02288569154277771,0.0341591333787696,0.011666019472151751,0.02288569154277771
ID_XFDKO4,0.03852103895357548,0.011208174711244363,0.022103078103288237,0.03852103895357548,0.011208174711244363,0.022103078103288237
ID_V3C88O,0.033405010150043886,0.010547726528920432,0.016082202408602173,0.033405010150043886,0.010547726528920432,0.016082202408602173
ID_HW2F25,0.033405010150043886,0.010602007094038638,0.016527354899824605,0.033405010150043886,0.010602007094038638,0.016527354899824605
ID_02IJBN,0.033405010150043886,0.010602007094038638,0.016527354899824605,0.033405010150043886,0.010602007094038638,0.016527354899824605
ID_N3R2G6,0.036399280265452874,0.011625467964488566,0.02215803414174096,0.036399280265452874,0.011625467964488566,0.02215803414174096
ID_MPKREV,0.03852103895357548,0.011208174711244363,0.022103078103288237,0.03852103895357548,0.011208174711244363,0.022103078103288237
ID_4NOKI6,0.033405010150043886,0.009261249579970569,0.013991972600529198,0.033405010150043886,0.009261249579970569,0.013991972600529198
ID_0UNLYT,0.03348094749448393,0.011419276219000477,0.017356329408724464,0.03348094749448393,0.011419276219000477,0.017356329408724464
ID_TYEL0C,0.033405010150043886,0.00974633343188959,0.013991972600529198,0.033405010150043886,0.00974633343188959,0.013991972600529198
ID_FEV7BL,0.033405010150043886,0.00974633343188959,0.013991972600529198,0.033405010150043886,0.00974633343188959,0.013991972600529198
ID_X1R31L,0.033405010150043886,0.00974633343188959,0.014247868446069784,0.033405010150043886,0.00974633343188959,0.014247868446069784
ID_XOOML1,0.03852103895357548,0.011208174711244363,0.022103078103288237,0.03852103895357548,0.011208174711244363,0.022103078103288237
ID_UHO4EX,0.03852103895357548,0.011208174711244363,0.022103078103288237,0.03852103895357548,0.011208174711244363,0.022103078103288237
ID_FREVOR,0.033405010150043886,0.010449500746925751,0.01591132532429118,0.033405010150043886,0.010449500746925751,0.01591132532429118
ID_KB7C08,0.033405010150043886,0.01004941925561393,0.015015762225199968,0.033405010150043886,0.01004941925561393,0.015015762225199968
ID_PTA13J,0.033405010150043886,0.009261249579970569,0.013991972600529198,0.033405010150043886,0.009261249579970569,0.013991972600529198
ID_PE2XKW,0.03852103895357548,0.011208174711244363,0.022103078103288237,0.03852103895357548,0.011208174711244363,0.022103078103288237
ID_D4AGS1,0.03852103895357548,0.011208174711244363,0.022103078103288237,0.03852103895357548,0.011208174711244363,0.022103078103288237
ID_8NHTDF,0.04920687141273174,0.023619969325663244,0.048506373077300206,0.04920687141273174,0.023619969325663244,0.048506373077300206
ID_HL6L8P,0.033405010150043886,0.01004941925561393,0.015015762225199968,0.033405010150043886,0.01004941925561393,0.015015762225199968
ID_2LQ63Z,0.036399280265452874,0.011625467964488566,0.02215803414174096,0.036399280265452874,0.011625467964488566,0.02215803414174096
ID_MRS220,0.03852103895357548,0.011208174711244363,0.022103078103288237,0.03852103895357548,0.011208174711244363,0.022103078103288237
ID_ZAG8Y6,0.0369079836655683,0.011161414361993884,0.02215803414174096,0.0369079836655683,0.011161414361993884,0.02215803414174096
ID_F9LA3J,0.6589063145953702,0.6517374610466828,0.9310167612840501,0.6589063145953702,0.6517374610466828,0.9310167612840501
ID_Y9DABF,0.033405010150043886,0.010248431461915595,0.03617841956627405,0.033405010150043886,0.010248431461915595,0.03617841956627405
ID_V3AI5Z,0.7558900873177118,0.5543156247885083,0.8207826171618848,0.7558900873177118,0.5543156247885083,0.8207826171618848
ID_88JV6U,0.033405010150043886,0.010248431461915595,0.03617841956627405,0.033405010150043886,0.010248431461915595,0.03617841956627405
ID_RNX724,0.033405010150043886,0.010248431461915595,0.03617841956627405,0.033405010150043886,0.010248431461915595,0.03617841956627405
ID_HGRAVW,0.033405010150043886,0.010248431461915595,0.03617841956627405,0.033405010150043886,0.010248431461915595,0.03617841956627405
ID_CJRB1K,0.033405010150043886,0.010141470154916805,0.03617841956627405,0.033405010150043886,0.010141470154916805,0.03617841956627405
ID_PTSP80,0.033405010150043886,0.00977584829413601,0.03617841956627405,0.033405010150043886,0.00977584829413601,0.03617841956627405
ID_9EAVDN,0.033405010150043886,0.00977584829413601,0.03617841956627405,0.033405010150043886,0.00977584829413601,0.03617841956627405
ID_YM45P0,0.033405010150043886,0.010141470154916805,0.03617841956627405,0.033405010150043886,0.010141470154916805,0.03617841956627405
ID_01A97D,0.033405010150043886,0.00977584829413601,0.03617841956627405,0.033405010150043886,0.00977584829413601,0.03617841956627405
ID_A1ECJZ,0.033405010150043886,0.00977584829413601,0.03617841956627405,0.033405010150043886,0.00977584829413601,0.03617841956627405
ID_JOQSKL,0.033405010150043886,0.010106580331204526,0.03298868530146982,0.033405010150043886,0.010106580331204526,0.03298868530146982
ID_C5CLUE,0.033405010150043886,0.00971685867039427,0.04127386381954812,0.033405010150043886,0.00971685867039427,0.04127386381954812
ID_0C8KZH,0.7311839415477653,0.5600612903716392,0.8438433237594206,0.7311839415477653,0.5600612903716392,0.8438433237594206
ID_YHO3I2,0.033405010150043886,0.010248431461915595,0.03617841956627405,0.033405010150043886,0.010248431461915595,0.03617841956627405
ID_AHK206,0.033405010150043886,0.02706959926285904,0.04728719307427582,0.033405010150043886,0.02706959926285904,0.04728719307427582
ID_ERLXBG,0.033405010150043886,0.026127662314167088,0.04728719307427582,0.033405010150043886,0.026127662314167088,0.04728719307427582
ID_3HL2C9,0.033405010150043886,0.020301220743807948,0.025462445968103077,0.033405010150043886,0.020301220743807948,0.025462445968103077
ID_5VE6UT,0.0336117315270755,0.03422844863980885,0.1584747990758779,0.0336117315270755,0.03422844863980885,0.1584747990758779
ID_3E2WXH,0.033405010150043886,0.02706959926285904,0.04728719307427582,0.033405010150043886,0.02706959926285904,0.04728719307427582
ID_1BWM6H,0.033405010150043886,0.02706959926285904,0.04728719307427582,0.033405010150043886,0.02706959926285904,0.04728719307427582
ID_NQVDII,0.033405010150043886,0.02706959926285904,0.04728719307427582,0.033405010150043886,0.02706959926285904,0.04728719307427582
ID_9MXZMG,0.033405010150043886,0.020301220743807948,0.025462445968103077,0.033405010150043886,0.020301220743807948,0.025462445968103077
ID_LVAH3V,0.033405010150043886,0.02127356904660943,0.042141324704565955,0.033405010150043886,0.02127356904660943,0.042141324704565955
ID_QA38KR,0.033405010150043886,0.02706959926285904,0.04728719307427582,0.033405010150043886,0.02706959926285904,0.04728719307427582
ID_QUPBR5,0.033405010150043886,0.02706959926285904,0.04728719307427582,0.033405010150043886,0.02706959926285904,0.04728719307427582
ID_7DOD5R,0.033405010150043886,0.018089262620900673,0.024937124712971735,0.033405010150043886,0.018089262620900673,0.024937124712971735
ID_VNBIPS,0.033405010150043886,0.020301220743807948,0.025462445968103077,0.033405010150043886,0.020301220743807948,0.025462445968103077
ID_6P7N3B,0.35848982701646676,0.7964676046537019,0.9629274908025475,0.35848982701646676,0.7964676046537019,0.9629274908025475
ID_ZO2QTR,0.036300330153237574,0.05027934570104545,0.16928968888537552,0.036300330153237574,0.05027934570104545,0.16928968888537552
ID_FYU27B,0.033405010150043886,0.020301220743807948,0.025462445968103077,0.033405010150043886,0.020301220743807948,0.025462445968103077
ID_DBX7DS,0.04784360821401867,0.05356597950616811,0.1737252200980655,0.04784360821401867,0.05356597950616811,0.1737252200980655
ID_W5VGS0,0.035968377830028334,0.029879661395622117,0.029767896945658734,0.035968377830028334,0.029879661395622117,0.029767896945658734
ID_DF3WU7,0.033405010150043886,0.020301220743807948,0.025462445968103077,0.033405010150043886,0.020301220743807948,0.025462445968103077
ID_I2M4VZ,0.033405010150043886,0.02704856255109275,0.05360704922964363,0.033405010150043886,0.02704856255109275,0.05360704922964363
ID_ERFJWP,0.05071538338028327,0.06385619869871235,0.18979688717185006,0.05071538338028327,0.06385619869871235,0.18979688717185006
ID_9P61Y7,0.033405010150043886,0.028103886879686003,0.0498132774066527,0.033405010150043886,0.028103886879686003,0.0498132774066527
ID_BF8224,0.033405010150043886,0.0267957151597063,0.04728719307427582,0.033405010150043886,0.0267957151597063,0.04728719307427582
ID_KNHULM,0.033405010150043886,0.026127662314167088,0.04728719307427582,0.033405010150043886,0.026127662314167088,0.04728719307427582
ID_WZ8Q7B,0.033405010150043886,0.020301220743807948,0.025462445968103077,0.033405010150043886,0.020301220743807948,0.025462445968103077
ID_D9GW24,0.033405010150043886,0.025578330021393147,0.04392767958619943,0.033405010150043886,0.025578330021393147,0.04392767958619943
ID_R6P82I,0.31065758035405877,0.3441462335016365,0.7317185580152973,0.31065758035405877,0.3441462335016365,0.7317185580152973
ID_OEPZP1,0.04784360821401867,0.046910819556762975,0.16221717716191378,0.04784360821401867,0.046910819556762975,0.16221717716191378
ID_AWGISG,0.033405010150043886,0.02706959926285904,0.04728719307427582,0.033405010150043886,0.02706959926285904,0.04728719307427582
ID_U5TTSQ,0.033405010150043886,0.026127662314167088,0.04728719307427582,0.033405010150043886,0.026127662314167088,0.04728719307427582
ID_58G5VW,0.0336117315270755,0.049006232500108896,0.17252655157068209,0.0336117315270755,0.049006232500108896,0.17252655157068209
ID_D53KBD,0.033405010150043886,0.02677354137103645,0.04830778150298232,0.033405010150043886,0.02677354137103645,0.04830778150298232
ID_L5XIHQ,0.033405010150043886,0.0267957151597063,0.04728719307427582,0.033405010150043886,0.0267957151597063,0.04728719307427582
ID_QJGRN9,0.036300330153237574,0.05027934570104545,0.16928968888537552,0.036300330153237574,0.05027934570104545,0.16928968888537552
ID_ANC2EL,0.03840234560047965,0.041473339453081515,0.16242415424370418,0.03840234560047965,0.041473339453081515,0.16242415424370418
ID_UND8Q0,0.049432646061729126,0.05913036181871895,0.17973669319965874,0.049432646061729126,0.05913036181871895,0.17973669319965874
ID_ZAKPQT,0.049432646061729126,0.05913036181871895,0.17973669319965874,0.049432646061729126,0.05913036181871895,0.17973669319965874
ID_V44OGQ,0.04784360821401867,0.05356597950616811,0.1737252200980655,0.04784360821401867,0.05356597950616811,0.1737252200980655
ID_RXMSOV,0.03351869239770588,0.04795036304974823,0.05794284387851538,0.03351869239770588,0.04795036304974823,0.05794284387851538
ID_RD8R38,0.033405010150043886,0.02677354137103645,0.04830778150298232,0.033405010150043886,0.02677354137103645,0.04830778150298232
ID_HPEF5S,0.033405010150043886,0.02677354137103645,0.04830778150298232,0.033405010150043886,0.02677354137103645,0.04830778150298232
ID_NY1UNI,0.033405010150043886,0.02677354137103645,0.04830778150298232,0.033405010150043886,0.02677354137103645,0.04830778150298232
ID_GS6HXS,0.28208980539178313,0.77770819584643,0.9446663058355337,0.28208980539178313,0.77770819584643,0.9446663058355337
ID_CPYKMJ,0.033405010150043886,0.02677354137103645,0.04830778150298232,0.033405010150043886,0.02677354137103645,0.04830778150298232
ID_V6RK3N,0.049432646061729126,0.05913036181871895,0.17973669319965874,0.049432646061729126,0.05913036181871895,0.17973669319965874
ID_VHNKKG,0.033405010150043886,0.02706959926285904,0.04728719307427582,0.033405010150043886,0.02706959926285904,0.04728719307427582
ID_912IN5,0.033405010150043886,0.026127662314167088,0.04728719307427582,0.033405010150043886,0.026127662314167088,0.04728719307427582
ID_XJ8UQJ,0.033405010150043886,0.02706959926285904,0.04728719307427582,0.033405010150043886,0.02706959926285904,0.04728719307427582
ID_SLUC5Z,0.04784360821401867,0.05356597950616811,0.1737252200980655,0.04784360821401867,0.05356597950616811,0.1737252200980655
ID_B3GS6V,0.033405010150043886,0.018089262620900673,0.024937124712971735,0.033405010150043886,0.018089262620900673,0.024937124712971735
ID_HCZVFD,0.033405010150043886,0.018089262620900673,0.024937124712971735,0.033405010150043886,0.018089262620900673,0.024937124712971735
ID_11LXBP,0.036300330153237574,0.05027934570104545,0.16928968888537552,0.036300330153237574,0.05027934570104545,0.16928968888537552
ID_943TOK,0.033405010150043886,0.0267957151597063,0.04728719307427582,0.033405010150043886,0.0267957151597063,0.04728719307427582
ID_98OF3U,0.033405010150043886,0.02706959926285904,0.04728719307427582,0.033405010150043886,0.02706959926285904,0.04728719307427582
ID_AIQRMM,0.049432646061729126,0.05913036181871895,0.17973669319965874,0.049432646061729126,0.05913036181871895,0.17973669319965874
ID_8AKZAI,0.3531943165639688,0.759226409651572,0.9539874718766397,0.3531943165639688,0.759226409651572,0.9539874718766397
ID_3ERPGD,0.049432646061729126,0.05913036181871895,0.17973669319965874,0.049432646061729126,0.05913036181871895,0.17973669319965874
ID_9N2BZ0,0.03348094749448393,0.022820742018338627,0.0256822128324852,0.03348094749448393,0.022820742018338627,0.0256822128324852
ID_ELGE1U,0.033405010150043886,0.016987945991062545,0.02373403750681376,0.033405010150043886,0.016987945991062545,0.02373403750681376
ID_NSSWZI,0.04784360821401867,0.046910819556762975,0.16221717716191378,0.04784360821401867,0.046910819556762975,0.16221717716191378
ID_RI54E7,0.036300330153237574,0.05027934570104545,0.16928968888537552,0.036300330153237574,0.05027934570104545,0.16928968888537552
ID_7E6BAM,0.033405010150043886,0.020301220743807948,0.025462445968103077,0.033405010150043886,0.020301220743807948,0.025462445968103077
ID_8T01EV,0.033405010150043886,0.027473337315374886,0.0498132774066527,0.033405010150043886,0.027473337315374886,0.0498132774066527
ID_XQNM9U,0.033405010150043886,0.020301220743807948,0.025462445968103077,0.033405010150043886,0.020301220743807948,0.025462445968103077
ID_5T9X89,0.033405010150043886,0.026127662314167088,0.04728719307427582,0.033405010150043886,0.026127662314167088,0.04728719307427582
ID_UNCSDQ,0.033405010150043886,0.02704856255109275,0.05360704922964363,0.033405010150043886,0.02704856255109275,0.05360704922964363
ID_NN5TUZ,0.3531943165639688,0.7615095436049695,0.9535460534287827,0.3531943165639688,0.7615095436049695,0.9535460534287827
ID_VRS6GC,0.4386868753221514,0.6619450958967233,0.9697566629446566,0.4386868753221514,0.6619450958967233,0.9697566629446566
ID_13DMQK,0.036300330153237574,0.05320149329919113,0.16952117946572623,0.036300330153237574,0.05320149329919113,0.16952117946572623
ID_ZP9WX2,0.033405010150043886,0.026127662314167088,0.04728719307427582,0.033405010150043886,0.026127662314167088,0.04728719307427582
ID_1I109E,0.033405010150043886,0.020301220743807948,0.025462445968103077,0.033405010150043886,0.020301220743807948,0.025462445968103077
ID_VSSJY6,0.033405010150043886,0.0267957151597063,0.04728719307427582,0.033405010150043886,0.0267957151597063,0.04728719307427582
ID_IEMM1P,0.0336117315270755,0.049006232500108896,0.17252655157068209,0.0336117315270755,0.049006232500108896,0.17252655157068209
ID_1ZVAM5,0.0336117315270755,0.049006232500108896,0.17252655157068209,0.0336117315270755,0.049006232500108896,0.17252655157068209
ID_YOQAQP,0.033405010150043886,0.026127662314167088,0.04728719307427582,0.033405010150043886,0.026127662314167088,0.04728719307427582
ID_ZHA6W2,0.03351869239770588,0.04805346714321879,0.056677181509250885,0.03351869239770588,0.04805346714321879,0.056677181509250885
ID_F3ZEOL,0.033405010150043886,0.020301220743807948,0.025462445968103077,0.033405010150043886,0.020301220743807948,0.025462445968103077
ID_4LITIF,0.033405010150043886,0.020301220743807948,0.025462445968103077,0.033405010150043886,0.020301220743807948,0.025462445968103077
ID_5ETGVM,0.036300330153237574,0.0530617584405101,0.17199082377777283,0.036300330153237574,0.0530617584405101,0.17199082377777283
ID_PQC182,0.39186134520836524,0.3821288159532466,0.7759998158983976,0.39186134520836524,0.3821288159532466,0.7759998158983976
ID_CS57AE,0.03840234560047965,0.04128610369563218,0.16219266366335347,0.03840234560047965,0.04128610369563218,0.16219266366335347
ID_9DOYYB,0.033405010150043886,0.018089262620900673,0.024937124712971735,0.033405010150043886,0.018089262620900673,0.024937124712971735
ID_3L5YZU,0.033405010150043886,0.026127662314167088,0.04728719307427582,0.033405010150043886,0.026127662314167088,0.04728719307427582
ID_6XOCO5,0.33132968010423974,0.38095903968287526,0.7714046405653949,0.33132968010423974,0.38095903968287526,0.7714046405653949
ID_9X5DUT,0.033405010150043886,0.02706959926285904,0.04728719307427582,0.033405010150043886,0.02706959926285904,0.04728719307427582
ID_SH20YB,0.03582722374039208,0.05280778454627234,0.16952117946572623,0.03582722374039208,0.05280778454627234,0.16952117946572623
ID_FHGVV9,0.04784360821401867,0.05356597950616811,0.1737252200980655,0.04784360821401867,0.05356597950616811,0.1737252200980655
ID_L4O697,0.033405010150043886,0.02706959926285904,0.04728719307427582,0.033405010150043886,0.02706959926285904,0.04728719307427582
ID_FC6AVA,0.03582722374039208,0.05004918074573571,0.16928968888537552,0.03582722374039208,0.05004918074573571,0.16928968888537552
ID_IX1XZE,0.03377911239631651,0.02721964089832838,0.042645214872778045,0.03377911239631651,0.02721964089832838,0.042645214872778045
ID_WLB3OY,0.033405010150043886,0.026127662314167088,0.04728719307427582,0.033405010150043886,0.026127662314167088,0.04728719307427582
ID_IVGM81,0.033405010150043886,0.018089262620900673,0.024937124712971735,0.033405010150043886,0.018089262620900673,0.024937124712971735
ID_OU57VU,0.4277848175887549,0.6895346324201136,0.9676231459894759,0.4277848175887549,0.6895346324201136,0.9676231459894759
ID_5ESG41,0.033405010150043886,0.02706959926285904,0.04728719307427582,0.033405010150043886,0.02706959926285904,0.04728719307427582
ID_J8UC33,0.038586404151118955,0.0743833802598525,0.037122160723685876,0.038586404151118955,0.0743833802598525,0.037122160723685876
ID_RZTGRM,0.04194359586693872,0.09010158664344539,0.07480044563140217,0.04194359586693872,0.09010158664344539,0.07480044563140217
ID_X20N3V,0.31103689771144394,0.4689965484526757,0.5129210286328512,0.31103689771144394,0.4689965484526757,0.5129210286328512
ID_FJEDHF,0.038586404151118955,0.0743833802598525,0.037122160723685876,0.038586404151118955,0.0743833802598525,0.037122160723685876
ID_SJE34O,0.04020582183766174,0.08620094618768567,0.06263838544032685,0.04020582183766174,0.08620094618768567,0.06263838544032685
ID_RZ9Y4F,0.2510626693463037,0.9683271332839636,0.9580383805264078,0.2510626693463037,0.9683271332839636,0.9580383805264078
ID_RS03YH,0.04020582183766174,0.08823439931272732,0.06263838544032685,0.04020582183766174,0.08823439931272732,0.06263838544032685
ID_T3ZPB4,0.040534031116894326,0.07148771436011003,0.05443540186009184,0.040534031116894326,0.07148771436011003,0.05443540186009184
ID_BKMKQW,0.040534031116894326,0.08156396430775303,0.05502668563667325,0.040534031116894326,0.08156396430775303,0.05502668563667325
ID_VR1KM6,0.14109842161219288,0.7957988880381058,0.6804525520475162,0.14109842161219288,0.7957988880381058,0.6804525520475162
ID_SVZ7XA,0.038586404151118955,0.0743833802598525,0.037122160723685876,0.038586404151118955,0.0743833802598525,0.037122160723685876
ID_FXZJ9P,0.2809684598331589,0.34517472833572393,0.48107425705373114,0.2809684598331589,0.34517472833572393,0.48107425705373114
ID_KNMLWQ,0.2809684598331589,0.36724336298667015,0.4603509810553947,0.2809684598331589,0.36724336298667015,0.4603509810553947
ID_IKARHH,0.03739767792871515,0.0743833802598525,0.03872139397478754,0.03739767792871515,0.0743833802598525,0.03872139397478754
ID_EG3WG1,0.038586404151118955,0.0743833802598525,0.037122160723685876,0.038586404151118955,0.0743833802598525,0.037122160723685876
ID_5YP67S,0.038586404151118955,0.0743833802598525,0.037122160723685876,0.038586404151118955,0.0743833802598525,0.037122160723685876
ID_KHCER6,0.038586404151118955,0.0743833802598525,0.037122160723685876,0.038586404151118955,0.0743833802598525,0.037122160723685876
ID_LB1ZVJ,0.038586404151118955,0.0743833802598525,0.037122160723685876,0.038586404151118955,0.0743833802598525,0.037122160723685876
ID_HXW1NS,0.04065499945510441,0.08036634530308222,0.06618097617150187,0.04065499945510441,0.08036634530308222,0.06618097617150187
ID_025265,0.1493091527676585,0.6557921339046213,0.5436197800654091,0.1493091527676585,0.6557921339046213,0.5436197800654091
ID_TUZVTJ,0.03739767792871515,0.0743833802598525,0.03872139397478754,0.03739767792871515,0.0743833802598525,0.03872139397478754
ID_8412IY,0.03739767792871515,0.0728131704654819,0.0374501707138974,0.03739767792871515,0.0728131704654819,0.0374501707138974
ID_YS28JJ,0.03739767792871515,0.0743833802598525,0.03872139397478754,0.03739767792871515,0.0743833802598525,0.03872139397478754
ID_KV57PL,0.1493091527676585,0.6557921339046213,0.5436197800654091,0.1493091527676585,0.6557921339046213,0.5436197800654091
ID_R7MUTH,0.31103689771144394,0.4689965484526757,0.5129210286328512,0.31103689771144394,0.4689965484526757,0.5129210286328512
ID_7W8OTR,0.2809684598331589,0.34518836087807725,0.4796914303852867,0.2809684598331589,0.34518836087807725,0.4796914303852867
ID_RLR27L,0.040534031116894326,0.07995060889949028,0.05474106278106908,0.040534031116894326,0.07995060889949028,0.05474106278106908
ID_K810PX,0.2809684598331589,0.34281489563193834,0.45455038744340803,0.2809684598331589,0.34281489563193834,0.45455038744340803
ID_IV0V7P,0.1354027331615308,0.7906437557551216,0.6804525520475162,0.1354027331615308,0.7906437557551216,0.6804525520475162
ID_JWVELH,0.040534031116894326,0.07148771436011003,0.05443540186009184,0.040534031116894326,0.07148771436011003,0.05443540186009184
ID_YK437J,0.04020582183766174,0.08841158366311735,0.06404699144831946,0.04020582183766174,0.08841158366311735,0.06404699144831946
ID_M8HQOP,0.040534031116894326,0.07048060045620834,0.053477189123004844,0.040534031116894326,0.07048060045620834,0.053477189123004844
ID_P53TGF,0.040534031116894326,0.07263882507177216,0.05805422528252977,0.040534031116894326,0.07263882507177216,0.05805422528252977
ID_0GMSEZ,0.2809684598331589,0.3388143392835663,0.45455038744340803,0.2809684598331589,0.3388143392835663,0.45455038744340803
ID_O8GCOX,0.04020582183766174,0.09087196975237664,0.06404699144831946,0.04020582183766174,0.09087196975237664,0.06404699144831946
ID_IZ6LA1,0.04194359586693872,0.0921483035461204,0.07545456212790015,0.04194359586693872,0.0921483035461204,0.07545456212790015
ID_BTYO7S,0.04194359586693872,0.07913809464817424,0.0651349462546939,0.04194359586693872,0.07913809464817424,0.0651349462546939
ID_C4SULL,0.04020582183766174,0.08841158366311735,0.06404699144831946,0.04020582183766174,0.08841158366311735,0.06404699144831946
ID_78O60N,0.11692465617295007,0.4180823845180993,0.5628593783753506,0.11692465617295007,0.4180823845180993,0.5628593783753506
ID_5PJW4M,0.2809684598331589,0.34281489563193834,0.45455038744340803,0.2809684598331589,0.34281489563193834,0.45455038744340803
ID_QW7JWQ,0.04020582183766174,0.07686843912167696,0.05482805355026769,0.04020582183766174,0.07686843912167696,0.05482805355026769
ID_6FCK76,0.04194359586693872,0.07826397408254201,0.0651349462546939,0.04194359586693872,0.07826397408254201,0.0651349462546939
ID_J5T35I,0.2415115146001786,0.9271170852648944,0.9487813740375177,0.2415115146001786,0.9271170852648944,0.9487813740375177
ID_FIKPR0,0.040534031116894326,0.08004314152460071,0.04765619960609617,0.040534031116894326,0.08004314152460071,0.04765619960609617
ID_U4XVP2,0.04194359586693872,0.0762089330497794,0.06438650534650733,0.04194359586693872,0.0762089330497794,0.06438650534650733
ID_5DLUXE,0.1073638909412768,0.50543781859633,0.6443444155013994,0.1073638909412768,0.50543781859633,0.6443444155013994
ID_X86LHN,0.11849965903517821,0.5872245941814893,0.6315728335570583,0.11849965903517821,0.5872245941814893,0.6315728335570583
ID_14Q6RD,0.2809684598331589,0.342835501464119,0.4506744668174877,0.2809684598331589,0.342835501464119,0.4506744668174877
ID_2X0LF9,0.04065499945510441,0.08842630783799779,0.06263838544032685,0.04065499945510441,0.08842630783799779,0.06263838544032685
ID_PZT1O4,0.04194359586693872,0.0921483035461204,0.07545456212790015,0.04194359586693872,0.0921483035461204,0.07545456212790015
ID_T0VXOC,0.04194359586693872,0.08392206986786577,0.06686069107243042,0.04194359586693872,0.08392206986786577,0.06686069107243042
ID_B8SSFI,0.038586404151118955,0.0743833802598525,0.037122160723685876,0.038586404151118955,0.0743833802598525,0.037122160723685876
ID_2P5Y4J,0.31103689771144394,0.4689965484526757,0.5129210286328512,0.31103689771144394,0.4689965484526757,0.5129210286328512
ID_X3NJBT,0.04020582183766174,0.09179954429144144,0.06731425133353425,0.04020582183766174,0.09179954429144144,0.06731425133353425
ID_KVD9F9,0.04020582183766174,0.08620094618768567,0.06263838544032685,0.04020582183766174,0.08620094618768567,0.06263838544032685
ID_IT07FQ,0.04194359586693872,0.09648944415809485,0.07545456212790015,0.04194359586693872,0.09648944415809485,0.07545456212790015
ID_USJ774,0.04020582183766174,0.0776343285701925,0.05597444725855371,0.04020582183766174,0.0776343285701925,0.05597444725855371
ID_88K33G,0.11849965903517821,0.5872245941814893,0.6315728335570583,0.11849965903517821,0.5872245941814893,0.6315728335570583
ID_QY83BU,0.1073638909412768,0.50543781859633,0.6443444155013994,0.1073638909412768,0.50543781859633,0.6443444155013994
ID_UF7243,0.16587958981130785,0.6499333503826787,0.5900812490257455,0.16587958981130785,0.6499333503826787,0.5900812490257455
ID_B6RUJE,0.2809684598331589,0.342828855837779,0.4557344933730469,0.2809684598331589,0.342828855837779,0.4557344933730469
ID_KVI6CR,0.2809684598331589,0.3428408403037384,0.4524569086217055,0.2809684598331589,0.3428408403037384,0.4524569086217055
ID_TCPBQ5,0.04020582183766174,0.08841158366311735,0.06404699144831946,0.04020582183766174,0.08841158366311735,0.06404699144831946
ID_0A3D61,0.31103689771144394,0.4689965484526757,0.5129210286328512,0.31103689771144394,0.4689965484526757,0.5129210286328512
ID_IUNS0S,0.2809684598331589,0.342835501464119,0.4506744668174877,0.2809684598331589,0.342835501464119,0.4506744668174877
ID_BAL7PW,0.2809684598331589,0.34281489563193834,0.4506744668174877,0.2809684598331589,0.34281489563193834,0.4506744668174877
ID_HIBJMU,0.04065499945510441,0.07185047027787886,0.056505765973432646,0.04065499945510441,0.07185047027787886,0.056505765973432646
ID_YA57G5,0.1493091527676585,0.6610895915150703,0.5763069885555905,0.1493091527676585,0.6610895915150703,0.5763069885555905
ID_TP1FM0,0.04020582183766174,0.08841158366311735,0.06404699144831946,0.04020582183766174,0.08841158366311735,0.06404699144831946
ID_NEHNAT,0.04065499945510441,0.08120984738179056,0.06973922355187973,0.04065499945510441,0.08120984738179056,0.06973922355187973
ID_GJ6EAI,0.2809684598331589,0.3388143392835663,0.45455038744340803,0.2809684598331589,0.3388143392835663,0.45455038744340803
ID_0CIEHB,0.03739767792871515,0.0728131704654819,0.0374501707138974,0.03739767792871515,0.0728131704654819,0.0374501707138974
ID_7Y89QF,0.04065499945510441,0.08120984738179056,0.06973922355187973,0.04065499945510441,0.08120984738179056,0.06973922355187973
ID_6T0VAE,0.2776943182143603,0.3510512203206523,0.45468312076301387,0.2776943182143603,0.3510512203206523,0.45468312076301387
ID_IKW38H,0.038586404151118955,0.06423814111387685,0.030841914329535716,0.038586404151118955,0.06423814111387685,0.030841914329535716
ID_ZML7ZV,0.04065499945510441,0.07185047027787886,0.056505765973432646,0.04065499945510441,0.07185047027787886,0.056505765973432646
ID_5UAGTH,0.038586404151118955,0.0743833802598525,0.037122160723685876,0.038586404151118955,0.0743833802598525,0.037122160723685876
ID_YKM2IB,0.31103689771144394,0.4689965484526757,0.5129210286328512,0.31103689771144394,0.4689965484526757,0.5129210286328512
ID_RNJTWY,0.04020582183766174,0.07278295644900437,0.05772782218392152,0.04020582183766174,0.07278295644900437,0.05772782218392152
ID_A33GZ8,0.2809684598331589,0.33084558684731835,0.45605279925626263,0.2809684598331589,0.33084558684731835,0.45605279925626263
ID_LO3Q82,0.04020582183766174,0.09179954429144144,0.06731425133353425,0.04020582183766174,0.09179954429144144,0.06731425133353425
ID_1QHERL,0.040534031116894326,0.07390145343640779,0.06247909681660221,0.040534031116894326,0.07390145343640779,0.06247909681660221
ID_LG9GE0,0.2809684598331589,0.3388143392835663,0.45455038744340803,0.2809684598331589,0.3388143392835663,0.45455038744340803
ID_VNZ3QZ,0.04194359586693872,0.09610959028977056,0.0788593260832037,0.04194359586693872,0.09610959028977056,0.0788593260832037
ID_LIDJSX,0.2809684598331589,0.3388143392835663,0.45455038744340803,0.2809684598331589,0.3388143392835663,0.45455038744340803
ID_KNMCFG,0.2809684598331589,0.34518836087807725,0.4796914303852867,0.2809684598331589,0.34518836087807725,0.4796914303852867
ID_GG3PR8,0.11849965903517821,0.5872245941814893,0.6315728335570583,0.11849965903517821,0.5872245941814893,0.6315728335570583
ID_5NP8O2,0.04194359586693872,0.0921483035461204,0.07545456212790015,0.04194359586693872,0.0921483035461204,0.07545456212790015
ID_RGOMLT,0.11751988425351288,0.513239447198448,0.6320402799615823,0.11751988425351288,0.513239447198448,0.6320402799615823
ID_P5VG1W,0.04194359586693872,0.08509667443497887,0.06842875634539229,0.04194359586693872,0.08509667443497887,0.06842875634539229
ID_0MM662,0.2809684598331589,0.3388143392835663,0.45455038744340803,0.2809684598331589,0.3388143392835663,0.45455038744340803
ID_J5Y7PU,0.04020582183766174,0.08841158366311735,0.06404699144831946,0.04020582183766174,0.08841158366311735,0.06404699144831946
ID_ZEHDY0,0.140871879519276,0.6696660555077883,0.6415083585885905,0.140871879519276,0.6696660555077883,0.6415083585885905
ID_RIZO46,0.038586404151118955,0.07198951956656938,0.03270917706716149,0.038586404151118955,0.07198951956656938,0.03270917706716149
ID_QSKCAZ,0.2809684598331589,0.342828855837779,0.4557344933730469,0.2809684598331589,0.342828855837779,0.4557344933730469
ID_JKMK9T,0.040534031116894326,0.0724017568879815,0.05452975206904458,0.040534031116894326,0.0724017568879815,0.05452975206904458
ID_3C2BK1,0.2809684598331589,0.34281489563193834,0.45455038744340803,0.2809684598331589,0.34281489563193834,0.45455038744340803
ID_86AMRV,0.2809684598331589,0.33084558684731835,0.45605279925626263,0.2809684598331589,0.33084558684731835,0.45605279925626263
ID_KKMWCT,0.038586404151118955,0.0743833802598525,0.037122160723685876,0.038586404151118955,0.0743833802598525,0.037122160723685876
ID_KFTO2Q,0.2809684598331589,0.342828855837779,0.4557344933730469,0.2809684598331589,0.342828855837779,0.4557344933730469
ID_C9EOF9,0.2809684598331589,0.33084558684731835,0.45605279925626263,0.2809684598331589,0.33084558684731835,0.45605279925626263
ID_VCCV99,0.2809684598331589,0.342828855837779,0.4557344933730469,0.2809684598331589,0.342828855837779,0.4557344933730469
ID_11L375,0.2809684598331589,0.36724336298667015,0.4603509810553947,0.2809684598331589,0.36724336298667015,0.4603509810553947
ID_Z0ZX8Q,0.30426680675371,0.4769954997970882,0.5130497610233686,0.30426680675371,0.4769954997970882,0.5130497610233686
ID_0XYW8F,0.2809684598331589,0.34281489563193834,0.4506744668174877,0.2809684598331589,0.34281489563193834,0.4506744668174877
ID_0221N3,0.2809684598331589,0.342835501464119,0.4506744668174877,0.2809684598331589,0.342835501464119,0.4506744668174877
ID_X5LN7Q,0.04067284620360139,0.09601211937070463,0.08563571918940546,0.04067284620360139,0.09601211937070463,0.08563571918940546
ID_TN8FUY,0.04065499945510441,0.08036634530308222,0.06618097617150187,0.04065499945510441,0.08036634530308222,0.06618097617150187
ID_3S3Q6C,0.04020582183766174,0.08841158366311735,0.06404699144831946,0.04020582183766174,0.08841158366311735,0.06404699144831946
ID_TQK7PN,0.04194359586693872,0.0921483035461204,0.07545456212790015,0.04194359586693872,0.0921483035461204,0.07545456212790015
ID_026QJO,0.31103689771144394,0.4689965484526757,0.5129210286328512,0.31103689771144394,0.4689965484526757,0.5129210286328512
ID_GI6XEF,0.2809684598331589,0.342835501464119,0.4506744668174877,0.2809684598331589,0.342835501464119,0.4506744668174877
ID_KQKFQH,0.04020582183766174,0.08620094618768567,0.06263838544032685,0.04020582183766174,0.08620094618768567,0.06263838544032685
ID_569S5F,0.2809684598331589,0.3388143392835663,0.45455038744340803,0.2809684598331589,0.3388143392835663,0.45455038744340803
ID_087YXO,0.2809684598331589,0.3388143392835663,0.45455038744340803,0.2809684598331589,0.3388143392835663,0.45455038744340803
ID_GHFIYF,0.04194359586693872,0.07736881451813668,0.06779637603199541,0.04194359586693872,0.07736881451813668,0.06779637603199541
ID_M2VJSV,0.31103689771144394,0.4689965484526757,0.5129210286328512,0.31103689771144394,0.4689965484526757,0.5129210286328512
ID_J41EOZ,0.038586404151118955,0.0735318320103936,0.03944757065100539,0.038586404151118955,0.0735318320103936,0.03944757065100539
ID_L9AYVK,0.038586404151118955,0.0743833802598525,0.037122160723685876,0.038586404151118955,0.0743833802598525,0.037122160723685876
ID_7LRO3G,0.2809684598331589,0.342835501464119,0.45170634715382674,0.2809684598331589,0.342835501464119,0.45170634715382674
ID_6FXFJ0,0.1493091527676585,0.6610895915150703,0.5763069885555905,0.1493091527676585,0.6610895915150703,0.5763069885555905
ID_99UIDN,0.08546000656199933,0.02588137672045415,0.08725987529418304,0.08546000656199933,0.02588137672045415,0.08725987529418304
ID_9ZXQCO,0.07656818309156921,0.02613248119157229,0.08508839003340157,0.07656818309156921,0.02613248119157229,0.08508839003340157
ID_KEVQ52,0.05738130620902032,0.010374435766876038,0.08807617357202577,0.05738130620902032,0.010374435766876038,0.08807617357202577
ID_4OHGZ7,0.08362539201825063,0.018479569934083027,0.07465214654862107,0.08362539201825063,0.018479569934083027,0.07465214654862107
ID_BTUU06,0.08880908432089363,0.01872647887393815,0.07268786132177188,0.08880908432089363,0.01872647887393815,0.07268786132177188
ID_G7Z3UK,0.07166771084137369,0.010909955191664884,0.02986275026070927,0.07166771084137369,0.010909955191664884,0.02986275026070927
ID_E5C3ZB,0.08602759122879819,0.04329231935843266,0.11016827507301033,0.08602759122879819,0.04329231935843266,0.11016827507301033
ID_EPH6A9,0.08546000656199933,0.023763288425989848,0.08784460806952774,0.08546000656199933,0.023763288425989848,0.08784460806952774
ID_Z0SOKW,0.08440508912197456,0.016743722764526646,0.07829884945947502,0.08440508912197456,0.016743722764526646,0.07829884945947502
ID_WNJ45A,0.08837991042327958,0.019359851455389165,0.1012990143514171,0.08837991042327958,0.019359851455389165,0.1012990143514171
ID_4E33DR,0.09299201372730642,0.02251441676750114,0.14127464513383522,0.09299201372730642,0.02251441676750114,0.14127464513383522
ID_NHY4V0,0.08718114547684283,0.020510921413366266,0.09842657276613424,0.08718114547684283,0.020510921413366266,0.09842657276613424
ID_NNBK1Y,0.08271743690173158,0.018975722495973936,0.07276376587758085,0.08271743690173158,0.018975722495973936,0.07276376587758085
ID_CV1BRR,0.09551101800319697,0.04543456942364123,0.10520129931017781,0.09551101800319697,0.04543456942364123,0.10520129931017781
ID_X70RUE,0.05515765576801951,0.010458337208108223,0.03824533938370346,0.05515765576801951,0.010458337208108223,0.03824533938370346
ID_ZYKJPD,0.09110347436470649,0.04524921909004221,0.10934593070990625,0.09110347436470649,0.04524921909004221,0.10934593070990625
ID_RFKV4T,0.08887661451640941,0.04325279390496693,0.11072392127232361,0.08887661451640941,0.04325279390496693,0.11072392127232361
ID_46V35V,0.08993583644609732,0.02068124157633256,0.10143607221602526,0.08993583644609732,0.02068124157633256,0.10143607221602526
ID_HXFJXO,0.07669070317500251,0.016076832722119065,0.07577606819945742,0.07669070317500251,0.016076832722119065,0.07577606819945742
ID_766C2X,0.08801966302029479,0.019078672372868206,0.07101299075581437,0.08801966302029479,0.019078672372868206,0.07101299075581437
ID_B522KP,0.8592173314421281,0.8460376646666508,0.8105732736724842,0.8592173314421281,0.8460376646666508,0.8105732736724842
ID_NNZRQ5,0.03348094749448393,0.010905863856067411,0.013934639023866244,0.03348094749448393,0.010905863856067411,0.013934639023866244
ID_6REZPV,0.033405010150043886,0.010123058004732687,0.013749367443134252,0.033405010150043886,0.010123058004732687,0.013749367443134252
ID_0B522U,0.03939454209428726,0.025015469500766233,0.16895522001984298,0.03939454209428726,0.025015469500766233,0.16895522001984298
ID_YDE5FQ,0.03799774209147908,0.030936366630350813,0.051348067413691745,0.03799774209147908,0.030936366630350813,0.051348067413691745
ID_QPQC3A,0.033405010150043886,0.010049965949977008,0.012982872687158514,0.033405010150043886,0.010049965949977008,0.012982872687158514
ID_QFC5OG,0.033405010150043886,0.010140767736501455,0.013888562666307641,0.033405010150043886,0.010140767736501455,0.013888562666307641
ID_RDR60H,0.3365277574322014,0.3187419790720533,0.4536101119365512,0.3365277574322014,0.3187419790720533,0.4536101119365512
ID_MIR1LK,0.033405010150043886,0.010105917783877611,0.013934639023866244,0.033405010150043886,0.010105917783877611,0.013934639023866244
ID_I3HT44,0.033405010150043886,0.01004645879211473,0.013387815704365457,0.033405010150043886,0.01004645879211473,0.013387815704365457
ID_OUCMMB,0.3541726939127977,0.32270491880383617,0.473348900150169,0.3541726939127977,0.32270491880383617,0.473348900150169
ID_K1OC1B,0.033405010150043886,0.010140767736501455,0.013888562666307641,0.033405010150043886,0.010140767736501455,0.013888562666307641
ID_KZ62H4,0.03377911239631651,0.012099449579096153,0.014271481286556083,0.03377911239631651,0.012099449579096153,0.014271481286556083
ID_UMT74G,0.03727406771109888,0.023181158709896846,0.1604664316201874,0.03727406771109888,0.023181158709896846,0.1604664316201874
ID_N8VDI6,0.03348094749448393,0.010714847257097388,0.014017017855106794,0.03348094749448393,0.010714847257097388,0.014017017855106794
ID_E2CZGL,0.033405010150043886,0.010077251150281196,0.01321976916282599,0.033405010150043886,0.010077251150281196,0.01321976916282599
ID_WFD1TM,0.033405010150043886,0.010105917783877611,0.013934639023866244,0.033405010150043886,0.010105917783877611,0.013934639023866244
ID_RNAW7W,0.03348094749448393,0.011663327958952108,0.014807404829158665,0.03348094749448393,0.011663327958952108,0.014807404829158665
ID_BD754O,0.033405010150043886,0.01004645879211473,0.013125527318639555,0.033405010150043886,0.01004645879211473,0.013125527318639555
ID_HAG65N,0.03348094749448393,0.011246666745165609,0.013792753480501865,0.03348094749448393,0.011246666745165609,0.013792753480501865
ID_92CEAO,0.0480241589793258,0.048235871442073315,0.2077909427769163,0.0480241589793258,0.048235871442073315,0.2077909427769163
ID_MO5XSX,0.03348094749448393,0.01141838610411481,0.014217444287769675,0.03348094749448393,0.01141838610411481,0.014217444287769675
ID_WDQMGW,0.033405010150043886,0.010125998969788365,0.013173814239508135,0.033405010150043886,0.010125998969788365,0.013173814239508135
ID_NCVJVG,0.033405010150043886,0.01004645879211473,0.012982872687158514,0.033405010150043886,0.01004645879211473,0.012982872687158514
ID_SE5AT9,0.5663425179811481,0.3763383457354097,0.8040339487235229,0.5663425179811481,0.3763383457354097,0.8040339487235229
ID_452A1U,0.03348094749448393,0.011380795503824238,0.014217444287769675,0.03348094749448393,0.011380795503824238,0.014217444287769675
ID_WY389E,0.04695757801395903,0.02794058236096391,0.17644635771552503,0.04695757801395903,0.02794058236096391,0.17644635771552503
ID_Z5G2VW,0.03881299613844186,0.026633161970082482,0.16983369732593734,0.03881299613844186,0.026633161970082482,0.16983369732593734
ID_8QW09D,0.09227774938705802,0.1601881703647813,0.5563943194909508,0.09227774938705802,0.1601881703647813,0.5563943194909508
ID_9W65RB,0.033405010150043886,0.010072233471708401,0.013888562666307641,0.033405010150043886,0.010072233471708401,0.013888562666307641
ID_IAR1TC,0.3554228646953257,0.34513323853896627,0.4670320052022364,0.3554228646953257,0.34513323853896627,0.4670320052022364
ID_2PVFDX,0.033405010150043886,0.010196016621711799,0.014077735391455607,0.033405010150043886,0.010196016621711799,0.014077735391455607
ID_T5TMGO,0.4515371808623181,0.5140700603285173,0.872432212705945,0.4515371808623181,0.5140700603285173,0.872432212705945
ID_IIJINI,0.03727406771109888,0.023181158709896846,0.1604664316201874,0.03727406771109888,0.023181158709896846,0.1604664316201874
ID_JYRV1A,0.06111644169808909,0.03835038038439821,0.21385481266637776,0.06111644169808909,0.03835038038439821,0.21385481266637776
ID_BRIWDT,0.048572201147489585,0.03412382110088421,0.19548129284169116,0.048572201147489585,0.03412382110088421,0.19548129284169116
ID_KVYYM5,0.033405010150043886,0.010081652977961108,0.013450382577998143,0.033405010150043886,0.010081652977961108,0.013450382577998143
ID_FMLX4W,0.03683547249065699,0.03093863903460016,0.0451240948214066,0.03683547249065699,0.03093863903460016,0.0451240948214066
ID_UX47K8,0.033405010150043886,0.010077251150281196,0.01321976916282599,0.033405010150043886,0.010077251150281196,0.01321976916282599
ID_QRS3Q0,0.03348094749448393,0.010959293529271384,0.014128529863538703,0.03348094749448393,0.010959293529271384,0.014128529863538703
ID_UU46AR,0.03348094749448393,0.011241192470244802,0.013792753480501865,0.03348094749448393,0.011241192470244802,0.013792753480501865
ID_FVZ6BG,0.033405010150043886,0.010077251150281196,0.01321976916282599,0.033405010150043886,0.010077251150281196,0.01321976916282599
ID_APXA0T,0.033405010150043886,0.010123058004732687,0.013749367443134252,0.033405010150043886,0.010123058004732687,0.013749367443134252
ID_JAUDVH,0.033405010150043886,0.010196016621711799,0.014077735391455607,0.033405010150043886,0.010196016621711799,0.014077735391455607
ID_78D5FE,0.03939454209428726,0.025015469500766233,0.16895522001984298,0.03939454209428726,0.025015469500766233,0.16895522001984298
ID_ZEPE89,0.033405010150043886,0.010196016621711799,0.014077735391455607,0.033405010150043886,0.010196016621711799,0.014077735391455607
ID_EGC3FR,0.048572201147489585,0.03412382110088421,0.19548129284169116,0.048572201147489585,0.03412382110088421,0.19548129284169116
ID_5VF785,0.05278569793306062,0.06791050002324828,0.22426693336323245,0.05278569793306062,0.06791050002324828,0.22426693336323245
ID_AFNCWF,0.03348094749448393,0.011367295740702051,0.014667195768995757,0.03348094749448393,0.011367295740702051,0.014667195768995757
ID_NO738V,0.03348094749448393,0.010714847257097388,0.014017017855106794,0.03348094749448393,0.010714847257097388,0.014017017855106794
ID_T24610,0.033405010150043886,0.010125998969788365,0.013173814239508135,0.033405010150043886,0.010125998969788365,0.013173814239508135
ID_B6UXCI,0.5284502983416901,0.2647843088478299,0.4346814826096077,0.5284502983416901,0.2647843088478299,0.4346814826096077
ID_G17P84,0.048572201147489585,0.03397653432262252,0.19650323817384766,0.048572201147489585,0.03397653432262252,0.19650323817384766
ID_I8PCQM,0.08366214491087504,0.1214802878840085,0.5511366791494723,0.08366214491087504,0.1214802878840085,0.5511366791494723
ID_LK2JX0,0.03348094749448393,0.01141838610411481,0.014217444287769675,0.03348094749448393,0.01141838610411481,0.014217444287769675
ID_A2QCM8,0.03727406771109888,0.026039290547861353,0.17129324321194378,0.03727406771109888,0.026039290547861353,0.17129324321194378
ID_B7QGQV,0.03727406771109888,0.02612141987284717,0.17034451299786524,0.03727406771109888,0.02612141987284717,0.17034451299786524
ID_NX6J76,0.033405010150043886,0.010081652977961108,0.01321976916282599,0.033405010150043886,0.010081652977961108,0.01321976916282599
ID_2L8F6L,0.10515611871153985,0.17848308427088397,0.6714994486530445,0.10515611871153985,0.17848308427088397,0.6714994486530445
ID_RNO3VS,0.03348094749448393,0.01142496922289439,0.014217444287769675,0.03348094749448393,0.01142496922289439,0.014217444287769675
ID_WNRVPK,0.03348094749448393,0.011663327958952108,0.014807404829158665,0.03348094749448393,0.011663327958952108,0.014807404829158665
ID_R6NB1B,0.03727406771109888,0.026039290547861353,0.17129324321194378,0.03727406771109888,0.026039290547861353,0.17129324321194378
ID_64SW9F,0.03348094749448393,0.010880795276629992,0.013450382577998143,0.03348094749448393,0.010880795276629992,0.013450382577998143
ID_4GDTVN,0.03348094749448393,0.011380795503824238,0.014217444287769675,0.03348094749448393,0.011380795503824238,0.014217444287769675
ID_TDEU9C,0.07053451990932035,0.11413027680825484,0.2646033461587477,0.07053451990932035,0.11413027680825484,0.2646033461587477
ID_SJVVC9,0.033405010150043886,0.010140767736501455,0.013888562666307641,0.033405010150043886,0.010140767736501455,0.013888562666307641
ID_25Z5FR,0.03348094749448393,0.011380795503824238,0.014217444287769675,0.03348094749448393,0.011380795503824238,0.014217444287769675
ID_L34AJW,0.03348094749448393,0.011367295740702051,0.014667195768995757,0.03348094749448393,0.011367295740702051,0.014667195768995757
ID_ZOSYAP,0.03727406771109888,0.02612141987284717,0.17034451299786524,0.03727406771109888,0.02612141987284717,0.17034451299786524
ID_CI0346,0.03348094749448393,0.011241192470244802,0.013792753480501865,0.03348094749448393,0.011241192470244802,0.013792753480501865
ID_VGEYOE,0.033405010150043886,0.010119336107019393,0.013404427654680286,0.033405010150043886,0.010119336107019393,0.013404427654680286
ID_O9X1LL,0.033405010150043886,0.010105917783877611,0.013934639023866244,0.033405010150043886,0.010105917783877611,0.013934639023866244
ID_M5NPEN,0.03727406771109888,0.023181158709896846,0.1604664316201874,0.03727406771109888,0.023181158709896846,0.1604664316201874
ID_YD2GMW,0.033405010150043886,0.010119336107019393,0.013404427654680286,0.033405010150043886,0.010119336107019393,0.013404427654680286
ID_ETCHDH,0.033405010150043886,0.010049965949977008,0.013404427654680286,0.033405010150043886,0.010049965949977008,0.013404427654680286
ID_J78U93,0.03348094749448393,0.011241192470244802,0.013792753480501865,0.03348094749448393,0.011241192470244802,0.013792753480501865
ID_5A0ZN0,0.033405010150043886,0.010072233471708401,0.013888562666307641,0.033405010150043886,0.010072233471708401,0.013888562666307641
ID_CY607Z,0.033405010150043886,0.010140767736501455,0.013888562666307641,0.033405010150043886,0.010140767736501455,0.013888562666307641
ID_KXY99G,0.033405010150043886,0.010105917783877611,0.013934639023866244,0.033405010150043886,0.010105917783877611,0.013934639023866244
ID_TJMU1U,0.033405010150043886,0.010196016621711799,0.014077735391455607,0.033405010150043886,0.010196016621711799,0.014077735391455607
ID_987N4I,0.033405010150043886,0.010196016621711799,0.014077735391455607,0.033405010150043886,0.010196016621711799,0.014077735391455607
ID_MV3Y4E,0.06447328968955483,0.07026941812073507,0.08637505127889572,0.06447328968955483,0.07026941812073507,0.08637505127889572
ID_G4C6ER,0.8069050527413302,0.6657475245096327,0.8278564647053089,0.8069050527413302,0.6657475245096327,0.8278564647053089
ID_QJEGY8,0.7990363721587181,0.6174973441896723,0.7770338262797982,0.7990363721587181,0.6174973441896723,0.7770338262797982
ID_F3SZAG,0.8199385225184619,0.7147279442865218,0.859217379191513,0.8199385225184619,0.7147279442865218,0.859217379191513
ID_SDLCZW,0.6943569143939542,0.31146200134974605,0.48613364114123114,0.6943569143939542,0.31146200134974605,0.48613364114123114
ID_8AQIX3,0.6888869366331878,0.29451503493039005,0.4618981276361265,0.6888869366331878,0.29451503493039005,0.4618981276361265
ID_CZ9O4I,0.06570864561017727,0.1197784067805365,0.15073523251339338,0.06570864561017727,0.1197784067805365,0.15073523251339338
ID_3J4A5T,0.03348094749448393,0.012124136023196511,0.016770587397326106,0.03348094749448393,0.012124136023196511,0.016770587397326106
ID_4PIPGN,0.728909374803205,0.3550147220796467,0.7840006672663307,0.728909374803205,0.3550147220796467,0.7840006672663307
ID_SVI077,0.7930792358148369,0.5154496682215686,0.8152256407567033,0.7930792358148369,0.5154496682215686,0.8152256407567033
ID_PCP2DX,0.03873572167296085,0.02871502412781228,0.0684533514288315,0.03873572167296085,0.02871502412781228,0.0684533514288315
ID_NHGKW9,0.78347809980037,0.4856493883403134,0.5392342537248016,0.78347809980037,0.4856493883403134,0.5392342537248016
ID_PJLFLZ,0.7293519925039316,0.5316383476377602,0.8235244701436046,0.7293519925039316,0.5316383476377602,0.8235244701436046
ID_UEI7E1,0.7769819894631846,0.4506261922691146,0.5158855593910993,0.7769819894631846,0.4506261922691146,0.5158855593910993
ID_6Q3C3P,0.8018629884332762,0.4829850254506482,0.7253821763617888,0.8018629884332762,0.4829850254506482,0.7253821763617888
ID_748PIZ,0.033405010150043886,0.009703052125051204,0.014017017855106794,0.033405010150043886,0.009703052125051204,0.014017017855106794
ID_05V8OI,0.04306342754735536,0.0167530653193095,0.025865614966542487,0.04306342754735536,0.0167530653193095,0.025865614966542487
ID_PB8UGU,0.03489596150364698,0.011460057586165837,0.021722153944364556,0.03489596150364698,0.011460057586165837,0.021722153944364556
ID_18BEK3,0.378234255356827,0.1497460544135815,0.10845629128039669,0.378234255356827,0.1497460544135815,0.10845629128039669
ID_AKH3DX,0.044652465395065816,0.0167530653193095,0.02685220813710834,0.044652465395065816,0.0167530653193095,0.02685220813710834
ID_PG1ZJ9,0.033405010150043886,0.009845478849733892,0.01461383699360926,0.033405010150043886,0.009845478849733892,0.01461383699360926
ID_U2N5AM,0.33882717547467794,0.10205507157353924,0.08806748834851223,0.33882717547467794,0.10205507157353924,0.08806748834851223
ID_ONDIOU,0.045822950613763284,0.01710538037475439,0.02735069078927472,0.045822950613763284,0.01710538037475439,0.02735069078927472
ID_8O0VLW,0.033405010150043886,0.01057624461773269,0.014218087434067163,0.033405010150043886,0.01057624461773269,0.014218087434067163
ID_24IP3N,0.033405010150043886,0.009703052125051204,0.014267868595202106,0.033405010150043886,0.009703052125051204,0.014267868595202106
ID_X9HSZT,0.033405010150043886,0.010505670376836102,0.0137060178052647,0.033405010150043886,0.010505670376836102,0.0137060178052647
ID_DEHJ7B,0.033405010150043886,0.009703052125051204,0.014017017855106794,0.033405010150043886,0.009703052125051204,0.014017017855106794
ID_V9REXI,0.03348094749448393,0.012457418938976401,0.015419716042438587,0.03348094749448393,0.012457418938976401,0.015419716042438587
ID_Q0JIB7,0.033099955275876884,0.011926034150509073,0.021569685119681572,0.033099955275876884,0.011926034150509073,0.021569685119681572
ID_4Q4645,0.33882717547467794,0.10205507157353924,0.08806748834851223,0.33882717547467794,0.10205507157353924,0.08806748834851223
ID_ZKTVQN,0.03348094749448393,0.01092659372314746,0.014667195768995757,0.03348094749448393,0.01092659372314746,0.014667195768995757
ID_HHOTC8,0.033405010150043886,0.009749671001697782,0.014344740352428187,0.033405010150043886,0.009749671001697782,0.014344740352428187
ID_2VK1VV,0.03348094749448393,0.010260095863967762,0.014017017855106794,0.03348094749448393,0.010260095863967762,0.014017017855106794
ID_1LR1PB,0.033405010150043886,0.01057624461773269,0.014218087434067163,0.033405010150043886,0.01057624461773269,0.014218087434067163
ID_UFG3WK,0.033405010150043886,0.009749671001697782,0.014084553715971266,0.033405010150043886,0.009749671001697782,0.014084553715971266
ID_30POCS,0.033405010150043886,0.010157973944566957,0.013729987048316997,0.033405010150043886,0.010157973944566957,0.013729987048316997
ID_O1JBTD,0.033405010150043886,0.010505670376836102,0.0137060178052647,0.033405010150043886,0.010505670376836102,0.0137060178052647
ID_L28R04,0.03489596150364698,0.011460057586165837,0.021569685119681572,0.03489596150364698,0.011460057586165837,0.021569685119681572
ID_4XQIY8,0.044652465395065816,0.017312520306980612,0.02735069078927472,0.044652465395065816,0.017312520306980612,0.02735069078927472
ID_6YKZ60,0.033405010150043886,0.010370963285794125,0.013869122541485089,0.033405010150043886,0.010370963285794125,0.013869122541485089
ID_SR4OPG,0.033405010150043886,0.01024959995202332,0.01433718345915664,0.033405010150043886,0.01024959995202332,0.01433718345915664
ID_7Y58VC,0.033405010150043886,0.01057624461773269,0.014218087434067163,0.033405010150043886,0.01057624461773269,0.014218087434067163
ID_MIGRJM,0.033405010150043886,0.009749671001697782,0.014084553715971266,0.033405010150043886,0.009749671001697782,0.014084553715971266
ID_MBHYWK,0.045822950613763284,0.01710538037475439,0.02735069078927472,0.045822950613763284,0.01710538037475439,0.02735069078927472
ID_R1RKC8,0.033405010150043886,0.01057624461773269,0.014218087434067163,0.033405010150043886,0.01057624461773269,0.014218087434067163
ID_042DMN,0.033405010150043886,0.010505670376836102,0.013831643937666544,0.033405010150043886,0.010505670376836102,0.013831643937666544
ID_76QVHP,0.044652465395065816,0.017312520306980612,0.02735069078927472,0.044652465395065816,0.017312520306980612,0.02735069078927472
ID_M7ZQB5,0.36280268325028187,0.14998609325901643,0.10845629128039669,0.36280268325028187,0.14998609325901643,0.10845629128039669
ID_EVURSU,0.045822950613763284,0.01710538037475439,0.02735069078927472,0.045822950613763284,0.01710538037475439,0.02735069078927472
ID_BR285V,0.3715626274192194,0.1500254503681478,0.11999712351355088,0.3715626274192194,0.1500254503681478,0.11999712351355088
ID_24TLS4,0.3836234466203271,0.20467521588102583,0.23999416413996927,0.3836234466203271,0.20467521588102583,0.23999416413996927
ID_J10FQO,0.033099955275876884,0.011460057586165837,0.02093970884192623,0.033099955275876884,0.011460057586165837,0.02093970884192623
ID_UPIF9C,0.033405010150043886,0.009749671001697782,0.014084553715971266,0.033405010150043886,0.009749671001697782,0.014084553715971266
ID_J2UW6P,0.033405010150043886,0.01032959137560999,0.013463880526412429,0.033405010150043886,0.01032959137560999,0.013463880526412429
ID_FECS1U,0.044652465395065816,0.017173705756868878,0.02735069078927472,0.044652465395065816,0.017173705756868878,0.02735069078927472
ID_ZLJNIO,0.045822950613763284,0.01710538037475439,0.02735069078927472,0.045822950613763284,0.01710538037475439,0.02735069078927472
ID_HM6F95,0.03348094749448393,0.01092659372314746,0.014667195768995757,0.03348094749448393,0.01092659372314746,0.014667195768995757
ID_S17LP1,0.03489596150364698,0.011699889011031535,0.02164504003268009,0.03489596150364698,0.011699889011031535,0.02164504003268009
ID_01FXDQ,0.033405010150043886,0.0098529154261516,0.0137060178052647,0.033405010150043886,0.0098529154261516,0.0137060178052647
ID_3IPYPF,0.05219427637124323,0.01696492470153835,0.027697425746324347,0.05219427637124323,0.01696492470153835,0.027697425746324347
ID_YWE7MS,0.044652465395065816,0.0167530653193095,0.02685220813710834,0.044652465395065816,0.0167530653193095,0.02685220813710834
ID_TCB67J,0.03348094749448393,0.01092659372314746,0.014667195768995757,0.03348094749448393,0.01092659372314746,0.014667195768995757
ID_XD9SHW,0.03348094749448393,0.01092659372314746,0.014667195768995757,0.03348094749448393,0.01092659372314746,0.014667195768995757
ID_3TL22U,0.033099955275876884,0.011926034150509073,0.021722153944364556,0.033099955275876884,0.011926034150509073,0.021722153944364556
ID_I19UPL,0.36280268325028187,0.14998609325901643,0.10845629128039669,0.36280268325028187,0.14998609325901643,0.10845629128039669
ID_29ISKS,0.033405010150043886,0.01057624461773269,0.014218087434067163,0.033405010150043886,0.01057624461773269,0.014218087434067163
ID_JGCMOM,0.033405010150043886,0.010237540976291516,0.014084553715971266,0.033405010150043886,0.010237540976291516,0.014084553715971266
ID_71UMTJ,0.37054648848515814,0.15427911519262677,0.23496321797168712,0.37054648848515814,0.15427911519262677,0.23496321797168712
ID_54K01O,0.033099955275876884,0.011926034150509073,0.021569685119681572,0.033099955275876884,0.011926034150509073,0.021569685119681572
ID_1YO3DO,0.033405010150043886,0.010467496850267686,0.014268693788859001,0.033405010150043886,0.010467496850267686,0.014268693788859001
ID_27PFIW,0.033405010150043886,0.009965968227113091,0.013758222752547225,0.033405010150043886,0.009965968227113091,0.013758222752547225
ID_BKVJQA,0.03348094749448393,0.01092659372314746,0.014667195768995757,0.03348094749448393,0.01092659372314746,0.014667195768995757
ID_PUB0ZI,0.033405010150043886,0.009749671001697782,0.014084553715971266,0.033405010150043886,0.009749671001697782,0.014084553715971266
ID_V6SMN3,0.044652465395065816,0.017312520306980612,0.02735069078927472,0.044652465395065816,0.017312520306980612,0.02735069078927472
ID_0ZOFHK,0.03377911239631651,0.011390011706529708,0.014845001332497687,0.03377911239631651,0.011390011706529708,0.014845001332497687
ID_M94TW1,0.033405010150043886,0.010237540976291516,0.014084553715971266,0.033405010150043886,0.010237540976291516,0.014084553715971266
ID_C823SH,0.033405010150043886,0.0098529154261516,0.0137060178052647,0.033405010150043886,0.0098529154261516,0.0137060178052647
ID_SC50OJ,0.033405010150043886,0.010280340046167992,0.013831643937666544,0.033405010150043886,0.010280340046167992,0.013831643937666544
ID_YAUV4R,0.033405010150043886,0.00996939828299635,0.013822133375070596,0.033405010150043886,0.00996939828299635,0.013822133375070596
ID_IOMDD3,0.033405010150043886,0.01057624461773269,0.014218087434067163,0.033405010150043886,0.01057624461773269,0.014218087434067163
ID_HE3Y73,0.4314621720716114,0.2181624331722387,0.27577636561614727,0.4314621720716114,0.2181624331722387,0.27577636561614727
ID_CAWMEQ,0.044652465395065816,0.017312520306980612,0.02735069078927472,0.044652465395065816,0.017312520306980612,0.02735069078927472
ID_81IJ38,0.033405010150043886,0.01466015417551387,0.018846454076424997,0.033405010150043886,0.01466015417551387,0.018846454076424997
ID_QFUX50,0.033405010150043886,0.010194920696146775,0.015185241663055325,0.033405010150043886,0.010194920696146775,0.015185241663055325
ID_U13QTT,0.03348094749448393,0.012033260692709593,0.016404551661780765,0.03348094749448393,0.012033260692709593,0.016404551661780765
ID_UEDSUL,0.0333286368144836,0.015784661254882655,0.01584018609101693,0.0333286368144836,0.015784661254882655,0.01584018609101693
ID_0TWM69,0.0333286368144836,0.014591893304062957,0.01584018609101693,0.0333286368144836,0.014591893304062957,0.01584018609101693
ID_CTIYZN,0.03348094749448393,0.016345283418057906,0.018930590710319804,0.03348094749448393,0.016345283418057906,0.018930590710319804
ID_5CERRE,0.033405010150043886,0.010085999406783987,0.014889657508528015,0.033405010150043886,0.010085999406783987,0.014889657508528015
ID_KC1ZNC,0.03348094749448393,0.016193620009391306,0.018930590710319804,0.03348094749448393,0.016193620009391306,0.018930590710319804
ID_8Q3LRH,0.033405010150043886,0.01434668306736339,0.018741222815291777,0.033405010150043886,0.01434668306736339,0.018741222815291777
ID_9CDLA5,0.17454672190778675,0.15851068798298065,0.24640000996403938,0.17454672190778675,0.15851068798298065,0.24640000996403938
ID_7HDOB8,0.033405010150043886,0.00973998085585618,0.015785959132869593,0.033405010150043886,0.00973998085585618,0.015785959132869593
ID_6B1SIE,0.033405010150043886,0.010453189220283883,0.014769085761808742,0.033405010150043886,0.010453189220283883,0.014769085761808742
ID_DVVRGO,0.033405010150043886,0.010192854149931624,0.015175167825450865,0.033405010150043886,0.010192854149931624,0.015175167825450865
ID_2QTOY9,0.033405010150043886,0.010151119841088522,0.015193529265149395,0.033405010150043886,0.010151119841088522,0.015193529265149395
ID_41UVG1,0.033405010150043886,0.00973998085585618,0.015385147872369179,0.033405010150043886,0.00973998085585618,0.015385147872369179
ID_8XSPVV,0.033405010150043886,0.010151119841088522,0.015193529265149395,0.033405010150043886,0.010151119841088522,0.015193529265149395
ID_8DRNO4,0.03348094749448393,0.010946217605873493,0.015193529265149395,0.03348094749448393,0.010946217605873493,0.015193529265149395
ID_IHC0B4,0.035968377830028334,0.011880338080137045,0.01762582027144864,0.035968377830028334,0.011880338080137045,0.01762582027144864
ID_UPSVCG,0.033405010150043886,0.0108342716443026,0.01474937252089471,0.033405010150043886,0.0108342716443026,0.01474937252089471
ID_V1EWHV,0.0333286368144836,0.014591893304062957,0.01584018609101693,0.0333286368144836,0.014591893304062957,0.01584018609101693
ID_EDRP5J,0.0333286368144836,0.015784661254882655,0.01600711196661113,0.0333286368144836,0.015784661254882655,0.01600711196661113
ID_6ZT49S,0.0333286368144836,0.015784661254882655,0.01584018609101693,0.0333286368144836,0.015784661254882655,0.01584018609101693
ID_688DSZ,0.033405010150043886,0.010192854149931624,0.015175167825450865,0.033405010150043886,0.010192854149931624,0.015175167825450865
ID_KTRS8U,0.03348094749448393,0.011023466407069228,0.014769085761808742,0.03348094749448393,0.011023466407069228,0.014769085761808742
ID_HAVFMX,0.03348094749448393,0.016522497910026714,0.019722017724197387,0.03348094749448393,0.016522497910026714,0.019722017724197387
ID_4OHSTT,0.033405010150043886,0.010911576958723808,0.015259771779162948,0.033405010150043886,0.010911576958723808,0.015259771779162948
ID_D14DB2,0.03348094749448393,0.015526927437788005,0.019694142819584433,0.03348094749448393,0.015526927437788005,0.019694142819584433
ID_DMKQ4R,0.03348094749448393,0.015696856452763346,0.020594460560506365,0.03348094749448393,0.015696856452763346,0.020594460560506365
ID_9EU6JS,0.03348094749448393,0.015014886754647551,0.01950171279355867,0.03348094749448393,0.015014886754647551,0.01950171279355867
ID_UPM0YG,0.033405010150043886,0.013633791922313059,0.018886543043476485,0.033405010150043886,0.013633791922313059,0.018886543043476485
ID_V86OOM,0.03348094749448393,0.014535594352283295,0.018501172303573454,0.03348094749448393,0.014535594352283295,0.018501172303573454
ID_FQ80WS,0.03348094749448393,0.01659581787428912,0.01938481072985385,0.03348094749448393,0.01659581787428912,0.01938481072985385
ID_RDEBO6,0.03348094749448393,0.016674161318693315,0.01938481072985385,0.03348094749448393,0.016674161318693315,0.01938481072985385
ID_NC8O5T,0.0557433957815717,0.1201672256120796,0.29248079464814325,0.0557433957815717,0.1201672256120796,0.29248079464814325
ID_HDPRVI,0.03348094749448393,0.011937501215971062,0.016404551661780765,0.03348094749448393,0.011937501215971062,0.016404551661780765
ID_N9EYVU,0.03348094749448393,0.01599650493161098,0.01930603747565115,0.03348094749448393,0.01599650493161098,0.01930603747565115
ID_JI8Q5T,0.03348094749448393,0.015940591806794295,0.01930603747565115,0.03348094749448393,0.015940591806794295,0.01930603747565115
ID_34Y9DR,0.033405010150043886,0.014482605868984007,0.0190070077549309,0.033405010150043886,0.014482605868984007,0.0190070077549309
ID_E8WY7K,0.033405010150043886,0.014524231373893252,0.019064612033455552,0.033405010150043886,0.014524231373893252,0.019064612033455552
ID_RW510L,0.033405010150043886,0.010183140893832023,0.014535651065884201,0.033405010150043886,0.010183140893832023,0.014535651065884201
ID_1H0I48,0.033405010150043886,0.009962401576008032,0.015828843510375272,0.033405010150043886,0.009962401576008032,0.015828843510375272
ID_EGA5JQ,0.033405010150043886,0.010144126368754797,0.015193529265149395,0.033405010150043886,0.010144126368754797,0.015193529265149395
ID_OTN1F3,0.03348094749448393,0.011428749895077115,0.01703584041302381,0.03348094749448393,0.011428749895077115,0.01703584041302381
ID_QDACDO,0.033405010150043886,0.009805214783370104,0.015077327893149802,0.033405010150043886,0.009805214783370104,0.015077327893149802
ID_ZEMQI5,0.0333286368144836,0.014589112082483851,0.01600711196661113,0.0333286368144836,0.014589112082483851,0.01600711196661113
ID_63M4X7,0.033405010150043886,0.010192854149931624,0.015175167825450865,0.033405010150043886,0.010192854149931624,0.015175167825450865
ID_KR841V,0.0333286368144836,0.015784661254882655,0.01584018609101693,0.0333286368144836,0.015784661254882655,0.01584018609101693
ID_WR0XZG,0.05433578898730493,0.09895294905950841,0.2455151881381809,0.05433578898730493,0.09895294905950841,0.2455151881381809
ID_Z70N5M,0.033405010150043886,0.010194920696146775,0.015185241663055325,0.033405010150043886,0.010194920696146775,0.015185241663055325
ID_PVJLRL,0.033405010150043886,0.0106396789772276,0.015790881408356102,0.033405010150043886,0.0106396789772276,0.015790881408356102
ID_7EDQMR,0.033405010150043886,0.009805214783370104,0.01544941684382133,0.033405010150043886,0.009805214783370104,0.01544941684382133
ID_BU5Z0R,0.033405010150043886,0.010144126368754797,0.015193529265149395,0.033405010150043886,0.010144126368754797,0.015193529265149395
ID_8MRLEX,0.03348094749448393,0.011938935904622621,0.016651225024416152,0.03348094749448393,0.011938935904622621,0.016651225024416152
ID_8JEWLP,0.0333286368144836,0.014591893304062957,0.01584018609101693,0.0333286368144836,0.014591893304062957,0.01584018609101693
ID_CSVCR9,0.03377911239631651,0.011888825715933093,0.01714429097999843,0.03377911239631651,0.011888825715933093,0.01714429097999843
ID_J8IE72,0.033405010150043886,0.014482605868984007,0.0190070077549309,0.033405010150043886,0.014482605868984007,0.0190070077549309
ID_U9P7FY,0.033405010150043886,0.013940835353430958,0.01839802311774719,0.033405010150043886,0.013940835353430958,0.01839802311774719
ID_WSV31O,0.033405010150043886,0.01034856706854179,0.015121757355132359,0.033405010150043886,0.01034856706854179,0.015121757355132359
ID_BBFEO3,0.033405010150043886,0.00973998085585618,0.015385147872369179,0.033405010150043886,0.00973998085585618,0.015385147872369179
ID_4LQISD,0.17454672190778675,0.15851068798298065,0.24640000996403938,0.17454672190778675,0.15851068798298065,0.24640000996403938
ID_N7X5SU,0.033405010150043886,0.009805214783370104,0.01544941684382133,0.033405010150043886,0.009805214783370104,0.01544941684382133
ID_CO0M1V,0.13371018610252505,0.15250805623247424,0.2358488027254473,0.13371018610252505,0.15250805623247424,0.2358488027254473
ID_1TX26Q,0.033405010150043886,0.010143530521507519,0.014929185650461054,0.033405010150043886,0.010143530521507519,0.014929185650461054
ID_YBOUBP,0.03348094749448393,0.011255780785071584,0.016033358684627935,0.03348094749448393,0.011255780785071584,0.016033358684627935
ID_TY7PYV,0.033405010150043886,0.010144126368754797,0.015193529265149395,0.033405010150043886,0.010144126368754797,0.015193529265149395
ID_GFJBOO,0.033405010150043886,0.009805214783370104,0.01544941684382133,0.033405010150043886,0.009805214783370104,0.01544941684382133
ID_0QIEVZ,0.033405010150043886,0.009805214783370104,0.015077327893149802,0.033405010150043886,0.009805214783370104,0.015077327893149802
ID_W7HMMW,0.033405010150043886,0.009719993538612668,0.015419113266771294,0.033405010150043886,0.009719993538612668,0.015419113266771294
ID_2KKV8S,0.076628883504891,0.1256877100054795,0.2986979225802127,0.076628883504891,0.1256877100054795,0.2986979225802127
ID_XPJCQ1,0.033405010150043886,0.013769714723933674,0.018501172303573454,0.033405010150043886,0.013769714723933674,0.018501172303573454
ID_8VQ82J,0.0333286368144836,0.015784661254882655,0.01584018609101693,0.0333286368144836,0.015784661254882655,0.01584018609101693
ID_7YOW0E,0.033405010150043886,0.01466015417551387,0.018962845966154596,0.033405010150043886,0.01466015417551387,0.018962845966154596
ID_LNZ9ED,0.03348094749448393,0.01155168238386641,0.016257885918867353,0.03348094749448393,0.01155168238386641,0.016257885918867353
ID_7M8G3A,0.033405010150043886,0.010103564044032096,0.014970837212129426,0.033405010150043886,0.010103564044032096,0.014970837212129426
ID_REY7Y4,0.033405010150043886,0.010292983562463321,0.015077327893149802,0.033405010150043886,0.010292983562463321,0.015077327893149802
ID_Y4B4O7,0.03348094749448393,0.010946217605873493,0.015193529265149395,0.03348094749448393,0.010946217605873493,0.015193529265149395
ID_71E57J,0.033405010150043886,0.010509701680577497,0.01581490989315046,0.033405010150043886,0.010509701680577497,0.01581490989315046
ID_YS77QO,0.033405010150043886,0.010128174233998009,0.014947930225601713,0.033405010150043886,0.010128174233998009,0.014947930225601713
ID_VP4TIY,0.033405010150043886,0.010194920696146775,0.015185241663055325,0.033405010150043886,0.010194920696146775,0.015185241663055325
ID_0ZSP1X,0.033405010150043886,0.009805214783370104,0.01544941684382133,0.033405010150043886,0.009805214783370104,0.01544941684382133
ID_EQ3DBB,0.033405010150043886,0.009805214783370104,0.015077327893149802,0.033405010150043886,0.009805214783370104,0.015077327893149802
ID_H173PI,0.033405010150043886,0.009785227466126596,0.015107855081098541,0.033405010150043886,0.009785227466126596,0.015107855081098541
ID_DP48N0,0.03348094749448393,0.011866165669811092,0.016651225024416152,0.03348094749448393,0.011866165669811092,0.016651225024416152
ID_NTGPZG,0.1758304918007142,0.12481219329725168,0.23842955514980388,0.1758304918007142,0.12481219329725168,0.23842955514980388
ID_R4BZEG,0.033405010150043886,0.009805214783370104,0.015077327893149802,0.033405010150043886,0.009805214783370104,0.015077327893149802
ID_F4C1ZX,0.033405010150043886,0.010102217322687953,0.014516647676934537,0.033405010150043886,0.010102217322687953,0.014516647676934537
ID_AR4HAO,0.03348094749448393,0.016345283418057906,0.018930590710319804,0.03348094749448393,0.016345283418057906,0.018930590710319804
ID_TJAXJ8,0.05508346556645251,0.07612561846062564,0.2297782922312746,0.05508346556645251,0.07612561846062564,0.2297782922312746
ID_TMKXE2,0.033405010150043886,0.010227749634949396,0.015587413631769288,0.033405010150043886,0.010227749634949396,0.015587413631769288
ID_XO28FQ,0.033405010150043886,0.009805214783370104,0.015077327893149802,0.033405010150043886,0.009805214783370104,0.015077327893149802
ID_UG6RWR,0.03348094749448393,0.01155168238386641,0.016257885918867353,0.03348094749448393,0.01155168238386641,0.016257885918867353
ID_MH9N99,0.033405010150043886,0.009805214783370104,0.015077327893149802,0.033405010150043886,0.009805214783370104,0.015077327893149802
ID_ZWWJ7W,0.03348094749448393,0.015526927437788005,0.019694142819584433,0.03348094749448393,0.015526927437788005,0.019694142819584433
ID_UVRWGM,0.033405010150043886,0.01019494441325169,0.015175167825450865,0.033405010150043886,0.01019494441325169,0.015175167825450865
ID_XKPJF3,0.03348094749448393,0.014535594352283295,0.018501172303573454,0.03348094749448393,0.014535594352283295,0.018501172303573454
ID_B66QBT,0.033405010150043886,0.01466015417551387,0.018962845966154596,0.033405010150043886,0.01466015417551387,0.018962845966154596
ID_868CQL,0.033405010150043886,0.00969620901820279,0.01503904484082439,0.033405010150043886,0.00969620901820279,0.01503904484082439
ID_PKPLAW,0.03377911239631651,0.01110173147889729,0.01640970508007682,0.03377911239631651,0.01110173147889729,0.01640970508007682
ID_Q3035H,0.03348094749448393,0.015417244710087402,0.019107243763392064,0.03348094749448393,0.015417244710087402,0.019107243763392064
ID_Z5AMC6,0.03348094749448393,0.010946217605873493,0.015193529265149395,0.03348094749448393,0.010946217605873493,0.015193529265149395
ID_W0DZUH,0.033405010150043886,0.009805214783370104,0.01544941684382133,0.033405010150043886,0.009805214783370104,0.01544941684382133
ID_HY51VX,0.05433578898730493,0.09895294905950841,0.2455151881381809,0.05433578898730493,0.09895294905950841,0.2455151881381809
ID_GOGWE0,0.03377911239631651,0.01106257905558982,0.016866272174819317,0.03377911239631651,0.01106257905558982,0.016866272174819317
ID_56RYGV,0.08223089447004953,0.09640792388825493,0.2513252998308404,0.08223089447004953,0.09640792388825493,0.2513252998308404
ID_S94Q2Y,0.0333286368144836,0.014591893304062957,0.01584018609101693,0.0333286368144836,0.014591893304062957,0.01584018609101693
ID_YZ2N8C,0.033405010150043886,0.009805214783370104,0.015077327893149802,0.033405010150043886,0.009805214783370104,0.015077327893149802
ID_UGRWIB,0.03348094749448393,0.015882029046770097,0.01930603747565115,0.03348094749448393,0.015882029046770097,0.01930603747565115
ID_N80HPR,0.033405010150043886,0.00973998085585618,0.015385147872369179,0.033405010150043886,0.00973998085585618,0.015385147872369179
ID_3CW0MI,0.033405010150043886,0.010194920696146775,0.015185241663055325,0.033405010150043886,0.010194920696146775,0.015185241663055325
ID_HDCRX0,0.03377911239631651,0.011001569207134231,0.01604878682562142,0.03377911239631651,0.011001569207134231,0.01604878682562142
ID_044W19,0.033405010150043886,0.010393629138231431,0.015033756299610092,0.033405010150043886,0.010393629138231431,0.015033756299610092
ID_R67PHH,0.03348094749448393,0.01585855402663067,0.01982904324372006,0.03348094749448393,0.01585855402663067,0.01982904324372006
ID_TIOYYB,0.033405010150043886,0.014398702037949787,0.01862439145994279,0.033405010150043886,0.014398702037949787,0.01862439145994279
ID_6AVKC3,0.03348094749448393,0.011938935904622621,0.016651225024416152,0.03348094749448393,0.011938935904622621,0.016651225024416152
ID_BEGWIW,0.033405010150043886,0.010103564044032096,0.01449133456892177,0.033405010150043886,0.010103564044032096,0.01449133456892177
ID_9NJBM8,0.03348094749448393,0.015696856452763346,0.0202372545166674,0.03348094749448393,0.015696856452763346,0.0202372545166674
ID_4C1Q9A,0.033405010150043886,0.01434668306736339,0.019107243763392064,0.033405010150043886,0.01434668306736339,0.019107243763392064
ID_8VXM2R,0.03348094749448393,0.014535594352283295,0.018215936506120873,0.03348094749448393,0.014535594352283295,0.018215936506120873
ID_Q617Y8,0.03348094749448393,0.01155168238386641,0.016257885918867353,0.03348094749448393,0.01155168238386641,0.016257885918867353
ID_DT00FS,0.06830900833828642,0.08805785727998537,0.26270400387930587,0.06830900833828642,0.08805785727998537,0.26270400387930587
ID_A9SOTW,0.03348094749448393,0.014802797845233076,0.019216401778672235,0.03348094749448393,0.014802797845233076,0.019216401778672235
ID_DYWKN3,0.03348094749448393,0.012065587651329913,0.016743807972718384,0.03348094749448393,0.012065587651329913,0.016743807972718384
ID_T5W7V2,0.05508346556645251,0.07612561846062564,0.2297782922312746,0.05508346556645251,0.07612561846062564,0.2297782922312746
ID_OYJ407,0.052707997225218364,0.05140215174582402,0.20655157485899475,0.052707997225218364,0.05140215174582402,0.20655157485899475
ID_4APUQG,0.033405010150043886,0.014482605868984007,0.018708483584231387,0.033405010150043886,0.014482605868984007,0.018708483584231387
ID_8X42H1,0.033405010150043886,0.01035971332924918,0.014270500892514007,0.033405010150043886,0.01035971332924918,0.014270500892514007
ID_QQLIOB,0.033405010150043886,0.01008413275076639,0.015647319911896558,0.033405010150043886,0.01008413275076639,0.015647319911896558
ID_49V07R,0.03348094749448393,0.015417244710087402,0.019107243763392064,0.03348094749448393,0.015417244710087402,0.019107243763392064
ID_LW7SED,0.033405010150043886,0.013609984557097615,0.017806272183422935,0.033405010150043886,0.013609984557097615,0.017806272183422935
ID_8ZC0YJ,0.033405010150043886,0.013804912551810343,0.01908935051033861,0.033405010150043886,0.013804912551810343,0.01908935051033861
ID_BLJHKO,0.13526316108793934,0.14558629139386178,0.23607663204194215,0.13526316108793934,0.14558629139386178,0.23607663204194215
ID_4YQQ0B,0.033405010150043886,0.010192854149931624,0.015175167825450865,0.033405010150043886,0.010192854149931624,0.015175167825450865
ID_YUWGLN,0.033405010150043886,0.010218351965214159,0.015185241663055325,0.033405010150043886,0.010218351965214159,0.015185241663055325
ID_D31ZVW,0.177259630906025,0.14407004215768862,0.23842955514980388,0.177259630906025,0.14407004215768862,0.23842955514980388
ID_P1YZ4X,0.033405010150043886,0.009805214783370104,0.015077327893149802,0.033405010150043886,0.009805214783370104,0.015077327893149802
ID_23SIGG,0.1233240171167119,0.5391285788958271,0.6580007809171666,0.1233240171167119,0.5391285788958271,0.6580007809171666
ID_AIAL8Y,0.12571521456001106,0.1814538361776089,0.2612899882434976,0.12571521456001106,0.1814538361776089,0.2612899882434976
ID_TA7IDX,0.033405010150043886,0.00969620901820279,0.01503904484082439,0.033405010150043886,0.00969620901820279,0.01503904484082439
ID_K4V6T1,0.033405010150043886,0.013633791922313059,0.018582801369778,0.033405010150043886,0.013633791922313059,0.018582801369778
ID_SFRXLD,0.03348094749448393,0.01155168238386641,0.016257885918867353,0.03348094749448393,0.01155168238386641,0.016257885918867353
ID_GI1C93,0.033405010150043886,0.00973998085585618,0.015385147872369179,0.033405010150043886,0.00973998085585618,0.015385147872369179
ID_WMD60I,0.033405010150043886,0.010144126368754797,0.015193529265149395,0.033405010150043886,0.010144126368754797,0.015193529265149395
ID_HADVCG,0.03348094749448393,0.015248485497333628,0.01837435795163465,0.03348094749448393,0.015248485497333628,0.01837435795163465
ID_IB0RDU,0.033405010150043886,0.00973998085585618,0.015385147872369179,0.033405010150043886,0.00973998085585618,0.015385147872369179
ID_QVH6R4,0.033405010150043886,0.010144126368754797,0.015193529265149395,0.033405010150043886,0.010144126368754797,0.015193529265149395
ID_C7RAXJ,0.033405010150043886,0.010509701680577497,0.01581490989315046,0.033405010150043886,0.010509701680577497,0.01581490989315046
ID_P2MHXW,0.033405010150043886,0.014482605868984007,0.018708483584231387,0.033405010150043886,0.014482605868984007,0.018708483584231387
ID_YT67RP,0.03348094749448393,0.014802797845233076,0.019216401778672235,0.03348094749448393,0.014802797845233076,0.019216401778672235
ID_G0I7ZK,0.033405010150043886,0.01434668306736339,0.019107243763392064,0.033405010150043886,0.01434668306736339,0.019107243763392064
ID_A43PS9,0.05469533246316584,0.09890355055087616,0.2640174305213922,0.05469533246316584,0.09890355055087616,0.2640174305213922
ID_04V1AG,0.06514210719816371,0.1126614144415715,0.26643980308220894,0.06514210719816371,0.1126614144415715,0.26643980308220894
ID_6KEAHS,0.03377911239631651,0.01155186263980317,0.01719929368114848,0.03377911239631651,0.01155186263980317,0.01719929368114848
ID_HTMQPW,0.03348094749448393,0.015578472611856378,0.018708483584231387,0.03348094749448393,0.015578472611856378,0.018708483584231387
ID_XF0297,0.033405010150043886,0.01434668306736339,0.019044964488990263,0.033405010150043886,0.01434668306736339,0.019044964488990263
ID_D9F7JY,0.03348094749448393,0.01659581787428912,0.01938481072985385,0.03348094749448393,0.01659581787428912,0.01938481072985385
ID_7M63MY,0.033405010150043886,0.013633791922313059,0.018886543043476485,0.033405010150043886,0.013633791922313059,0.018886543043476485
ID_ASOI1C,0.033405010150043886,0.01034856706854179,0.014578625675335516,0.033405010150043886,0.01034856706854179,0.014578625675335516
ID_QWK1QC,0.13371018610252505,0.15250805623247424,0.2358488027254473,0.13371018610252505,0.15250805623247424,0.2358488027254473
ID_K9FTZZ,0.03348094749448393,0.011023466407069228,0.014769085761808742,0.03348094749448393,0.011023466407069228,0.014769085761808742
ID_H8TZYV,0.03348094749448393,0.016193620009391306,0.019249910305718224,0.03348094749448393,0.016193620009391306,0.019249910305718224
ID_EMRQ4T,0.033405010150043886,0.013633791922313059,0.018582801369778,0.033405010150043886,0.013633791922313059,0.018582801369778
ID_HFVMM8,0.033405010150043886,0.010393629138231431,0.015033756299610092,0.033405010150043886,0.010393629138231431,0.015033756299610092
ID_3240TG,0.12571521456001106,0.1814538361776089,0.2612899882434976,0.12571521456001106,0.1814538361776089,0.2612899882434976
ID_YC9T6R,0.03348094749448393,0.015095567717105497,0.019044964488990263,0.03348094749448393,0.015095567717105497,0.019044964488990263
ID_QMXHOW,0.03348094749448393,0.014535594352283295,0.018215936506120873,0.03348094749448393,0.014535594352283295,0.018215936506120873
ID_49CDQ6,0.033405010150043886,0.009805214783370104,0.015077327893149802,0.033405010150043886,0.009805214783370104,0.015077327893149802
ID_5GE0S1,0.033405010150043886,0.009805214783370104,0.015077327893149802,0.033405010150043886,0.009805214783370104,0.015077327893149802
ID_OMU4UR,0.033405010150043886,0.01434668306736339,0.019425504505928826,0.033405010150043886,0.01434668306736339,0.019425504505928826
ID_G44DHO,0.033405010150043886,0.009805214783370104,0.015077327893149802,0.033405010150043886,0.009805214783370104,0.015077327893149802
ID_JU8JNI,0.033405010150043886,0.01434668306736339,0.018741222815291777,0.033405010150043886,0.01434668306736339,0.018741222815291777
ID_1C4G5E,0.033405010150043886,0.010218351965214159,0.015185241663055325,0.033405010150043886,0.010218351965214159,0.015185241663055325
ID_IWBKMP,0.03348094749448393,0.010683512008128351,0.014947930225601713,0.03348094749448393,0.010683512008128351,0.014947930225601713
ID_VKBJCE,0.033405010150043886,0.009805214783370104,0.015077327893149802,0.033405010150043886,0.009805214783370104,0.015077327893149802
ID_3H40OX,0.033405010150043886,0.01434668306736339,0.019425504505928826,0.033405010150043886,0.01434668306736339,0.019425504505928826
ID_8F3PFC,0.03348094749448393,0.01620262374854703,0.01979302200280119,0.03348094749448393,0.01620262374854703,0.01979302200280119
ID_F4HS1L,0.0333286368144836,0.015784661254882655,0.01584018609101693,0.0333286368144836,0.015784661254882655,0.01584018609101693
ID_BZWK10,0.03348094749448393,0.01180173869919238,0.01651928073847897,0.03348094749448393,0.01180173869919238,0.01651928073847897
ID_EEW8DG,0.035968377830028334,0.016589313737948093,0.01938481072985385,0.035968377830028334,0.016589313737948093,0.01938481072985385
ID_HTIWJ2,0.033405010150043886,0.01434668306736339,0.019107243763392064,0.033405010150043886,0.01434668306736339,0.019107243763392064
ID_ZCM6MI,0.033405010150043886,0.013769714723933674,0.018501172303573454,0.033405010150043886,0.013769714723933674,0.018501172303573454
ID_RMH9OL,0.03348094749448393,0.016261186508571227,0.01979302200280119,0.03348094749448393,0.016261186508571227,0.01979302200280119
ID_2TX4D4,0.0333286368144836,0.014591893304062957,0.01584018609101693,0.0333286368144836,0.014591893304062957,0.01584018609101693
ID_7D7P9D,0.03377911239631651,0.011550758817413635,0.01688035551900351,0.03377911239631651,0.011550758817413635,0.01688035551900351
ID_C43FWU,0.033405010150043886,0.010192854149931624,0.015175167825450865,0.033405010150043886,0.010192854149931624,0.015175167825450865
ID_42P9TZ,0.033405010150043886,0.010467168380503732,0.014769085761808742,0.033405010150043886,0.010467168380503732,0.014769085761808742
ID_NCE574,0.033405010150043886,0.00973998085585618,0.015385147872369179,0.033405010150043886,0.00973998085585618,0.015385147872369179
ID_ZJBV7B,0.03348094749448393,0.015315039240691643,0.018788185539165645,0.03348094749448393,0.015315039240691643,0.018788185539165645
ID_2IW233,0.03348094749448393,0.01203523584677893,0.016743807972718384,0.03348094749448393,0.01203523584677893,0.016743807972718384
ID_GQWO42,0.03348094749448393,0.014535594352283295,0.018501172303573454,0.03348094749448393,0.014535594352283295,0.018501172303573454
ID_R6M083,0.03348094749448393,0.010946217605873493,0.015193529265149395,0.03348094749448393,0.010946217605873493,0.015193529265149395
ID_TLY302,0.0333286368144836,0.014591893304062957,0.01584018609101693,0.0333286368144836,0.014591893304062957,0.01584018609101693
ID_LT6OU6,0.033405010150043886,0.01008413275076639,0.016018301505220885,0.033405010150043886,0.01008413275076639,0.016018301505220885
ID_0F7RHU,0.0799807832266104,0.4089051995306443,0.9098174508925252,0.0799807832266104,0.4089051995306443,0.9098174508925252
ID_EDMKFB,0.041857802641345004,0.29410389725113223,0.7027075407691001,0.041857802641345004,0.29410389725113223,0.7027075407691001
ID_25FHZZ,0.041857802641345004,0.2977519934854239,0.7036187819840389,0.041857802641345004,0.2977519934854239,0.7036187819840389
ID_1VP0UC,0.03333092209923598,0.030476526994656902,0.13140039189205294,0.03333092209923598,0.030476526994656902,0.13140039189205294
ID_MQ3635,0.0351812274473378,0.03157795134067104,0.13617228323916264,0.0351812274473378,0.03157795134067104,0.13617228323916264
ID_RHFPED,0.03801693007437719,0.03785744711112367,0.13459575794633716,0.03801693007437719,0.03785744711112367,0.13459575794633716
ID_RHJPOV,0.05355699357250059,0.370333478435585,0.5570570402736174,0.05355699357250059,0.370333478435585,0.5570570402736174
ID_8F379N,0.033405010150043886,0.029101692458309708,0.05292664664484888,0.033405010150043886,0.029101692458309708,0.05292664664484888
ID_LVX4OV,0.04475191541400593,0.3313302177086083,0.7035939311513854,0.04475191541400593,0.3313302177086083,0.7035939311513854
ID_H5M15A,0.162155111827555,0.7598358973847897,0.9623706972900793,0.162155111827555,0.7598358973847897,0.9623706972900793
ID_LEWKQY,0.033405010150043886,0.038917626645866454,0.05532325415080308,0.033405010150043886,0.038917626645866454,0.05532325415080308
ID_DY6IPH,0.04514889406618063,0.3003567878455785,0.6843711550667817,0.04514889406618063,0.3003567878455785,0.6843711550667817
ID_E4DAHN,0.03935466130688665,0.26967596110590064,0.4974760153817913,0.03935466130688665,0.26967596110590064,0.4974760153817913
ID_Z2FP8D,0.0359874554985552,0.05067947796119044,0.1382706938529744,0.0359874554985552,0.05067947796119044,0.1382706938529744
ID_3MQ2M6,0.03745693134728835,0.033103059749109556,0.1352035298140631,0.03745693134728835,0.033103059749109556,0.1352035298140631
ID_44QD5W,0.041857802641345004,0.2977328007770779,0.7036187819840389,0.041857802641345004,0.2977328007770779,0.7036187819840389
ID_41T2UA,0.05667999979403193,0.3492141818427596,0.56829510554686,0.05667999979403193,0.3492141818427596,0.56829510554686
ID_WKIX11,0.0359874554985552,0.05067947796119044,0.1382706938529744,0.0359874554985552,0.05067947796119044,0.1382706938529744
ID_LM76KQ,0.03935466130688665,0.26967596110590064,0.4974760153817913,0.03935466130688665,0.26967596110590064,0.4974760153817913
ID_0YXFYC,0.06289185481468257,0.3633840636544868,0.6194491374768992,0.06289185481468257,0.3633840636544868,0.6194491374768992
ID_WYY6XC,0.039395895436979855,0.03797799292328945,0.1520360057061567,0.039395895436979855,0.03797799292328945,0.1520360057061567
ID_1QBGM5,0.04127074215405728,0.4507892252672825,0.574114507002476,0.04127074215405728,0.4507892252672825,0.574114507002476
ID_L8X1MO,0.04489593465393342,0.28649684759111416,0.6563247550434961,0.04489593465393342,0.28649684759111416,0.6563247550434961
ID_Z8OE4O,0.041857802641345004,0.2977328007770779,0.7036187819840389,0.041857802641345004,0.2977328007770779,0.7036187819840389
ID_PFTRFZ,0.03745693134728835,0.03351320019466016,0.13428439972556785,0.03745693134728835,0.03351320019466016,0.13428439972556785
ID_WFLX1D,0.05355699357250059,0.370333478435585,0.5570570402736174,0.05355699357250059,0.370333478435585,0.5570570402736174
ID_3M1E7H,0.033405010150043886,0.03780114099136392,0.05958276834935821,0.033405010150043886,0.03780114099136392,0.05958276834935821
ID_QBGS5I,0.04127074215405728,0.4507892252672825,0.574114507002476,0.04127074215405728,0.4507892252672825,0.574114507002476
ID_YQA4VN,0.03553329739569459,0.042252720425608736,0.13803229695818192,0.03553329739569459,0.042252720425608736,0.13803229695818192
ID_F0GA7T,0.03553329739569459,0.030402938129351638,0.13032647967502678,0.03553329739569459,0.030402938129351638,0.13032647967502678
ID_HZO9J4,0.0359874554985552,0.05067947796119044,0.1382706938529744,0.0359874554985552,0.05067947796119044,0.1382706938529744
ID_ARK4JP,0.03553329739569459,0.04171263039768194,0.13889651287717023,0.03553329739569459,0.04171263039768194,0.13889651287717023
ID_A8N019,0.05361774411270097,0.0866228642403579,0.29298941726160926,0.05361774411270097,0.0866228642403579,0.29298941726160926
ID_62960A,0.04154264342714228,0.30843683947264816,0.5392392085713653,0.04154264342714228,0.30843683947264816,0.5392392085713653
ID_B8VYG3,0.03745693134728835,0.03351320019466016,0.13428439972556785,0.03745693134728835,0.03351320019466016,0.13428439972556785
ID_DUQWFQ,0.033405010150043886,0.038917626645866454,0.05782257370822032,0.033405010150043886,0.038917626645866454,0.05782257370822032
ID_S27JQO,0.03915250754137402,0.03265135415460897,0.14602064769316161,0.03915250754137402,0.03265135415460897,0.14602064769316161
ID_473RDP,0.033405010150043886,0.03780114099136392,0.05958276834935821,0.033405010150043886,0.03780114099136392,0.05958276834935821
ID_Z1D6V7,0.06111077659799165,0.08537921724339655,0.2946861001775748,0.06111077659799165,0.08537921724339655,0.2946861001775748
ID_YXCK0F,0.03553329739569459,0.05033300372806492,0.1382706938529744,0.03553329739569459,0.05033300372806492,0.1382706938529744
ID_KJ3TCA,0.04154264342714228,0.30208448963031836,0.5392392085713653,0.04154264342714228,0.30208448963031836,0.5392392085713653
ID_7Q07MF,0.03553329739569459,0.049776432405316595,0.13913490977196272,0.03553329739569459,0.049776432405316595,0.13913490977196272
ID_WO830L,0.03745693134728835,0.03351320019466016,0.13428439972556785,0.03745693134728835,0.03351320019466016,0.13428439972556785
ID_JD38LC,0.04489593465393342,0.28649684759111416,0.6563247550434961,0.04489593465393342,0.28649684759111416,0.6563247550434961
ID_4A6IYY,0.03333092209923598,0.041632200954867964,0.13914816826799156,0.03333092209923598,0.041632200954867964,0.13914816826799156
ID_75SAQ1,0.0351812274473378,0.03197553827355293,0.1352150258826662,0.0351812274473378,0.03197553827355293,0.1352150258826662
ID_5OFBIB,0.03745693134728835,0.03351320019466016,0.13428439972556785,0.03745693134728835,0.03351320019466016,0.13428439972556785
ID_ALY7ZZ,0.03745693134728835,0.03351320019466016,0.13428439972556785,0.03745693134728835,0.03351320019466016,0.13428439972556785
ID_00SYAM,0.03553329739569459,0.049776432405316595,0.13913490977196272,0.03553329739569459,0.049776432405316595,0.13913490977196272
ID_RNR77F,0.06787866107072277,0.3654436879376483,0.6194491374768992,0.06787866107072277,0.3654436879376483,0.6194491374768992
ID_ANWPH8,0.04154264342714228,0.30843683947264816,0.5392392085713653,0.04154264342714228,0.30843683947264816,0.5392392085713653
ID_U2WF21,0.033405010150043886,0.03576839302070954,0.053237904907539366,0.033405010150043886,0.03576839302070954,0.053237904907539366
ID_IC7OWJ,0.033405010150043886,0.037993906418255244,0.06050555277679284,0.033405010150043886,0.037993906418255244,0.06050555277679284
ID_5AS1RL,0.12076065038704756,0.6586241142279302,0.9606157624965506,0.12076065038704756,0.6586241142279302,0.9606157624965506
ID_2T7D9G,0.033405010150043886,0.03780114099136392,0.05958276834935821,0.033405010150043886,0.03780114099136392,0.05958276834935821
ID_HJ5KUJ,0.03935466130688665,0.26967596110590064,0.4974760153817913,0.03935466130688665,0.26967596110590064,0.4974760153817913
ID_3GOFCW,0.0359874554985552,0.05067947796119044,0.1382706938529744,0.0359874554985552,0.05067947796119044,0.1382706938529744
ID_7O1I32,0.033405010150043886,0.038917626645866454,0.05532325415080308,0.033405010150043886,0.038917626645866454,0.05532325415080308
ID_WYA35N,0.051749299763655006,0.14936872612033747,0.28819395563361133,0.051749299763655006,0.14936872612033747,0.28819395563361133
ID_W5DHJ2,0.03745693134728835,0.03351320019466016,0.13428439972556785,0.03745693134728835,0.03351320019466016,0.13428439972556785
ID_T05X66,0.05667999979403193,0.3492141818427596,0.5718723265428485,0.05667999979403193,0.3492141818427596,0.5718723265428485
ID_CRM4RV,0.04475191541400593,0.3313302177086083,0.7035939311513854,0.04475191541400593,0.3313302177086083,0.7035939311513854
ID_ITNBRH,0.041857802641345004,0.2977328007770779,0.7036187819840389,0.041857802641345004,0.2977328007770779,0.7036187819840389
ID_UYPZ03,0.041857802641345004,0.2977328007770779,0.7036187819840389,0.041857802641345004,0.2977328007770779,0.7036187819840389
ID_PNZ4JF,0.03333092209923598,0.041092110926941164,0.14004837476914242,0.03333092209923598,0.041092110926941164,0.14004837476914242
ID_F91RCT,0.04127074215405728,0.4507892252672825,0.574114507002476,0.04127074215405728,0.4507892252672825,0.574114507002476
ID_3XSANB,0.03745693134728835,0.03351320019466016,0.13428439972556785,0.03745693134728835,0.03351320019466016,0.13428439972556785
ID_6J7QV5,0.0359874554985552,0.05067947796119044,0.1382706938529744,0.0359874554985552,0.05067947796119044,0.1382706938529744
ID_P30MQ0,0.0351812274473378,0.03320057845402301,0.1364043384501936,0.0351812274473378,0.03320057845402301,0.1364043384501936
ID_JST03I,0.04646853450741114,0.04980461036776407,0.14834046737346326,0.04646853450741114,0.04980461036776407,0.14834046737346326
ID_Z94PSF,0.03745693134728835,0.03351320019466016,0.13428439972556785,0.03745693134728835,0.03351320019466016,0.13428439972556785
ID_OJ2LYR,0.07136860706016021,0.38597550645600837,0.6289425810130537,0.07136860706016021,0.38597550645600837,0.6289425810130537
ID_GZ2CK3,0.0359874554985552,0.05049524827096121,0.1401282959886534,0.0359874554985552,0.05049524827096121,0.1401282959886534
ID_KNUO6I,0.037126855323441905,0.026809373184366315,0.026684709013956524,0.037126855323441905,0.026809373184366315,0.026684709013956524
ID_DOW1PY,0.035998345700810654,0.0300905629998073,0.025479988661039673,0.035998345700810654,0.0300905629998073,0.025479988661039673
ID_HWML2X,0.035681476165769783,0.030058948392860465,0.025963208392829937,0.035681476165769783,0.030058948392860465,0.025963208392829937
ID_EVIF8F,0.037126855323441905,0.03127093928156711,0.02879078955508592,0.037126855323441905,0.03127093928156711,0.02879078955508592
ID_ENM2XK,0.037126855323441905,0.027086245817986087,0.027145861554132865,0.037126855323441905,0.027086245817986087,0.027145861554132865
ID_48WC8Z,0.040534031116894326,0.04328322211530305,0.06396026268889275,0.040534031116894326,0.04328322211530305,0.06396026268889275
ID_D326DS,0.035998345700810654,0.0300905629998073,0.026461509381263272,0.035998345700810654,0.0300905629998073,0.026461509381263272
ID_USYVL3,0.040534031116894326,0.04312387458922094,0.06873990913998607,0.040534031116894326,0.04312387458922094,0.06873990913998607
ID_5TKD3W,0.037126855323441905,0.026809373184366315,0.026684709013956524,0.037126855323441905,0.026809373184366315,0.026684709013956524
ID_0JC6LT,0.035681476165769783,0.026294972323943018,0.02577877460638743,0.035681476165769783,0.026294972323943018,0.02577877460638743
ID_INW8YA,0.040534031116894326,0.04371959879151474,0.0694537535848313,0.040534031116894326,0.04371959879151474,0.0694537535848313
ID_ICQGA8,0.040534031116894326,0.04312387458922094,0.06873990913998607,0.040534031116894326,0.04312387458922094,0.06873990913998607
ID_IWB0AZ,0.040534031116894326,0.04371959879151474,0.0694537535848313,0.040534031116894326,0.04371959879151474,0.0694537535848313
ID_GS6GIY,0.035681476165769783,0.039508000334236806,0.0271071030674574,0.035681476165769783,0.039508000334236806,0.0271071030674574
ID_YYMTTZ,0.040534031116894326,0.04312387458922094,0.06873990913998607,0.040534031116894326,0.04312387458922094,0.06873990913998607
ID_WNL2AW,0.040534031116894326,0.04327078661599038,0.06552565137647325,0.040534031116894326,0.04327078661599038,0.06552565137647325
ID_WIPE3M,0.03645503517301747,0.02425781005272967,0.026576151541755758,0.03645503517301747,0.02425781005272967,0.026576151541755758
ID_475RRJ,0.03645503517301747,0.03127093928156711,0.029913317447803095,0.03645503517301747,0.03127093928156711,0.029913317447803095
ID_78W3J6,0.040534031116894326,0.04330714360843009,0.0666306631532185,0.040534031116894326,0.04330714360843009,0.0666306631532185
ID_7I6AN6,0.18322847248312873,0.6025601459728173,0.8021565870583902,0.18322847248312873,0.6025601459728173,0.8021565870583902
ID_M32EDR,0.035998345700810654,0.03660672598836018,0.024833568136491686,0.035998345700810654,0.03660672598836018,0.024833568136491686
ID_9AIPRL,0.040534031116894326,0.038626655952635924,0.062456729638589344,0.040534031116894326,0.038626655952635924,0.062456729638589344
ID_LZ4OU6,0.035998345700810654,0.02631999867009555,0.025849340374629663,0.035998345700810654,0.02631999867009555,0.025849340374629663
ID_PR92PR,0.038586404151118955,0.03119457643096458,0.03249996560355961,0.038586404151118955,0.03119457643096458,0.03249996560355961
ID_6E3A6Z,0.03645503517301747,0.026809373184366315,0.027724689854289768,0.03645503517301747,0.026809373184366315,0.027724689854289768
ID_X41NOX,0.040534031116894326,0.04312387458922094,0.06873990913998607,0.040534031116894326,0.04312387458922094,0.06873990913998607
ID_FI825B,0.040534031116894326,0.04260327528511658,0.05870605205545226,0.040534031116894326,0.04260327528511658,0.05870605205545226
ID_89CEYW,0.035998345700810654,0.02631999867009555,0.024833568136491686,0.035998345700810654,0.02631999867009555,0.024833568136491686
ID_7BTHXK,0.035681476165769783,0.030058948392860465,0.025963208392829937,0.035681476165769783,0.030058948392860465,0.025963208392829937
ID_QZP05P,0.040534031116894326,0.04361088558622057,0.0694537535848313,0.040534031116894326,0.04361088558622057,0.0694537535848313
ID_PDTOSK,0.037126855323441905,0.028495137696233006,0.03194341425835359,0.037126855323441905,0.028495137696233006,0.03194341425835359
ID_JSWVHL,0.035998345700810654,0.0300905629998073,0.025479988661039673,0.035998345700810654,0.0300905629998073,0.025479988661039673
ID_0PDI5J,0.04194359586693872,0.047015202230906494,0.07391153983223858,0.04194359586693872,0.047015202230906494,0.07391153983223858
ID_B8EFZT,0.035681476165769783,0.030058948392860465,0.026985017451819943,0.035681476165769783,0.030058948392860465,0.026985017451819943
ID_2WABYN,0.040534031116894326,0.041270002218918356,0.062456729638589344,0.040534031116894326,0.041270002218918356,0.062456729638589344
ID_JG81AP,0.03645503517301747,0.026809373184366315,0.027724689854289768,0.03645503517301747,0.026809373184366315,0.027724689854289768
ID_HWS14O,0.040534031116894326,0.04242565471015458,0.0666306631532185,0.040534031116894326,0.04242565471015458,0.0666306631532185
ID_O4F4HX,0.040534031116894326,0.04332558113904808,0.06396026268889275,0.040534031116894326,0.04332558113904808,0.06396026268889275
ID_19G3H2,0.040534031116894326,0.04242565471015458,0.0666306631532185,0.040534031116894326,0.04242565471015458,0.0666306631532185
ID_DVT2Y2,0.04194359586693872,0.038150133708212935,0.0680116454406987,0.04194359586693872,0.038150133708212935,0.0680116454406987
ID_6R6JX6,0.040534031116894326,0.04312387458922094,0.06873990913998607,0.040534031116894326,0.04312387458922094,0.06873990913998607
ID_OWEKY6,0.037126855323441905,0.02425781005272967,0.02557541994896456,0.037126855323441905,0.02425781005272967,0.02557541994896456
ID_5CKDQ8,0.037126855323441905,0.03127093928156711,0.02879078955508592,0.037126855323441905,0.03127093928156711,0.02879078955508592
ID_OJSWXZ,0.03645503517301747,0.026809373184366315,0.027724689854289768,0.03645503517301747,0.026809373184366315,0.027724689854289768
ID_WH760F,0.040534031116894326,0.04242565471015458,0.0666306631532185,0.040534031116894326,0.04242565471015458,0.0666306631532185
ID_I2QI8W,0.04194359586693872,0.043282079752985536,0.07168198539918264,0.04194359586693872,0.043282079752985536,0.07168198539918264
ID_ZUZ5IB,0.037126855323441905,0.0239466851927743,0.02535078535913419,0.037126855323441905,0.0239466851927743,0.02535078535913419
ID_S21QRP,0.040534031116894326,0.03629704324399158,0.06006708189969891,0.040534031116894326,0.03629704324399158,0.06006708189969891
ID_NC0DIX,0.040534031116894326,0.04242565471015458,0.0666306631532185,0.040534031116894326,0.04242565471015458,0.0666306631532185
ID_R76V65,0.040534031116894326,0.0423504849995255,0.0666306631532185,0.040534031116894326,0.0423504849995255,0.0666306631532185
ID_HKYOVX,0.040534031116894326,0.04366437043781453,0.0694537535848313,0.040534031116894326,0.04366437043781453,0.0694537535848313
ID_EZT9L4,0.035998345700810654,0.041369120337205946,0.026587110568000505,0.035998345700810654,0.041369120337205946,0.026587110568000505
ID_I8C23T,0.040534031116894326,0.04327078661599038,0.06552565137647325,0.040534031116894326,0.04327078661599038,0.06552565137647325
ID_UCBT8P,0.040534031116894326,0.04327078661599038,0.06552565137647325,0.040534031116894326,0.04327078661599038,0.06552565137647325
ID_4EFHFH,0.03739767792871515,0.03127368994059319,0.03165947502415996,0.03739767792871515,0.03127368994059319,0.03165947502415996
ID_WJZODY,0.037126855323441905,0.03127093928156711,0.02879078955508592,0.037126855323441905,0.03127093928156711,0.02879078955508592
ID_5O4DK2,0.037126855323441905,0.03127093928156711,0.02879078955508592,0.037126855323441905,0.03127093928156711,0.02879078955508592
ID_1QQANC,0.040534031116894326,0.04323009857958833,0.0694537535848313,0.040534031116894326,0.04323009857958833,0.0694537535848313
ID_GW57CP,0.03645503517301747,0.02558699292762122,0.02822727649753969,0.03645503517301747,0.02558699292762122,0.02822727649753969
ID_V5IB8S,0.037126855323441905,0.0239466851927743,0.02535078535913419,0.037126855323441905,0.0239466851927743,0.02535078535913419
ID_6RK6HI,0.18322847248312873,0.6025601459728173,0.8021565870583902,0.18322847248312873,0.6025601459728173,0.8021565870583902
ID_WR3P0Q,0.040534031116894326,0.04180523256870671,0.05948069051384952,0.040534031116894326,0.04180523256870671,0.05948069051384952
ID_DHHPAZ,0.040534031116894326,0.04312387458922094,0.06873990913998607,0.040534031116894326,0.04312387458922094,0.06873990913998607
ID_0919CJ,0.040534031116894326,0.04242565471015458,0.0666306631532185,0.040534031116894326,0.04242565471015458,0.0666306631532185
ID_J841FF,0.040534031116894326,0.04327078661599038,0.06396026268889275,0.040534031116894326,0.04327078661599038,0.06396026268889275
ID_KL7CZ1,0.040534031116894326,0.04327078661599038,0.06396026268889275,0.040534031116894326,0.04327078661599038,0.06396026268889275
ID_N8STMV,0.035998345700810654,0.02631999867009555,0.024833568136491686,0.035998345700810654,0.02631999867009555,0.024833568136491686
ID_C1JCO4,0.037126855323441905,0.02558699292762122,0.027145861554132865,0.037126855323441905,0.02558699292762122,0.027145861554132865
ID_4KNGLU,0.03645503517301747,0.02425781005272967,0.026576151541755758,0.03645503517301747,0.02425781005272967,0.026576151541755758
ID_LJ63XA,0.037126855323441905,0.026809373184366315,0.026684709013956524,0.037126855323441905,0.026809373184366315,0.026684709013956524
ID_KI0M9B,0.040534031116894326,0.04330714360843009,0.0666306631532185,0.040534031116894326,0.04330714360843009,0.0666306631532185
ID_BMD6D9,0.040534031116894326,0.036268878758706866,0.06006708189969891,0.040534031116894326,0.036268878758706866,0.06006708189969891
ID_QSILOT,0.037126855323441905,0.026809373184366315,0.026684709013956524,0.037126855323441905,0.026809373184366315,0.026684709013956524
ID_K0TAT7,0.035681476165769783,0.026294972323943018,0.02485303834751349,0.035681476165769783,0.026294972323943018,0.02485303834751349
ID_ZM6SCU,0.037126855323441905,0.026809373184366315,0.026684709013956524,0.037126855323441905,0.026809373184366315,0.026684709013956524
ID_2EUTBC,0.04194359586693872,0.042216110087157456,0.06710902680772872,0.04194359586693872,0.042216110087157456,0.06710902680772872
ID_H4EEPQ,0.035998345700810654,0.0300905629998073,0.026461509381263272,0.035998345700810654,0.0300905629998073,0.026461509381263272
ID_GPGXMS,0.035998345700810654,0.0300905629998073,0.025479988661039673,0.035998345700810654,0.0300905629998073,0.025479988661039673
ID_OWB724,0.035681476165769783,0.030058948392860465,0.025963208392829937,0.035681476165769783,0.030058948392860465,0.025963208392829937
ID_8XK367,0.04194359586693872,0.047015202230906494,0.07391153983223858,0.04194359586693872,0.047015202230906494,0.07391153983223858
ID_11KV3S,0.040534031116894326,0.04242565471015458,0.0666306631532185,0.040534031116894326,0.04242565471015458,0.0666306631532185
ID_QWOZQ4,0.040534031116894326,0.04323009857958833,0.0694537535848313,0.040534031116894326,0.04323009857958833,0.0694537535848313
ID_F6BTEU,0.035681476165769783,0.039508000334236806,0.0271071030674574,0.035681476165769783,0.039508000334236806,0.0271071030674574
ID_WUQWL2,0.040534031116894326,0.04344519423457817,0.0666306631532185,0.040534031116894326,0.04344519423457817,0.0666306631532185
ID_2LDNB9,0.035681476165769783,0.02971800069974471,0.026461509381263272,0.035681476165769783,0.02971800069974471,0.026461509381263272
ID_CKGVN9,0.040534031116894326,0.04344519423457817,0.0666306631532185,0.040534031116894326,0.04344519423457817,0.0666306631532185
ID_BBB09D,0.038586404151118955,0.03447547961173292,0.03388336581752801,0.038586404151118955,0.03447547961173292,0.03388336581752801
ID_KF1S3W,0.2548798793157672,0.6333659021752078,0.8027449832281319,0.2548798793157672,0.6333659021752078,0.8027449832281319
ID_O79B2I,0.040534031116894326,0.04327078661599038,0.06552565137647325,0.040534031116894326,0.04327078661599038,0.06552565137647325
ID_VV9U6R,0.038586404151118955,0.03447547961173292,0.03388336581752801,0.038586404151118955,0.03447547961173292,0.03388336581752801
ID_YJYMCF,0.040534031116894326,0.04399819240279273,0.0674278805547867,0.040534031116894326,0.04399819240279273,0.0674278805547867
ID_JR89XU,0.037126855323441905,0.03127093928156711,0.02879078955508592,0.037126855323441905,0.03127093928156711,0.02879078955508592
ID_BKQMY3,0.037126855323441905,0.026809373184366315,0.026684709013956524,0.037126855323441905,0.026809373184366315,0.026684709013956524
ID_WGZT3N,0.04194359586693872,0.04246691311748976,0.0658937180999515,0.04194359586693872,0.04246691311748976,0.0658937180999515
ID_O53XSO,0.040534031116894326,0.0442074232244474,0.06873990913998607,0.040534031116894326,0.0442074232244474,0.06873990913998607
ID_4B4BTZ,0.040534031116894326,0.03844755540312449,0.062456729638589344,0.040534031116894326,0.03844755540312449,0.062456729638589344
ID_1UBHGG,0.037126855323441905,0.027086245817986087,0.027145861554132865,0.037126855323441905,0.027086245817986087,0.027145861554132865
ID_9TPR5H,0.037126855323441905,0.03127093928156711,0.02879078955508592,0.037126855323441905,0.03127093928156711,0.02879078955508592
ID_PHORWR,0.035681476165769783,0.026294972323943018,0.02577877460638743,0.035681476165769783,0.026294972323943018,0.02577877460638743
ID_8LZPFU,0.035681476165769783,0.030058948392860465,0.026985017451819943,0.035681476165769783,0.030058948392860465,0.026985017451819943
ID_EELQZS,0.037126855323441905,0.02558699292762122,0.027145861554132865,0.037126855323441905,0.02558699292762122,0.027145861554132865
ID_R92G3Q,0.040534031116894326,0.04366437043781453,0.0694537535848313,0.040534031116894326,0.04366437043781453,0.0694537535848313
ID_KT51IW,0.17389773052270127,0.538941982836158,0.7165444361025461,0.17389773052270127,0.538941982836158,0.7165444361025461
ID_Y5D83X,0.03645503517301747,0.02558699292762122,0.02822727649753969,0.03645503517301747,0.02558699292762122,0.02822727649753969
ID_NNYC99,0.035681476165769783,0.030058948392860465,0.026985017451819943,0.035681476165769783,0.030058948392860465,0.026985017451819943
ID_H7MJ3S,0.035998345700810654,0.0300905629998073,0.026461509381263272,0.035998345700810654,0.0300905629998073,0.026461509381263272
ID_CIHIWL,0.03645503517301747,0.02558699292762122,0.02822727649753969,0.03645503517301747,0.02558699292762122,0.02822727649753969
ID_ZYM82A,0.03645503517301747,0.02425781005272967,0.026576151541755758,0.03645503517301747,0.02425781005272967,0.026576151541755758
ID_HCCTFN,0.035681476165769783,0.02674754989394095,0.02621937671955766,0.035681476165769783,0.02674754989394095,0.02621937671955766
ID_71RVRZ,0.040534031116894326,0.042637797695589646,0.05849777242913055,0.040534031116894326,0.042637797695589646,0.05849777242913055
ID_PZHU8F,0.18253435926829856,0.60845559648175,0.8038562448268896,0.18253435926829856,0.60845559648175,0.8038562448268896
ID_1DWT84,0.16510844188176774,0.5951283231928958,0.8120534399351365,0.16510844188176774,0.5951283231928958,0.8120534399351365
ID_5I0I2K,0.037126855323441905,0.02425781005272967,0.02557541994896456,0.037126855323441905,0.02425781005272967,0.02557541994896456
ID_ZY3YB7,0.040534031116894326,0.04366437043781453,0.06552565137647325,0.040534031116894326,0.04366437043781453,0.06552565137647325
ID_OZV41J,0.040534031116894326,0.03844755540312449,0.062456729638589344,0.040534031116894326,0.03844755540312449,0.062456729638589344
ID_Q0SPQ2,0.037126855323441905,0.026809373184366315,0.026684709013956524,0.037126855323441905,0.026809373184366315,0.026684709013956524
ID_X5CALQ,0.035998345700810654,0.02631999867009555,0.025849340374629663,0.035998345700810654,0.02631999867009555,0.025849340374629663
ID_ZLSF1Q,0.035998345700810654,0.02631999867009555,0.024833568136491686,0.035998345700810654,0.02631999867009555,0.024833568136491686
ID_X0QGMF,0.035681476165769783,0.026517640403259234,0.02378506774990636,0.035681476165769783,0.026517640403259234,0.02378506774990636
ID_P3URU3,0.037126855323441905,0.0239466851927743,0.02535078535913419,0.037126855323441905,0.0239466851927743,0.02535078535913419
ID_WD7CSJ,0.04194359586693872,0.047015202230906494,0.07391153983223858,0.04194359586693872,0.047015202230906494,0.07391153983223858
ID_OP2YUN,0.040534031116894326,0.0423504849995255,0.0666306631532185,0.040534031116894326,0.0423504849995255,0.0666306631532185
ID_TS28A2,0.035998345700810654,0.0300905629998073,0.026461509381263272,0.035998345700810654,0.0300905629998073,0.026461509381263272
ID_EUSUFK,0.035681476165769783,0.030058948392860465,0.026985017451819943,0.035681476165769783,0.030058948392860465,0.026985017451819943
ID_VTZ497,0.2298660549933616,0.6165861074790945,0.7878312586884185,0.2298660549933616,0.6165861074790945,0.7878312586884185
ID_KJVX1G,0.040534031116894326,0.04330714360843009,0.0666306631532185,0.040534031116894326,0.04330714360843009,0.0666306631532185
ID_25E701,0.040534031116894326,0.04312387458922094,0.06873990913998607,0.040534031116894326,0.04312387458922094,0.06873990913998607
ID_U9FC9H,0.040534031116894326,0.04097295687073958,0.062456729638589344,0.040534031116894326,0.04097295687073958,0.062456729638589344
ID_0KWKO6,0.035681476165769783,0.026294972323943018,0.02577877460638743,0.035681476165769783,0.026294972323943018,0.02577877460638743
ID_NA80NQ,0.04194359586693872,0.04049474974107713,0.07168198539918264,0.04194359586693872,0.04049474974107713,0.07168198539918264
ID_SEZMK4,0.040534031116894326,0.04327078661599038,0.06552565137647325,0.040534031116894326,0.04327078661599038,0.06552565137647325
ID_EUISRV,0.035998345700810654,0.028647610730581925,0.03139141510832155,0.035998345700810654,0.028647610730581925,0.03139141510832155
ID_5XO6JY,0.035998345700810654,0.02328047841056453,0.02353308900459109,0.035998345700810654,0.02328047841056453,0.02353308900459109
ID_EK7ZWC,0.035998345700810654,0.02328047841056453,0.02353308900459109,0.035998345700810654,0.02328047841056453,0.02353308900459109
ID_V796K5,0.04795970222074579,0.04717724801358535,0.07153374829697844,0.04795970222074579,0.04717724801358535,0.07153374829697844
ID_Y827KG,0.04724739150506447,0.0409007990020326,0.07054850788102049,0.04724739150506447,0.0409007990020326,0.07054850788102049
ID_2HM4QW,0.04724739150506447,0.0409007990020326,0.07054850788102049,0.04724739150506447,0.0409007990020326,0.07054850788102049
ID_SCXJL3,0.04724739150506447,0.0409007990020326,0.07054850788102049,0.04724739150506447,0.0409007990020326,0.07054850788102049
ID_JZPTYE,0.05395452318998979,0.04531957989687386,0.08351838833365276,0.05395452318998979,0.04531957989687386,0.08351838833365276
ID_Q2IGYG,0.047994823733579356,0.04750759931210333,0.0737480174766398,0.047994823733579356,0.04750759931210333,0.0737480174766398
ID_M4NSBL,0.047994823733579356,0.04781962902732305,0.07203919842116048,0.047994823733579356,0.04781962902732305,0.07203919842116048
ID_ZEY77T,0.047282513017898035,0.04393625653783785,0.07108907899047642,0.047282513017898035,0.04393625653783785,0.07108907899047642
ID_0GZHJB,0.05395452318998979,0.04531957989687386,0.08351838833365276,0.05395452318998979,0.04531957989687386,0.08351838833365276
ID_O98AFI,0.04724739150506447,0.03783599475446542,0.06713797894414582,0.04724739150506447,0.03783599475446542,0.06713797894414582
ID_GTVZ8B,0.04724739150506447,0.0409007990020326,0.07054850788102049,0.04724739150506447,0.0409007990020326,0.07054850788102049
ID_TUWRO6,0.047282513017898035,0.04165216216977348,0.07331106294986148,0.047282513017898035,0.04165216216977348,0.07331106294986148
ID_53NI04,0.047282513017898035,0.04440064133276864,0.07331106294986148,0.047282513017898035,0.04440064133276864,0.07331106294986148
ID_G8ISGB,0.04795970222074579,0.04717724801358535,0.06982492924149912,0.04795970222074579,0.04717724801358535,0.06982492924149912
ID_NO0C5D,0.047282513017898035,0.04165216216977348,0.07331106294986148,0.047282513017898035,0.04165216216977348,0.07331106294986148
ID_HPAY1U,0.04724739150506447,0.0409007990020326,0.07054850788102049,0.04724739150506447,0.0409007990020326,0.07054850788102049
ID_VYY1I9,0.047282513017898035,0.04165216216977348,0.07331106294986148,0.047282513017898035,0.04165216216977348,0.07331106294986148
ID_05VYW1,0.047282513017898035,0.04165216216977348,0.07331106294986148,0.047282513017898035,0.04165216216977348,0.07331106294986148
ID_QMN5FR,0.05395452318998979,0.04531957989687386,0.08351838833365276,0.05395452318998979,0.04531957989687386,0.08351838833365276
ID_DTD1QY,0.05395452318998979,0.04531957989687386,0.08351838833365276,0.05395452318998979,0.04531957989687386,0.08351838833365276
ID_3HTURM,0.047282513017898035,0.03852921704877075,0.06864806310027616,0.047282513017898035,0.03852921704877075,0.06864806310027616
ID_58WL51,0.053919401677156226,0.0445895429897879,0.08037201741429137,0.053919401677156226,0.0445895429897879,0.08037201741429137
ID_EWS3VY,0.053919401677156226,0.0445895429897879,0.08037201741429137,0.053919401677156226,0.0445895429897879,0.08037201741429137
ID_WIZJEA,0.04724739150506447,0.03783599475446542,0.06713797894414582,0.04724739150506447,0.03783599475446542,0.06713797894414582
ID_3TOQ4O,0.047282513017898035,0.04165216216977348,0.07331106294986148,0.047282513017898035,0.04165216216977348,0.07331106294986148
ID_065SOK,0.6788854686917761,0.9323925229271061,0.9558774894175228,0.6788854686917761,0.9323925229271061,0.9558774894175228
ID_U016SO,0.6623449926402002,0.8400632595136723,0.9575655492466078,0.6623449926402002,0.8400632595136723,0.9575655492466078
ID_CNKSHK,0.6692561358959074,0.8205843135185233,0.8010401701464442,0.6692561358959074,0.8205843135185233,0.8010401701464442
ID_Z84N1L,0.6797928184855002,0.9504587961164366,0.9687458482662284,0.6797928184855002,0.9504587961164366,0.9687458482662284
ID_R0KEPU,0.6780263399383079,0.9440345286962906,0.9587636541464666,0.6780263399383079,0.9440345286962906,0.9587636541464666
ID_Y7BC44,0.6875397923962409,0.9199784432052518,0.9361475931895265,0.6875397923962409,0.9199784432052518,0.9361475931895265
ID_8TH4YE,0.6582232381984348,0.8363628137949248,0.9329800469393559,0.6582232381984348,0.8363628137949248,0.9329800469393559
ID_HRAQSM,0.03564019382601418,0.01948347387954813,0.03817490244556156,0.03564019382601418,0.01948347387954813,0.03817490244556156
ID_UZLDLE,0.03564019382601418,0.020630033075869348,0.03961492810307923,0.03564019382601418,0.020630033075869348,0.03961492810307923
ID_6IHIP0,0.0344950902691338,0.017677047870577955,0.0386795174840951,0.0344950902691338,0.017677047870577955,0.0386795174840951
ID_J0QHSL,0.03583232334286032,0.021353700083607343,0.014662843113360422,0.03583232334286032,0.021353700083607343,0.014662843113360422
ID_HBC5QX,0.03346002649626925,0.01797331123971843,0.03701519081629661,0.03346002649626925,0.01797331123971843,0.03701519081629661
ID_J3EJ0R,0.03346002649626925,0.018407938112972564,0.037115420486338306,0.03346002649626925,0.018407938112972564,0.037115420486338306
ID_HO7OER,0.03346002649626925,0.01982532084516341,0.03701519081629661,0.03346002649626925,0.01982532084516341,0.03701519081629661
ID_ZM023T,0.0344950902691338,0.017679432788952985,0.0386795174840951,0.0344950902691338,0.017679432788952985,0.0386795174840951
ID_1ANEBT,0.036110389327048346,0.14638431476765593,0.06676955821304337,0.036110389327048346,0.14638431476765593,0.06676955821304337
ID_OGR2VR,0.037308961323675977,0.018064692299009297,0.04113351890035279,0.037308961323675977,0.018064692299009297,0.04113351890035279
ID_9B87OV,0.10254446753712798,0.3846043964311756,0.6677719516513239,0.10254446753712798,0.3846043964311756,0.6677719516513239
ID_HJT0CJ,0.036110389327048346,0.14638431476765593,0.06676955821304337,0.036110389327048346,0.14638431476765593,0.06676955821304337
ID_775Y66,0.10188299520615485,0.3629853668345374,0.6378974510454968,0.10188299520615485,0.3629853668345374,0.6378974510454968
ID_Q04AX8,0.034382668520290004,0.04807228112339756,0.02346842115361684,0.034382668520290004,0.04807228112339756,0.02346842115361684
ID_VXCY4G,0.037308961323675977,0.017541850937650927,0.04113351890035279,0.037308961323675977,0.017541850937650927,0.04113351890035279
ID_SSO9SH,0.0344950902691338,0.017683392162053065,0.038804976320533244,0.0344950902691338,0.017683392162053065,0.038804976320533244
ID_RIZUYK,0.03346002649626925,0.017977676635087536,0.037115420486338306,0.03346002649626925,0.017977676635087536,0.037115420486338306
ID_S6WJDK,0.03564019382601418,0.01895169528540475,0.03961492810307923,0.03564019382601418,0.01895169528540475,0.03961492810307923
ID_K59VOO,0.03564019382601418,0.019646908155520226,0.038037280878005134,0.03564019382601418,0.019646908155520226,0.038037280878005134
ID_DHVX41,0.03357568688596541,0.01827464587459553,0.01402442884369616,0.03357568688596541,0.01827464587459553,0.01402442884369616
ID_GBOV5S,0.0344950902691338,0.017682950530003443,0.038804976320533244,0.0344950902691338,0.017682950530003443,0.038804976320533244
ID_06KAJU,0.10792196696690537,0.3696785363575877,0.6563864339661997,0.10792196696690537,0.3696785363575877,0.6563864339661997
ID_04DJLK,0.0344950902691338,0.017677047870577955,0.0386795174840951,0.0344950902691338,0.017677047870577955,0.0386795174840951
ID_I85AHY,0.03564019382601418,0.019646908155520226,0.038037280878005134,0.03564019382601418,0.019646908155520226,0.038037280878005134
ID_W5OFQ8,0.03346002649626925,0.018407938112972564,0.037115420486338306,0.03346002649626925,0.018407938112972564,0.037115420486338306
ID_ROZN49,0.037308961323675977,0.01837691692198882,0.03966216153998433,0.037308961323675977,0.01837691692198882,0.03966216153998433
ID_O99TDC,0.037308961323675977,0.017541850937650927,0.04113351890035279,0.037308961323675977,0.017541850937650927,0.04113351890035279
ID_9VAPA3,0.033452239981902436,0.014177437855021405,0.012318695807891382,0.033452239981902436,0.014177437855021405,0.012318695807891382
ID_9Q3QYV,0.03346002649626925,0.017977676635087536,0.037115420486338306,0.03346002649626925,0.017977676635087536,0.037115420486338306
ID_VCDH1M,0.037308961323675977,0.01837611786129974,0.03966216153998433,0.037308961323675977,0.01837611786129974,0.03966216153998433
ID_1UREW6,0.0344950902691338,0.017679784562006192,0.03774832717837499,0.0344950902691338,0.017679784562006192,0.03774832717837499
ID_NHXVVR,0.037308961323675977,0.01754088190892222,0.04113351890035279,0.037308961323675977,0.01754088190892222,0.04113351890035279
ID_HYYD9X,0.03533404331591741,0.04799152474559698,0.023487616248875912,0.03533404331591741,0.04799152474559698,0.023487616248875912
ID_S9EWZ6,0.033452239981902436,0.014175505729041379,0.012318695807891382,0.033452239981902436,0.014175505729041379,0.012318695807891382
ID_3OK7WP,0.03564019382601418,0.01948347387954813,0.03817490244556156,0.03564019382601418,0.01948347387954813,0.03817490244556156
ID_NZU26W,0.036110389327048346,0.1475157258395155,0.07287509515597405,0.036110389327048346,0.1475157258395155,0.07287509515597405
ID_QSKDPI,0.037308961323675977,0.01837611786129974,0.03966216153998433,0.037308961323675977,0.01837611786129974,0.03966216153998433
ID_AUEQB1,0.032253667985274806,0.03617515235495437,0.01825396149683431,0.032253667985274806,0.03617515235495437,0.01825396149683431
ID_1KJ6HF,0.035581240516917634,0.015154373517662276,0.012705679712532298,0.035581240516917634,0.015154373517662276,0.012705679712532298
ID_9T9YY4,0.033452239981902436,0.014178150214991428,0.012318695807891382,0.033452239981902436,0.014178150214991428,0.012318695807891382
ID_DCQ2HB,0.037308961323675977,0.018064692299009297,0.04113351890035279,0.037308961323675977,0.018064692299009297,0.04113351890035279
ID_ZNSKYP,0.037308961323675977,0.017506068434434398,0.03979326173928108,0.037308961323675977,0.017506068434434398,0.03979326173928108
ID_B97PWM,0.03346002649626925,0.018392189413031314,0.03701519081629661,0.03346002649626925,0.018392189413031314,0.03701519081629661
ID_SSTMBL,0.037308961323675977,0.018064692299009297,0.04113351890035279,0.037308961323675977,0.018064692299009297,0.04113351890035279
ID_UC68W2,0.03346002649626925,0.0183985902131321,0.03568543306430169,0.03346002649626925,0.0183985902131321,0.03568543306430169
ID_ABA2EL,0.037308961323675977,0.018064692299009297,0.04113351890035279,0.037308961323675977,0.018064692299009297,0.04113351890035279
ID_C2EX4C,0.037308961323675977,0.017506068434434398,0.03979326173928108,0.037308961323675977,0.017506068434434398,0.03979326173928108
ID_9A0ZFU,0.03583232334286032,0.020634370074963507,0.014662843113360422,0.03583232334286032,0.020634370074963507,0.014662843113360422
ID_1SUIYY,0.03346002649626925,0.0183985902131321,0.03568543306430169,0.03346002649626925,0.0183985902131321,0.03568543306430169
ID_OYD76O,0.0344950902691338,0.017679432788952985,0.0386795174840951,0.0344950902691338,0.017679432788952985,0.0386795174840951
ID_KB433X,0.03346002649626925,0.017954680507478834,0.03701519081629661,0.03346002649626925,0.017954680507478834,0.03701519081629661
ID_ZQLRCB,0.10254446753712798,0.3912407413269452,0.6669959952992983,0.10254446753712798,0.3912407413269452,0.6669959952992983
ID_B52MTK,0.037308961323675977,0.01754088190892222,0.04113351890035279,0.037308961323675977,0.01754088190892222,0.04113351890035279
ID_TH3FZH,0.037308961323675977,0.018064692299009297,0.04113351890035279,0.037308961323675977,0.018064692299009297,0.04113351890035279
ID_F6UFCA,0.03346002649626925,0.017977676635087536,0.037115420486338306,0.03346002649626925,0.017977676635087536,0.037115420486338306
ID_M460YA,0.033452239981902436,0.014204621450318061,0.012384251125048578,0.033452239981902436,0.014204621450318061,0.012384251125048578
ID_RGMKFC,0.0344950902691338,0.017682950530003443,0.038804976320533244,0.0344950902691338,0.017682950530003443,0.038804976320533244
ID_HYF240,0.03346002649626925,0.0183985902131321,0.03701519081629661,0.03346002649626925,0.0183985902131321,0.03701519081629661
ID_F4Z9QP,0.036110389327048346,0.14954100902045095,0.06704515132182365,0.036110389327048346,0.14954100902045095,0.06704515132182365
ID_NP3XTP,0.03564019382601418,0.019646908155520226,0.038037280878005134,0.03564019382601418,0.019646908155520226,0.038037280878005134
ID_4RB4RW,0.037308961323675977,0.017506068434434398,0.03979326173928108,0.037308961323675977,0.017506068434434398,0.03979326173928108
ID_28Y3QD,0.037308961323675977,0.018064692299009297,0.04113351890035279,0.037308961323675977,0.018064692299009297,0.04113351890035279
ID_8V1UTS,0.03346002649626925,0.0183985902131321,0.03701519081629661,0.03346002649626925,0.0183985902131321,0.03701519081629661
ID_Y3B64A,0.03564019382601418,0.019646908155520226,0.038037280878005134,0.03564019382601418,0.019646908155520226,0.038037280878005134
ID_U3CTLW,0.04707887274708622,0.018313045869985736,0.07439652025566965,0.04707887274708622,0.018313045869985736,0.07439652025566965
ID_HIYHM9,0.03564019382601418,0.02317982224045014,0.03961492810307923,0.03564019382601418,0.02317982224045014,0.03961492810307923
ID_0LI4KO,0.034382668520290004,0.04814027641878728,0.02346842115361684,0.034382668520290004,0.04814027641878728,0.02346842115361684
ID_WZY98V,0.0344950902691338,0.017682950530003443,0.038804976320533244,0.0344950902691338,0.017682950530003443,0.038804976320533244
ID_D3WNMR,0.037308961323675977,0.01754088190892222,0.04113351890035279,0.037308961323675977,0.01754088190892222,0.04113351890035279
ID_C4A9AI,0.0344950902691338,0.017677047870577955,0.039281062508489825,0.0344950902691338,0.017677047870577955,0.039281062508489825
ID_9DMQEB,0.033405010150043886,0.015577677947265072,0.01523352908005191,0.033405010150043886,0.015577677947265072,0.01523352908005191
ID_WYTA25,0.03348094749448393,0.014539402310355087,0.016060554101547622,0.03348094749448393,0.014539402310355087,0.016060554101547622
ID_ZJP4KO,0.03348094749448393,0.014664282344711451,0.01565432489933427,0.03348094749448393,0.014664282344711451,0.01565432489933427
ID_48E1RE,0.03348094749448393,0.014303365347498768,0.01562833669390816,0.03348094749448393,0.014303365347498768,0.01562833669390816
ID_2Q7ZYF,0.03348094749448393,0.01677336723966575,0.015819696093882653,0.03348094749448393,0.01677336723966575,0.015819696093882653
ID_M3E6DB,0.033405010150043886,0.015577677947265072,0.01505424827878154,0.033405010150043886,0.015577677947265072,0.01505424827878154
ID_RBQL63,0.03348094749448393,0.017256446258884527,0.01654244282249249,0.03348094749448393,0.017256446258884527,0.01654244282249249
ID_I06XZJ,0.038097259837579014,0.04543321880319644,0.025125229732260265,0.038097259837579014,0.04543321880319644,0.025125229732260265
ID_LHAJ16,0.03348094749448393,0.014734752533486644,0.01587926683033225,0.03348094749448393,0.014734752533486644,0.01587926683033225
ID_XRH4M1,0.03348094749448393,0.01705878913900523,0.016035637623455595,0.03348094749448393,0.01705878913900523,0.016035637623455595
ID_L6E64E,0.03348094749448393,0.014664282344711451,0.01565432489933427,0.03348094749448393,0.014664282344711451,0.01565432489933427
ID_9FOGDZ,0.033405010150043886,0.015423133312301307,0.015451251998543821,0.033405010150043886,0.015423133312301307,0.015451251998543821
ID_CQUX2K,0.03348094749448393,0.01645056366904141,0.01666043983104356,0.03348094749448393,0.01645056366904141,0.01666043983104356
ID_4VKQYU,0.03348094749448393,0.01668940251933468,0.02168977421825694,0.03348094749448393,0.01668940251933468,0.02168977421825694
ID_KNBOAS,0.03348094749448393,0.015070071627342935,0.015857770208492297,0.03348094749448393,0.015070071627342935,0.015857770208492297
ID_Y3QY4K,0.036477909742129305,0.035450268102865126,0.02287803260127499,0.036477909742129305,0.035450268102865126,0.02287803260127499
ID_UHZ22Y,0.03348094749448393,0.01703336495983716,0.016869784293215305,0.03348094749448393,0.01703336495983716,0.016869784293215305
ID_WVHSDA,0.03348094749448393,0.016834984075410103,0.01632650129291955,0.03348094749448393,0.016834984075410103,0.01632650129291955
ID_LDDHLU,0.03348094749448393,0.01660950206643768,0.022275568858669548,0.03348094749448393,0.01660950206643768,0.022275568858669548
ID_AGSGHY,0.03348094749448393,0.015070071627342935,0.01565432489933427,0.03348094749448393,0.015070071627342935,0.01565432489933427
ID_X2SDKG,0.035968377830028334,0.015213390852135036,0.01603678734002784,0.035968377830028334,0.015213390852135036,0.01603678734002784
ID_S90MML,0.03348094749448393,0.014734752533486644,0.016094517600106394,0.03348094749448393,0.014734752533486644,0.016094517600106394
ID_MG05UN,0.03348094749448393,0.015070071627342935,0.01565432489933427,0.03348094749448393,0.015070071627342935,0.01565432489933427
ID_O973KK,0.035968377830028334,0.015213390852135036,0.022924043123298585,0.035968377830028334,0.015213390852135036,0.022924043123298585
ID_ZPW7TK,0.03348094749448393,0.015070071627342935,0.01565432489933427,0.03348094749448393,0.015070071627342935,0.01565432489933427
ID_PJJ2OK,0.03348094749448393,0.014734752533486644,0.01587926683033225,0.03348094749448393,0.014734752533486644,0.01587926683033225
ID_KEZP3H,0.03348094749448393,0.015070071627342935,0.01565432489933427,0.03348094749448393,0.015070071627342935,0.01565432489933427
ID_82XV8F,0.03348094749448393,0.015784522746589938,0.02168977421825694,0.03348094749448393,0.015784522746589938,0.02168977421825694
ID_KHQLO9,0.03348094749448393,0.01369765384965038,0.015986590687136405,0.03348094749448393,0.01369765384965038,0.015986590687136405
ID_BOVGVS,0.03348094749448393,0.016988959346739656,0.022868242215005653,0.03348094749448393,0.016988959346739656,0.022868242215005653
ID_1FCLJQ,0.035968377830028334,0.015594809243537372,0.016815694204823397,0.035968377830028334,0.015594809243537372,0.016815694204823397
ID_MLL86Y,0.033405010150043886,0.015497624998233343,0.015523883603451118,0.033405010150043886,0.015497624998233343,0.015523883603451118
ID_HCWZN6,0.03348094749448393,0.015448993418789619,0.016815694204823397,0.03348094749448393,0.015448993418789619,0.016815694204823397
ID_607D9L,0.05730711663772185,0.08870402298879643,0.18599978939367348,0.05730711663772185,0.08870402298879643,0.18599978939367348
ID_7L24AW,0.035968377830028334,0.015061745700419502,0.01565432489933427,0.035968377830028334,0.015061745700419502,0.01565432489933427
ID_1I1DP1,0.03348094749448393,0.014814892362372867,0.01587926683033225,0.03348094749448393,0.014814892362372867,0.01587926683033225
ID_Q7IOB2,0.03348094749448393,0.016664321483149575,0.016428583252481924,0.03348094749448393,0.016664321483149575,0.016428583252481924
ID_S1PMMH,0.035968377830028334,0.015594809243537372,0.016815694204823397,0.035968377830028334,0.015594809243537372,0.016815694204823397
ID_0BCHBA,0.03348094749448393,0.01703336495983716,0.01654244282249249,0.03348094749448393,0.01703336495983716,0.01654244282249249
ID_7YF5AP,0.03593086477113483,0.01487693992901685,0.018465992207218822,0.03593086477113483,0.01487693992901685,0.018465992207218822
ID_MQJX8F,0.03348094749448393,0.016947365449156503,0.01666043983104356,0.03348094749448393,0.016947365449156503,0.01666043983104356
ID_SW0MA1,0.03348094749448393,0.01614192892143581,0.017767766474453706,0.03348094749448393,0.01614192892143581,0.017767766474453706
ID_1F0IDO,0.03348094749448393,0.01680273970061707,0.016743615590205253,0.03348094749448393,0.01680273970061707,0.016743615590205253
ID_ZCWDBM,0.03348094749448393,0.016354071964927667,0.02168977421825694,0.03348094749448393,0.016354071964927667,0.02168977421825694
ID_BYW2CL,0.033405010150043886,0.015577677947265072,0.015328138337940613,0.033405010150043886,0.015577677947265072,0.015328138337940613
ID_CGSEQY,0.036477909742129305,0.027130003561535887,0.05974497196099349,0.036477909742129305,0.027130003561535887,0.05974497196099349
ID_MM2BWN,0.03348094749448393,0.01668940251933468,0.021324996035473002,0.03348094749448393,0.01668940251933468,0.021324996035473002
ID_PR6GCS,0.03348094749448393,0.0163530965384392,0.015623245761044362,0.03348094749448393,0.0163530965384392,0.015623245761044362
ID_5T6WFW,0.033405010150043886,0.013695167925808018,0.016060214427876387,0.033405010150043886,0.013695167925808018,0.016060214427876387
ID_VT7750,0.03348094749448393,0.015966560228050444,0.015845611398265964,0.03348094749448393,0.015966560228050444,0.015845611398265964
ID_URURAN,0.03348094749448393,0.01517034683933265,0.015857770208492297,0.03348094749448393,0.01517034683933265,0.015857770208492297
ID_FQKEBR,0.03348094749448393,0.01517034683933265,0.015857770208492297,0.03348094749448393,0.01517034683933265,0.015857770208492297
ID_XC2X41,0.033405010150043886,0.012787503760414482,0.014772673992220002,0.033405010150043886,0.012787503760414482,0.014772673992220002
ID_T8SKEP,0.035968377830028334,0.015061745700419502,0.01565432489933427,0.035968377830028334,0.015061745700419502,0.01565432489933427
ID_ZD760Q,0.033405010150043886,0.013799118420188342,0.01653986587624016,0.033405010150043886,0.013799118420188342,0.01653986587624016
ID_ZDW4YS,0.03348094749448393,0.015070071627342935,0.01565432489933427,0.03348094749448393,0.015070071627342935,0.01565432489933427
ID_4SE3OH,0.03348094749448393,0.016187905565124096,0.016324549555193628,0.03348094749448393,0.016187905565124096,0.016324549555193628
ID_8ZJKZ8,0.03348094749448393,0.014814892362372867,0.016094517600106394,0.03348094749448393,0.014814892362372867,0.016094517600106394
ID_C0J4MJ,0.03348094749448393,0.014814892362372867,0.01587926683033225,0.03348094749448393,0.014814892362372867,0.01587926683033225
ID_OBWYEH,0.05485370285598924,0.09809112354269373,0.19125286103427586,0.05485370285598924,0.09809112354269373,0.19125286103427586
ID_RWRYQ1,0.03348094749448393,0.01611773833603622,0.015443964959773992,0.03348094749448393,0.01611773833603622,0.015443964959773992
ID_HIMNTK,0.03348094749448393,0.016947365449156503,0.01666043983104356,0.03348094749448393,0.016947365449156503,0.01666043983104356
ID_VHRU3S,0.033405010150043886,0.012787503760414482,0.014772673992220002,0.033405010150043886,0.012787503760414482,0.014772673992220002
ID_DUKW5I,0.03348094749448393,0.015070071627342935,0.01565432489933427,0.03348094749448393,0.015070071627342935,0.01565432489933427
ID_RGBU2B,0.03348094749448393,0.014814892362372867,0.016094517600106394,0.03348094749448393,0.014814892362372867,0.016094517600106394
ID_6OROO2,0.03348094749448393,0.01517034683933265,0.015857770208492297,0.03348094749448393,0.01517034683933265,0.015857770208492297
ID_E01AVW,0.03348094749448393,0.014539402310355087,0.016060554101547622,0.03348094749448393,0.014539402310355087,0.016060554101547622
ID_0G0M3Z,0.04325085891789418,0.01686501236422577,0.026509918889779514,0.04325085891789418,0.01686501236422577,0.026509918889779514
ID_75ZEAY,0.03348094749448393,0.013974517862880186,0.015433218696614428,0.03348094749448393,0.013974517862880186,0.015433218696614428
ID_OBGCTB,0.052389222027398624,0.06601321634325613,0.174838761478247,0.052389222027398624,0.06601321634325613,0.174838761478247
ID_BSI938,0.03348094749448393,0.01668940251933468,0.05548122503643336,0.03348094749448393,0.01668940251933468,0.05548122503643336
ID_OD3P35,0.03348094749448393,0.014410612388658806,0.016094517600106394,0.03348094749448393,0.014410612388658806,0.016094517600106394
ID_LPR3IG,0.033405010150043886,0.015333423442841157,0.014904974901657174,0.033405010150043886,0.015333423442841157,0.014904974901657174
ID_WW98MI,0.033405010150043886,0.010089385652567128,0.013348257038602207,0.033405010150043886,0.010089385652567128,0.013348257038602207
ID_LKUGYH,0.05239024041367148,0.03835417110167914,0.054758617115568765,0.05239024041367148,0.03835417110167914,0.054758617115568765
ID_8V3O49,0.033405010150043886,0.00971809438833474,0.014220808261432938,0.033405010150043886,0.00971809438833474,0.014220808261432938
ID_NGO91I,0.03348094749448393,0.011461654023084404,0.014239590639590405,0.03348094749448393,0.011461654023084404,0.014239590639590405
ID_3STNLD,0.788029054161905,0.1837925344700917,0.30211942355896243,0.788029054161905,0.1837925344700917,0.30211942355896243
ID_D2HYNU,0.03377911239631651,0.010906466072620441,0.01359612797966971,0.03377911239631651,0.010906466072620441,0.01359612797966971
ID_PSEHFM,0.033405010150043886,0.010089385652567128,0.013348257038602207,0.033405010150043886,0.010089385652567128,0.013348257038602207
ID_REZOW5,0.03348094749448393,0.011164786097262864,0.015042686941395385,0.03348094749448393,0.011164786097262864,0.015042686941395385
ID_S64QFC,0.035968377830028334,0.010535611874420814,0.01468650454593426,0.035968377830028334,0.010535611874420814,0.01468650454593426
ID_9O5TIS,0.03348094749448393,0.010596915070833483,0.014200979409142101,0.03348094749448393,0.010596915070833483,0.014200979409142101
ID_KFKH2L,0.03348094749448393,0.010252580826375887,0.014154098042125694,0.03348094749448393,0.010252580826375887,0.014154098042125694
ID_3F0GYV,0.033405010150043886,0.010179983191577686,0.013275514766555986,0.033405010150043886,0.010179983191577686,0.013275514766555986
ID_EPPMFG,0.5890927652117035,0.6593464458823342,0.5640756816397005,0.5890927652117035,0.6593464458823342,0.5640756816397005
ID_WPHAGI,0.03377911239631651,0.011727278750732345,0.014602084900421959,0.03377911239631651,0.011727278750732345,0.014602084900421959
ID_4Y0VT3,0.03348094749448393,0.010375667690564961,0.015093547093578043,0.03348094749448393,0.010375667690564961,0.015093547093578043
ID_WULH1Z,0.033405010150043886,0.010089385652567128,0.013348257038602207,0.033405010150043886,0.010089385652567128,0.013348257038602207
ID_E0WVVY,0.033405010150043886,0.010223654028530555,0.014283010499231023,0.033405010150043886,0.010223654028530555,0.014283010499231023
ID_0RYNOK,0.033405010150043886,0.010179983191577686,0.013275514766555986,0.033405010150043886,0.010179983191577686,0.013275514766555986
ID_WE8RKW,0.033405010150043886,0.010071528045447883,0.01299692080128054,0.033405010150043886,0.010071528045447883,0.01299692080128054
ID_XJJHEX,0.03377911239631651,0.010906466072620441,0.01359612797966971,0.03377911239631651,0.010906466072620441,0.01359612797966971
ID_E44382,0.06399287894172859,0.051070081381769626,0.06319493599972821,0.06399287894172859,0.051070081381769626,0.06319493599972821
ID_D4HUAW,0.035968377830028334,0.011520769130341436,0.014640757027362129,0.035968377830028334,0.011520769130341436,0.014640757027362129
ID_9BLHQS,0.033405010150043886,0.010179983191577686,0.013275514766555986,0.033405010150043886,0.010179983191577686,0.013275514766555986
ID_0PABFC,0.03348094749448393,0.010575598867961045,0.014499875140355986,0.03348094749448393,0.010575598867961045,0.014499875140355986
ID_V5A80P,0.047208274323140745,0.04652816647340598,0.06031902419778534,0.047208274323140745,0.04652816647340598,0.06031902419778534
ID_WLI35N,0.033405010150043886,0.010004911330098364,0.013348257038602207,0.033405010150043886,0.010004911330098364,0.013348257038602207
ID_CAKGEL,0.03348094749448393,0.011372134970618532,0.015195533898142146,0.03348094749448393,0.011372134970618532,0.015195533898142146
ID_L4EYKT,0.05556970199368132,0.03353900465762406,0.046733381428871464,0.05556970199368132,0.03353900465762406,0.046733381428871464
ID_BS8T6P,0.03377911239631651,0.012001761094358824,0.015025199779613656,0.03377911239631651,0.012001761094358824,0.015025199779613656
ID_Z43O7Z,0.033405010150043886,0.010061606639151508,0.014129019835463778,0.033405010150043886,0.010061606639151508,0.014129019835463778
ID_NUI8UC,0.03348094749448393,0.011363479339317577,0.014797722062038212,0.03348094749448393,0.011363479339317577,0.014797722062038212
ID_IT01YY,0.033405010150043886,0.010043802638278601,0.01339433339616081,0.033405010150043886,0.010043802638278601,0.01339433339616081
ID_PHKKLQ,0.047208274323140745,0.04652816647340598,0.06031902419778534,0.047208274323140745,0.04652816647340598,0.06031902419778534
ID_R8M8SS,0.656537745463493,0.77766171446225,0.8722267092743146,0.656537745463493,0.77766171446225,0.8722267092743146
ID_B6ZZ5P,0.04353018363193048,0.04101463778879909,0.05266776653807724,0.04353018363193048,0.04101463778879909,0.05266776653807724
ID_4IYAMD,0.033405010150043886,0.010179983191577686,0.013275514766555986,0.033405010150043886,0.010179983191577686,0.013275514766555986
ID_T6IF0T,0.03348094749448393,0.011647591324074783,0.014662705518782102,0.03348094749448393,0.011647591324074783,0.014662705518782102
ID_FB09FY,0.033405010150043886,0.010179983191577686,0.013275514766555986,0.033405010150043886,0.010179983191577686,0.013275514766555986
ID_MA8GLI,0.04885217038907008,0.03480943575515955,0.049741173444032304,0.04885217038907008,0.03480943575515955,0.049741173444032304
ID_IFIIGQ,0.03377911239631651,0.012020020713239706,0.015025199779613656,0.03377911239631651,0.012020020713239706,0.015025199779613656
ID_ZARKQN,0.03348094749448393,0.01081371128629052,0.013662741661992009,0.03348094749448393,0.01081371128629052,0.013662741661992009
ID_7DYR0J,0.033405010150043886,0.009655244057377783,0.014441184285972028,0.033405010150043886,0.009655244057377783,0.014441184285972028
ID_QVSE4F,0.047208274323140745,0.04652816647340598,0.06031902419778534,0.047208274323140745,0.04652816647340598,0.06031902419778534
ID_ZUVHL8,0.033405010150043886,0.010071528045447883,0.013275514766555986,0.033405010150043886,0.010071528045447883,0.013275514766555986
ID_6LI3EJ,0.035968377830028334,0.010535611874420814,0.014499875140355986,0.035968377830028334,0.010535611874420814,0.014499875140355986
ID_N8UK21,0.07240199672807723,0.03778024002373803,0.054758617115568765,0.07240199672807723,0.03778024002373803,0.054758617115568765
ID_W3KIQI,0.033405010150043886,0.010179983191577686,0.013275514766555986,0.033405010150043886,0.010179983191577686,0.013275514766555986
ID_L9IPGA,0.03348094749448393,0.010928246071124357,0.015199651976071468,0.03348094749448393,0.010928246071124357,0.015199651976071468
ID_LRLRQB,0.6599977899337657,0.7766076429235278,0.8601532636250742,0.6599977899337657,0.7766076429235278,0.8601532636250742
ID_Q5H34E,0.033405010150043886,0.010089385652567128,0.013348257038602207,0.033405010150043886,0.010089385652567128,0.013348257038602207
ID_TL6ULM,0.03348094749448393,0.010596915070833483,0.014200979409142101,0.03348094749448393,0.010596915070833483,0.014200979409142101
ID_BAHEHY,0.03348094749448393,0.01081371128629052,0.013662741661992009,0.03348094749448393,0.01081371128629052,0.013662741661992009
ID_IU4G95,0.033405010150043886,0.010139119435382343,0.013327719713838511,0.033405010150043886,0.010139119435382343,0.013327719713838511
ID_ABFR5T,0.0618021713378287,0.14990892775078918,0.2973914030050702,0.0618021713378287,0.14990892775078918,0.2973914030050702
ID_BXIN9D,0.033405010150043886,0.010071528045447883,0.01299692080128054,0.033405010150043886,0.010071528045447883,0.01299692080128054
ID_8FWX6I,0.9085454132272761,0.4843764440044386,0.5890854308141564,0.9085454132272761,0.4843764440044386,0.5890854308141564
ID_5UXMEN,0.05143003054949638,0.03695081675862653,0.05522924044161257,0.05143003054949638,0.03695081675862653,0.05522924044161257
ID_6ALABP,0.033405010150043886,0.010139119435382343,0.013327719713838511,0.033405010150043886,0.010139119435382343,0.013327719713838511
ID_YMZWV2,0.033405010150043886,0.010179983191577686,0.013275514766555986,0.033405010150043886,0.010179983191577686,0.013275514766555986
ID_CAXC7H,0.08279581713396297,0.01953555242982033,0.028368712974588164,0.08279581713396297,0.01953555242982033,0.028368712974588164
ID_JBLH5N,0.04436466349044617,0.04116762681026281,0.05152402675489889,0.04436466349044617,0.04116762681026281,0.05152402675489889
ID_F4L75C,0.04262169408132131,0.048897735927991036,0.061470438455344875,0.04262169408132131,0.048897735927991036,0.061470438455344875
ID_TBE38Z,0.03348094749448393,0.010397104404492678,0.01441096313274217,0.03348094749448393,0.010397104404492678,0.01441096313274217
ID_6GRKUL,0.03348094749448393,0.010414126170818227,0.01441096313274217,0.03348094749448393,0.010414126170818227,0.01441096313274217
ID_13GQDW,0.03348094749448393,0.01081371128629052,0.013662741661992009,0.03348094749448393,0.01081371128629052,0.013662741661992009
ID_KQCZIM,0.033405010150043886,0.010071528045447883,0.01299692080128054,0.033405010150043886,0.010071528045447883,0.01299692080128054
ID_KACN6Q,0.033405010150043886,0.010179983191577686,0.013275514766555986,0.033405010150043886,0.010179983191577686,0.013275514766555986
ID_LPBHAQ,0.033405010150043886,0.009673295007013118,0.014820537934989048,0.033405010150043886,0.009673295007013118,0.014820537934989048
ID_1S1KBW,0.03348094749448393,0.010596915070833483,0.014499875140355986,0.03348094749448393,0.010596915070833483,0.014499875140355986
ID_IUCQZS,0.033405010150043886,0.010179983191577686,0.013275514766555986,0.033405010150043886,0.010179983191577686,0.013275514766555986
ID_62NNPA,0.03348094749448393,0.010590880781173435,0.014499875140355986,0.03348094749448393,0.010590880781173435,0.014499875140355986
ID_V22VHT,0.04178721422280564,0.04724335184400184,0.0620330012640135,0.04178721422280564,0.04724335184400184,0.0620330012640135
ID_HG2OAS,0.03348094749448393,0.011647591324074783,0.014662705518782102,0.03348094749448393,0.011647591324074783,0.014662705518782102
ID_XEC1UB,0.09800016134585586,0.17210150551051412,0.08769092752782341,0.09800016134585586,0.17210150551051412,0.08769092752782341
ID_OYIYH6,0.033405010150043886,0.010043802638278601,0.01339433339616081,0.033405010150043886,0.010043802638278601,0.01339433339616081
ID_B87F80,0.033405010150043886,0.011139017312221843,0.01622754869879097,0.033405010150043886,0.011139017312221843,0.01622754869879097
ID_0GT5MY,0.033405010150043886,0.011305579325029881,0.016156487085575433,0.033405010150043886,0.011305579325029881,0.016156487085575433
ID_3542I1,0.14418209632820797,0.037441068099315813,0.06552401582534129,0.14418209632820797,0.037441068099315813,0.06552401582534129
ID_XIPX8S,0.03348094749448393,0.012739655538531208,0.018152919220766728,0.03348094749448393,0.012739655538531208,0.018152919220766728
ID_60GIV7,0.03348094749448393,0.012739655538531208,0.018152919220766728,0.03348094749448393,0.012739655538531208,0.018152919220766728
ID_K5QXSD,0.036811731953668714,0.01236718518394996,0.01790392019757776,0.036811731953668714,0.01236718518394996,0.01790392019757776
ID_IMWQJR,0.033405010150043886,0.010858607136138409,0.016156487085575433,0.033405010150043886,0.010858607136138409,0.016156487085575433
ID_YKDMVB,0.04601112921783139,0.013573908746377577,0.017934183081608695,0.04601112921783139,0.013573908746377577,0.017934183081608695
ID_DJLRHI,0.033405010150043886,0.011139017312221843,0.01622754869879097,0.033405010150043886,0.011139017312221843,0.01622754869879097
ID_AA0TBB,0.5293469606958812,0.31933394481504834,0.31966551784152464,0.5293469606958812,0.31933394481504834,0.31966551784152464
ID_QQILOV,0.033405010150043886,0.010862446859723042,0.015716843321351637,0.033405010150043886,0.010862446859723042,0.015716843321351637
ID_GU8TDA,0.033405010150043886,0.010858607136138409,0.016156487085575433,0.033405010150043886,0.010858607136138409,0.016156487085575433
ID_GYA6QV,0.05119912673162294,0.026325434467696883,0.029443646735211618,0.05119912673162294,0.026325434467696883,0.029443646735211618
ID_SR9UQ2,0.1837257614321549,0.025062915040596195,0.06410686736325201,0.1837257614321549,0.025062915040596195,0.06410686736325201
ID_MG1GRK,0.033405010150043886,0.010858607136138409,0.015732421850864917,0.033405010150043886,0.010858607136138409,0.015732421850864917
ID_E8MNFZ,0.03348094749448393,0.011755257394333283,0.016410237342065714,0.03348094749448393,0.011755257394333283,0.016410237342065714
ID_90ES1C,0.033405010150043886,0.011305579325029881,0.016156487085575433,0.033405010150043886,0.011305579325029881,0.016156487085575433
ID_SBTN25,0.03348094749448393,0.01201751975472413,0.016508112365973986,0.03348094749448393,0.01201751975472413,0.016508112365973986
ID_2IT3ZQ,0.5182462053127772,0.29090038861555284,0.6405532963032246,0.5182462053127772,0.29090038861555284,0.6405532963032246
ID_POM94C,0.5786505879910145,0.33685110775773797,0.36919962212794966,0.5786505879910145,0.33685110775773797,0.36919962212794966
ID_8WSJY9,0.5182462053127772,0.2920308519940401,0.43449337602873106,0.5182462053127772,0.2920308519940401,0.43449337602873106
ID_PISRX6,0.03348094749448393,0.013535322160837445,0.018595123936755744,0.03348094749448393,0.013535322160837445,0.018595123936755744
ID_Z548DO,0.03348094749448393,0.012739655538531208,0.018152919220766728,0.03348094749448393,0.012739655538531208,0.018152919220766728
ID_HN86UX,0.033405010150043886,0.01114514461172469,0.0161296736748827,0.033405010150043886,0.01114514461172469,0.0161296736748827
ID_ENZCKW,0.033405010150043886,0.010862446859723042,0.01605861206166716,0.033405010150043886,0.010862446859723042,0.01605861206166716
ID_NNXHZJ,0.03348094749448393,0.012739655538531208,0.018152919220766728,0.03348094749448393,0.012739655538531208,0.018152919220766728
ID_PWTIJ9,0.033405010150043886,0.010862446859723042,0.015716843321351637,0.033405010150043886,0.010862446859723042,0.015716843321351637
ID_Q2SMTQ,0.5957715879775578,0.48488955798183286,0.40522527212589965,0.5957715879775578,0.48488955798183286,0.40522527212589965
ID_3MCOUT,0.03348094749448393,0.013396494299215293,0.018595123936755744,0.03348094749448393,0.013396494299215293,0.018595123936755744
ID_G7Z1L3,0.5900734710835801,0.37866791018320173,0.43389085488583556,0.5900734710835801,0.37866791018320173,0.43389085488583556
ID_J5L7RD,0.03348094749448393,0.012739655538531208,0.018152919220766728,0.03348094749448393,0.012739655538531208,0.018152919220766728
ID_JXG6HY,0.03348094749448393,0.009735253209236742,0.021190709638191883,0.03348094749448393,0.009735253209236742,0.021190709638191883
ID_XLV5BF,0.035968377830028334,0.010512908632583102,0.01282817656070281,0.035968377830028334,0.010512908632583102,0.01282817656070281
ID_GBKQ4A,0.03663519178354165,0.022612408356091865,0.040024135734756945,0.03663519178354165,0.022612408356091865,0.040024135734756945
ID_0RNKFD,0.03986559340286994,0.03580721833934652,0.14393519422979922,0.03986559340286994,0.03580721833934652,0.14393519422979922
ID_RNZHE5,0.03348094749448393,0.009602378673055339,0.0140134403417435,0.03348094749448393,0.009602378673055339,0.0140134403417435
ID_O2NKGF,0.033405010150043886,0.008882987876184124,0.013247920932661134,0.033405010150043886,0.008882987876184124,0.013247920932661134
ID_RPS26Y,0.03348094749448393,0.010330818490084983,0.012440404966126526,0.03348094749448393,0.010330818490084983,0.012440404966126526
ID_K1CKSA,0.03348094749448393,0.010772459109008259,0.012407503631824362,0.03348094749448393,0.010772459109008259,0.012407503631824362
ID_K0MGYR,0.03348094749448393,0.011057881008347738,0.012622759662977228,0.03348094749448393,0.011057881008347738,0.012622759662977228
ID_U0SR28,0.03348094749448393,0.00956377403253221,0.01477253714257839,0.03348094749448393,0.00956377403253221,0.01477253714257839
ID_YDH96X,0.033405010150043886,0.010102128633797789,0.013227335193627739,0.033405010150043886,0.010102128633797789,0.013227335193627739
ID_YHP6IW,0.033405010150043886,0.00982088441501884,0.013785830004661104,0.033405010150043886,0.00982088441501884,0.013785830004661104
ID_IG1LYN,0.033405010150043886,0.01019311921837775,0.013159987308410516,0.033405010150043886,0.01019311921837775,0.013159987308410516
ID_T4NKV6,0.03348094749448393,0.010521517702403642,0.014115804642026978,0.03348094749448393,0.010521517702403642,0.014115804642026978
ID_6711DS,0.03348094749448393,0.01053825239184543,0.013092933578070717,0.03348094749448393,0.01053825239184543,0.013092933578070717
ID_FUJOIH,0.033405010150043886,0.00982088441501884,0.013785830004661104,0.033405010150043886,0.00982088441501884,0.013785830004661104
ID_Q1AOTZ,0.03348094749448393,0.009602378673055339,0.0140134403417435,0.03348094749448393,0.009602378673055339,0.0140134403417435
ID_ZM9CVR,0.033405010150043886,0.010134668563619866,0.013902520170454059,0.033405010150043886,0.010134668563619866,0.013902520170454059
ID_8AYBAW,0.03348094749448393,0.010552786648253244,0.012728423511052737,0.03348094749448393,0.010552786648253244,0.012728423511052737
ID_B1G5TP,0.04624782116553955,0.009353096861843546,0.024340316180323673,0.04624782116553955,0.009353096861843546,0.024340316180323673
ID_568IE8,0.033405010150043886,0.010102128633797789,0.013227335193627739,0.033405010150043886,0.010102128633797789,0.013227335193627739
ID_JOWST8,0.03348094749448393,0.010552786648253244,0.01282817656070281,0.03348094749448393,0.010552786648253244,0.01282817656070281
ID_FVI9F8,0.03348094749448393,0.010515964911889573,0.01282817656070281,0.03348094749448393,0.010515964911889573,0.01282817656070281
ID_74OIAW,0.03348094749448393,0.009538232702252413,0.014229247140583932,0.03348094749448393,0.009538232702252413,0.014229247140583932
ID_XMWVMP,0.033405010150043886,0.010144680516456452,0.013558039959044232,0.033405010150043886,0.010144680516456452,0.013558039959044232
ID_6TS54L,0.03348094749448393,0.009538232702252413,0.014229247140583932,0.03348094749448393,0.009538232702252413,0.014229247140583932
ID_8AII57,0.033405010150043886,0.010402292931275842,0.014195385812342594,0.033405010150043886,0.010402292931275842,0.014195385812342594
ID_RJS1VA,0.033405010150043886,0.009668638178670376,0.011753989561463446,0.033405010150043886,0.009668638178670376,0.011753989561463446
ID_DM8ZXW,0.033405010150043886,0.008820137545227168,0.01345191790612247,0.033405010150043886,0.008820137545227168,0.01345191790612247
ID_5CJYZP,0.0506670509862267,0.021205143044806245,0.03805186753021451,0.0506670509862267,0.021205143044806245,0.03805186753021451
ID_JBXMIO,0.03348094749448393,0.010556399216863504,0.012470246367513649,0.03348094749448393,0.010556399216863504,0.012470246367513649
ID_4TGOWM,0.033405010150043886,0.010063010175614636,0.01354864722076564,0.033405010150043886,0.010063010175614636,0.01354864722076564
ID_0RHXLP,0.03348094749448393,0.009635712138092225,0.014600851257980458,0.03348094749448393,0.009635712138092225,0.014600851257980458
ID_NA6WHB,0.033405010150043886,0.00982088441501884,0.01391474817840976,0.033405010150043886,0.00982088441501884,0.01391474817840976
ID_KKQ9JS,0.03348094749448393,0.011176132399437813,0.012907553158326167,0.03348094749448393,0.011176132399437813,0.012907553158326167
ID_KCZDMC,0.03348094749448393,0.010965781724996253,0.012790612662316821,0.03348094749448393,0.010965781724996253,0.012790612662316821
ID_JHKAO1,0.033405010150043886,0.009711392971789882,0.01201207240582843,0.033405010150043886,0.009711392971789882,0.01201207240582843
ID_EWRTK0,0.03348094749448393,0.010472298087379914,0.013528331262223942,0.03348094749448393,0.010472298087379914,0.013528331262223942
ID_D0XOZS,0.03348094749448393,0.009538232702252413,0.014229247140583932,0.03348094749448393,0.009538232702252413,0.014229247140583932
ID_I4CLRD,0.033405010150043886,0.010063010175614636,0.01354864722076564,0.033405010150043886,0.010063010175614636,0.01354864722076564
ID_5OGH64,0.033405010150043886,0.009267460787353098,0.011645365327482204,0.033405010150043886,0.009267460787353098,0.011645365327482204
ID_KA4RGT,0.033405010150043886,0.008799439279109315,0.014044624532115172,0.033405010150043886,0.008799439279109315,0.014044624532115172
ID_HK8NQI,0.03348094749448393,0.009602378673055339,0.014177310179378642,0.03348094749448393,0.009602378673055339,0.014177310179378642
ID_CZC128,0.03348094749448393,0.010288925142314284,0.012182227822587436,0.03348094749448393,0.010288925142314284,0.012182227822587436
ID_CFEXKG,0.0506670509862267,0.021087896068648977,0.03735410818152178,0.0506670509862267,0.021087896068648977,0.03735410818152178
ID_3UF9YW,0.033405010150043886,0.009267460787353098,0.011645365327482204,0.033405010150043886,0.009267460787353098,0.011645365327482204
ID_4T4T5J,0.033405010150043886,0.008736588948152359,0.014295017773207509,0.033405010150043886,0.008736588948152359,0.014295017773207509
ID_UZSIPN,0.03348094749448393,0.009635712138092225,0.014436981420345316,0.03348094749448393,0.009635712138092225,0.014436981420345316
ID_ZCSVH8,0.03348094749448393,0.010552786648253244,0.012728423511052737,0.03348094749448393,0.010552786648253244,0.012728423511052737
ID_BKIDXK,0.033405010150043886,0.009711392971789882,0.01201207240582843,0.033405010150043886,0.009711392971789882,0.01201207240582843
ID_5BWCPJ,0.034449208938836684,0.028080160141539655,0.04572508400532677,0.034449208938836684,0.028080160141539655,0.04572508400532677
ID_R372RI,0.03348094749448393,0.011394167992041519,0.014188206398831348,0.03348094749448393,0.011394167992041519,0.014188206398831348
ID_MWPK2X,0.03348094749448393,0.011414452337244231,0.014188206398831348,0.03348094749448393,0.011414452337244231,0.014188206398831348
ID_TZP781,0.033405010150043886,0.010105521385350754,0.013761550247276015,0.033405010150043886,0.010105521385350754,0.013761550247276015
ID_Q6P63K,0.03348094749448393,0.011115237942035562,0.012907553158326167,0.03348094749448393,0.011115237942035562,0.012907553158326167
ID_PFF9X5,0.03348094749448393,0.011253023039526943,0.012907553158326167,0.03348094749448393,0.011253023039526943,0.012907553158326167
ID_L4WIOX,0.03348094749448393,0.010288925142314284,0.012182227822587436,0.03348094749448393,0.010288925142314284,0.012182227822587436
ID_S9103X,0.03348094749448393,0.010330818490084983,0.012440404966126526,0.03348094749448393,0.010330818490084983,0.012440404966126526
ID_RI0O6J,0.03348094749448393,0.009538232702252413,0.014405180694911783,0.03348094749448393,0.009538232702252413,0.014405180694911783
ID_VLCS86,0.03348094749448393,0.011007155317056892,0.014436369197802511,0.03348094749448393,0.011007155317056892,0.014436369197802511
ID_ED3ISP,0.033405010150043886,0.00982088441501884,0.01401248858658862,0.033405010150043886,0.00982088441501884,0.01401248858658862
ID_KCI4WE,0.03348094749448393,0.010539970430702142,0.012728423511052737,0.03348094749448393,0.010539970430702142,0.012728423511052737
ID_M5X6WA,0.03348094749448393,0.010330818490084983,0.012440404966126526,0.03348094749448393,0.010330818490084983,0.012440404966126526
ID_22VI0T,0.033405010150043886,0.008882987876184124,0.013247920932661134,0.033405010150043886,0.008882987876184124,0.013247920932661134
ID_EJYLK4,0.03348094749448393,0.009602378673055339,0.0140134403417435,0.03348094749448393,0.009602378673055339,0.0140134403417435
ID_ILTCSC,0.04504566215258381,0.06063870540993763,0.04399926932663716,0.04504566215258381,0.06063870540993763,0.04399926932663716
ID_QOIH7K,0.38150311218997646,0.12596259160524267,0.2871091115906237,0.38150311218997646,0.12596259160524267,0.2871091115906237
ID_QOTY6K,0.03348094749448393,0.009602378673055339,0.014177310179378642,0.03348094749448393,0.009602378673055339,0.014177310179378642
ID_EJW3LT,0.033405010150043886,0.009917066110884772,0.014082199822457814,0.033405010150043886,0.009917066110884772,0.014082199822457814
ID_M8HQVC,0.033405010150043886,0.010102128633797789,0.013227335193627739,0.033405010150043886,0.010102128633797789,0.013227335193627739
ID_LU4HLB,0.033405010150043886,0.010496649995508837,0.013541726604095038,0.033405010150043886,0.010496649995508837,0.013541726604095038
ID_E88WHP,0.03961684023696815,0.03231695981576262,0.04572508400532677,0.03961684023696815,0.03231695981576262,0.04572508400532677
ID_P1L1VI,0.03348094749448393,0.010556399216863504,0.012470246367513649,0.03348094749448393,0.010556399216863504,0.012470246367513649
ID_LF7K1G,0.033405010150043886,0.008736588948152359,0.014460730258459648,0.033405010150043886,0.008736588948152359,0.014460730258459648
ID_HUF4P7,0.033405010150043886,0.008799439279109315,0.01419574050151772,0.033405010150043886,0.008799439279109315,0.01419574050151772
ID_64W76C,0.033405010150043886,0.009227859005095908,0.01201207240582843,0.033405010150043886,0.009227859005095908,0.01201207240582843
ID_6QJT3U,0.38301666697053693,0.154592694226759,0.5524708447058173,0.38301666697053693,0.154592694226759,0.5524708447058173
ID_OCC1JG,0.03348094749448393,0.010521517702403642,0.014115804642026978,0.03348094749448393,0.010521517702403642,0.014115804642026978
ID_XQBSGS,0.03348094749448393,0.010563799898918529,0.013767037931340407,0.03348094749448393,0.010563799898918529,0.013767037931340407
ID_RIH2IY,0.035968377830028334,0.009635712138092225,0.014436981420345316,0.035968377830028334,0.009635712138092225,0.014436981420345316
ID_K7P1AA,0.03348094749448393,0.010521517702403642,0.014115804642026978,0.03348094749448393,0.010521517702403642,0.014115804642026978
ID_3KN8NF,0.03799774209147908,0.03754857989367562,0.051258492426010556,0.03799774209147908,0.03754857989367562,0.051258492426010556
ID_ANX289,0.033405010150043886,0.009185104211976403,0.01197291301370173,0.033405010150043886,0.009185104211976403,0.01197291301370173
ID_I8VO8O,0.03348094749448393,0.01077607254233954,0.012251063248533138,0.03348094749448393,0.01077607254233954,0.012251063248533138
ID_V9S8P2,0.033405010150043886,0.009917066110884772,0.014082199822457814,0.033405010150043886,0.009917066110884772,0.014082199822457814
ID_OTNE3W,0.033405010150043886,0.010402292931275842,0.014082199822457814,0.033405010150043886,0.010402292931275842,0.014082199822457814
ID_0YXO2D,0.03348094749448393,0.009602378673055339,0.0140134403417435,0.03348094749448393,0.009602378673055339,0.0140134403417435
ID_87V10L,0.033405010150043886,0.010305768044546155,0.01401248858658862,0.033405010150043886,0.010305768044546155,0.01401248858658862
ID_CV5P86,0.035968377830028334,0.010306458829543936,0.012538720501270046,0.035968377830028334,0.010306458829543936,0.012538720501270046
ID_C8HFHN,0.03348094749448393,0.010563799898918529,0.013767037931340407,0.03348094749448393,0.010563799898918529,0.013767037931340407
ID_V7WQM1,0.03348094749448393,0.010330818490084983,0.012440404966126526,0.03348094749448393,0.010330818490084983,0.012440404966126526
ID_ULO27X,0.038163246840558857,0.03632350751551816,0.04867983314260801,0.038163246840558857,0.03632350751551816,0.04867983314260801
ID_NQ0HE6,0.0592920627353133,0.07047983949283339,0.05095766640502477,0.0592920627353133,0.07047983949283339,0.05095766640502477
ID_4EDUOF,0.041268958514121455,0.04019465461834494,0.223040003557462,0.041268958514121455,0.04019465461834494,0.223040003557462
ID_46O9EK,0.033405010150043886,0.010402292931275842,0.014195385812342594,0.033405010150043886,0.010402292931275842,0.014195385812342594
ID_2JRV0O,0.03348094749448393,0.009602378673055339,0.0140134403417435,0.03348094749448393,0.009602378673055339,0.0140134403417435
ID_4TY6TR,0.03348094749448393,0.009638104500142066,0.014249184990850988,0.03348094749448393,0.009638104500142066,0.014249184990850988
ID_XMQ25Y,0.04921078996880715,0.06606054120478579,0.03896068114402419,0.04921078996880715,0.06606054120478579,0.03896068114402419
ID_GBNTZ0,0.033405010150043886,0.008882987876184124,0.013247920932661134,0.033405010150043886,0.008882987876184124,0.013247920932661134
ID_Y99CP1,0.033405010150043886,0.010063010175614636,0.01354864722076564,0.033405010150043886,0.010063010175614636,0.01354864722076564
ID_ORVW1B,0.033405010150043886,0.01015853258409869,0.013569857859132079,0.033405010150043886,0.01015853258409869,0.013569857859132079
ID_WMO3QN,0.033405010150043886,0.010102128633797789,0.013227335193627739,0.033405010150043886,0.010102128633797789,0.013227335193627739
ID_28T7NF,0.033405010150043886,0.010548746703884046,0.01354864722076564,0.033405010150043886,0.010548746703884046,0.01354864722076564
ID_PXDYR8,0.03348094749448393,0.011179893645620536,0.014051900549426349,0.03348094749448393,0.011179893645620536,0.014051900549426349
ID_8RJBND,0.03348094749448393,0.01179618190339264,0.014821701530213926,0.03348094749448393,0.01179618190339264,0.014821701530213926
ID_DJU36N,0.03348094749448393,0.010539970430702142,0.012728423511052737,0.03348094749448393,0.010539970430702142,0.012728423511052737
ID_EVO7GL,0.03348094749448393,0.009602378673055339,0.0140134403417435,0.03348094749448393,0.009602378673055339,0.0140134403417435
ID_V1PMY3,0.033405010150043886,0.00982088441501884,0.013785830004661104,0.033405010150043886,0.00982088441501884,0.013785830004661104
ID_IK4PH0,0.033405010150043886,0.008736588948152359,0.014295017773207509,0.033405010150043886,0.008736588948152359,0.014295017773207509
ID_P86HSN,0.03348094749448393,0.009635712138092225,0.014436981420345316,0.03348094749448393,0.009635712138092225,0.014436981420345316
ID_6DDVP2,0.03348094749448393,0.010342355230697767,0.012440404966126526,0.03348094749448393,0.010342355230697767,0.012440404966126526
ID_9V09AE,0.03348094749448393,0.009538232702252413,0.014405180694911783,0.03348094749448393,0.009538232702252413,0.014405180694911783
ID_EL2RHW,0.03348094749448393,0.011179893645620536,0.014051900549426349,0.03348094749448393,0.011179893645620536,0.014051900549426349
ID_TDIL0H,0.03348094749448393,0.010644677635223622,0.014416256937719852,0.03348094749448393,0.010644677635223622,0.014416256937719852
ID_UEPV67,0.09800016134585586,0.12582675069816776,0.07702265536782209,0.09800016134585586,0.12582675069816776,0.07702265536782209
ID_MLFWEC,0.04871703747885171,0.009199885195661749,0.025882511839646582,0.04871703747885171,0.009199885195661749,0.025882511839646582
ID_Q8OTC2,0.03348094749448393,0.009538232702252413,0.014229247140583932,0.03348094749448393,0.009538232702252413,0.014229247140583932
ID_Q31MDT,0.03348094749448393,0.011339998850161613,0.01497630138398588,0.03348094749448393,0.011339998850161613,0.01497630138398588
ID_10D3G1,0.40040437733268974,0.14894304173086767,0.33137577769297766,0.40040437733268974,0.14894304173086767,0.33137577769297766
ID_RE7SCV,0.03348094749448393,0.010469751859444478,0.012107411927317124,0.03348094749448393,0.010469751859444478,0.012107411927317124
ID_K4Q8V0,0.04298966442554,0.03670272413317683,0.05168477285402203,0.04298966442554,0.03670272413317683,0.05168477285402203
ID_KCL7CV,0.03348094749448393,0.009602378673055339,0.0140134403417435,0.03348094749448393,0.009602378673055339,0.0140134403417435
ID_J05HUM,0.033405010150043886,0.009267460787353098,0.011777164024147642,0.033405010150043886,0.009267460787353098,0.011777164024147642
ID_LQCAHB,0.03799774209147908,0.03673066538544066,0.051258492426010556,0.03799774209147908,0.03673066538544066,0.051258492426010556
ID_CL4OVC,0.033405010150043886,0.008736588948152359,0.014295017773207509,0.033405010150043886,0.008736588948152359,0.014295017773207509
ID_8KA0CX,0.03348094749448393,0.010342355230697767,0.012440404966126526,0.03348094749448393,0.010342355230697767,0.012440404966126526
ID_3SOK7O,0.03348094749448393,0.009602378673055339,0.014177310179378642,0.03348094749448393,0.009602378673055339,0.014177310179378642
ID_2V1U3K,0.033405010150043886,0.008820137545227168,0.01345191790612247,0.033405010150043886,0.008820137545227168,0.01345191790612247
ID_GZEIYE,0.03348094749448393,0.010563799898918529,0.013767037931340407,0.03348094749448393,0.010563799898918529,0.013767037931340407
ID_WSG62Z,0.033405010150043886,0.009267460787353098,0.011645365327482204,0.033405010150043886,0.009267460787353098,0.011645365327482204
ID_AQLJD9,0.033405010150043886,0.008799439279109315,0.014044624532115172,0.033405010150043886,0.008799439279109315,0.014044624532115172
ID_2JBYR0,0.03348094749448393,0.010563799898918529,0.013767037931340407,0.03348094749448393,0.010563799898918529,0.013767037931340407
ID_HQG7S5,0.033405010150043886,0.010088942128062224,0.013924911197544534,0.033405010150043886,0.010088942128062224,0.013924911197544534
ID_J9X62N,0.0337825876947113,0.009831496330330515,0.011201008323870956,0.0337825876947113,0.009831496330330515,0.011201008323870956
ID_J30HVX,0.033405010150043886,0.010151250854216061,0.014201062432895572,0.033405010150043886,0.010151250854216061,0.014201062432895572
ID_8HCCLB,0.037335854919091686,0.0399770066484015,0.044716987951793914,0.037335854919091686,0.0399770066484015,0.044716987951793914
ID_K7TUMS,0.0351812274473378,0.011447186661741993,0.024515103319913103,0.0351812274473378,0.011447186661741993,0.024515103319913103
ID_2U0TW8,0.033405010150043886,0.00980858172185638,0.011641465856012776,0.033405010150043886,0.00980858172185638,0.011641465856012776
ID_5KMQFT,0.033405010150043886,0.009807119156291334,0.011687726443438032,0.033405010150043886,0.009807119156291334,0.011687726443438032
ID_QK8WP2,0.0337825876947113,0.009289107204275553,0.011201008323870956,0.0337825876947113,0.009289107204275553,0.011201008323870956
ID_O2QO7X,0.034619819238460865,0.05658524921853445,0.04904694101457703,0.034619819238460865,0.05658524921853445,0.04904694101457703
ID_ZQ48WV,0.03377911239631651,0.01055527907915846,0.01290563838633537,0.03377911239631651,0.01055527907915846,0.01290563838633537
ID_8HU32W,0.0333838863973487,0.03168575302821523,0.042518910034328006,0.0333838863973487,0.03168575302821523,0.042518910034328006
ID_4UJ6I0,0.0337825876947113,0.009825731839692788,0.0114009744043842,0.0337825876947113,0.009825731839692788,0.0114009744043842
ID_C45TQX,0.033405010150043886,0.009333183599742726,0.011641465856012776,0.033405010150043886,0.009333183599742726,0.011641465856012776
ID_6CNKK3,0.033405010150043886,0.010396002644900227,0.014299619467440268,0.033405010150043886,0.010396002644900227,0.014299619467440268
ID_3D6P1W,0.033405010150043886,0.009807119156291334,0.011687726443438032,0.033405010150043886,0.009807119156291334,0.011687726443438032
ID_W4LB98,0.033405010150043886,0.00980858172185638,0.011641465856012776,0.033405010150043886,0.00980858172185638,0.011641465856012776
ID_7S0G4C,0.034619819238460865,0.05750084564703672,0.0486057951781627,0.034619819238460865,0.05750084564703672,0.0486057951781627
ID_OOZHOC,0.033405010150043886,0.010577912637252966,0.014201062432895572,0.033405010150043886,0.010577912637252966,0.014201062432895572
ID_ANAD68,0.03587016278796132,0.056958997234986576,0.04814220792139424,0.03587016278796132,0.056958997234986576,0.04814220792139424
ID_ZYBEDD,0.0337825876947113,0.009772483267366603,0.011309576089156241,0.0337825876947113,0.009772483267366603,0.011309576089156241
ID_AZ8323,0.034619819238460865,0.05897983980505256,0.04794501491362301,0.034619819238460865,0.05897983980505256,0.04794501491362301
ID_PDZB8M,0.036496535961627975,0.04110611776794192,0.20851755346426085,0.036496535961627975,0.04110611776794192,0.20851755346426085
ID_N90VSA,0.033405010150043886,0.00925536127563302,0.011753308924355364,0.033405010150043886,0.00925536127563302,0.011753308924355364
ID_4IHET8,0.043480469005599015,0.01685930261025581,0.029765469128751408,0.043480469005599015,0.01685930261025581,0.029765469128751408
ID_2DZRF6,0.0337825876947113,0.009831496330330515,0.011201008323870956,0.0337825876947113,0.009831496330330515,0.011201008323870956
ID_DHD7VN,0.034619819238460865,0.04121046824431753,0.044497356350602826,0.034619819238460865,0.04121046824431753,0.044497356350602826
ID_9KA6N0,0.03471701956108645,0.03788622414398699,0.044942002900600256,0.03471701956108645,0.03788622414398699,0.044942002900600256
ID_39VHVT,0.03471701956108645,0.03905332908138147,0.04210915465666169,0.03471701956108645,0.03905332908138147,0.04210915465666169
ID_6M3VS9,0.037335854919091686,0.03902830446924077,0.04515607023537852,0.037335854919091686,0.03902830446924077,0.04515607023537852
ID_8BASDE,0.034619819238460865,0.04026569919635547,0.04408760097293652,0.034619819238460865,0.04026569919635547,0.04408760097293652
ID_L11QW6,0.033405010150043886,0.009333183599742726,0.011641465856012776,0.033405010150043886,0.009333183599742726,0.011641465856012776
ID_ZC52OO,0.033405010150043886,0.009333183599742726,0.011641465856012776,0.033405010150043886,0.009333183599742726,0.011641465856012776
ID_W4WHIW,0.033405010150043886,0.009333183599742726,0.011641465856012776,0.033405010150043886,0.009333183599742726,0.011641465856012776
ID_XSQ9IH,0.033405010150043886,0.009734735188038086,0.011383723342798578,0.033405010150043886,0.009734735188038086,0.011383723342798578
ID_1DUVNN,0.033405010150043886,0.009734735188038086,0.011383723342798578,0.033405010150043886,0.009734735188038086,0.011383723342798578
ID_1EP7ZJ,0.03348094749448393,0.011207621819521788,0.015934171993406257,0.03348094749448393,0.011207621819521788,0.015934171993406257
ID_EH58J1,0.033405010150043886,0.009333183599742726,0.011641465856012776,0.033405010150043886,0.009333183599742726,0.011641465856012776
ID_CTI20D,0.033405010150043886,0.009333183599742726,0.011641465856012776,0.033405010150043886,0.009333183599742726,0.011641465856012776
ID_0IB50G,0.037335854919091686,0.03932695216513976,0.04515607023537852,0.037335854919091686,0.03932695216513976,0.04515607023537852
ID_4NDO8O,0.0337825876947113,0.009831496330330515,0.011282818879546639,0.0337825876947113,0.009831496330330515,0.011282818879546639
ID_NSH0DU,0.0337825876947113,0.009831496330330515,0.011201008323870956,0.0337825876947113,0.009831496330330515,0.011201008323870956
ID_XXUVDP,0.0337825876947113,0.009772483267366603,0.011309576089156241,0.0337825876947113,0.009772483267366603,0.011309576089156241
ID_WUM26R,0.043480469005599015,0.013663238610431751,0.024929445143212058,0.043480469005599015,0.013663238610431751,0.024929445143212058
ID_JL9J80,0.03471701956108645,0.038486300193826324,0.04445351578399082,0.03471701956108645,0.038486300193826324,0.04445351578399082
ID_68D45A,0.033405010150043886,0.010622111446205172,0.014201062432895572,0.033405010150043886,0.010622111446205172,0.014201062432895572
ID_VYD2TV,0.034619819238460865,0.0407775478352595,0.04319146268807106,0.034619819238460865,0.0407775478352595,0.04319146268807106
ID_CIW99P,0.03377911239631651,0.011446290935564339,0.013266835361486422,0.03377911239631651,0.011446290935564339,0.013266835361486422
ID_D51DUQ,0.03587016278796132,0.03934531686176914,0.04515607023537852,0.03587016278796132,0.03934531686176914,0.04515607023537852
ID_3BGZSO,0.037335854919091686,0.03932695216513976,0.04515607023537852,0.037335854919091686,0.03932695216513976,0.04515607023537852
ID_2EPRTP,0.033405010150043886,0.009807119156291334,0.011865143798156765,0.033405010150043886,0.009807119156291334,0.011865143798156765
ID_XD3292,0.033405010150043886,0.009807119156291334,0.011865143798156765,0.033405010150043886,0.009807119156291334,0.011865143798156765
ID_NIFVOQ,0.033405010150043886,0.009807119156291334,0.011865143798156765,0.033405010150043886,0.009807119156291334,0.011865143798156765
ID_ZU5SYR,0.035870162787961325,0.03934531686176914,0.04515607023537852,0.035870162787961325,0.03934531686176914,0.04515607023537852
ID_Y4PE30,0.03624634672777109,0.04180160047002547,0.21221096312283025,0.03624634672777109,0.04180160047002547,0.21221096312283025
ID_T2OK2R,0.033405010150043886,0.01049046250921152,0.014716385824656602,0.033405010150043886,0.01049046250921152,0.014716385824656602
ID_SP8RIP,0.033405010150043886,0.009333183599742726,0.011641465856012776,0.033405010150043886,0.009333183599742726,0.011641465856012776
ID_VQ9S5D,0.03587016278796132,0.05544763823091139,0.048601766216323644,0.03587016278796132,0.05544763823091139,0.048601766216323644
ID_0JVF3K,0.03964176795217466,0.04577713060445025,0.2171695902538661,0.03964176795217466,0.04577713060445025,0.2171695902538661
ID_7KU1OB,0.04783714632850864,0.017412908363867385,0.03187362402376663,0.04783714632850864,0.017412908363867385,0.03187362402376663
ID_7UYLNU,0.03333092209923598,0.011871508967105353,0.02357292759337159,0.03333092209923598,0.011871508967105353,0.02357292759337159
ID_7YBJBN,0.033405010150043886,0.010500471316121994,0.014716385824656602,0.033405010150043886,0.010500471316121994,0.014716385824656602
ID_CLJ4A6,0.0337825876947113,0.009289107204275553,0.011201008323870956,0.0337825876947113,0.009289107204275553,0.011201008323870956
ID_USIVUY,0.034619819238460865,0.04026569919635547,0.04408760097293652,0.034619819238460865,0.04026569919635547,0.04408760097293652
ID_SWNDPS,0.033405010150043886,0.010016037036401903,0.014716385824656602,0.033405010150043886,0.010016037036401903,0.014716385824656602
ID_781KAZ,0.0337825876947113,0.009772483267366603,0.011309576089156241,0.0337825876947113,0.009772483267366603,0.011309576089156241
ID_QGCAPM,0.0337825876947113,0.009774191056194573,0.011201008323870956,0.0337825876947113,0.009774191056194573,0.011201008323870956
ID_BK64SS,0.03471701956108645,0.03788622414398699,0.044942002900600256,0.03471701956108645,0.03788622414398699,0.044942002900600256
ID_0HVBH9,0.03471701956108645,0.03905332908138147,0.04210915465666169,0.03471701956108645,0.03905332908138147,0.04210915465666169
ID_BAFM4T,0.0337825876947113,0.009831496330330515,0.011330903937633807,0.0337825876947113,0.009831496330330515,0.011330903937633807
ID_3R5UNN,0.0337825876947113,0.009772483267366603,0.011309576089156241,0.0337825876947113,0.009772483267366603,0.011309576089156241
ID_S09JZ1,0.0337825876947113,0.009250808579058037,0.011366471494298896,0.0337825876947113,0.009250808579058037,0.011366471494298896
ID_2Z02YG,0.033405010150043886,0.010500471316121994,0.014716385824656602,0.033405010150043886,0.010500471316121994,0.014716385824656602
ID_9NSFQV,0.033405010150043886,0.010105855739395129,0.014201062432895572,0.033405010150043886,0.010105855739395129,0.014201062432895572
ID_MP6MPH,0.03624634672777109,0.04180160047002547,0.21221096312283025,0.03624634672777109,0.04180160047002547,0.21221096312283025
ID_88VJLH,0.03624634672777109,0.04180160047002547,0.21221096312283025,0.03624634672777109,0.04180160047002547,0.21221096312283025
ID_I3EOVL,0.04123080579988512,0.057859524406146036,0.25035110566273056,0.04123080579988512,0.057859524406146036,0.25035110566273056
ID_TJIJM7,0.0337825876947113,0.010316580182249535,0.011201008323870956,0.0337825876947113,0.010316580182249535,0.011201008323870956
ID_3OB2PY,0.03471701956108645,0.03788622414398699,0.044942002900600256,0.03471701956108645,0.03788622414398699,0.044942002900600256
ID_IWPNJZ,0.0337825876947113,0.009774191056194573,0.011201008323870956,0.0337825876947113,0.009774191056194573,0.011201008323870956
ID_8NFKCL,0.033405010150043886,0.010574014033109166,0.014192591425277434,0.033405010150043886,0.010574014033109166,0.014192591425277434
ID_THH1UR,0.03624634672777109,0.04201675206618178,0.2130591821814005,0.03624634672777109,0.04201675206618178,0.2130591821814005
ID_DIGB5C,0.033405010150043886,0.010622111446205172,0.014201062432895572,0.033405010150043886,0.010622111446205172,0.014201062432895572
ID_RI8Y4C,0.034619819238460865,0.03992141646982819,0.04194744670170544,0.034619819238460865,0.03992141646982819,0.04194744670170544
ID_GGVJTH,0.045069506853309474,0.017432918889232478,0.031316756594881055,0.045069506853309474,0.017432918889232478,0.031316756594881055
ID_LOIPDR,0.034619819238460865,0.056765692856493764,0.04748328907521988,0.034619819238460865,0.056765692856493764,0.04748328907521988
ID_M9K91E,0.045069506853309474,0.01676222058203785,0.030856025072357178,0.045069506853309474,0.01676222058203785,0.030856025072357178
ID_2TZLAV,0.03624634672777109,0.04180160047002547,0.21221096312283025,0.03624634672777109,0.04180160047002547,0.21221096312283025
ID_1HUSLA,0.033405010150043886,0.009322332214235451,0.011787808385918683,0.033405010150043886,0.009322332214235451,0.011787808385918683
ID_I7R7TF,0.03471701956108645,0.037948977091311266,0.044942002900600256,0.03471701956108645,0.037948977091311266,0.044942002900600256
ID_V586YJ,0.0337825876947113,0.010316580182249535,0.011201008323870956,0.0337825876947113,0.010316580182249535,0.011201008323870956
ID_MXWQQ6,0.03348094749448393,0.012080548514444987,0.01709901324129991,0.03348094749448393,0.012080548514444987,0.01709901324129991
ID_VFMFNH,0.03984895728280475,0.0399770066484015,0.0444176824357731,0.03984895728280475,0.0399770066484015,0.0444176824357731
ID_745OT8,0.03587016278796132,0.03934531686176914,0.04515607023537852,0.03587016278796132,0.03934531686176914,0.04515607023537852
ID_N1RPR3,0.0406615286369068,0.04934748472689298,0.05305892353807868,0.0406615286369068,0.04934748472689298,0.05305892353807868
ID_34D3MN,0.0337825876947113,0.009831496330330515,0.011201008323870956,0.0337825876947113,0.009831496330330515,0.011201008323870956
ID_MSZ3TQ,0.033405010150043886,0.010574014033109166,0.014192591425277434,0.033405010150043886,0.010574014033109166,0.014192591425277434
ID_SB3Z4O,0.033405010150043886,0.010577957379897945,0.014192591425277434,0.033405010150043886,0.010577957379897945,0.014192591425277434
ID_4JJJZB,0.0333838863973487,0.029196527922975394,0.03950554338880361,0.0333838863973487,0.029196527922975394,0.03950554338880361
ID_IVHQHJ,0.043480469005599015,0.013671782216635467,0.02482548237017215,0.043480469005599015,0.013671782216635467,0.02482548237017215
ID_3XTXFX,0.037335854919091686,0.0560637157542544,0.04814220792139424,0.037335854919091686,0.0560637157542544,0.04814220792139424
ID_1DVLLY,0.043480469005599015,0.013663238610431751,0.024929445143212058,0.043480469005599015,0.013663238610431751,0.024929445143212058
ID_G7CMRV,0.03624634672777109,0.04159866839050054,0.21221096312283025,0.03624634672777109,0.04159866839050054,0.21221096312283025
ID_PBV8NL,0.07633587576033417,0.13769005831950235,0.22179259391194306,0.07633587576033417,0.13769005831950235,0.22179259391194306
ID_DO3ZD4,0.03415668994098392,0.01089825329483524,0.012463138923685339,0.03415668994098392,0.01089825329483524,0.012463138923685339
ID_BXFZX7,0.033405010150043886,0.01039357935315589,0.014780602926770052,0.033405010150043886,0.01039357935315589,0.014780602926770052
ID_K5JUQC,0.033405010150043886,0.010500471316121994,0.014716385824656602,0.033405010150043886,0.010500471316121994,0.014716385824656602
ID_JQIX21,0.0337825876947113,0.009772483267366603,0.011309576089156241,0.0337825876947113,0.009772483267366603,0.011309576089156241
ID_2ZX8MJ,0.03471701956108645,0.05484874746643496,0.048618319286827076,0.03471701956108645,0.05484874746643496,0.048618319286827076
ID_3WIPGV,0.034619819238460865,0.04026569919635547,0.04408760097293652,0.034619819238460865,0.04026569919635547,0.04408760097293652
ID_ISHX3X,0.0337825876947113,0.009289107204275553,0.011201008323870956,0.0337825876947113,0.009289107204275553,0.011201008323870956
ID_FBFZMG,0.03377911239631651,0.0114297133710374,0.013170578737973166,0.03377911239631651,0.0114297133710374,0.013170578737973166
ID_RHD6O4,0.034619819238460865,0.04026569919635547,0.04408760097293652,0.034619819238460865,0.04026569919635547,0.04408760097293652
ID_P6QK23,0.07633587576033417,0.1346353325829085,0.22310887733671578,0.07633587576033417,0.1346353325829085,0.22310887733671578
ID_8NS4P8,0.0337825876947113,0.009289107204275553,0.011201008323870956,0.0337825876947113,0.009289107204275553,0.011201008323870956
ID_YXAL4N,0.035870162787961325,0.056958997234986576,0.04814220792139424,0.035870162787961325,0.056958997234986576,0.04814220792139424
ID_FHRLXM,0.03984895728280475,0.03902830446924077,0.04515607023537852,0.03984895728280475,0.03902830446924077,0.04515607023537852
ID_4LDI6N,0.0337825876947113,0.009772483267366603,0.011309576089156241,0.0337825876947113,0.009772483267366603,0.011309576089156241
ID_U30UU9,0.03333092209923598,0.011522425924470975,0.02295047723551578,0.03333092209923598,0.011522425924470975,0.02295047723551578
ID_BIVVQ5,0.033405010150043886,0.01048727280281082,0.014854947234104065,0.033405010150043886,0.01048727280281082,0.014854947234104065
ID_V3FU4W,0.034619819238460865,0.04026569919635547,0.04408760097293652,0.034619819238460865,0.04026569919635547,0.04408760097293652
ID_ZBT2OF,0.07633587576033417,0.13769005831950235,0.22179259391194306,0.07633587576033417,0.13769005831950235,0.22179259391194306
ID_U2YCJS,0.033405010150043886,0.010574014033109166,0.014192591425277434,0.033405010150043886,0.010574014033109166,0.014192591425277434
ID_AR0M29,0.0337825876947113,0.009289107204275553,0.011201008323870956,0.0337825876947113,0.009289107204275553,0.011201008323870956
ID_KGELXP,0.034619819238460865,0.0407775478352595,0.04319146268807106,0.034619819238460865,0.0407775478352595,0.04319146268807106
ID_ICMGAL,0.033405010150043886,0.009807119156291334,0.011687726443438032,0.033405010150043886,0.009807119156291334,0.011687726443438032
ID_SATA0V,0.033405010150043886,0.00980858172185638,0.011641465856012776,0.033405010150043886,0.00980858172185638,0.011641465856012776
ID_KLG612,0.03377911239631651,0.010343465422017528,0.011832496789731134,0.03377911239631651,0.010343465422017528,0.011832496789731134
ID_0K6BDO,0.034619819238460865,0.0560168610748026,0.04734808779417687,0.034619819238460865,0.0560168610748026,0.04734808779417687
ID_3GMYTY,0.037335854919091686,0.03902830446924077,0.04515607023537852,0.037335854919091686,0.03902830446924077,0.04515607023537852
ID_75LBON,0.0337825876947113,0.009831496330330515,0.011201008323870956,0.0337825876947113,0.009831496330330515,0.011201008323870956
ID_2XFJZU,0.033405010150043886,0.010151250854216061,0.014201062432895572,0.033405010150043886,0.010151250854216061,0.014201062432895572
ID_DH1QTQ,0.034619819238460865,0.04211083648963307,0.04408760097293652,0.034619819238460865,0.04211083648963307,0.04408760097293652
ID_VCTNE2,0.034619819238460865,0.03992141646982819,0.04194744670170544,0.034619819238460865,0.03992141646982819,0.04194744670170544
ID_TQKOQ0,0.033405010150043886,0.009807119156291334,0.011687726443438032,0.033405010150043886,0.009807119156291334,0.011687726443438032
ID_O4VUD4,0.037335854919091686,0.03932695216513976,0.04515607023537852,0.037335854919091686,0.03932695216513976,0.04515607023537852
ID_5PJ9XO,0.05262966686877799,0.01703643479429537,0.03211382560160284,0.05262966686877799,0.01703643479429537,0.03211382560160284
ID_5BHS0I,0.0337825876947113,0.010316580182249535,0.011201008323870956,0.0337825876947113,0.010316580182249535,0.011201008323870956
ID_UED7H0,0.033405010150043886,0.009333183599742726,0.011641465856012776,0.033405010150043886,0.009333183599742726,0.011641465856012776
ID_7PNRDI,0.033405010150043886,0.009807119156291334,0.011687726443438032,0.033405010150043886,0.009807119156291334,0.011687726443438032
ID_XZXOS2,0.036477909742129305,0.013289050535318963,0.024815794115830413,0.036477909742129305,0.013289050535318963,0.024815794115830413
ID_GKDTYW,0.0337825876947113,0.009747236745172553,0.011831345823642266,0.0337825876947113,0.009747236745172553,0.011831345823642266
ID_XGKFJ2,0.033405010150043886,0.010418942036932388,0.015796398970991575,0.033405010150043886,0.010418942036932388,0.015796398970991575
ID_M0HTKQ,0.0337825876947113,0.010316580182249535,0.011201008323870956,0.0337825876947113,0.010316580182249535,0.011201008323870956
ID_LTDZIO,0.0337825876947113,0.009774191056194573,0.011201008323870956,0.0337825876947113,0.009774191056194573,0.011201008323870956
ID_GLYI5H,0.035870162787961325,0.04037283262728485,0.044716987951793914,0.035870162787961325,0.04037283262728485,0.044716987951793914
ID_8R5FFI,0.04292903362752883,0.10324137133910019,0.2273878154861109,0.04292903362752883,0.10324137133910019,0.2273878154861109
ID_T8RWY3,0.0337825876947113,0.009831496330330515,0.011201008323870956,0.0337825876947113,0.009831496330330515,0.011201008323870956
ID_YUMD4O,0.034619819238460865,0.03981440711758549,0.04194744670170544,0.034619819238460865,0.03981440711758549,0.04194744670170544
ID_V4CJKG,0.034619819238460865,0.04018050672591749,0.04360121806573737,0.034619819238460865,0.04018050672591749,0.04360121806573737
ID_PD844Y,0.034619819238460865,0.040455734436863657,0.04408760097293652,0.034619819238460865,0.040455734436863657,0.04408760097293652
ID_1FJE68,0.0337825876947113,0.009772483267366603,0.011309576089156241,0.0337825876947113,0.009772483267366603,0.011309576089156241
ID_RTAF36,0.0337825876947113,0.010316580182249535,0.011201008323870956,0.0337825876947113,0.010316580182249535,0.011201008323870956
ID_0Q0ASG,0.03333092209923598,0.01145253854063508,0.023181100340708367,0.03333092209923598,0.01145253854063508,0.023181100340708367
ID_WOQ9RN,0.037335854919091686,0.040059538955320634,0.044716987951793914,0.037335854919091686,0.040059538955320634,0.044716987951793914
ID_40HUN8,0.04240129101858259,0.05541105092575827,0.25035110566273056,0.04240129101858259,0.05541105092575827,0.25035110566273056
ID_KP9MAP,0.0337825876947113,0.009825731839692788,0.0114009744043842,0.0337825876947113,0.009825731839692788,0.0114009744043842
ID_9TOISM,0.0337825876947113,0.009772483267366603,0.011309576089156241,0.0337825876947113,0.009772483267366603,0.011309576089156241
ID_604ZNT,0.03333092209923598,0.011517074045577887,0.02303343627249523,0.03333092209923598,0.011517074045577887,0.02303343627249523
ID_R8L0ZF,0.033405010150043886,0.009333183599742726,0.011641465856012776,0.033405010150043886,0.009333183599742726,0.011641465856012776
ID_NEWEUH,0.033405010150043886,0.010403606681770976,0.014299619467440268,0.033405010150043886,0.010403606681770976,0.014299619467440268
ID_POEBAW,0.034619819238460865,0.0560168610748026,0.04734808779417687,0.034619819238460865,0.0560168610748026,0.04734808779417687
ID_M074K8,0.03624634672777109,0.04201675206618178,0.2130591821814005,0.03624634672777109,0.04201675206618178,0.2130591821814005
ID_A0HXDC,0.034619819238460865,0.039259489832163055,0.044497356350602826,0.034619819238460865,0.039259489832163055,0.044497356350602826
ID_SLG2I5,0.03348094749448393,0.01186259274575034,0.016730941553364995,0.03348094749448393,0.01186259274575034,0.016730941553364995
ID_0ZWEL6,0.03471701956108645,0.038486300193826324,0.04445351578399082,0.03471701956108645,0.038486300193826324,0.04445351578399082
ID_5W8IQ2,0.03348094749448393,0.012128890081464117,0.01691200776490736,0.03348094749448393,0.012128890081464117,0.01691200776490736
ID_X1JF4P,0.033405010150043886,0.010577957379897945,0.014192591425277434,0.033405010150043886,0.010577957379897945,0.014192591425277434
ID_OKPFDW,0.03415668994098392,0.010762792709853263,0.012167525737571716,0.03415668994098392,0.010762792709853263,0.012167525737571716
ID_BG41I8,0.0337825876947113,0.009289107204275553,0.011201008323870956,0.0337825876947113,0.009289107204275553,0.011201008323870956
ID_WLJAHR,0.03415668994098392,0.011480901896481576,0.012780073155036624,0.03415668994098392,0.011480901896481576,0.012780073155036624
ID_CWIW49,0.033405010150043886,0.010403606681770976,0.014780602926770052,0.033405010150043886,0.010403606681770976,0.014780602926770052
ID_KPIEP6,0.033405010150043886,0.01048727280281082,0.014854947234104065,0.033405010150043886,0.01048727280281082,0.014854947234104065
ID_BIPIY7,0.03624634672777109,0.04201675206618178,0.2130591821814005,0.03624634672777109,0.04201675206618178,0.2130591821814005
ID_OV4128,0.034619819238460865,0.03923367968006138,0.042357202079371756,0.034619819238460865,0.03923367968006138,0.042357202079371756
ID_KM14WW,0.0337825876947113,0.010316580182249535,0.011201008323870956,0.0337825876947113,0.010316580182249535,0.011201008323870956
ID_ZR9LL7,0.0337825876947113,0.010316580182249535,0.011201008323870956,0.0337825876947113,0.010316580182249535,0.011201008323870956
ID_MN7JHJ,0.0337825876947113,0.009772483267366603,0.011309576089156241,0.0337825876947113,0.009772483267366603,0.011309576089156241
ID_1YP6FS,0.034619819238460865,0.04092668040598297,0.04319146268807106,0.034619819238460865,0.04092668040598297,0.04319146268807106
ID_LY0FR7,0.037335854919091686,0.0399770066484015,0.044716987951793914,0.037335854919091686,0.0399770066484015,0.044716987951793914
ID_VA8YS0,0.045069506853309474,0.01668678541994293,0.030986549502492203,0.045069506853309474,0.01668678541994293,0.030986549502492203
ID_MGX9C4,0.034619819238460865,0.04211083648963307,0.04408760097293652,0.034619819238460865,0.04211083648963307,0.04408760097293652
ID_ODWSBV,0.034619819238460865,0.03981440711758549,0.04194744670170544,0.034619819238460865,0.03981440711758549,0.04194744670170544
ID_VIB8R6,0.034619819238460865,0.05897983980505256,0.04794501491362301,0.034619819238460865,0.05897983980505256,0.04794501491362301
ID_O3271L,0.03333092209923598,0.011871508967105353,0.02357292759337159,0.03333092209923598,0.011871508967105353,0.02357292759337159
ID_IA7XNG,0.034619819238460865,0.05650323063039485,0.04734808779417687,0.034619819238460865,0.05650323063039485,0.04734808779417687
ID_G5YFIJ,0.0337825876947113,0.03642117986536151,0.14416392532742503,0.0337825876947113,0.03642117986536151,0.14416392532742503
ID_8EA5ZH,0.0337825876947113,0.0368366667480838,0.15151228874022718,0.0337825876947113,0.0368366667480838,0.15151228874022718
ID_VUB2RU,0.0337825876947113,0.03969051830705954,0.16528295701065676,0.0337825876947113,0.03969051830705954,0.16528295701065676
ID_869AS8,0.03415668994098392,0.036944943029435774,0.151473761040236,0.03415668994098392,0.036944943029435774,0.151473761040236
ID_TIBN4U,0.0337825876947113,0.0368366667480838,0.15467428439057748,0.0337825876947113,0.0368366667480838,0.15467428439057748
ID_WQ3JF5,0.0337825876947113,0.0368366667480838,0.15151228874022718,0.0337825876947113,0.0368366667480838,0.15151228874022718
ID_5RBXPX,0.0337825876947113,0.0368366667480838,0.15467428439057748,0.0337825876947113,0.0368366667480838,0.15467428439057748
ID_5HD5ZA,0.0337825876947113,0.03969051830705954,0.16528295701065676,0.0337825876947113,0.03969051830705954,0.16528295701065676
ID_2S5VX6,0.0337825876947113,0.0368366667480838,0.15467428439057748,0.0337825876947113,0.0368366667480838,0.15467428439057748
ID_5A16YM,0.0337825876947113,0.03969051830705954,0.16528295701065676,0.0337825876947113,0.03969051830705954,0.16528295701065676
ID_9HWS96,0.0337825876947113,0.0368366667480838,0.15151228874022718,0.0337825876947113,0.0368366667480838,0.15151228874022718
ID_XSG0T2,0.0337825876947113,0.03969051830705954,0.16112529252435565,0.0337825876947113,0.03969051830705954,0.16112529252435565
ID_GKA6X5,0.0337825876947113,0.03642117986536151,0.14146300296864006,0.0337825876947113,0.03642117986536151,0.14146300296864006
ID_IADFLZ,0.0337825876947113,0.0368366667480838,0.15467428439057748,0.0337825876947113,0.0368366667480838,0.15467428439057748
ID_85I0GR,0.0337825876947113,0.03969051830705954,0.16112529252435565,0.0337825876947113,0.03969051830705954,0.16112529252435565
ID_MIJTEW,0.0337825876947113,0.0368366667480838,0.15151228874022718,0.0337825876947113,0.0368366667480838,0.15151228874022718
ID_B8BL0O,0.0337825876947113,0.03969051830705954,0.16112529252435565,0.0337825876947113,0.03969051830705954,0.16112529252435565
ID_QC1WRZ,0.0337825876947113,0.0368366667480838,0.15467428439057748,0.0337825876947113,0.0368366667480838,0.15467428439057748
ID_6UT7IC,0.0337825876947113,0.0368366667480838,0.15151228874022718,0.0337825876947113,0.0368366667480838,0.15151228874022718
ID_54JX22,0.0337825876947113,0.0368366667480838,0.15151228874022718,0.0337825876947113,0.0368366667480838,0.15151228874022718
ID_6TKU5R,0.0337825876947113,0.0368366667480838,0.15151228874022718,0.0337825876947113,0.0368366667480838,0.15151228874022718
ID_1JA2MK,0.03415668994098392,0.036944943029435774,0.151473761040236,0.03415668994098392,0.036944943029435774,0.151473761040236
ID_SJWY6D,0.0337825876947113,0.0368366667480838,0.15151228874022718,0.0337825876947113,0.0368366667480838,0.15151228874022718
ID_GIYG6G,0.0337825876947113,0.03969051830705954,0.16112529252435565,0.0337825876947113,0.03969051830705954,0.16112529252435565
ID_LJS85L,0.0337825876947113,0.0368366667480838,0.15151228874022718,0.0337825876947113,0.0368366667480838,0.15151228874022718
ID_TQNBDG,0.0337825876947113,0.0368366667480838,0.15467428439057748,0.0337825876947113,0.0368366667480838,0.15467428439057748
ID_XARP7Q,0.0337825876947113,0.0368366667480838,0.15467428439057748,0.0337825876947113,0.0368366667480838,0.15467428439057748
ID_BMEQA2,0.0337825876947113,0.0368366667480838,0.15467428439057748,0.0337825876947113,0.0368366667480838,0.15467428439057748
ID_O9717W,0.0337825876947113,0.0368366667480838,0.15151228874022718,0.0337825876947113,0.0368366667480838,0.15151228874022718
ID_7A9IEF,0.04850613793692468,0.21710843630972504,0.40747101877997516,0.04850613793692468,0.21710843630972504,0.40747101877997516
ID_YGG57K,0.033405010150043886,0.027542404433917218,0.05250833610686152,0.033405010150043886,0.027542404433917218,0.05250833610686152
ID_QI4XP9,0.039990777922295793,0.1847587233129026,0.3828143850141059,0.039990777922295793,0.1847587233129026,0.3828143850141059
ID_Q18N3W,0.10634110609836056,0.5793256838684759,0.8505071060810905,0.10634110609836056,0.5793256838684759,0.8505071060810905
ID_4VVCQH,0.10704676862084622,0.6270049046825463,0.8465359288540175,0.10704676862084622,0.6270049046825463,0.8465359288540175
ID_XE4IEV,0.03351869239770588,0.08514539684451847,0.11103603828758093,0.03351869239770588,0.08514539684451847,0.11103603828758093
ID_K3MAY0,0.10704676862084622,0.5910547360912868,0.8465359288540175,0.10704676862084622,0.5910547360912868,0.8465359288540175
ID_HW0LWU,0.05123040700393524,0.3085382585586034,0.5344716508540627,0.05123040700393524,0.3085382585586034,0.5344716508540627
ID_UCWQS1,0.03391545228460249,0.08791103913094583,0.11151353029647343,0.03391545228460249,0.08791103913094583,0.11151353029647343
ID_MZ5E9B,0.03351869239770588,0.0491516742542399,0.051851528032819366,0.03351869239770588,0.0491516742542399,0.051851528032819366
ID_C1K50D,0.08949267349287036,0.18284379865035205,0.9024098884493557,0.08949267349287036,0.18284379865035205,0.9024098884493557
ID_MC4KWW,0.8392539947400177,0.8382145349485516,0.9604021783849889,0.8392539947400177,0.8382145349485516,0.9604021783849889
ID_RH99WO,0.05419640384251909,0.29455221023989925,0.5332117853506878,0.05419640384251909,0.29455221023989925,0.5332117853506878
ID_744B0S,0.03391545228460249,0.06614307388410234,0.05496068243958156,0.03391545228460249,0.06614307388410234,0.05496068243958156
ID_G76EJJ,0.03351869239770588,0.04684987938981866,0.04891710943773548,0.03351869239770588,0.04684987938981866,0.04891710943773548
ID_W3FLE5,0.033405010150043886,0.02820665457499627,0.05020188051523107,0.033405010150043886,0.02820665457499627,0.05020188051523107
ID_EH2GC9,0.04597167279886205,0.22074971426793882,0.39954020056946904,0.04597167279886205,0.22074971426793882,0.39954020056946904
ID_VA32M2,0.07956871168686097,0.6072183584605764,0.835149859705801,0.07956871168686097,0.6072183584605764,0.835149859705801
ID_614OQG,0.06168467707443104,0.08619058933289395,0.4903691503392306,0.06168467707443104,0.08619058933289395,0.4903691503392306
ID_3XYEKG,0.048356665620898936,0.32931737727355787,0.5366498683630474,0.048356665620898936,0.32931737727355787,0.5366498683630474
ID_0NEH7M,0.03351869239770588,0.0491516742542399,0.051851528032819366,0.03351869239770588,0.0491516742542399,0.051851528032819366
ID_X56U7A,0.033405010150043886,0.02978543006440159,0.05386715413074658,0.033405010150043886,0.02978543006440159,0.05386715413074658
ID_LVGS8N,0.033405010150043886,0.02978543006440159,0.05386715413074658,0.033405010150043886,0.02978543006440159,0.05386715413074658
ID_8OM0HC,0.033405010150043886,0.02978543006440159,0.05386715413074658,0.033405010150043886,0.02978543006440159,0.05386715413074658
ID_ZF76R9,0.03351869239770588,0.08514539684451847,0.11103603828758093,0.03351869239770588,0.08514539684451847,0.11103603828758093
ID_38Z3AF,0.03391545228460249,0.05686360498439178,0.05459600834118086,0.03391545228460249,0.05686360498439178,0.05459600834118086
ID_MI871Y,0.03351869239770588,0.04315946822749718,0.04903618430294417,0.03351869239770588,0.04315946822749718,0.04903618430294417
ID_Z2O6G6,0.03351869239770588,0.04315946822749718,0.04903618430294417,0.03351869239770588,0.04315946822749718,0.04903618430294417
ID_N4NA0B,0.05432235477859161,0.23195177314369436,0.43919516344622983,0.05432235477859161,0.23195177314369436,0.43919516344622983
ID_CXGCMA,0.03351869239770588,0.08514539684451847,0.11103603828758093,0.03351869239770588,0.08514539684451847,0.11103603828758093
ID_S02NWF,0.039990777922295793,0.1847587233129026,0.3828143850141059,0.039990777922295793,0.1847587233129026,0.3828143850141059
ID_STYUQH,0.041277827887659706,0.052596741045497886,0.42884116784954346,0.041277827887659706,0.052596741045497886,0.42884116784954346
ID_OQ0NNL,0.05673388891020098,0.06561034404227908,0.4541395432397806,0.05673388891020098,0.06561034404227908,0.4541395432397806
ID_LMECJK,0.06168467707443104,0.08619058933289395,0.4903691503392306,0.06168467707443104,0.08619058933289395,0.4903691503392306
ID_D7R1NQ,0.07000297165599936,0.3573453358624482,0.61609458658861,0.07000297165599936,0.3573453358624482,0.61609458658861
ID_7XQ792,0.03391545228460249,0.08246107032934588,0.10520977396574721,0.03391545228460249,0.08246107032934588,0.10520977396574721
ID_U8RC44,0.03894732832048321,0.06032647658065152,0.456716808538032,0.03894732832048321,0.06032647658065152,0.456716808538032
ID_EBNFRL,0.0601341791207497,0.37802934512269404,0.6551901196242583,0.0601341791207497,0.37802934512269404,0.6551901196242583
ID_GKQ47Z,0.041277827887659706,0.04972556312201766,0.42884116784954346,0.041277827887659706,0.04972556312201766,0.42884116784954346
ID_YE5B6S,0.040505469936323694,0.39181890189005647,0.5446562598489118,0.040505469936323694,0.39181890189005647,0.5446562598489118
ID_W45VF7,0.057112143809980656,0.2631796431539084,0.448224352986163,0.057112143809980656,0.2631796431539084,0.448224352986163
ID_1RUKP4,0.11560299027961768,0.8651248130424484,0.9539081000341237,0.11560299027961768,0.8651248130424484,0.9539081000341237
ID_Q4TH3I,0.03351869239770588,0.0491516742542399,0.05003894792579133,0.03351869239770588,0.0491516742542399,0.05003894792579133
ID_DPVS20,0.039990777922295793,0.18150452430629008,0.3828143850141059,0.039990777922295793,0.18150452430629008,0.3828143850141059
ID_22KHLA,0.03348094749448393,0.035612025633874306,0.055556784857981135,0.03348094749448393,0.035612025633874306,0.055556784857981135
ID_S9QE4Q,0.033405010150043886,0.03701431682561063,0.05834987404711957,0.033405010150043886,0.03701431682561063,0.05834987404711957
ID_E7MX6C,0.05123040700393524,0.32068894894238265,0.5344716508540627,0.05123040700393524,0.32068894894238265,0.5344716508540627
ID_U3INRH,0.03348094749448393,0.035612025633874306,0.055556784857981135,0.03348094749448393,0.035612025633874306,0.055556784857981135
ID_DI7YTA,0.07167046167716952,0.40012348245794144,0.6626211638061521,0.07167046167716952,0.40012348245794144,0.6626211638061521
ID_RCOAWN,0.039017837283392164,0.0630362259794594,0.42387994846728816,0.039017837283392164,0.0630362259794594,0.42387994846728816
ID_Z1LRYM,0.03858938908915306,0.24044927397010898,0.4644240164943365,0.03858938908915306,0.24044927397010898,0.4644240164943365
ID_C2LJ70,0.039990777922295793,0.18522405009225895,0.38812558039573664,0.039990777922295793,0.18522405009225895,0.38812558039573664
ID_GIVEZ4,0.054822999723057486,0.3324869514745238,0.6148570263470288,0.054822999723057486,0.3324869514745238,0.6148570263470288
ID_ELDV2E,0.09632675849605658,0.5417406036806569,0.8431105498053573,0.09632675849605658,0.5417406036806569,0.8431105498053573
ID_2BSLWL,0.03894732832048321,0.06032647658065152,0.456716808538032,0.03894732832048321,0.06032647658065152,0.456716808538032
ID_SEXM8V,0.07167046167716952,0.40012348245794144,0.9042389876518439,0.07167046167716952,0.40012348245794144,0.9042389876518439
ID_MOIYPK,0.4601521834651115,0.5122326281982135,0.7917370598040683,0.4601521834651115,0.5122326281982135,0.7917370598040683
ID_G5NRPK,0.033405010150043886,0.03627666363176847,0.06187024983034069,0.033405010150043886,0.03627666363176847,0.06187024983034069
ID_JFVGSJ,0.03351869239770588,0.08514539684451847,0.11103603828758093,0.03351869239770588,0.08514539684451847,0.11103603828758093
ID_XWS7HQ,0.7354953088942346,0.6071940330008011,0.7940796969681208,0.7354953088942346,0.6071940330008011,0.7940796969681208
ID_4OYZV6,0.12478598316094705,0.25331248546419705,0.9239187024723083,0.12478598316094705,0.25331248546419705,0.9239187024723083
ID_01RP2A,0.03391545228460249,0.10011114153382622,0.11758977595922218,0.03391545228460249,0.10011114153382622,0.11758977595922218
ID_5PPY2G,0.04597167279886205,0.23317187437459663,0.4012411880793857,0.04597167279886205,0.23317187437459663,0.4012411880793857
ID_CSM246,0.0635237884005287,0.2788002846127898,0.46967565526220195,0.0635237884005287,0.2788002846127898,0.46967565526220195
ID_UJJ1IK,0.04261208935216508,0.2141828876954639,0.38427495742787143,0.04261208935216508,0.2141828876954639,0.38427495742787143
ID_XBI5K6,0.06524751672042027,0.4006365697675157,0.6417927931591036,0.06524751672042027,0.4006365697675157,0.6417927931591036
ID_WJ9PEO,0.04597167279886205,0.21594948760747942,0.4012411880793857,0.04597167279886205,0.21594948760747942,0.4012411880793857
ID_WY9EAI,0.033405010150043886,0.027542404433917218,0.05250833610686152,0.033405010150043886,0.027542404433917218,0.05250833610686152
ID_UR5OFA,0.03351869239770588,0.08514539684451847,0.11103603828758093,0.03351869239770588,0.08514539684451847,0.11103603828758093
ID_VXVK0E,0.03351869239770588,0.08514539684451847,0.11103603828758093,0.03351869239770588,0.08514539684451847,0.11103603828758093
ID_LKHDH9,0.04415091912830789,0.3268646202210867,0.44484162657016013,0.04415091912830789,0.3268646202210867,0.44484162657016013
ID_FS84JN,0.0405358592758155,0.29487965713675657,0.5163823652710456,0.0405358592758155,0.29487965713675657,0.5163823652710456
ID_Q08FAJ,0.03976511175509559,0.28378466127644497,0.406287063198332,0.03976511175509559,0.28378466127644497,0.406287063198332
ID_SRKWYT,0.04850613793692468,0.21710843630972504,0.4012411880793857,0.04850613793692468,0.21710843630972504,0.4012411880793857
ID_6ZEMZN,0.03351869239770588,0.042217865450053585,0.04610035452157975,0.03351869239770588,0.042217865450053585,0.04610035452157975
ID_0OW07A,0.03351869239770588,0.06314625511971456,0.0973200712480533,0.03351869239770588,0.06314625511971456,0.0973200712480533
ID_CI8CH1,0.04835208582829443,0.08207458938955099,0.490589836261371,0.04835208582829443,0.08207458938955099,0.490589836261371
ID_9FI442,0.039990777922295793,0.1847587233129026,0.3828143850141059,0.039990777922295793,0.1847587233129026,0.3828143850141059
ID_SO0DHO,0.041277827887659706,0.04972556312201766,0.42884116784954346,0.041277827887659706,0.04972556312201766,0.42884116784954346
ID_I3TWPN,0.039017837283392164,0.04545248233247394,0.4132838625890073,0.039017837283392164,0.04545248233247394,0.4132838625890073
ID_PRTLQO,0.03351869239770588,0.04443502427025452,0.05143502952736257,0.03351869239770588,0.04443502427025452,0.05143502952736257
ID_DLJ036,0.03351869239770588,0.04315946822749718,0.050762315581695944,0.03351869239770588,0.04315946822749718,0.050762315581695944
ID_1KRPQG,0.06330305784903627,0.3324869514745238,0.6148570263470288,0.06330305784903627,0.3324869514745238,0.6148570263470288
ID_ER9JGI,0.03894732832048321,0.06032647658065152,0.456716808538032,0.03894732832048321,0.06032647658065152,0.456716808538032
ID_URRD8K,0.04850613793692468,0.21326195660654235,0.4012411880793857,0.04850613793692468,0.21326195660654235,0.4012411880793857
ID_LLP2C0,0.033405010150043886,0.027542404433917218,0.05250833610686152,0.033405010150043886,0.027542404433917218,0.05250833610686152
ID_W15EIN,0.2555762130855384,0.3677790499238056,0.658863334528164,0.2555762130855384,0.3677790499238056,0.658863334528164
ID_CZ0VWL,0.03391545228460249,0.050738689564779414,0.045279628678643546,0.03391545228460249,0.050738689564779414,0.045279628678643546
ID_OEUEBT,0.06075851902530058,0.2788002846127898,0.7799782895532081,0.06075851902530058,0.2788002846127898,0.7799782895532081
ID_LXTW02,0.03391545228460249,0.0667562561717216,0.05422040998265402,0.03391545228460249,0.0667562561717216,0.05422040998265402
ID_N94SDP,0.03976511175509559,0.2809427715176454,0.40095948131602555,0.03976511175509559,0.2809427715176454,0.40095948131602555
ID_N0AWM0,0.09015199863226712,0.4156802792174361,0.951582200489324,0.09015199863226712,0.4156802792174361,0.951582200489324
ID_42NPIG,0.3757373535450721,0.6017218795508956,0.8320811011075584,0.3757373535450721,0.6017218795508956,0.8320811011075584
ID_NSS5HS,0.05123040700393524,0.3085382585586034,0.5344716508540627,0.05123040700393524,0.3085382585586034,0.5344716508540627
ID_ETVXZ7,0.03348094749448393,0.04839173092768785,0.06259433958535934,0.03348094749448393,0.04839173092768785,0.06259433958535934
ID_VEAIU7,0.03351869239770588,0.048991345290047186,0.05211104917614892,0.03351869239770588,0.048991345290047186,0.05211104917614892
ID_FJN84X,0.039017837283392164,0.0630362259794594,0.42387994846728816,0.039017837283392164,0.0630362259794594,0.42387994846728816
ID_HD7QTN,0.039990777922295793,0.1847587233129026,0.3828143850141059,0.039990777922295793,0.1847587233129026,0.3828143850141059
ID_NTR8YK,0.03351869239770588,0.04315946822749718,0.04903618430294417,0.03351869239770588,0.04315946822749718,0.04903618430294417
ID_9856FP,0.03351869239770588,0.050351024299725364,0.05282180176929833,0.03351869239770588,0.050351024299725364,0.05282180176929833
ID_69NK4X,0.04850613793692468,0.21710843630972504,0.40747101877997516,0.04850613793692468,0.21710843630972504,0.40747101877997516
ID_UVABGX,0.039017837283392164,0.0630362259794594,0.42387994846728816,0.039017837283392164,0.0630362259794594,0.42387994846728816
ID_S5C90U,0.8366043882953837,0.8480701225880962,0.9617970605062304,0.8366043882953837,0.8480701225880962,0.9617970605062304
ID_X0NOSD,0.03351869239770588,0.04443502427025452,0.049622449420334544,0.03351869239770588,0.04443502427025452,0.049622449420334544
ID_IJCE63,0.10890637414629231,0.6681114595882012,0.9530982172570804,0.10890637414629231,0.6681114595882012,0.9530982172570804
ID_ME1YJI,0.04549660335515687,0.3069746471763437,0.5353900028596725,0.04549660335515687,0.3069746471763437,0.5353900028596725
ID_CZIO8P,0.03351869239770588,0.036242080315252084,0.04450558371661435,0.03351869239770588,0.036242080315252084,0.04450558371661435
ID_GQKCKG,0.03858938908915306,0.2308001996965194,0.46229277693259235,0.03858938908915306,0.2308001996965194,0.46229277693259235
ID_CDDM41,0.04835208582829443,0.08003328586476414,0.47711732344638846,0.04835208582829443,0.08003328586476414,0.47711732344638846
ID_HOITR8,0.039990777922295793,0.1847587233129026,0.3828143850141059,0.039990777922295793,0.1847587233129026,0.3828143850141059
ID_MWGUUP,0.04850613793692468,0.21710843630972504,0.40747101877997516,0.04850613793692468,0.21710843630972504,0.40747101877997516
ID_TNZJLJ,0.03351869239770588,0.08514539684451847,0.11103603828758093,0.03351869239770588,0.08514539684451847,0.11103603828758093
ID_4RHCTV,0.03351869239770588,0.037342959412996604,0.047442149724409736,0.03351869239770588,0.037342959412996604,0.047442149724409736
ID_3D546N,0.03351869239770588,0.04443502427025452,0.049622449420334544,0.03351869239770588,0.04443502427025452,0.049622449420334544
ID_G3G8F2,0.4364281091455927,0.5494711035831282,0.8302241581730655,0.4364281091455927,0.5494711035831282,0.8302241581730655
ID_R3EVVT,0.11645522617516102,0.7260167732452275,0.9556338289480268,0.11645522617516102,0.7260167732452275,0.9556338289480268
ID_QEM6RQ,0.09699670217837965,0.6610547136016361,0.9443054199310237,0.09699670217837965,0.6610547136016361,0.9443054199310237
ID_NTVN8F,0.038586404151118955,0.034307367358540404,0.03752207054029053,0.038586404151118955,0.034307367358540404,0.03752207054029053
ID_AQTW5A,0.038586404151118955,0.03177665013037023,0.031478219222569034,0.038586404151118955,0.03177665013037023,0.031478219222569034
ID_2BK28V,0.038586404151118955,0.034307367358540404,0.03752207054029053,0.038586404151118955,0.034307367358540404,0.03752207054029053
ID_PXLHVB,0.038586404151118955,0.033622909471501365,0.03111462593013469,0.038586404151118955,0.033622909471501365,0.03111462593013469
ID_BTGNHS,0.038586404151118955,0.03185576363999884,0.030707660795884703,0.038586404151118955,0.03185576363999884,0.030707660795884703
ID_1T7417,0.03739767792871515,0.03505329216293579,0.0366827612960885,0.03739767792871515,0.03505329216293579,0.0366827612960885
ID_5IHZMO,0.03739767792871515,0.02881198641877679,0.030620420300553723,0.03739767792871515,0.02881198641877679,0.030620420300553723
ID_B1UDBV,0.038586404151118955,0.034307367358540404,0.03752207054029053,0.038586404151118955,0.034307367358540404,0.03752207054029053
ID_8HARO9,0.038586404151118955,0.033622909471501365,0.03111462593013469,0.038586404151118955,0.033622909471501365,0.03111462593013469
ID_SZOUS9,0.03739767792871515,0.033622909471501365,0.03244717198434263,0.03739767792871515,0.033622909471501365,0.03244717198434263
ID_BB770Y,0.03739767792871515,0.02881198641877679,0.030620420300553723,0.03739767792871515,0.02881198641877679,0.030620420300553723
ID_JUTR7C,0.038586404151118955,0.03185576363999884,0.030707660795884703,0.038586404151118955,0.03185576363999884,0.030707660795884703
ID_O1K46G,0.04323667547905501,0.15293311375568186,0.33698987969470007,0.04323667547905501,0.15293311375568186,0.33698987969470007
ID_IP98ON,0.038586404151118955,0.03020367526922863,0.031478219222569034,0.038586404151118955,0.03020367526922863,0.031478219222569034
ID_EXAG19,0.038586404151118955,0.03177665013037023,0.031478219222569034,0.038586404151118955,0.03177665013037023,0.031478219222569034
ID_9BDORD,0.04323667547905501,0.1496254767054504,0.3356917532422826,0.04323667547905501,0.1496254767054504,0.3356917532422826
ID_1T2JQX,0.042803542064038226,0.16460886947672748,0.23912590843868897,0.042803542064038226,0.16460886947672748,0.23912590843868897
ID_9EYMB0,0.038586404151118955,0.034307367358540404,0.03752207054029053,0.038586404151118955,0.034307367358540404,0.03752207054029053
ID_1HXO1D,0.03739767792871515,0.03505329216293579,0.0366827612960885,0.03739767792871515,0.03505329216293579,0.0366827612960885
ID_4TOC5J,0.038586404151118955,0.03454643809198002,0.035538903824885205,0.038586404151118955,0.03454643809198002,0.035538903824885205
ID_8IY1R3,0.038586404151118955,0.03185576363999884,0.030707660795884703,0.038586404151118955,0.03185576363999884,0.030707660795884703
ID_LYOJCT,0.03739767792871515,0.033622909471501365,0.03244717198434263,0.03739767792871515,0.033622909471501365,0.03244717198434263
ID_GN7SOH,0.03739767792871515,0.033622909471501365,0.03244717198434263,0.03739767792871515,0.033622909471501365,0.03244717198434263
ID_CBFIEN,0.04375609864186244,0.18314131542991793,0.3858718197684157,0.04375609864186244,0.18314131542991793,0.3858718197684157
ID_CLLIH7,0.04375609864186244,0.18314131542991793,0.3858718197684157,0.04375609864186244,0.18314131542991793,0.3858718197684157
ID_ZBZ0JX,0.04375609864186244,0.18314131542991793,0.3858718197684157,0.04375609864186244,0.18314131542991793,0.3858718197684157
ID_XCTTUN,0.03739767792871515,0.033622909471501365,0.03244717198434263,0.03739767792871515,0.033622909471501365,0.03244717198434263
ID_XPCFD0,0.038586404151118955,0.034307367358540404,0.03752207054029053,0.038586404151118955,0.034307367358540404,0.03752207054029053
ID_XLZ4P7,0.03739767792871515,0.033666257168697436,0.03906910155922381,0.03739767792871515,0.033666257168697436,0.03906910155922381
ID_JY1YPW,0.038586404151118955,0.03177665013037023,0.031478219222569034,0.038586404151118955,0.03177665013037023,0.031478219222569034
ID_ZTGLQD,0.038586404151118955,0.03177665013037023,0.031478219222569034,0.038586404151118955,0.03177665013037023,0.031478219222569034
ID_1QRN17,0.03739767792871515,0.02881198641877679,0.030620420300553723,0.03739767792871515,0.02881198641877679,0.030620420300553723
ID_2EA5JN,0.038586404151118955,0.03185576363999884,0.030707660795884703,0.038586404151118955,0.03185576363999884,0.030707660795884703
ID_MSKW1O,0.04375609864186244,0.18314131542991793,0.3858718197684157,0.04375609864186244,0.18314131542991793,0.3858718197684157
ID_2X1SZI,0.038586404151118955,0.03185576363999884,0.030707660795884703,0.038586404151118955,0.03185576363999884,0.030707660795884703
ID_5HSQYT,0.03739767792871515,0.02881198641877679,0.030620420300553723,0.03739767792871515,0.02881198641877679,0.030620420300553723
ID_3VOPJI,0.04375609864186244,0.18541603336296017,0.38809340547014787,0.04375609864186244,0.18541603336296017,0.38809340547014787
ID_71ZROQ,0.03739767792871515,0.03185576363999884,0.032012043156433787,0.03739767792871515,0.03185576363999884,0.032012043156433787
ID_IPWW84,0.038586404151118955,0.03185576363999884,0.030707660795884703,0.038586404151118955,0.03185576363999884,0.030707660795884703
ID_1WDZJ3,0.038586404151118955,0.03020367526922863,0.031478219222569034,0.038586404151118955,0.03020367526922863,0.031478219222569034
ID_X6FV99,0.04441024180512986,0.04705185896358775,0.06868730861966621,0.04441024180512986,0.04705185896358775,0.06868730861966621
ID_VM4SKC,0.050010800975381714,0.04590887140248908,0.07626042982548573,0.050010800975381714,0.04590887140248908,0.07626042982548573
ID_D785R6,0.050010800975381714,0.04590887140248908,0.07626042982548573,0.050010800975381714,0.04590887140248908,0.07626042982548573
ID_UWASJQ,0.04441024180512986,0.04712056554155697,0.07046219427445419,0.04441024180512986,0.04712056554155697,0.07046219427445419
ID_KOHT88,0.04441024180512986,0.04635120851675527,0.06670951113207867,0.04441024180512986,0.04635120851675527,0.06670951113207867
ID_OVJNUH,0.045429481291291374,0.041083543292126164,0.0651309573312227,0.045429481291291374,0.041083543292126164,0.0651309573312227
ID_G6R4XS,0.041889647110140565,0.03857354627024697,0.06336805045301243,0.041889647110140565,0.03857354627024697,0.06336805045301243
ID_KXVGAS,0.04441024180512986,0.047374209668840275,0.06848439678686664,0.04441024180512986,0.047374209668840275,0.06848439678686664
ID_RB8D8D,0.041889647110140565,0.03857354627024697,0.06336805045301243,0.041889647110140565,0.03857354627024697,0.06336805045301243
ID_X6E89R,0.041889647110140565,0.04164686775695312,0.06736077381168727,0.041889647110140565,0.04164686775695312,0.06736077381168727
ID_TA9PM5,0.045429481291291374,0.03805724664335328,0.06213962374495408,0.045429481291291374,0.03805724664335328,0.06213962374495408
ID_SU7MFU,0.041889647110140565,0.03857354627024697,0.06336805045301243,0.041889647110140565,0.03857354627024697,0.06336805045301243
ID_DMS7D1,0.050010800975381714,0.04617490889568838,0.07369997698326562,0.050010800975381714,0.04617490889568838,0.07369997698326562
ID_RUC06M,0.04441024180512986,0.04660859288669969,0.06848439678686664,0.04441024180512986,0.04660859288669969,0.06848439678686664
ID_11E7A7,0.050010800975381714,0.04590887140248908,0.07626042982548573,0.050010800975381714,0.04590887140248908,0.07626042982548573
ID_GJSBDX,0.045429481291291374,0.04341150623834394,0.06331447454939344,0.045429481291291374,0.04341150623834394,0.06331447454939344
ID_OK44US,0.041889647110140565,0.04379186543333514,0.065463064101585,0.041889647110140565,0.04379186543333514,0.065463064101585
ID_C8ZEBX,0.04441024180512986,0.04633669956230099,0.0708598060763292,0.04441024180512986,0.04633669956230099,0.0708598060763292
ID_J34RHZ,0.041889647110140565,0.03857354627024697,0.06336805045301243,0.041889647110140565,0.03857354627024697,0.06336805045301243
ID_A2Q37K,0.22742067045467693,0.23478130034973688,0.47410969589307256,0.22742067045467693,0.23478130034973688,0.47410969589307256
ID_FE7367,0.04441024180512986,0.04712056554155697,0.07046219427445419,0.04441024180512986,0.04712056554155697,0.07046219427445419
ID_IKDMI9,0.04441024180512986,0.04705185896358775,0.06868730861966621,0.04441024180512986,0.04705185896358775,0.06868730861966621
ID_UG0NCP,0.04441024180512986,0.04712056554155697,0.07046219427445419,0.04441024180512986,0.04712056554155697,0.07046219427445419
ID_Z695T3,0.04441024180512986,0.04705185896358775,0.06868730861966621,0.04441024180512986,0.04705185896358775,0.06868730861966621
ID_P3LV6I,0.04441024180512986,0.04633669956230099,0.06888200858874166,0.04441024180512986,0.04633669956230099,0.06888200858874166
ID_NWA63L,0.04441024180512986,0.04712056554155697,0.07046219427445419,0.04441024180512986,0.04712056554155697,0.07046219427445419
ID_V32HHY,0.050010800975381714,0.04617490889568838,0.07369997698326562,0.050010800975381714,0.04617490889568838,0.07369997698326562
ID_J4IIGE,0.22742067045467693,0.23478130034973688,0.47410969589307256,0.22742067045467693,0.23478130034973688,0.47410969589307256
ID_PMM0MA,0.050010800975381714,0.04590887140248908,0.07626042982548573,0.050010800975381714,0.04590887140248908,0.07626042982548573
ID_AQG7O8,0.045429481291291374,0.043829304419141166,0.0651309573312227,0.045429481291291374,0.043829304419141166,0.0651309573312227
ID_ZNN0U3,0.22742067045467693,0.23478130034973688,0.47410969589307256,0.22742067045467693,0.23478130034973688,0.47410969589307256
ID_25V33D,0.22758493737859528,0.23761664109983022,0.48550014510639916,0.22758493737859528,0.23761664109983022,0.48550014510639916
ID_BIKMDL,0.18115594489563092,0.16330633394886335,0.30175290794842563,0.18115594489563092,0.16330633394886335,0.30175290794842563
ID_XU2Y8E,0.04441024180512986,0.04689047989891583,0.06670951113207867,0.04441024180512986,0.04689047989891583,0.06670951113207867
ID_STGN0X,0.04255065037431694,0.045743644101004864,0.06130311870092631,0.04255065037431694,0.045743644101004864,0.06130311870092631
ID_JEKWX9,0.04441024180512986,0.04703409648668899,0.07314046788303794,0.04441024180512986,0.04703409648668899,0.07314046788303794
ID_1DT5V6,0.04441024180512986,0.04689047989891583,0.06670951113207867,0.04441024180512986,0.04689047989891583,0.06670951113207867
ID_EA0FL1,0.03709782758073755,0.36965685646938606,0.21322386964048523,0.03709782758073755,0.36965685646938606,0.21322386964048523
ID_7XDH6X,0.03671280354000093,0.2855397888645896,0.17049783583175143,0.03671280354000093,0.2855397888645896,0.17049783583175143
ID_X7UEWP,0.03709782758073755,0.36965685646938606,0.21322386964048523,0.03709782758073755,0.36965685646938606,0.21322386964048523
ID_OYG8BU,0.03709782758073755,0.36965685646938606,0.21322386964048523,0.03709782758073755,0.36965685646938606,0.21322386964048523
ID_ADNSWV,0.03709782758073755,0.36965685646938606,0.21322386964048523,0.03709782758073755,0.36965685646938606,0.21322386964048523
ID_V8G394,0.03709782758073755,0.36965685646938606,0.21322386964048523,0.03709782758073755,0.36965685646938606,0.21322386964048523
ID_HYSZML,0.03709782758073755,0.36965685646938606,0.21322386964048523,0.03709782758073755,0.36965685646938606,0.21322386964048523
ID_ELFXTH,0.03709782758073755,0.36965685646938606,0.21322386964048523,0.03709782758073755,0.36965685646938606,0.21322386964048523
ID_4L5H4Z,0.10792090315250057,0.34364329858016984,0.6537192687526805,0.10792090315250057,0.34364329858016984,0.6537192687526805
ID_65FJEN,0.32567212024196235,0.3966639980035894,0.5223678119177899,0.32567212024196235,0.3966639980035894,0.5223678119177899
ID_J055PC,0.10372134347589458,0.07782536331498713,0.1188044211181796,0.10372134347589458,0.07782536331498713,0.1188044211181796
ID_0EW874,0.10792090315250057,0.3382272705788235,0.6537192687526805,0.10792090315250057,0.3382272705788235,0.6537192687526805
ID_GWFNDL,0.07140427800735796,0.029864869304495945,0.08284912625057916,0.07140427800735796,0.029864869304495945,0.08284912625057916
ID_FKP6WX,0.2986728343792837,0.4360622984055097,0.5507596937077395,0.2986728343792837,0.4360622984055097,0.5507596937077395
ID_Q3569K,0.10372134347589458,0.07782536331498713,0.1188044211181796,0.10372134347589458,0.07782536331498713,0.1188044211181796
ID_VKIX04,0.1099210976981916,0.043052320538731766,0.09249845445433495,0.1099210976981916,0.043052320538731766,0.09249845445433495
ID_4BV3VQ,0.10792090315250057,0.34680659982639045,0.6537192687526805,0.10792090315250057,0.34680659982639045,0.6537192687526805
ID_D243HP,0.2986728343792837,0.42079801076734835,0.5192619779545647,0.2986728343792837,0.42079801076734835,0.5192619779545647
ID_ENNMFX,0.09666111558678102,0.33331431574031545,0.623298177455278,0.09666111558678102,0.33331431574031545,0.623298177455278
ID_56YK11,0.10792090315250057,0.34997146729010054,0.6537192687526805,0.10792090315250057,0.34997146729010054,0.6537192687526805
ID_ZDRSG4,0.2986728343792837,0.4203898149280223,0.5192619779545647,0.2986728343792837,0.4203898149280223,0.5192619779545647
ID_L5M3EC,0.1038240448724745,0.37304240025098223,0.6350452773448992,0.1038240448724745,0.37304240025098223,0.6350452773448992
ID_JF1SSX,0.10372134347589458,0.0808910719511362,0.1188044211181796,0.10372134347589458,0.0808910719511362,0.1188044211181796
ID_MSLQC3,0.32567212024196235,0.3966639980035894,0.5223678119177899,0.32567212024196235,0.3966639980035894,0.5223678119177899
ID_AH9Q0K,0.2986728343792837,0.49031992950171066,0.5521725371876278,0.2986728343792837,0.49031992950171066,0.5521725371876278
ID_FNREC1,0.2607805821193041,0.3977052195326355,0.478571509472435,0.2607805821193041,0.3977052195326355,0.478571509472435
ID_NAP7H7,0.31937326564078944,0.457204303385508,0.5231855720194323,0.31937326564078944,0.457204303385508,0.5231855720194323
ID_N4FDS5,0.033581621425238156,0.019371443326701095,0.013534837062259242,0.033581621425238156,0.019371443326701095,0.013534837062259242
ID_9JNJ9F,0.033452239981902436,0.014532117925754576,0.012764139192867396,0.033452239981902436,0.014532117925754576,0.012764139192867396
ID_ZA03TJ,0.5586940301267921,0.8816711328533532,0.9405373643129259,0.5586940301267921,0.8816711328533532,0.9405373643129259
ID_J6VA25,0.03741568684975636,0.06195687226271389,0.11586724842018772,0.03741568684975636,0.06195687226271389,0.11586724842018772
ID_L1ALDL,0.9235941289457139,0.8360376857390337,0.9020102246458694,0.9235941289457139,0.8360376857390337,0.9020102246458694
ID_VUKG4F,0.03615531093085922,0.018836587033009142,0.03415870592341704,0.03615531093085922,0.018836587033009142,0.03415870592341704
ID_5O53M7,0.9235941289457139,0.8360376857390337,0.9020102246458694,0.9235941289457139,0.8360376857390337,0.9020102246458694
ID_I7DW67,0.23348044532902046,0.7559184514107159,0.9003005984298129,0.23348044532902046,0.7559184514107159,0.9003005984298129
ID_XWNBF6,0.0344950902691338,0.018120902994455682,0.03726812440693416,0.0344950902691338,0.018120902994455682,0.03726812440693416
ID_BC5JMO,0.03741568684975636,0.06318364779608811,0.14642984488456748,0.03741568684975636,0.06318364779608811,0.14642984488456748
ID_FW0L11,0.03801758840084788,0.06255401675190365,0.11707167588930277,0.03801758840084788,0.06255401675190365,0.11707167588930277
ID_EAJN9C,0.03801758840084788,0.06369656736351009,0.11358010266339319,0.03801758840084788,0.06369656736351009,0.11358010266339319
ID_VWWM1B,0.8964450892859691,0.8064373185674462,0.7661427876279028,0.8964450892859691,0.8064373185674462,0.7661427876279028
ID_ACHKGT,0.917404752047423,0.9443447605213471,0.9293432777555561,0.917404752047423,0.9443447605213471,0.9293432777555561
ID_IF01BZ,0.9217785758769449,0.737021188653019,0.7678963585990862,0.9217785758769449,0.737021188653019,0.7678963585990862
ID_352OA7,0.0344950902691338,0.018133859580471104,0.03726812440693416,0.0344950902691338,0.018133859580471104,0.03726812440693416
ID_OAR02I,0.037308961323675977,0.01774261864021446,0.038331601100549874,0.037308961323675977,0.01774261864021446,0.038331601100549874
ID_QT0C2S,0.03741568684975636,0.06318364779608811,0.11726017725730548,0.03741568684975636,0.06318364779608811,0.11726017725730548
ID_RJI8NC,0.10157694213235273,0.36614230333891634,0.6892506668255804,0.10157694213235273,0.36614230333891634,0.6892506668255804
ID_TYJBEE,0.9015150872805014,0.7996863845083786,0.7530232284984311,0.9015150872805014,0.7996863845083786,0.7530232284984311
ID_X4ZZMV,0.3845984927333986,0.7193787916024843,0.8311041931791223,0.3845984927333986,0.7193787916024843,0.8311041931791223
ID_TOVXGP,0.037308961323675977,0.018079543839685727,0.03979008145560433,0.037308961323675977,0.018079543839685727,0.03979008145560433
ID_3U6HHR,0.03801758840084788,0.06369656736351009,0.11738123256188376,0.03801758840084788,0.06369656736351009,0.11738123256188376
ID_27AIBY,0.9378651256494153,0.9619917549342503,0.9492574573597214,0.9378651256494153,0.9619917549342503,0.9492574573597214
ID_A7AZEH,0.03444822079461795,0.05753196465459731,0.11738123256188376,0.03444822079461795,0.05753196465459731,0.11738123256188376
ID_BPO1ZS,0.03615531093085922,0.018836587033009142,0.03415870592341704,0.03615531093085922,0.018836587033009142,0.03415870592341704
ID_WPRF92,0.03741568684975636,0.06318364779608811,0.11726017725730548,0.03741568684975636,0.06318364779608811,0.11726017725730548
ID_JV6D5V,0.0344950902691338,0.018120902994455682,0.03726812440693416,0.0344950902691338,0.018120902994455682,0.03726812440693416
ID_H5U4U0,0.10157694213235273,0.3607262852041618,0.6831179004636807,0.10157694213235273,0.3607262852041618,0.6831179004636807
ID_TMYMBX,0.03444822079461795,0.05669217675485372,0.11707167588930277,0.03444822079461795,0.05669217675485372,0.11707167588930277
ID_X2SPAZ,0.03444822079461795,0.05669217675485372,0.11707167588930277,0.03444822079461795,0.05669217675485372,0.11707167588930277
ID_UHGZ8K,0.0344950902691338,0.018133859580471104,0.03726812440693416,0.0344950902691338,0.018133859580471104,0.03726812440693416
ID_WGGUI2,0.033452239981902436,0.014532117925754576,0.012764139192867396,0.033452239981902436,0.014532117925754576,0.012764139192867396
ID_3BPFHK,0.09621404118155485,0.397892366628134,0.730090165488163,0.09621404118155485,0.397892366628134,0.730090165488163
ID_LZH474,0.03559423151545536,0.052738773810580356,0.03662820432964614,0.03559423151545536,0.052738773810580356,0.03662820432964614
ID_NQHCHL,0.9442825294331798,0.9577754196431463,0.9469159378704404,0.9442825294331798,0.9577754196431463,0.9469159378704404
ID_UUZS7P,0.10306120645415263,0.41296246915115137,0.6762189543701056,0.10306120645415263,0.41296246915115137,0.6762189543701056
ID_E9X5DZ,0.03667796138692211,0.0516066412845923,0.03510721388277112,0.03667796138692211,0.0516066412845923,0.03510721388277112
ID_TWO5KW,0.0344950902691338,0.018133859580471104,0.03726812440693416,0.0344950902691338,0.018133859580471104,0.03726812440693416
ID_OVMB93,0.03801758840084788,0.06369656736351009,0.11358010266339319,0.03801758840084788,0.06369656736351009,0.11358010266339319
ID_KMRABQ,0.03801758840084788,0.06369656736351009,0.11738123256188376,0.03801758840084788,0.06369656736351009,0.11738123256188376
ID_BH79J9,0.04161163768514785,0.06206751559320103,0.11586724842018772,0.04161163768514785,0.06206751559320103,0.11586724842018772
ID_E8TVW6,0.037308961323675977,0.01773493027840521,0.038331601100549874,0.037308961323675977,0.01773493027840521,0.038331601100549874
ID_20E17F,0.03801758840084788,0.06371352271497907,0.1175090338452712,0.03801758840084788,0.06371352271497907,0.1175090338452712
ID_SIQFI1,0.19778369866168077,0.5107091433134949,0.8663384489864883,0.19778369866168077,0.5107091433134949,0.8663384489864883
ID_41NA8W,0.03444822079461795,0.05669217675485372,0.11707167588930277,0.03444822079461795,0.05669217675485372,0.11707167588930277
ID_WGVQO0,0.0344950902691338,0.018133859580471104,0.03726812440693416,0.0344950902691338,0.018133859580471104,0.03726812440693416
ID_LGQONB,0.033581621425238156,0.01887153343360385,0.013534837062259242,0.033581621425238156,0.01887153343360385,0.013534837062259242
ID_8LIA1C,0.033452239981902436,0.014541209307292143,0.012764139192867396,0.033452239981902436,0.014541209307292143,0.012764139192867396
ID_CXKAZG,0.10157694213235273,0.3607262852041618,0.6831179004636807,0.10157694213235273,0.3607262852041618,0.6831179004636807
ID_BI2AKY,0.03801758840084788,0.06369656736351009,0.11358010266339319,0.03801758840084788,0.06369656736351009,0.11358010266339319
ID_Z2J1B3,0.04161163768514785,0.06329635406284824,0.11726017725730548,0.04161163768514785,0.06329635406284824,0.11726017725730548
ID_V2UWES,0.03444822079461795,0.05669217675485372,0.11707167588930277,0.03444822079461795,0.05669217675485372,0.11707167588930277
ID_AMLGLN,0.0344950902691338,0.018120902994455682,0.03726812440693416,0.0344950902691338,0.018120902994455682,0.03726812440693416
ID_GSJHB8,0.03444822079461795,0.05669217675485372,0.11707167588930277,0.03444822079461795,0.05669217675485372,0.11707167588930277
ID_307KZ4,0.03615531093085922,0.018836587033009142,0.03415870592341704,0.03615531093085922,0.018836587033009142,0.03415870592341704
ID_GVIHSB,0.03615531093085922,0.018836587033009142,0.03415870592341704,0.03615531093085922,0.018836587033009142,0.03415870592341704
ID_YRLG4Z,0.5140218560866077,0.8210582296566851,0.8995834929450608,0.5140218560866077,0.8210582296566851,0.8995834929450608
ID_IYKBYV,0.918495266679391,0.669783242072364,0.7027979614639362,0.918495266679391,0.669783242072364,0.7027979614639362
ID_YU27DG,0.14540346175197016,0.44362517007138885,0.8789903781246923,0.14540346175197016,0.44362517007138885,0.8789903781246923
ID_YYEH5O,0.23348044532902046,0.7615134329170136,0.9153142573540252,0.23348044532902046,0.7615134329170136,0.9153142573540252
ID_HQCYED,0.5586940301267921,0.8816711328533532,0.9405373643129259,0.5586940301267921,0.8816711328533532,0.9405373643129259
ID_5UY94I,0.9383206187660496,0.9613918878310067,0.9492574573597214,0.9383206187660496,0.9613918878310067,0.9492574573597214
ID_DBNNI7,0.033452239981902436,0.014532117925754576,0.012764139192867396,0.033452239981902436,0.014532117925754576,0.012764139192867396
ID_3D6XKC,0.033581621425238156,0.01887153343360385,0.013534837062259242,0.033581621425238156,0.01887153343360385,0.013534837062259242
ID_513OKE,0.03444822079461795,0.05669217675485372,0.11707167588930277,0.03444822079461795,0.05669217675485372,0.11707167588930277
ID_MISHT0,0.3648921065405705,0.7266719903305104,0.6888373838639468,0.3648921065405705,0.7266719903305104,0.6888373838639468
ID_MUUQ2D,0.04161163768514785,0.06329635406284824,0.11726017725730548,0.04161163768514785,0.06329635406284824,0.11726017725730548
ID_AIEZLX,0.9403472785524944,0.9573414779398852,0.9470588640699115,0.9403472785524944,0.9573414779398852,0.9470588640699115
ID_MZIUA6,0.03741568684975636,0.06195687226271389,0.11586724842018772,0.03741568684975636,0.06195687226271389,0.11586724842018772
ID_ANHYB9,0.361431425751497,0.6490436003083635,0.7339342795657364,0.361431425751497,0.6490436003083635,0.7339342795657364
ID_7TC22K,0.03348094749448393,0.010220087130402601,0.013190595439285257,0.03348094749448393,0.010220087130402601,0.013190595439285257
ID_WECC7T,0.5525278073414187,0.39356361150150265,0.3643899883922448,0.5525278073414187,0.39356361150150265,0.3643899883922448
ID_3E044A,0.03348094749448393,0.011626549329230212,0.015715329700492556,0.03348094749448393,0.011626549329230212,0.015715329700492556
ID_AOJ7HM,0.40299910974213027,0.23213315284087396,0.35997307949842344,0.40299910974213027,0.23213315284087396,0.35997307949842344
ID_ITWWC2,0.03582152557284749,0.025165758085886777,0.03386688310494817,0.03582152557284749,0.025165758085886777,0.03386688310494817
ID_P76XAE,0.0590205239575619,0.01849410818317682,0.033877411544759956,0.0590205239575619,0.01849410818317682,0.033877411544759956
ID_8ALEJI,0.4571876798514085,0.4285359645516788,0.7267828953476678,0.4571876798514085,0.4285359645516788,0.7267828953476678
ID_X1U8KM,0.033405010150043886,0.010092378561424739,0.014353576190003898,0.033405010150043886,0.010092378561424739,0.014353576190003898
ID_INJW15,0.03348094749448393,0.010646250890506123,0.014149641807362346,0.03348094749448393,0.010646250890506123,0.014149641807362346
ID_DYA9YK,0.03664947396874981,0.027250386800311627,0.03417316203751771,0.03664947396874981,0.027250386800311627,0.03417316203751771
ID_6DVPR4,0.03348094749448393,0.011782507586446955,0.01462595044975531,0.03348094749448393,0.011782507586446955,0.01462595044975531
ID_MDBOL8,0.03348094749448393,0.011281080470347088,0.015178512547203631,0.03348094749448393,0.011281080470347088,0.015178512547203631
ID_MLPWMW,0.03452176018996269,0.023674919297382704,0.03326069851105039,0.03452176018996269,0.023674919297382704,0.03326069851105039
ID_MD9VVM,0.061568477563308174,0.09997606516537894,0.05458581336761396,0.061568477563308174,0.09997606516537894,0.05458581336761396
ID_3BAARO,0.03348094749448393,0.011030783374117125,0.01429950123126715,0.03348094749448393,0.011030783374117125,0.01429950123126715
ID_YFUXFB,0.033405010150043886,0.010185561508272075,0.01310444873270653,0.033405010150043886,0.010185561508272075,0.01310444873270653
ID_X6CKBA,0.03348094749448393,0.01129294862853278,0.013949842336398507,0.03348094749448393,0.01129294862853278,0.013949842336398507
ID_I5WORJ,0.03811516609988018,0.03035611284602775,0.035627822189897684,0.03811516609988018,0.03035611284602775,0.035627822189897684
ID_TDDKA4,0.03958270091379976,0.02474570867843969,0.03386688310494817,0.03958270091379976,0.02474570867843969,0.03386688310494817
ID_EE9QVY,0.07426540836566439,0.1049915436900103,0.22758452719184064,0.07426540836566439,0.1049915436900103,0.22758452719184064
ID_PW51BS,0.035968377830028334,0.011238845580376723,0.01473291710583702,0.035968377830028334,0.011238845580376723,0.01473291710583702
ID_EWE6FR,0.0408035196107295,0.10494259683920258,0.20697314053352517,0.0408035196107295,0.10494259683920258,0.20697314053352517
ID_QNIOX3,0.03348094749448393,0.011344506822357159,0.016156407980531723,0.03348094749448393,0.011344506822357159,0.016156407980531723
ID_K0L9RN,0.03348094749448393,0.011228161087351491,0.014474953400713728,0.03348094749448393,0.011228161087351491,0.014474953400713728
ID_P5OY4C,0.5790164568524628,0.4990411290538066,0.7385708197245282,0.5790164568524628,0.4990411290538066,0.7385708197245282
ID_QN361E,0.03858632090301506,0.0127618156638577,0.022568184139397693,0.03858632090301506,0.0127618156638577,0.022568184139397693
ID_DEH5S2,0.03348094749448393,0.011733417039217889,0.016856443955572037,0.03348094749448393,0.011733417039217889,0.016856443955572037
ID_SPM44L,0.06196923570748929,0.030439096443758883,0.04203624614158999,0.06196923570748929,0.030439096443758883,0.04203624614158999
ID_U7XEK7,0.033405010150043886,0.009659563140922992,0.01424964979139526,0.033405010150043886,0.009659563140922992,0.01424964979139526
ID_XZPS7Z,0.051129007539054604,0.01857394205348345,0.03369946005770971,0.051129007539054604,0.01857394205348345,0.03369946005770971
ID_ROYJU2,0.033405010150043886,0.009618264997684403,0.014353576190003898,0.033405010150043886,0.009618264997684403,0.014353576190003898
ID_5UY3S5,0.03348094749448393,0.011093816005511965,0.014607342108878905,0.03348094749448393,0.011093816005511965,0.014607342108878905
ID_ABL5U6,0.03348094749448393,0.010589604379078764,0.014682070086676827,0.03348094749448393,0.010589604379078764,0.014682070086676827
ID_75GT5C,0.03348094749448393,0.01140704632772745,0.014778504472507864,0.03348094749448393,0.01140704632772745,0.014778504472507864
ID_SJ6E5C,0.03348094749448393,0.011824610328358985,0.014965358489290728,0.03348094749448393,0.011824610328358985,0.014965358489290728
ID_EOCGGW,0.03593086477113483,0.010917120633436413,0.022611076181920285,0.03593086477113483,0.010917120633436413,0.022611076181920285
ID_1X408O,0.05263771076581799,0.06966543682166527,0.04216842428135447,0.05263771076581799,0.06966543682166527,0.04216842428135447
ID_85M9K8,0.035968377830028334,0.010342678766567505,0.014014638613181208,0.035968377830028334,0.010342678766567505,0.014014638613181208
ID_U1UDRT,0.03348094749448393,0.010668395378373807,0.014607342108878905,0.03348094749448393,0.010668395378373807,0.014607342108878905
ID_3CP868,0.033405010150043886,0.010072891071853322,0.013890301305452267,0.033405010150043886,0.010072891071853322,0.013890301305452267
ID_T9Y63Y,0.033405010150043886,0.010364811625064977,0.014054543231251297,0.033405010150043886,0.010364811625064977,0.014054543231251297
ID_UFQUML,0.03348094749448393,0.011113674488904162,0.014861047013931438,0.03348094749448393,0.011113674488904162,0.014861047013931438
ID_NIBT23,0.07968327899487171,0.14820643008946596,0.22701170429317077,0.07968327899487171,0.14820643008946596,0.22701170429317077
ID_TGLY44,0.04606805311214014,0.11922696841974725,0.22112328887411065,0.04606805311214014,0.11922696841974725,0.22112328887411065
ID_4SFQ8P,0.03348094749448393,0.010529656161438066,0.014014638613181208,0.03348094749448393,0.010529656161438066,0.014014638613181208
ID_0N9HPQ,0.03859870665212881,0.027401311977148568,0.03101906862504892,0.03859870665212881,0.027401311977148568,0.03101906862504892
ID_99E1R1,0.03348094749448393,0.011431758543160291,0.014606735177735931,0.03348094749448393,0.011431758543160291,0.014606735177735931
ID_C72Q1W,0.033405010150043886,0.009046125240741155,0.01343153076718165,0.033405010150043886,0.009046125240741155,0.01343153076718165
ID_UI7AWA,0.05819397681230502,0.026129129993567427,0.04179648536081413,0.05819397681230502,0.026129129993567427,0.04179648536081413
ID_2AELK0,0.03348094749448393,0.010587146794702636,0.014014638613181208,0.03348094749448393,0.010587146794702636,0.014014638613181208
ID_ER5H2G,0.03582152557284749,0.025058570645134275,0.03361741000158529,0.03582152557284749,0.025058570645134275,0.03361741000158529
ID_R4G747,0.07341660713471039,0.10630297485390504,0.2171770837546514,0.07341660713471039,0.10630297485390504,0.2171770837546514
ID_G7GMXZ,0.033405010150043886,0.009628106804613951,0.013435803255559441,0.033405010150043886,0.009628106804613951,0.013435803255559441
ID_F2QJQL,0.03348094749448393,0.01029073696781413,0.013664979718312563,0.03348094749448393,0.01029073696781413,0.013664979718312563
ID_L0L85S,0.03582152557284749,0.025058570645134275,0.03361741000158529,0.03582152557284749,0.025058570645134275,0.03361741000158529
ID_9T98SO,0.033405010150043886,0.008962819457262055,0.01495852815935124,0.033405010150043886,0.008962819457262055,0.01495852815935124
ID_QH4YLI,0.033405010150043886,0.009670584077051193,0.01401082923918292,0.033405010150043886,0.009670584077051193,0.01401082923918292
ID_BPRVML,0.033405010150043886,0.009660352030449218,0.01366237650037886,0.033405010150043886,0.009660352030449218,0.01366237650037886
ID_6CG8VP,0.03348094749448393,0.011083682215125294,0.01429950123126715,0.03348094749448393,0.011083682215125294,0.01429950123126715
ID_C5D1GT,0.03582152557284749,0.025040605792510908,0.03386688310494817,0.03582152557284749,0.025040605792510908,0.03386688310494817
ID_YLK0WQ,0.03452176018996269,0.023674919297382704,0.03326069851105039,0.03452176018996269,0.023674919297382704,0.03326069851105039
ID_OGE0SN,0.033405010150043886,0.0102183807376057,0.014305958224263749,0.033405010150043886,0.0102183807376057,0.014305958224263749
ID_LNBIPO,0.03582152557284749,0.025058570645134275,0.03361741000158529,0.03582152557284749,0.025058570645134275,0.03361741000158529
ID_Y4XYBA,0.033405010150043886,0.00979750165500709,0.014280545483116636,0.033405010150043886,0.00979750165500709,0.014280545483116636
ID_B9HQBN,0.03811516609988018,0.031712449328527154,0.03612622462167754,0.03811516609988018,0.031712449328527154,0.03612622462167754
ID_UTLIIA,0.0364693147169082,0.06944019181643742,0.222120770624406,0.0364693147169082,0.06944019181643742,0.222120770624406
ID_9RMHEL,0.033405010150043886,0.010364811625064977,0.014063478609204741,0.033405010150043886,0.010364811625064977,0.014063478609204741
ID_55N807,0.03348094749448393,0.011792120380300697,0.014939214822614056,0.03348094749448393,0.011792120380300697,0.014939214822614056
ID_S6BK0F,0.03348094749448393,0.011144473475837998,0.014485717498786247,0.03348094749448393,0.011144473475837998,0.014485717498786247
ID_RC60JC,0.03327731346177605,0.01776793459600913,0.03377609769069247,0.03327731346177605,0.01776793459600913,0.03377609769069247
ID_IWMYMJ,0.0408035196107295,0.10494259683920258,0.20697314053352517,0.0408035196107295,0.10494259683920258,0.20697314053352517
ID_BNX7SF,0.054077719288982,0.03145977056296024,0.041855511012458164,0.054077719288982,0.03145977056296024,0.041855511012458164
ID_GB2USC,0.03664947396874982,0.027250386800311627,0.03417316203751771,0.03664947396874982,0.027250386800311627,0.03417316203751771
ID_85E6LK,0.03958270091379976,0.02474570867843969,0.03386688310494817,0.03958270091379976,0.02474570867843969,0.03386688310494817
ID_N4BPLD,0.03461044662551381,0.02324494683512873,0.044803573000968565,0.03461044662551381,0.02324494683512873,0.044803573000968565
ID_GZ4MXV,0.03728721770397785,0.024491752751352583,0.03361741000158529,0.03728721770397785,0.024491752751352583,0.03361741000158529
ID_63SFM4,0.03958270091379976,0.024562202073464257,0.03361741000158529,0.03958270091379976,0.024562202073464257,0.03361741000158529
ID_YBCHN4,0.32369232009841775,0.13381522492113992,0.283213888731537,0.32369232009841775,0.13381522492113992,0.283213888731537
ID_T0CW21,0.03348094749448393,0.010713728136144412,0.014333303375990255,0.03348094749448393,0.010713728136144412,0.014333303375990255
ID_EEA7EO,0.045894470573124665,0.01915348021617458,0.03170164473600843,0.045894470573124665,0.01915348021617458,0.03170164473600843
ID_49IRAX,0.07908806874301035,0.16136981984003337,0.24238713923178395,0.07908806874301035,0.16136981984003337,0.24238713923178395
ID_N90DWX,0.033405010150043886,0.010364811625064977,0.014054543231251297,0.033405010150043886,0.010364811625064977,0.014054543231251297
ID_VE17EN,0.03348094749448393,0.011034470554830344,0.01532038091419287,0.03348094749448393,0.011034470554830344,0.01532038091419287
ID_LUR5VG,0.04606805311214014,0.16319771837273617,0.22663728589291454,0.04606805311214014,0.16319771837273617,0.22663728589291454
ID_EDUPDW,0.033405010150043886,0.010339983057724867,0.014605151632531803,0.033405010150043886,0.010339983057724867,0.014605151632531803
ID_IIPHYO,0.03348094749448393,0.01181431282323034,0.015268032527515624,0.03348094749448393,0.01181431282323034,0.015268032527515624
ID_XYU1T2,0.07055668939724055,0.02118758496314598,0.02434708334866001,0.07055668939724055,0.02118758496314598,0.02434708334866001
ID_YACX3K,0.03156875082312219,0.018018201926763712,0.033890721938228514,0.03156875082312219,0.018018201926763712,0.033890721938228514
ID_U004UL,0.033405010150043886,0.010266631358558815,0.014677020339589798,0.033405010150043886,0.010266631358558815,0.014677020339589798
ID_XXU6IK,0.03452176018996269,0.02432382546295233,0.03486050149418751,0.03452176018996269,0.02432382546295233,0.03486050149418751
ID_KA5MGI,0.07281033747814515,0.09338314290599396,0.21332459889440286,0.07281033747814515,0.09338314290599396,0.21332459889440286
ID_IX1VNT,0.5790164568524628,0.4932258560340905,0.6924629337774957,0.5790164568524628,0.4932258560340905,0.6924629337774957
ID_O55L76,0.07341660713471039,0.10630297485390504,0.2171770837546514,0.07341660713471039,0.10630297485390504,0.2171770837546514
ID_K9MJH1,0.03348094749448393,0.01072961038727131,0.015875625984608264,0.03348094749448393,0.01072961038727131,0.015875625984608264
ID_OH3I7S,0.03452176018996269,0.023627821754354746,0.03326069851105039,0.03452176018996269,0.023627821754354746,0.03326069851105039
ID_XJKE63,0.033405010150043886,0.009719887410712247,0.01418761844116815,0.033405010150043886,0.009719887410712247,0.01418761844116815
ID_A4LTP3,0.033405010150043886,0.009628106804613951,0.013553253350026525,0.033405010150043886,0.009628106804613951,0.013553253350026525
ID_LVSOMI,0.033405010150043886,0.010339983057724867,0.014605151632531803,0.033405010150043886,0.010339983057724867,0.014605151632531803
ID_EZJR6X,0.035968377830028334,0.011024123539425414,0.014776125434634494,0.035968377830028334,0.011024123539425414,0.014776125434634494
ID_NM6OXC,0.033405010150043886,0.010364811625064977,0.014063478609204741,0.033405010150043886,0.010364811625064977,0.014063478609204741
ID_G44S2G,0.03348094749448393,0.010502210823245286,0.014333303375990255,0.03348094749448393,0.010502210823245286,0.014333303375990255
ID_AG0A6S,0.054077719288982,0.027500244562670473,0.041615750231682305,0.054077719288982,0.027500244562670473,0.041615750231682305
ID_VMQVWY,0.03461044662551381,0.02353726426751292,0.034468770307899264,0.03461044662551381,0.02353726426751292,0.034468770307899264
ID_00893S,0.03348094749448393,0.010898105911499967,0.014339554326873498,0.03348094749448393,0.010898105911499967,0.014339554326873498
ID_SLD7P4,0.03348094749448393,0.01100163595574006,0.01500263464245236,0.03348094749448393,0.01100163595574006,0.01500263464245236
ID_0U1FIH,0.03728721770397785,0.02474570867843969,0.03386688310494817,0.03728721770397785,0.02474570867843969,0.03386688310494817
ID_4I4AGU,0.03664947396874981,0.03238400937263812,0.03789380413720657,0.03664947396874981,0.03238400937263812,0.03789380413720657
ID_MDUH2H,0.03728721770397785,0.024562202073464257,0.03361741000158529,0.03728721770397785,0.024562202073464257,0.03361741000158529
ID_0I4S28,0.03348094749448393,0.011564713553569805,0.014980923498311101,0.03348094749448393,0.011564713553569805,0.014980923498311101
ID_C9Z8BM,0.033405010150043886,0.010185561508272075,0.01310444873270653,0.033405010150043886,0.010185561508272075,0.01310444873270653
ID_9CS181,0.033405010150043886,0.010045255847214812,0.014401584624345393,0.033405010150043886,0.010045255847214812,0.014401584624345393
ID_NPWZU6,0.03348094749448393,0.010684097645785075,0.014519184444580916,0.03348094749448393,0.010684097645785075,0.014519184444580916
ID_BMM6XG,0.07908806874301035,0.16136981984003337,0.24238713923178395,0.07908806874301035,0.16136981984003337,0.24238713923178395
ID_QFE2RJ,0.03348094749448393,0.010898105911499967,0.014339554326873498,0.03348094749448393,0.010898105911499967,0.014339554326873498
ID_ZWRUMN,0.03582152557284749,0.025058570645134275,0.03361741000158529,0.03582152557284749,0.025058570645134275,0.03361741000158529
ID_N038XC,0.03582152557284749,0.025010224430484132,0.03361741000158529,0.03582152557284749,0.025010224430484132,0.03361741000158529
ID_3L5LS3,0.03452176018996269,0.023674919297382704,0.03326069851105039,0.03452176018996269,0.023674919297382704,0.03326069851105039
ID_Z173PH,0.03348094749448393,0.010621371410367317,0.014519184444580916,0.03348094749448393,0.010621371410367317,0.014519184444580916
ID_YF7UVA,0.03582152557284749,0.025010224430484132,0.03361741000158529,0.03582152557284749,0.025010224430484132,0.03361741000158529
ID_84GSJO,0.03348094749448393,0.010275055379639603,0.013800453358650938,0.03348094749448393,0.010275055379639603,0.013800453358650938
ID_89LK5U,0.03348094749448393,0.01078093251154271,0.014402887932142937,0.03348094749448393,0.01078093251154271,0.014402887932142937
ID_QN303I,0.07285033869474727,0.1423359658127139,0.21871418099750983,0.07285033869474727,0.1423359658127139,0.21871418099750983
ID_HWSMLL,0.033405010150043886,0.010135741402810278,0.013691871129739568,0.033405010150043886,0.010135741402810278,0.013691871129739568
ID_5A6ZTS,0.07678320018082653,0.1389132990826902,0.25821536626872127,0.07678320018082653,0.1389132990826902,0.25821536626872127
ID_9DN1JJ,0.061568477563308174,0.10202837176999635,0.05458581336761396,0.061568477563308174,0.10202837176999635,0.05458581336761396
ID_MEHAVR,0.03728721770397785,0.024562202073464257,0.03361741000158529,0.03728721770397785,0.024562202073464257,0.03361741000158529
ID_YYZUDP,0.04041064930970208,0.03172456656594599,0.03612622462167754,0.04041064930970208,0.03172456656594599,0.03612622462167754
ID_EGXW68,0.03811516609988018,0.03035611284602775,0.03646332397441355,0.03811516609988018,0.03035611284602775,0.03646332397441355
ID_14AZQV,0.054077719288982,0.026723059918908006,0.04179648536081413,0.054077719288982,0.026723059918908006,0.04179648536081413
ID_3HUETZ,0.03348094749448393,0.011326083199027386,0.014420488092096041,0.03348094749448393,0.011326083199027386,0.014420488092096041
ID_MB89IP,0.03348094749448393,0.011326083199027386,0.014420488092096041,0.03348094749448393,0.011326083199027386,0.014420488092096041
ID_9V3JSL,0.03452176018996269,0.024510198728900146,0.03326069851105039,0.03452176018996269,0.024510198728900146,0.03326069851105039
ID_U5RHRN,0.033644994183172044,0.014761369203614667,0.019926521089747646,0.033644994183172044,0.014761369203614667,0.019926521089747646
ID_4POIK6,0.03452176018996269,0.024706617945529943,0.03349281304128479,0.03452176018996269,0.024706617945529943,0.03349281304128479
ID_34CCQR,0.03483753131117655,0.029150393816727696,0.034273018078063475,0.03483753131117655,0.029150393816727696,0.034273018078063475
ID_8D2UXI,0.03452176018996269,0.024706617945529943,0.03349281304128479,0.03452176018996269,0.024706617945529943,0.03349281304128479
ID_HGV8W6,0.03348094749448393,0.009434388181044261,0.013872843235047422,0.03348094749448393,0.009434388181044261,0.013872843235047422
ID_TM22AO,0.03582152557284749,0.025010224430484132,0.03361741000158529,0.03582152557284749,0.025010224430484132,0.03361741000158529
ID_B33LO0,0.03348094749448393,0.010341052950656984,0.014013746428999135,0.03348094749448393,0.010341052950656984,0.014013746428999135
ID_NBXN98,0.03231325755016053,0.026338589868411307,0.035244520168848235,0.03231325755016053,0.026338589868411307,0.035244520168848235
ID_04A56B,0.4353372135258643,0.48290129558684153,0.6835756078334361,0.4353372135258643,0.48290129558684153,0.6835756078334361
ID_34N7CE,0.07271785650439397,0.09410479796068544,0.2064952718714879,0.07271785650439397,0.09410479796068544,0.2064952718714879
ID_970K1N,0.035968377830028334,0.011245533003521335,0.014581198442202233,0.035968377830028334,0.011245533003521335,0.014581198442202233
ID_XROC09,0.03582152557284749,0.025165758085886777,0.03386688310494817,0.03582152557284749,0.025165758085886777,0.03386688310494817
ID_RXQO8E,0.033405010150043886,0.010111640771307924,0.013435803255559441,0.033405010150043886,0.010111640771307924,0.013435803255559441
ID_9NQ4B6,0.033405010150043886,0.00979750165500709,0.014530857167677049,0.033405010150043886,0.00979750165500709,0.014530857167677049
ID_VU6X9A,0.03664947396874981,0.02596692546041332,0.03387563767507056,0.03664947396874981,0.02596692546041332,0.03387563767507056
ID_ALZ6BK,0.03348094749448393,0.011475262294987014,0.014498393753102601,0.03348094749448393,0.011475262294987014,0.014498393753102601
ID_PC7E7E,0.055245265062377626,0.01849410818317682,0.033877411544759956,0.055245265062377626,0.01849410818317682,0.033877411544759956
ID_I0BZX6,0.03461044662551381,0.023140951742207552,0.03423665577766486,0.03461044662551381,0.023140951742207552,0.03423665577766486
ID_6O0K2M,0.033405010150043886,0.010364811625064977,0.014054543231251297,0.033405010150043886,0.010364811625064977,0.014054543231251297
ID_KMW5EI,0.03327731346177605,0.019189151043607328,0.03590278294916857,0.03327731346177605,0.019189151043607328,0.03590278294916857
ID_WRY1CP,0.11595903633931771,0.24263274630774306,0.1753058173074653,0.11595903633931771,0.24263274630774306,0.1753058173074653
ID_W555RS,0.03728721770397785,0.024562202073464257,0.03361741000158529,0.03728721770397785,0.024562202073464257,0.03361741000158529
ID_YIM0GX,0.033405010150043886,0.010094057303467182,0.014406101597493118,0.033405010150043886,0.010094057303467182,0.014406101597493118
ID_22B3GC,0.03348094749448393,0.011044540444208582,0.01500263464245236,0.03348094749448393,0.011044540444208582,0.01500263464245236
ID_OQ6420,0.07958056432728827,0.12045352737217481,0.22859705280049672,0.07958056432728827,0.12045352737217481,0.22859705280049672
ID_EIJSRA,0.03348094749448393,0.010529656161438066,0.014014638613181208,0.03348094749448393,0.010529656161438066,0.014014638613181208
ID_Z5199X,0.06418065368391626,0.030045405901677813,0.042605615563691294,0.06418065368391626,0.030045405901677813,0.042605615563691294
ID_4RU15B,0.03452176018996269,0.023781214720666778,0.03405745201771183,0.03452176018996269,0.023781214720666778,0.03405745201771183
ID_UKXKPY,0.055245265062377626,0.01849410818317682,0.033877411544759956,0.055245265062377626,0.01849410818317682,0.033877411544759956
ID_2IMX6W,0.03348094749448393,0.011124028650321922,0.014107223719237295,0.03348094749448393,0.011124028650321922,0.014107223719237295
ID_9JAOHA,0.03582152557284749,0.025165758085886777,0.03386688310494817,0.03582152557284749,0.025165758085886777,0.03386688310494817
ID_EVUXO1,0.07055668939724055,0.022863775754035295,0.02517710277168383,0.07055668939724055,0.022863775754035295,0.02517710277168383
ID_9U47O4,0.035968377830028334,0.009676883704339072,0.014226089480792025,0.035968377830028334,0.009676883704339072,0.014226089480792025
ID_152UY7,0.03348094749448393,0.010432642748451935,0.014018989771097966,0.03348094749448393,0.010432642748451935,0.014018989771097966
ID_BS70GA,0.5123723683263222,0.5009636856193871,0.5687867805751481,0.5123723683263222,0.5009636856193871,0.5687867805751481
ID_VE9E3I,0.033405010150043886,0.010364811625064977,0.014054543231251297,0.033405010150043886,0.010364811625064977,0.014054543231251297
ID_T2WVBK,0.07363889266558747,0.10695690764119133,0.2187162625056931,0.07363889266558747,0.10695690764119133,0.2187162625056931
ID_7GF62F,0.033405010150043886,0.010204876613237377,0.013691871129739568,0.033405010150043886,0.010204876613237377,0.013691871129739568
ID_Y3TLDA,0.03523117094129643,0.028204960032685043,0.03819281635743248,0.03523117094129643,0.028204960032685043,0.03819281635743248
ID_W9XHZ2,0.03811516609988018,0.03172456656594599,0.03612622462167754,0.03811516609988018,0.03172456656594599,0.03612622462167754
ID_WM0LSK,0.042640067242438094,0.07750256551750727,0.1615144350610166,0.042640067242438094,0.07750256551750727,0.1615144350610166
ID_ZNFFDC,0.036477909742129305,0.021238440761588526,0.020934995782254617,0.036477909742129305,0.021238440761588526,0.020934995782254617
ID_DEI9SN,0.032401943985711654,0.02711886533524787,0.03788841060951654,0.032401943985711654,0.02711886533524787,0.03788841060951654
ID_9VQ06Y,0.07958056432728827,0.16347197779184158,0.23050962478933473,0.07958056432728827,0.16347197779184158,0.23050962478933473
ID_6AYBN2,0.03483753131117655,0.029018065048364988,0.03453467537188639,0.03483753131117655,0.029018065048364988,0.03453467537188639
ID_SN8PKK,0.03374533984664234,0.027159104126257303,0.03414232324016241,0.03374533984664234,0.027159104126257303,0.03414232324016241
ID_IDJRR2,0.03523117094129643,0.028137722750123335,0.038187937562992116,0.03523117094129643,0.028137722750123335,0.038187937562992116
ID_3MUZN6,0.05819397681230502,0.02690631463732989,0.04179648536081413,0.05819397681230502,0.02690631463732989,0.04179648536081413
ID_DL0WVZ,0.03870169343254897,0.07658239020869465,0.23586331731159685,0.03870169343254897,0.07658239020869465,0.23586331731159685
ID_XXXBX8,0.054137373386871454,0.018161157633510405,0.03599500748452513,0.054137373386871454,0.018161157633510405,0.03599500748452513
ID_OLEUCI,0.03728721770397785,0.025015198820694005,0.03386688310494817,0.03728721770397785,0.025015198820694005,0.03386688310494817
ID_1UWDL1,0.03348094749448393,0.009682836385637583,0.014006382359464671,0.03348094749448393,0.009682836385637583,0.014006382359464671
ID_YDX8IK,0.04115488202907275,0.018444905536291398,0.028333304640547407,0.04115488202907275,0.018444905536291398,0.028333304640547407
ID_KOCUZH,0.033405010150043886,0.010364811625064977,0.014054543231251297,0.033405010150043886,0.010364811625064977,0.014054543231251297
ID_6GPIIM,0.03348094749448393,0.011816497730065822,0.0149032020254055,0.03348094749448393,0.011816497730065822,0.0149032020254055
ID_BMBE4U,0.03348094749448393,0.010432642748451935,0.014018989771097966,0.03348094749448393,0.010432642748451935,0.014018989771097966
ID_CDSQZK,0.03348094749448393,0.011093816005511965,0.014770244379809547,0.03348094749448393,0.011093816005511965,0.014770244379809547
ID_XET1P5,0.03582152557284749,0.025165758085886777,0.03386688310494817,0.03582152557284749,0.025165758085886777,0.03386688310494817
ID_Q1BM4A,0.050912858902912736,0.06884252643866029,0.03921799054014223,0.050912858902912736,0.06884252643866029,0.03921799054014223
ID_WPT41W,0.033405010150043886,0.009900442909896967,0.014063478609204741,0.033405010150043886,0.009900442909896967,0.014063478609204741
ID_ETXKKL,0.033405010150043886,0.009874519894676834,0.014605151632531803,0.033405010150043886,0.009874519894676834,0.014605151632531803
ID_KWN3LW,0.03728721770397785,0.024562202073464257,0.03361741000158529,0.03728721770397785,0.024562202073464257,0.03361741000158529
ID_H5LBYY,0.04041064930970208,0.03035611284602775,0.035627822189897684,0.04041064930970208,0.03035611284602775,0.035627822189897684
ID_19BEFN,0.033405010150043886,0.009659563140922992,0.01424964979139526,0.033405010150043886,0.009659563140922992,0.01424964979139526
ID_FFJR5D,0.04041064930970208,0.03107628066476044,0.12901394169225533,0.04041064930970208,0.03107628066476044,0.12901394169225533
ID_QH1EXK,0.03625784124481794,0.015567572467183807,0.024904584244206655,0.03625784124481794,0.015567572467183807,0.024904584244206655
ID_4IJ44Q,0.0408035196107295,0.09670295738363523,0.2134474128908626,0.0408035196107295,0.09670295738363523,0.2134474128908626
ID_MFGCBS,0.03348094749448393,0.010806529441881672,0.014334310984774667,0.03348094749448393,0.010806529441881672,0.014334310984774667
ID_ZLH6YZ,0.033405010150043886,0.010220343202083329,0.014280545483116636,0.033405010150043886,0.010220343202083329,0.014280545483116636
ID_X91UOX,0.03728721770397785,0.02474570867843969,0.03386688310494817,0.03728721770397785,0.02474570867843969,0.03386688310494817
ID_TB4QUV,0.033405010150043886,0.010185561508272075,0.01310444873270653,0.033405010150043886,0.010185561508272075,0.01310444873270653
ID_3B2BGV,0.03348094749448393,0.010769292799992862,0.014770244379809547,0.03348094749448393,0.010769292799992862,0.014770244379809547
ID_39Z87X,0.0408035196107295,0.09670295738363523,0.2134474128908626,0.0408035196107295,0.09670295738363523,0.2134474128908626
ID_UYDE8D,0.10431753812113265,0.21042565947242775,0.312644939615857,0.10431753812113265,0.21042565947242775,0.312644939615857
ID_Y7D9MZ,0.08468117039290521,0.1725521178294043,0.25714675041884066,0.08468117039290521,0.1725521178294043,0.25714675041884066
ID_4SML2V,0.06960766925679877,0.06346167013327454,0.24132011321684896,0.06960766925679877,0.06346167013327454,0.24132011321684896
ID_7I8BU9,0.07885677161793966,0.12056274626147634,0.21973203302406588,0.07885677161793966,0.12056274626147634,0.21973203302406588
ID_EC6XNQ,0.06095653247209555,0.049723818569867545,0.09185101131707399,0.06095653247209555,0.049723818569867545,0.09185101131707399
ID_RR3CDL,0.0686740329708813,0.06575190010902718,0.2581882518544175,0.0686740329708813,0.06575190010902718,0.2581882518544175
ID_IGYW5G,0.10125848357601959,0.19273806576576372,0.28814386575319845,0.10125848357601959,0.19273806576576372,0.28814386575319845
ID_BSVW6P,0.10527741447996682,0.2850640245083494,0.3638267796705672,0.10527741447996682,0.2850640245083494,0.3638267796705672
ID_JI3FZX,0.035022514696508036,0.011225988013537209,0.017417206804732674,0.035022514696508036,0.011225988013537209,0.017417206804732674
ID_3CH8CL,0.05629531710798194,0.05332863213246014,0.22436668184759861,0.05629531710798194,0.05332863213246014,0.22436668184759861
ID_WUYKXR,0.12331438647874023,0.2520239759816189,0.35110123913181396,0.12331438647874023,0.2520239759816189,0.35110123913181396
ID_7WZVHY,0.07747458125256731,0.14691272595243823,0.29302112878343956,0.07747458125256731,0.14691272595243823,0.29302112878343956
ID_6H5F9H,0.06148448930533283,0.05697869624767608,0.1183334170383933,0.06148448930533283,0.05697869624767608,0.1183334170383933
ID_21QNKL,0.19836634079284873,0.4225660144320227,0.700159463072031,0.19836634079284873,0.4225660144320227,0.700159463072031
ID_M4DZO8,0.1274805149831654,0.264462729443187,0.3700197043510006,0.1274805149831654,0.264462729443187,0.3700197043510006
ID_IA6PQX,0.10125848357601959,0.19273806576576372,0.28814386575319845,0.10125848357601959,0.19273806576576372,0.28814386575319845
ID_GRK0QD,0.08707663508655543,0.21984853156558193,0.30842957581935115,0.08707663508655543,0.21984853156558193,0.30842957581935115
ID_VJH0U8,0.0663306882705774,0.049682692236549794,0.11010134549608779,0.0663306882705774,0.049682692236549794,0.11010134549608779
ID_JDWZ6W,0.035022514696508036,0.011225988013537209,0.017332560244931038,0.035022514696508036,0.011225988013537209,0.017332560244931038
ID_Z3ULTI,0.12729880945752003,0.22821020774831965,0.32241789793554787,0.12729880945752003,0.22821020774831965,0.32241789793554787
ID_FZBCVY,0.0518889546185151,0.05279845876921328,0.21072049205134213,0.0518889546185151,0.05279845876921328,0.21072049205134213
ID_DDEZZ4,0.055417411583384715,0.05460800359165398,0.21150147784980025,0.055417411583384715,0.05460800359165398,0.21150147784980025
ID_J1KBN7,0.035022514696508036,0.011225988013537209,0.017332560244931038,0.035022514696508036,0.011225988013537209,0.017332560244931038
ID_R4VI36,0.12456637204854605,0.23347897550170538,0.3268532165334087,0.12456637204854605,0.23347897550170538,0.3268532165334087
ID_ROBCVV,0.09042935708513189,0.198697599728462,0.2739168556701299,0.09042935708513189,0.198697599728462,0.2739168556701299
ID_4OFTW1,0.06095653247209555,0.049417057968185935,0.09329022363675278,0.06095653247209555,0.049417057968185935,0.09329022363675278
ID_UED8B7,0.12456637204854605,0.23347897550170538,0.3268532165334087,0.12456637204854605,0.23347897550170538,0.3268532165334087
ID_8UL5RI,0.0686740329708813,0.06575190010902718,0.2581882518544175,0.0686740329708813,0.06575190010902718,0.2581882518544175
ID_GG25SM,0.06960766925679877,0.06346167013327454,0.24132011321684896,0.06960766925679877,0.06346167013327454,0.24132011321684896
ID_KFOW4P,0.0677890754771088,0.05880170233174518,0.11898485360703234,0.0677890754771088,0.05880170233174518,0.11898485360703234
ID_4DZTOE,0.06960766925679877,0.06346167013327454,0.24132011321684896,0.06960766925679877,0.06346167013327454,0.24132011321684896
ID_URIDBD,0.7514344782993914,0.47665248677088123,0.510628330031943,0.7514344782993914,0.47665248677088123,0.510628330031943
ID_MU255K,0.6920406401740533,0.42772155406769163,0.4647443865034381,0.6920406401740533,0.42772155406769163,0.4647443865034381
ID_JHWMUP,0.7237651428789403,0.7266609524490637,0.8259510898650163,0.7237651428789403,0.7266609524490637,0.8259510898650163
ID_2SLFP0,0.03348094749448393,0.010277993529794641,0.0143396716691144,0.03348094749448393,0.010277993529794641,0.0143396716691144
ID_BG3G76,0.03348094749448393,0.009801445664514484,0.014321404556613852,0.03348094749448393,0.009801445664514484,0.014321404556613852
ID_S4TMZF,0.09168703674834112,0.15988849004982003,0.14097165336267664,0.09168703674834112,0.15988849004982003,0.14097165336267664
ID_QRZK05,0.035968377830028334,0.011176137992264037,0.014406750952688892,0.035968377830028334,0.011176137992264037,0.014406750952688892
ID_EDY9VV,0.03392679291971282,0.027589526489872403,0.030399796033942775,0.03392679291971282,0.027589526489872403,0.030399796033942775
ID_TK4FYQ,0.03348094749448393,0.011017332400750032,0.014978930244560602,0.03348094749448393,0.011017332400750032,0.014978930244560602
ID_BTKIK1,0.03363480673120544,0.02762792696365824,0.020685892172555963,0.03363480673120544,0.02762792696365824,0.020685892172555963
ID_36M18R,0.03353174215142335,0.01593617007532149,0.02668820291168958,0.03353174215142335,0.01593617007532149,0.02668820291168958
ID_GEWMZ2,0.03348094749448393,0.00924330127564869,0.01339066902350363,0.03348094749448393,0.00924330127564869,0.01339066902350363
ID_WZIGXM,0.03348094749448393,0.009701119389430017,0.013796173635268225,0.03348094749448393,0.009701119389430017,0.013796173635268225
ID_4ZN2VI,0.03348094749448393,0.011172560205685352,0.014577000330527346,0.03348094749448393,0.011172560205685352,0.014577000330527346
ID_I0TZH8,0.03617822371471055,0.01121536137570886,0.01750550127497587,0.03617822371471055,0.01121536137570886,0.01750550127497587
ID_SAL4IQ,0.039284034512154675,0.058238046088123274,0.041219742553466034,0.039284034512154675,0.058238046088123274,0.041219742553466034
ID_OL15N5,0.03920261239739245,0.03431289390048422,0.045939472906204974,0.03920261239739245,0.03431289390048422,0.045939472906204974
ID_VBHXGV,0.033405010150043886,0.008861861838419003,0.01328356624198629,0.033405010150043886,0.008861861838419003,0.01328356624198629
ID_8O2G7K,0.03348094749448393,0.010894557152671482,0.014463386852344572,0.03348094749448393,0.010894557152671482,0.014463386852344572
ID_R9168S,0.03363480673120544,0.026964734471408153,0.022734523621642976,0.03363480673120544,0.026964734471408153,0.022734523621642976
ID_D2BHF7,0.03392679291971282,0.025676434610479526,0.031175301791311765,0.03392679291971282,0.025676434610479526,0.031175301791311765
ID_W4YLRK,0.03363480673120544,0.02505828845764123,0.01967382752829587,0.03363480673120544,0.02505828845764123,0.01967382752829587
ID_H8R1M6,0.03363480673120544,0.0243826978379684,0.019872578828737476,0.03363480673120544,0.0243826978379684,0.019872578828737476
ID_P66879,0.03348094749448393,0.010539422718298849,0.013945003505091504,0.03348094749448393,0.010539422718298849,0.013945003505091504
ID_H6PN64,0.03353174215142335,0.01593617007532149,0.02668820291168958,0.03353174215142335,0.01593617007532149,0.02668820291168958
ID_CE1FVC,0.03612223706674984,0.026944464491116406,0.022998314807344565,0.03612223706674984,0.026944464491116406,0.022998314807344565
ID_N8L8HZ,0.03363480673120544,0.03360648400032386,0.024201513934254966,0.03363480673120544,0.03360648400032386,0.024201513934254966
ID_DZ9KDZ,0.035968377830028334,0.009795129347435112,0.014321404556613852,0.035968377830028334,0.009795129347435112,0.014321404556613852
ID_GWCAWH,0.04325085891789418,0.009834089055097755,0.01695064208333983,0.04325085891789418,0.009834089055097755,0.01695064208333983
ID_BRODNS,0.036649954172825724,0.010747514085517867,0.01750550127497587,0.036649954172825724,0.010747514085517867,0.01750550127497587
ID_2VZDEB,0.03348094749448393,0.009669570690934149,0.014243459164353838,0.03348094749448393,0.009669570690934149,0.014243459164353838
ID_51YUZ8,0.13708943403251805,0.1873090646860649,0.4182554683794535,0.13708943403251805,0.1873090646860649,0.4182554683794535
ID_YAINJL,0.03617822371471055,0.01121536137570886,0.01750550127497587,0.03617822371471055,0.01121536137570886,0.01750550127497587
ID_DNQWGC,0.036649954172825724,0.010747514085517867,0.01750550127497587,0.036649954172825724,0.010747514085517867,0.01750550127497587
ID_HPQ2YK,0.03625784124481794,0.009706581889765878,0.017382249834478607,0.03625784124481794,0.009706581889765878,0.017382249834478607
ID_OV2TNO,0.03348094749448393,0.009801445664514484,0.014321404556613852,0.03348094749448393,0.009801445664514484,0.014321404556613852
ID_NRG7OT,0.03348094749448393,0.009801445664514484,0.014057165741528061,0.03348094749448393,0.009801445664514484,0.014057165741528061
ID_1JQ73Y,0.03348094749448393,0.009801445664514484,0.014057165741528061,0.03348094749448393,0.009801445664514484,0.014057165741528061
ID_MQGR7P,0.033405010150043886,0.008876923664167,0.013325293204566624,0.033405010150043886,0.008876923664167,0.013325293204566624
ID_9M41ZB,0.08176435673666438,0.16639353035000157,0.1452262863435874,0.08176435673666438,0.16639353035000157,0.1452262863435874
ID_KPUZSL,0.03348094749448393,0.009701119389430017,0.013796173635268225,0.03348094749448393,0.009701119389430017,0.013796173635268225
ID_F5UXS1,0.03348094749448393,0.009789410156102863,0.014057165741528061,0.03348094749448393,0.009789410156102863,0.014057165741528061
ID_VK0JGD,0.03348094749448393,0.010306863398863062,0.015940363925084192,0.03348094749448393,0.010306863398863062,0.015940363925084192
ID_RVRZMX,0.03348094749448393,0.009336521095357833,0.013727276306750627,0.03348094749448393,0.009336521095357833,0.013727276306750627
ID_WQYMPM,0.05457357606546423,0.012265766253707233,0.020922640195509386,0.05457357606546423,0.012265766253707233,0.020922640195509386
ID_5KRD2P,0.033405010150043886,0.010176959234012333,0.013741099021580317,0.033405010150043886,0.010176959234012333,0.013741099021580317
ID_IC3T9Y,0.03392679291971282,0.02475136863048342,0.030399796033942775,0.03392679291971282,0.02475136863048342,0.030399796033942775
ID_8P36CE,0.033405010150043886,0.010162041052818682,0.013871341092384458,0.033405010150043886,0.010162041052818682,0.013871341092384458
ID_4SSZJI,0.032331896424032905,0.017298081959636363,0.01938544513230837,0.032331896424032905,0.017298081959636363,0.01938544513230837
ID_4IBH3D,0.033405010150043886,0.008814073333210042,0.013517170685677787,0.033405010150043886,0.008814073333210042,0.013517170685677787
ID_U2F392,0.03612223706674984,0.026944464491116406,0.03801312584162417,0.03612223706674984,0.026944464491116406,0.03801312584162417
ID_3ZWFOJ,0.03392679291971282,0.026826329897911828,0.031313104627265664,0.03392679291971282,0.026826329897911828,0.031313104627265664
ID_74WU7X,0.033405010150043886,0.010131247181195584,0.01410396737648324,0.033405010150043886,0.010131247181195584,0.01410396737648324
ID_8KE31A,0.03363480673120544,0.02505828845764123,0.019851884765792218,0.03363480673120544,0.02505828845764123,0.019851884765792218
ID_DP9A1C,0.03363480673120544,0.02631803283720021,0.020268455804439124,0.03363480673120544,0.02631803283720021,0.020268455804439124
ID_UV8N77,0.03392679291971282,0.025676434610479526,0.031175301791311765,0.03392679291971282,0.025676434610479526,0.031175301791311765
ID_82ZVWD,0.033405010150043886,0.00941764437920473,0.01308434772288139,0.033405010150043886,0.00941764437920473,0.01308434772288139
ID_YLZXGO,0.03612223706674984,0.025900192230223103,0.022734523621642976,0.03612223706674984,0.025900192230223103,0.022734523621642976
ID_8EYJ8O,0.03363480673120544,0.026909150583319746,0.02055597439734448,0.03363480673120544,0.026909150583319746,0.02055597439734448
ID_97CA4Y,0.109802830068163,0.15066409197633976,0.10803932954591029,0.109802830068163,0.15066409197633976,0.10803932954591029
ID_Z100EY,0.03348094749448393,0.009924847904769954,0.013017637503574146,0.03348094749448393,0.009924847904769954,0.013017637503574146
ID_PEM0MC,0.03353174215142335,0.015483591110423727,0.026573775472076205,0.03353174215142335,0.015483591110423727,0.026573775472076205
ID_IJCL0H,0.03392679291971282,0.024436384087632088,0.0296004724021612,0.03392679291971282,0.024436384087632088,0.0296004724021612
ID_7ED0FF,0.03363480673120544,0.03363923198668446,0.027065936374830277,0.03363480673120544,0.03363923198668446,0.027065936374830277
ID_SXNWJQ,0.033405010150043886,0.009416813016288116,0.013254251749589685,0.033405010150043886,0.009416813016288116,0.013254251749589685
ID_I891F5,0.03392679291971282,0.024436384087632088,0.0296004724021612,0.03392679291971282,0.024436384087632088,0.0296004724021612
ID_ZJ8ADL,0.03396368416063073,0.010946567354922176,0.017428808020988968,0.03396368416063073,0.010946567354922176,0.017428808020988968
ID_3W1C1M,0.03353174215142335,0.01593617007532149,0.02668820291168958,0.03353174215142335,0.01593617007532149,0.02668820291168958
ID_566Q18,0.035277144485378865,0.009477119045865755,0.01622139425768797,0.035277144485378865,0.009477119045865755,0.01622139425768797
ID_FPANRJ,0.08085222787414607,0.04875466134792638,0.07952318135230374,0.08085222787414607,0.04875466134792638,0.07952318135230374
ID_04Q0YM,0.03363480673120544,0.026596679878174465,0.020685892172555963,0.03363480673120544,0.026596679878174465,0.020685892172555963
ID_5KRNZJ,0.08269069330031427,0.08681120645737242,0.06444133182431684,0.08269069330031427,0.08681120645737242,0.06444133182431684
ID_HIWMGH,0.033405010150043886,0.008732033185116101,0.01377209582133061,0.033405010150043886,0.008732033185116101,0.01377209582133061
ID_KIINWT,0.03348094749448393,0.009472277007718646,0.013526733824802867,0.03348094749448393,0.009472277007718646,0.013526733824802867
ID_APINN8,0.035277144485378865,0.009477119045865755,0.01622139425768797,0.035277144485378865,0.009477119045865755,0.01622139425768797
ID_JXGHCQ,0.03348094749448393,0.009459533937031389,0.013526733824802867,0.03348094749448393,0.009459533937031389,0.013526733824802867
ID_GXIV13,0.03363480673120544,0.026964734471408153,0.022734523621642976,0.03363480673120544,0.026964734471408153,0.022734523621642976
ID_VBCV33,0.03612223706674984,0.034871439197474784,0.0275017191140665,0.03612223706674984,0.034871439197474784,0.0275017191140665
ID_6G615X,0.033405010150043886,0.010159970587890161,0.01410396737648324,0.033405010150043886,0.010159970587890161,0.01410396737648324
ID_GNQBPW,0.035277144485378865,0.009477119045865755,0.01622139425768797,0.035277144485378865,0.009477119045865755,0.01622139425768797
ID_Z1JH8O,0.033405010150043886,0.009877562173840254,0.01343684760477586,0.033405010150043886,0.009877562173840254,0.01343684760477586
ID_MFYS5T,0.036649954172825724,0.010747514085517867,0.01750550127497587,0.036649954172825724,0.010747514085517867,0.01750550127497587
ID_TTS39J,0.03363480673120544,0.02631803283720021,0.020082700630803713,0.03363480673120544,0.02631803283720021,0.020082700630803713
ID_JENU4O,0.033405010150043886,0.0101178648848379,0.013983123785215053,0.033405010150043886,0.0101178648848379,0.013983123785215053
ID_90XFU4,0.036639244717408,0.023501606373897626,0.022166458386554247,0.036639244717408,0.023501606373897626,0.022166458386554247
ID_PHUQGW,0.034183174808957835,0.033309646959194264,0.021970950692151315,0.034183174808957835,0.033309646959194264,0.021970950692151315
ID_9J6CK5,0.03363480673120544,0.026964734471408153,0.022998314807344565,0.03363480673120544,0.026964734471408153,0.022998314807344565
ID_9J9ZHB,0.03348094749448393,0.009472277007718646,0.013526733824802867,0.03348094749448393,0.009472277007718646,0.013526733824802867
ID_WFSRDW,0.036615300700483015,0.021728520509387575,0.028344350763606464,0.036615300700483015,0.021728520509387575,0.028344350763606464
ID_9RA6UC,0.0370961872533792,0.027669808559617055,0.0296004724021612,0.0370961872533792,0.027669808559617055,0.0296004724021612
ID_8K9BSB,0.03363480673120544,0.02557638008907921,0.020082700630803713,0.03363480673120544,0.02557638008907921,0.020082700630803713
ID_X9K3UC,0.03363480673120544,0.025912987157085735,0.022734523621642976,0.03363480673120544,0.025912987157085735,0.022734523621642976
ID_F96FDB,0.03363480673120544,0.026964734471408153,0.022734523621642976,0.03363480673120544,0.026964734471408153,0.022734523621642976
ID_YN5JF8,0.03353174215142335,0.01659292665651728,0.026573775472076205,0.03353174215142335,0.01659292665651728,0.026573775472076205
ID_IY6NOF,0.035968377830028334,0.009918405658480053,0.017532387161571024,0.035968377830028334,0.009918405658480053,0.017532387161571024
ID_FI6W81,0.11855459038240837,0.18069589855129276,0.12411876846503052,0.11855459038240837,0.18069589855129276,0.12411876846503052
ID_04CC0L,0.03392679291971282,0.028073298872295076,0.031175301791311765,0.03392679291971282,0.028073298872295076,0.031175301791311765
ID_1KWZ54,0.03392679291971282,0.026614505655448584,0.031313104627265664,0.03392679291971282,0.026614505655448584,0.031313104627265664
ID_P0EUPF,0.03348094749448393,0.009789410156102863,0.014180204188736683,0.03348094749448393,0.009789410156102863,0.014180204188736683
ID_XWLG1U,0.03363480673120544,0.026909150583319746,0.02055597439734448,0.03363480673120544,0.026909150583319746,0.02055597439734448
ID_4LEWIR,0.03363480673120544,0.025877903497835978,0.020732835682265405,0.03363480673120544,0.025877903497835978,0.020732835682265405
ID_J85QL1,0.081711510302908,0.2107388055094307,0.14617851637416748,0.081711510302908,0.2107388055094307,0.14617851637416748
ID_12ZAW0,0.03363480673120544,0.025906085352885518,0.022734523621642976,0.03363480673120544,0.025906085352885518,0.022734523621642976
ID_TXY2FU,0.03348094749448393,0.010541992142979803,0.014934000401581047,0.03348094749448393,0.010541992142979803,0.014934000401581047
ID_HS5K78,0.03355886938676539,0.02357697881434793,0.019903822382452967,0.03355886938676539,0.02357697881434793,0.019903822382452967
ID_0EPYYW,0.03348094749448393,0.009801445664514484,0.014057165741528061,0.03348094749448393,0.009801445664514484,0.014057165741528061
ID_MTJFU7,0.033405010150043886,0.008803084429167123,0.013492462489408427,0.033405010150043886,0.008803084429167123,0.013492462489408427
ID_0WRPJW,0.03363480673120544,0.02631803283720021,0.020082700630803713,0.03363480673120544,0.02631803283720021,0.020082700630803713
ID_KOAZT1,0.036639244717408,0.024199913738738196,0.021868044864786492,0.036639244717408,0.024199913738738196,0.021868044864786492
ID_7ZEBRI,0.03348094749448393,0.010783895295396093,0.014193705481644994,0.03348094749448393,0.010783895295396093,0.014193705481644994
ID_41Z3A9,0.03348094749448393,0.009472277007718646,0.01326544679889946,0.03348094749448393,0.009472277007718646,0.01326544679889946
ID_J8JXVY,0.033405010150043886,0.00941764437920473,0.01308434772288139,0.033405010150043886,0.00941764437920473,0.01308434772288139
ID_QKDUFH,0.036477909742129305,0.00947181530699595,0.019793603750454185,0.036477909742129305,0.00947181530699595,0.019793603750454185
ID_AR98VZ,0.036615300700483015,0.01586153572338053,0.02615223440688337,0.036615300700483015,0.01586153572338053,0.02615223440688337
ID_VK9ROW,0.03348094749448393,0.00924330127564869,0.01363647307006007,0.03348094749448393,0.00924330127564869,0.01363647307006007
ID_13419M,0.03348094749448393,0.009387739184114974,0.013750230615277017,0.03348094749448393,0.009387739184114974,0.013750230615277017
ID_RWPCZ6,0.03348094749448393,0.009789410156102863,0.014180204188736683,0.03348094749448393,0.009789410156102863,0.014180204188736683
ID_YP006O,0.035277144485378865,0.009477119045865755,0.01622139425768797,0.035277144485378865,0.009477119045865755,0.01622139425768797
ID_X3Q9JX,0.0370961872533792,0.02505393308087243,0.0296004724021612,0.0370961872533792,0.02505393308087243,0.0296004724021612
ID_4DS9FD,0.03348094749448393,0.011017332400750032,0.014978930244560602,0.03348094749448393,0.011017332400750032,0.014978930244560602
ID_Y9ZFHB,0.04871703747885171,0.017979596920293363,0.02332850242126607,0.04871703747885171,0.017979596920293363,0.02332850242126607
ID_BDJQVU,0.03348094749448393,0.009366607422900101,0.014019754590717587,0.03348094749448393,0.009366607422900101,0.014019754590717587
ID_YOJDUN,0.03348094749448393,0.011176349169366821,0.014577000330527346,0.03348094749448393,0.011176349169366821,0.014577000330527346
ID_0S1SU1,0.035277144485378865,0.009477119045865755,0.01622139425768797,0.035277144485378865,0.009477119045865755,0.01622139425768797
ID_WVY88C,0.033405010150043886,0.010176959234012333,0.013871341092384458,0.033405010150043886,0.010176959234012333,0.013871341092384458
ID_4CWI21,0.03348094749448393,0.010531344918794174,0.013945003505091504,0.03348094749448393,0.010531344918794174,0.013945003505091504
ID_04SS9G,0.03363480673120544,0.02505828845764123,0.01967382752829587,0.03363480673120544,0.02505828845764123,0.01967382752829587
ID_A9QQPQ,0.033405010150043886,0.010131247181195584,0.013741099021580317,0.033405010150043886,0.010131247181195584,0.013741099021580317
ID_DZ75HC,0.03392679291971282,0.02475136863048342,0.030399796033942775,0.03392679291971282,0.02475136863048342,0.030399796033942775
ID_4M4JIH,0.03392679291971282,0.02475136863048342,0.030399796033942775,0.03392679291971282,0.02475136863048342,0.030399796033942775
ID_U0HW2H,0.033405010150043886,0.009396112387950772,0.013037965213380697,0.033405010150043886,0.009396112387950772,0.013037965213380697
ID_P3DEYM,0.03348094749448393,0.009924847904769954,0.013017637503574146,0.03348094749448393,0.009924847904769954,0.013017637503574146
ID_L3102W,0.03363480673120544,0.026964734471408153,0.022734523621642976,0.03363480673120544,0.026964734471408153,0.022734523621642976
ID_HPOX0U,0.03363480673120544,0.026964734471408153,0.022734523621642976,0.03363480673120544,0.026964734471408153,0.022734523621642976
ID_0KT3LA,0.034183174808957835,0.03220394577810567,0.024120873398528156,0.034183174808957835,0.03220394577810567,0.024120873398528156
ID_69NSKI,0.033405010150043886,0.010176959234012333,0.013630689311794033,0.033405010150043886,0.010176959234012333,0.013630689311794033
ID_0SDUWB,0.033443434435590426,0.009605342802958213,0.014400211440642022,0.033443434435590426,0.009605342802958213,0.014400211440642022
ID_0YHV2D,0.08176435673666438,0.16238825655451417,0.14316585717050728,0.08176435673666438,0.16238825655451417,0.14316585717050728
ID_75H233,0.033405010150043886,0.008788231855269045,0.013785506837815036,0.033405010150043886,0.008788231855269045,0.013785506837815036
ID_FKHQWT,0.033405010150043886,0.008851082186226003,0.013575543190950374,0.033405010150043886,0.008851082186226003,0.013575543190950374
ID_U2WUA3,0.035277144485378865,0.009477119045865755,0.01622139425768797,0.035277144485378865,0.009477119045865755,0.01622139425768797
ID_J2UQDN,0.035968377830028334,0.009465589368400818,0.013526733824802867,0.035968377830028334,0.009465589368400818,0.013526733824802867
ID_POVU4C,0.03348094749448393,0.009232062309911792,0.013436612043494838,0.03348094749448393,0.009232062309911792,0.013436612043494838
ID_UZPUB2,0.08176435673666438,0.1623428080912499,0.14316585717050728,0.08176435673666438,0.1623428080912499,0.14316585717050728
ID_J2U4P6,0.03348094749448393,0.009789410156102863,0.014180204188736683,0.03348094749448393,0.009789410156102863,0.014180204188736683
ID_SJLSGJ,0.03392679291971282,0.02475136863048342,0.030399796033942775,0.03392679291971282,0.02475136863048342,0.030399796033942775
ID_DGJX4J,0.03348094749448393,0.009326350004629804,0.013449579889098763,0.03348094749448393,0.009326350004629804,0.013449579889098763
ID_YO2KWH,0.03348094749448393,0.009232062309911792,0.013436612043494838,0.03348094749448393,0.009232062309911792,0.013436612043494838
ID_T02E3F,0.035277144485378865,0.009477119045865755,0.01622139425768797,0.035277144485378865,0.009477119045865755,0.01622139425768797
ID_MYCWCX,0.06999042095727745,0.047589023006368414,0.04141098733331197,0.06999042095727745,0.047589023006368414,0.04141098733331197
ID_NH9AFH,0.03355886938676539,0.02357697881434793,0.019903822382452967,0.03355886938676539,0.02357697881434793,0.019903822382452967
ID_77YG7T,0.03348094749448393,0.010517974771951254,0.013945003505091504,0.03348094749448393,0.010517974771951254,0.013945003505091504
ID_9Y444Y,0.033405010150043886,0.008861861838419003,0.01328356624198629,0.033405010150043886,0.008861861838419003,0.01328356624198629
ID_5L1LZ3,0.035968377830028334,0.009795129347435112,0.016635317150847588,0.035968377830028334,0.009795129347435112,0.016635317150847588
ID_7DDTU6,0.034183174808957835,0.0334146443509665,0.02438768001517948,0.034183174808957835,0.0334146443509665,0.02438768001517948
ID_PJ1GFX,0.03392679291971282,0.02476297656515256,0.030399796033942775,0.03392679291971282,0.02476297656515256,0.030399796033942775
ID_TD09UQ,0.032331896424032905,0.0203211308660679,0.01984182720441567,0.032331896424032905,0.0203211308660679,0.01984182720441567
ID_PPJ0Q7,0.03348094749448393,0.009366607422900101,0.013750230615277017,0.03348094749448393,0.009366607422900101,0.013750230615277017
ID_9T5MZ6,0.03671518206184805,0.033283635727782354,0.045939472906204974,0.03671518206184805,0.033283635727782354,0.045939472906204974
ID_MMW7H1,0.03348094749448393,0.010531344918794174,0.013945003505091504,0.03348094749448393,0.010531344918794174,0.013945003505091504
ID_1W5HMF,0.03363480673120544,0.02631803283720021,0.020268455804439124,0.03363480673120544,0.02631803283720021,0.020268455804439124
ID_EKUPY5,0.034183174808957835,0.03224589305783095,0.021336761161746227,0.034183174808957835,0.03224589305783095,0.021336761161746227
ID_MR0B44,0.03348094749448393,0.009232062309911792,0.013436612043494838,0.03348094749448393,0.009232062309911792,0.013436612043494838
ID_ZV8PXJ,0.03348094749448393,0.009789410156102863,0.014180204188736683,0.03348094749448393,0.009789410156102863,0.014180204188736683
ID_97JMW3,0.033405010150043886,0.008776992889532147,0.013833753437557467,0.033405010150043886,0.008776992889532147,0.013833753437557467
ID_X0BMWM,0.033405010150043886,0.0101178648848379,0.013983123785215053,0.033405010150043886,0.0101178648848379,0.013983123785215053
ID_UXSMV0,0.03348094749448393,0.009472277007718646,0.013526733824802867,0.03348094749448393,0.009472277007718646,0.013526733824802867
ID_9C6FDZ,0.03392679291971282,0.026614505655448584,0.031313104627265664,0.03392679291971282,0.026614505655448584,0.031313104627265664
ID_KXDGFP,0.03353174215142335,0.01701087489249647,0.02696744366376975,0.03353174215142335,0.01701087489249647,0.02696744366376975
ID_EEFOWD,0.033405010150043886,0.008814073333210042,0.013517170685677787,0.033405010150043886,0.008814073333210042,0.013517170685677787
ID_BEDWST,0.033405010150043886,0.008861861838419003,0.013517448524367079,0.033405010150043886,0.008861861838419003,0.013517448524367079
ID_OENI65,0.03348094749448393,0.009232062309911792,0.013685563533767115,0.03348094749448393,0.009232062309911792,0.013685563533767115
ID_S86C7K,0.035968377830028334,0.009795129347435112,0.014057165741528061,0.035968377830028334,0.009795129347435112,0.014057165741528061
ID_QONYCM,0.033644994183172044,0.013623507750436017,0.017435288183622583,0.033644994183172044,0.013623507750436017,0.017435288183622583
ID_FWMKII,0.03612223706674984,0.026944464491116406,0.022998314807344565,0.03612223706674984,0.026944464491116406,0.022998314807344565
ID_HP61FB,0.03348094749448393,0.010539422718298849,0.013945003505091504,0.03348094749448393,0.010539422718298849,0.013945003505091504
ID_JR3K1A,0.05456757942131527,0.07846176283218262,0.09614760910181538,0.05456757942131527,0.07846176283218262,0.09614760910181538
ID_RWCBV3,0.033405010150043886,0.01108204656567732,0.018080412208629833,0.033405010150043886,0.01108204656567732,0.018080412208629833
ID_L6LRCQ,0.040036837400407824,0.061046227601584034,0.4276079906139323,0.040036837400407824,0.061046227601584034,0.4276079906139323
ID_QL2YV1,0.033405010150043886,0.01108204656567732,0.018080412208629833,0.033405010150043886,0.01108204656567732,0.018080412208629833
ID_CMW05K,0.033405010150043886,0.011085974206153449,0.017917354883365065,0.033405010150043886,0.011085974206153449,0.017917354883365065
ID_5COZTI,0.03348094749448393,0.012428692446882422,0.020346632560808483,0.03348094749448393,0.012428692446882422,0.020346632560808483
ID_J74M23,0.04070213583967545,0.029352049812052333,0.04469426158718116,0.04070213583967545,0.029352049812052333,0.04469426158718116
ID_VG59CF,0.08067025224161734,0.1599703215535432,0.39280500516345257,0.08067025224161734,0.1599703215535432,0.39280500516345257
ID_7C3ZMG,0.05719137929195574,0.0704562497594749,0.12894187633954998,0.05719137929195574,0.0704562497594749,0.12894187633954998
ID_JH0R8P,0.05719137929195574,0.06955763607274773,0.12748263148701786,0.05719137929195574,0.06955763607274773,0.12748263148701786
ID_LUPPTN,0.0397781121060365,0.030512457750422925,0.049365271456776334,0.0397781121060365,0.030512457750422925,0.049365271456776334
ID_167YYH,0.037131550829332415,0.03908710454516602,0.08291019083608445,0.037131550829332415,0.03908710454516602,0.08291019083608445
ID_5CM4SB,0.033405010150043886,0.010614014323162639,0.017917354883365065,0.033405010150043886,0.010614014323162639,0.017917354883365065
ID_2M59FO,0.06987440331306474,0.0811570276997105,0.34494734796485144,0.06987440331306474,0.0811570276997105,0.34494734796485144
ID_G6554I,0.04847983130734913,0.07439799101043794,0.4388523500126924,0.04847983130734913,0.07439799101043794,0.4388523500126924
ID_VFGUB6,0.04070213583967545,0.02967271832510616,0.045252171314714554,0.04070213583967545,0.02967271832510616,0.045252171314714554
ID_EWOVVA,0.06111545313796936,0.0698341294153415,0.3073273658523599,0.06111545313796936,0.0698341294153415,0.3073273658523599
ID_6O5T2L,0.05573806464001274,0.07852528775611584,0.09715856390205838,0.05573806464001274,0.07852528775611584,0.09715856390205838
ID_LUDHWT,0.05913836068405796,0.07810516098432219,0.09715856390205838,0.05913836068405796,0.07810516098432219,0.09715856390205838
ID_B478DU,0.033405010150043886,0.010614014323162639,0.017917354883365065,0.033405010150043886,0.010614014323162639,0.017917354883365065
ID_QS0A8J,0.05573806464001274,0.07852528775611584,0.09715856390205838,0.05573806464001274,0.07852528775611584,0.09715856390205838
ID_7S6FXQ,0.04509110626381391,0.04782746271452869,0.09484274932027648,0.04509110626381391,0.04782746271452869,0.09484274932027648
ID_DQ7RIZ,0.057099516538366854,0.07877329009271283,0.10584047334898772,0.057099516538366854,0.07877329009271283,0.10584047334898772
ID_O5J9TX,0.035968377830028334,0.012061898672061318,0.02055205338009165,0.035968377830028334,0.012061898672061318,0.02055205338009165
ID_77AITY,0.03348094749448393,0.012143116006252954,0.02055205338009165,0.03348094749448393,0.012143116006252954,0.02055205338009165
ID_H5F13S,0.15521892179554564,0.3101536999754948,0.7351669896999553,0.15521892179554564,0.3101536999754948,0.7351669896999553
ID_24PYQA,0.05719137929195574,0.12390138944967982,0.16668758197352856,0.05719137929195574,0.12390138944967982,0.16668758197352856
ID_SZCPIU,0.03348094749448393,0.012143116006252954,0.02055205338009165,0.03348094749448393,0.012143116006252954,0.02055205338009165
ID_S4H317,0.08827487213959984,0.16100712063515743,0.3536812362278254,0.08827487213959984,0.16100712063515743,0.3536812362278254
ID_TOELN0,0.04619937571458789,0.08450459302710517,0.10381210130935731,0.04619937571458789,0.08450459302710517,0.10381210130935731
ID_IYY83U,0.03348094749448393,0.012143116006252954,0.02055205338009165,0.03348094749448393,0.012143116006252954,0.02055205338009165
ID_5Q8NWL,0.05265172204935362,0.10942219133020549,0.16611028267709255,0.05265172204935362,0.10942219133020549,0.16611028267709255
ID_XYRK3M,0.08202245635387187,0.18131065917187938,0.39086821974510083,0.08202245635387187,0.18131065917187938,0.39086821974510083
ID_JAVEA5,0.05573806464001274,0.07792842565243524,0.09715856390205838,0.05573806464001274,0.07792842565243524,0.09715856390205838
ID_V4EGZ0,0.0397781121060365,0.030512457750422925,0.049365271456776334,0.0397781121060365,0.030512457750422925,0.049365271456776334
ID_WE46Z9,0.05719137929195574,0.0704562497594749,0.12894187633954998,0.05719137929195574,0.0704562497594749,0.12894187633954998
ID_B7O2ZN,0.03348094749448393,0.012135122220073322,0.02055205338009165,0.03348094749448393,0.012135122220073322,0.02055205338009165
ID_4HQTGA,0.04601512999745285,0.04476522065660938,0.08492192182826257,0.04601512999745285,0.04476522065660938,0.08492192182826257
ID_JUWVD9,0.04847983130734913,0.07109474249447469,0.4388523500126924,0.04847983130734913,0.07109474249447469,0.4388523500126924
ID_LI9Y1T,0.06111545313796936,0.0698341294153415,0.3073273658523599,0.06111545313796936,0.0698341294153415,0.3073273658523599
ID_9TYH5Y,0.0333286368144836,0.013484835812562932,0.04167120267464463,0.0333286368144836,0.013484835812562932,0.04167120267464463
ID_N7QCYG,0.0333286368144836,0.013825955588080746,0.03903557385819859,0.0333286368144836,0.013825955588080746,0.03903557385819859
ID_9PQIUL,0.0333286368144836,0.013825955588080746,0.038823983548905094,0.0333286368144836,0.013825955588080746,0.038823983548905094
ID_YUJ38B,0.03828729536407855,0.023502109628410844,0.1676619132128509,0.03828729536407855,0.023502109628410844,0.1676619132128509
ID_5VLR2G,0.0333286368144836,0.013484835812562932,0.04167120267464463,0.0333286368144836,0.013484835812562932,0.04167120267464463
ID_WR6L6P,0.0333286368144836,0.013484835812562932,0.04167120267464463,0.0333286368144836,0.013484835812562932,0.04167120267464463
ID_C4ISDT,0.03370273906075622,0.017307374606851857,0.041624602117050546,0.03370273906075622,0.017307374606851857,0.041624602117050546
ID_A3JPS0,0.0333286368144836,0.013484835812562932,0.04167120267464463,0.0333286368144836,0.013484835812562932,0.04167120267464463
ID_265JD2,0.0333286368144836,0.014007428454405056,0.040763556502094025,0.0333286368144836,0.014007428454405056,0.040763556502094025
ID_PAQVAY,0.0333286368144836,0.013374379250960362,0.040577062597793215,0.0333286368144836,0.013374379250960362,0.040577062597793215
ID_9BMVWJ,0.0333286368144836,0.013825955588080746,0.03903557385819859,0.0333286368144836,0.013825955588080746,0.03903557385819859
ID_NJ6LSY,0.0333286368144836,0.014007428454405056,0.040763556502094025,0.0333286368144836,0.014007428454405056,0.040763556502094025
ID_G9RESG,0.03370273906075622,0.015251340381233405,0.037892931633231035,0.03370273906075622,0.015251340381233405,0.037892931633231035
ID_07SK9V,0.0337825876947113,0.04120750554882254,0.15722846405054688,0.0337825876947113,0.04120750554882254,0.15722846405054688
ID_T4U0PU,0.0333286368144836,0.013484835812562932,0.04167120267464463,0.0333286368144836,0.013484835812562932,0.04167120267464463
ID_E0JXXI,0.04068708071811264,0.01984580237684934,0.1623505496408036,0.04068708071811264,0.01984580237684934,0.1623505496408036
ID_WMGN2O,0.0333286368144836,0.013484835812562932,0.04167120267464463,0.0333286368144836,0.013484835812562932,0.04167120267464463
ID_3TDLCS,0.0337825876947113,0.036911694107410506,0.1505407572802907,0.0337825876947113,0.036911694107410506,0.1505407572802907
ID_JLWJBX,0.08690056735004092,0.0828313220665203,0.38696670843787007,0.08690056735004092,0.0828313220665203,0.38696670843787007
ID_WGTUF3,0.03370273906075622,0.016933481380388436,0.04453464872019633,0.03370273906075622,0.016933481380388436,0.04453464872019633
ID_4VPY9Q,0.0337825876947113,0.04120750554882254,0.1602859555132712,0.0337825876947113,0.04120750554882254,0.1602859555132712
ID_CVIVFP,0.03687179062347667,0.038051933857874275,0.15661280231005478,0.03687179062347667,0.038051933857874275,0.15661280231005478
ID_P5FGPW,0.0337825876947113,0.036911694107410506,0.1505407572802907,0.0337825876947113,0.036911694107410506,0.1505407572802907
ID_OQ1KFW,0.03370273906075622,0.01678806570560303,0.042344575315282885,0.03370273906075622,0.01678806570560303,0.042344575315282885
ID_48633C,0.0337825876947113,0.036911694107410506,0.1505407572802907,0.0337825876947113,0.036911694107410506,0.1505407572802907
ID_2KMHBK,0.0333286368144836,0.013019690982685966,0.03714239795469967,0.0333286368144836,0.013019690982685966,0.03714239795469967
ID_QDKS15,0.0333286368144836,0.013825955588080746,0.03903557385819859,0.0333286368144836,0.013825955588080746,0.03903557385819859
ID_BCUUEB,0.0333286368144836,0.014007428454405056,0.04123985455862367,0.0333286368144836,0.014007428454405056,0.04123985455862367
ID_WRXH21,0.03828729536407855,0.020449126506060455,0.1673585956040115,0.03828729536407855,0.020449126506060455,0.1673585956040115
ID_PM8ZP3,0.03370273906075622,0.014944480706798983,0.039579221993696935,0.03370273906075622,0.014944480706798983,0.039579221993696935
ID_IIT0BK,0.0333286368144836,0.013706245619080513,0.03818083396420676,0.0333286368144836,0.013706245619080513,0.03818083396420676
ID_IYB7UH,0.0337825876947113,0.03648638182763037,0.14179172711748034,0.0337825876947113,0.03648638182763037,0.14179172711748034
ID_ZKHQZV,0.0333286368144836,0.014007428454405056,0.040763556502094025,0.0333286368144836,0.014007428454405056,0.040763556502094025
ID_U76OOW,0.0337825876947113,0.036911694107410506,0.1505407572802907,0.0337825876947113,0.036911694107410506,0.1505407572802907
ID_JPUGLB,0.0333286368144836,0.013374379250960362,0.040577062597793215,0.0333286368144836,0.013374379250960362,0.040577062597793215
ID_4JFJ04,0.03828729536407855,0.023502109628410844,0.1676619132128509,0.03828729536407855,0.023502109628410844,0.1676619132128509
ID_93FI84,0.0333286368144836,0.013192906384636055,0.03864148216801359,0.0333286368144836,0.013192906384636055,0.03864148216801359
ID_GB5XCD,0.03828729536407855,0.023502109628410844,0.1676619132128509,0.03828729536407855,0.023502109628410844,0.1676619132128509
ID_XAXYZK,0.03828729536407855,0.020449126506060455,0.1673585956040115,0.03828729536407855,0.020449126506060455,0.1673585956040115
ID_FPN3DK,0.0333286368144836,0.014007428454405056,0.04123985455862367,0.0333286368144836,0.014007428454405056,0.04123985455862367
ID_H4MCRV,0.0333286368144836,0.014007428454405056,0.040763556502094025,0.0333286368144836,0.014007428454405056,0.040763556502094025
ID_I94FEK,0.0333286368144836,0.013825955588080746,0.03903557385819859,0.0333286368144836,0.013825955588080746,0.03903557385819859
ID_UA86Y8,0.0333286368144836,0.013825955588080746,0.03903557385819859,0.0333286368144836,0.013825955588080746,0.03903557385819859
ID_QMO2S4,0.03415668994098392,0.03491206374814715,0.14517819702144408,0.03415668994098392,0.03491206374814715,0.14517819702144408
ID_ICLT74,0.03687179062347667,0.038051933857874275,0.15661280231005478,0.03687179062347667,0.038051933857874275,0.15661280231005478
ID_JRGWMB,0.0333286368144836,0.013303362946238625,0.03967377285170496,0.0333286368144836,0.013303362946238625,0.03967377285170496
ID_C1LESE,0.0333286368144836,0.014007428454405056,0.04123985455862367,0.0333286368144836,0.014007428454405056,0.04123985455862367
ID_LZLMVM,0.0333286368144836,0.014007428454405056,0.04123985455862367,0.0333286368144836,0.014007428454405056,0.04123985455862367
ID_EISUUM,0.03370273906075622,0.01424352179961784,0.03789220536337718,0.03370273906075622,0.01424352179961784,0.03789220536337718
ID_0EMHPX,0.0333286368144836,0.014007428454405056,0.04123985455862367,0.0333286368144836,0.014007428454405056,0.04123985455862367
ID_JAF898,0.0337825876947113,0.036911694107410506,0.1505407572802907,0.0337825876947113,0.036911694107410506,0.1505407572802907
ID_W8YZKT,0.0333286368144836,0.013484835812562932,0.04167120267464463,0.0333286368144836,0.013484835812562932,0.04167120267464463
ID_COJM55,0.0333286368144836,0.013825955588080746,0.03903557385819859,0.0333286368144836,0.013825955588080746,0.03903557385819859
ID_YDNMXU,0.0333286368144836,0.013201163849010275,0.040471225722015176,0.0333286368144836,0.013201163849010275,0.040471225722015176
ID_ZTWXQZ,0.08859806438901568,0.08116952036795297,0.3926046033717163,0.08859806438901568,0.08116952036795297,0.3926046033717163
ID_B0H92W,0.0333286368144836,0.013484835812562932,0.04167120267464463,0.0333286368144836,0.013484835812562932,0.04167120267464463
ID_QY1QFN,0.0337825876947113,0.036911694107410506,0.1505407572802907,0.0337825876947113,0.036911694107410506,0.1505407572802907
ID_6JXJ14,0.03828729536407855,0.023502109628410844,0.1676619132128509,0.03828729536407855,0.023502109628410844,0.1676619132128509
ID_3GS106,0.04455923422706846,0.19131035678899191,0.5413412721923421,0.04455923422706846,0.19131035678899191,0.5413412721923421
ID_0EH8TX,0.7748596343734439,0.2872190811627084,0.632372961057602,0.7748596343734439,0.2872190811627084,0.632372961057602
ID_M3RB3O,0.033405010150043886,0.018297462702482937,0.041875589258692524,0.033405010150043886,0.018297462702482937,0.041875589258692524
ID_RFLMG3,0.033405010150043886,0.021736297355535658,0.04570405124693595,0.033405010150043886,0.021736297355535658,0.04570405124693595
ID_32QUF2,0.03348094749448393,0.04124726364731242,0.06008451306437849,0.03348094749448393,0.04124726364731242,0.06008451306437849
ID_E6FA1Y,0.048553123154127895,0.22425126693327643,0.528295798013707,0.048553123154127895,0.22425126693327643,0.528295798013707
ID_56Z4H2,0.033405010150043886,0.025618212037667194,0.04337663312232823,0.033405010150043886,0.025618212037667194,0.04337663312232823
ID_6TP6C8,0.040632424437281205,0.22908191223862462,0.5653827697666304,0.040632424437281205,0.22908191223862462,0.5653827697666304
ID_LA2NIK,0.038223906207887404,0.22422669930134226,0.5846194604569767,0.038223906207887404,0.22422669930134226,0.5846194604569767
ID_B2EQV1,0.039928051527966704,0.17038396194617728,0.5074117599038319,0.039928051527966704,0.17038396194617728,0.5074117599038319
ID_A50E5P,0.03348094749448393,0.019596163068906994,0.021143248399260132,0.03348094749448393,0.019596163068906994,0.021143248399260132
ID_X96S3I,0.033405010150043886,0.019991487290231005,0.02296113165389836,0.033405010150043886,0.019991487290231005,0.02296113165389836
ID_Z5H3GL,0.8464390214495929,0.8234118939150944,0.9375917186138207,0.8464390214495929,0.8234118939150944,0.9375917186138207
ID_ADPV8R,0.033405010150043886,0.02564279164754072,0.04396556149268817,0.033405010150043886,0.02564279164754072,0.04396556149268817
ID_OWFAPX,0.04138356770555461,0.21634036712383822,0.5750595873506499,0.04138356770555461,0.21634036712383822,0.5750595873506499
ID_KSMO5R,0.033405010150043886,0.018297462702482937,0.041875589258692524,0.033405010150043886,0.018297462702482937,0.041875589258692524
ID_LCR0WS,0.033405010150043886,0.019495868388869755,0.042890491921654554,0.033405010150043886,0.019495868388869755,0.042890491921654554
ID_WAQDGO,0.0498688091838679,0.16870467326050045,0.5147879345175757,0.0498688091838679,0.16870467326050045,0.5147879345175757
ID_KI0ZBU,0.033405010150043886,0.02095899681222072,0.0425432435904767,0.033405010150043886,0.02095899681222072,0.0425432435904767
ID_0OJ74K,0.03348094749448393,0.02140852194420866,0.022093015885551664,0.03348094749448393,0.02140852194420866,0.022093015885551664
ID_WY97QW,0.033405010150043886,0.02025360379935335,0.043127411283183745,0.033405010150043886,0.02025360379935335,0.043127411283183745
ID_VVIE2W,0.033405010150043886,0.019991487290231005,0.024099730341324392,0.033405010150043886,0.019991487290231005,0.024099730341324392
ID_ZL5Q59,0.7839802609508679,0.3671698296333282,0.6275446730347639,0.7839802609508679,0.3671698296333282,0.6275446730347639
ID_NRFDMQ,0.8224075686648376,0.7912081965322022,0.9285092186705983,0.8224075686648376,0.7912081965322022,0.9285092186705983
ID_D5IC1O,0.033405010150043886,0.018297462702482937,0.041875589258692524,0.033405010150043886,0.018297462702482937,0.041875589258692524
ID_S7GFPP,0.03348094749448393,0.028576704141950876,0.024526536765731768,0.03348094749448393,0.028576704141950876,0.024526536765731768
ID_1I4R9P,0.0498688091838679,0.16573568300228522,0.5114694690156143,0.0498688091838679,0.16573568300228522,0.5114694690156143
ID_SQ5JRG,0.049209657667965576,0.2297519553079144,0.5963929599512061,0.049209657667965576,0.2297519553079144,0.5963929599512061
ID_AT9XW0,0.033405010150043886,0.020402714572461046,0.03902250932902085,0.033405010150043886,0.020402714572461046,0.03902250932902085
ID_4E0IW9,0.033405010150043886,0.020164723631681078,0.03902250932902085,0.033405010150043886,0.020164723631681078,0.03902250932902085
ID_ME2CF8,0.0498688091838679,0.1731243234612497,0.5101287444399425,0.0498688091838679,0.1731243234612497,0.5101287444399425
ID_QYEVPZ,0.7575997492821912,0.34114108716384417,0.6050874513963339,0.7575997492821912,0.34114108716384417,0.6050874513963339
ID_2FD8VB,0.03377911239631651,0.02531855334654919,0.03889737766834052,0.03377911239631651,0.02531855334654919,0.03889737766834052
ID_ZBDVJD,0.03348094749448393,0.02012856118400277,0.020919040852673702,0.03348094749448393,0.02012856118400277,0.020919040852673702
ID_ZQQ4MM,0.03348094749448393,0.022888761838502077,0.043994278250006257,0.03348094749448393,0.022888761838502077,0.043994278250006257
ID_DOM0PD,0.033405010150043886,0.02019319259488421,0.042306324228947506,0.033405010150043886,0.02019319259488421,0.042306324228947506
ID_ELPHXG,0.049971551687147155,0.2432251482502436,0.5292845094573961,0.049971551687147155,0.2432251482502436,0.5292845094573961
ID_ZJIQCI,0.03377911239631651,0.025314222682410036,0.046684195967532684,0.03377911239631651,0.025314222682410036,0.046684195967532684
ID_R0MPE2,0.051151546502422054,0.18279770384993752,0.5133852163750873,0.051151546502422054,0.18279770384993752,0.5133852163750873
ID_DZ8R48,0.04845038065084864,0.1615819690348099,0.4903448100519008,0.04845038065084864,0.1615819690348099,0.4903448100519008
ID_Y0SXCJ,0.033405010150043886,0.02564279164754072,0.04396556149268817,0.033405010150043886,0.02564279164754072,0.04396556149268817
ID_N1WC7L,0.033405010150043886,0.019495868388869755,0.042890491921654554,0.033405010150043886,0.019495868388869755,0.042890491921654554
ID_BWSAN8,0.043965821295977786,0.20288937997102482,0.5237946149376429,0.043965821295977786,0.20288937997102482,0.5237946149376429
ID_NS1BTM,0.033405010150043886,0.018297462702482937,0.041875589258692524,0.033405010150043886,0.018297462702482937,0.041875589258692524
ID_FN8JFA,0.04016060162535466,0.14892403424624312,0.4872010425922426,0.04016060162535466,0.14892403424624312,0.4872010425922426
ID_FQA9MM,0.033405010150043886,0.017893650219524448,0.021650873943477502,0.033405010150043886,0.017893650219524448,0.021650873943477502
ID_96NLJM,0.033405010150043886,0.020860548898700176,0.03843358095866091,0.033405010150043886,0.020860548898700176,0.03843358095866091
ID_PVEL7W,0.033405010150043886,0.017011168869086532,0.020693705522259825,0.033405010150043886,0.017011168869086532,0.020693705522259825
ID_XFXZM5,0.03377911239631651,0.03519821704256501,0.04543095099499794,0.03377911239631651,0.03519821704256501,0.04543095099499794
ID_UY3XZG,0.0498688091838679,0.16363915182594074,0.5114694690156143,0.0498688091838679,0.16363915182594074,0.5114694690156143
ID_PN97QK,0.033405010150043886,0.025618212037667194,0.04337663312232823,0.033405010150043886,0.025618212037667194,0.04337663312232823
ID_00DG4G,0.033405010150043886,0.02224016629504269,0.04570405124693595,0.033405010150043886,0.02224016629504269,0.04570405124693595
ID_QHQFQ7,0.03348094749448393,0.028454221734419506,0.024526536765731768,0.03348094749448393,0.028454221734419506,0.024526536765731768
ID_ATS0PR,0.033405010150043886,0.02224016629504269,0.04570405124693595,0.033405010150043886,0.02224016629504269,0.04570405124693595
ID_DSUPIN,0.03348094749448393,0.02192892425201573,0.022790382669714566,0.03348094749448393,0.02192892425201573,0.022790382669714566
ID_HWSETN,0.033405010150043886,0.0187421248223041,0.02201385816134466,0.033405010150043886,0.0187421248223041,0.02201385816134466
ID_9YPBUW,0.033405010150043886,0.018476242441784613,0.02102776221466463,0.033405010150043886,0.018476242441784613,0.02102776221466463
ID_4W9NRO,0.033405010150043886,0.018122543247505427,0.021925234105352947,0.033405010150043886,0.018122543247505427,0.021925234105352947
ID_53B01Q,0.033405010150043886,0.018133352920692895,0.041875589258692524,0.033405010150043886,0.018133352920692895,0.041875589258692524
ID_SM5ONB,0.033405010150043886,0.019991487290231005,0.02296113165389836,0.033405010150043886,0.019991487290231005,0.02296113165389836
ID_YEU9F6,0.033405010150043886,0.027978183929022744,0.05782458930561771,0.033405010150043886,0.027978183929022744,0.05782458930561771
ID_FMI1VW,0.038223906207887404,0.22422669930134226,0.5846194604569767,0.038223906207887404,0.22422669930134226,0.5846194604569767
ID_SWJYU2,0.04138356770555461,0.2044185009558564,0.5703561826383544,0.04138356770555461,0.2044185009558564,0.5703561826383544
ID_DJFGM4,0.033405010150043886,0.02224016629504269,0.04570405124693595,0.033405010150043886,0.02224016629504269,0.04570405124693595
ID_Q0LYKC,0.033405010150043886,0.01761272969028354,0.02053646963894821,0.033405010150043886,0.01761272969028354,0.02053646963894821
ID_UIL74V,0.8407135775682497,0.7487741269466286,0.9375917186138207,0.8407135775682497,0.7487741269466286,0.9375917186138207
ID_M0F7GN,0.033405010150043886,0.021736297355535658,0.04570405124693595,0.033405010150043886,0.021736297355535658,0.04570405124693595
ID_CKRXHI,0.03348094749448393,0.028576704141950876,0.025007676422677073,0.03348094749448393,0.028576704141950876,0.025007676422677073
ID_9LU58J,0.039928051527966704,0.17038396194617728,0.5074117599038319,0.039928051527966704,0.17038396194617728,0.5074117599038319
ID_84BF6M,0.0498688091838679,0.16573568300228522,0.5114694690156143,0.0498688091838679,0.16573568300228522,0.5114694690156143
ID_HY29Y2,0.03348094749448393,0.028215257978163967,0.026110484327239718,0.03348094749448393,0.028215257978163967,0.026110484327239718
ID_VZNNHT,0.033405010150043886,0.0187421248223041,0.02201385816134466,0.033405010150043886,0.0187421248223041,0.02201385816134466
ID_3EDRRO,0.033405010150043886,0.017250058751680668,0.02053646963894821,0.033405010150043886,0.017250058751680668,0.02053646963894821
ID_NPCZIL,0.033405010150043886,0.018122543247505427,0.021925234105352947,0.033405010150043886,0.018122543247505427,0.021925234105352947
ID_23EVXZ,0.033405010150043886,0.025618212037667194,0.04337663312232823,0.033405010150043886,0.025618212037667194,0.04337663312232823
ID_IX6FLE,0.033405010150043886,0.019991487290231005,0.02296113165389836,0.033405010150043886,0.019991487290231005,0.02296113165389836
ID_NB021D,0.033405010150043886,0.02502283477112796,0.05308620944744962,0.033405010150043886,0.02502283477112796,0.05308620944744962
ID_5FJ5OA,0.03348094749448393,0.023295341705582315,0.04286137685073904,0.03348094749448393,0.023295341705582315,0.04286137685073904
ID_GX7MD3,0.039928051527966704,0.17038396194617728,0.5074117599038319,0.039928051527966704,0.17038396194617728,0.5074117599038319
ID_FZ85DE,0.033405010150043886,0.021777811323661335,0.040167624963755144,0.033405010150043886,0.021777811323661335,0.040167624963755144
ID_PUMD7D,0.04845038065084864,0.16596922460698188,0.5062929570230431,0.04845038065084864,0.16596922460698188,0.5062929570230431
ID_BGDOB3,0.033405010150043886,0.0174837849137174,0.024088180931075835,0.033405010150043886,0.0174837849137174,0.024088180931075835
ID_OU67AN,0.033405010150043886,0.0175937610913467,0.020070593793446945,0.033405010150043886,0.0175937610913467,0.020070593793446945
ID_PHQYL9,0.8038548761498941,0.7367804487316364,0.9242296428935418,0.8038548761498941,0.7367804487316364,0.9242296428935418
ID_HPZYN9,0.03377911239631651,0.02568540524673744,0.039973845683674104,0.03377911239631651,0.02568540524673744,0.039973845683674104
ID_4GDBBB,0.033405010150043886,0.017011168869086532,0.020693705522259825,0.033405010150043886,0.017011168869086532,0.020693705522259825
ID_84K1H5,0.03348094749448393,0.02012856118400277,0.020919040852673702,0.03348094749448393,0.02012856118400277,0.020919040852673702
ID_MRXFS5,0.04016060162535466,0.1451934932270016,0.48581037523938086,0.04016060162535466,0.1451934932270016,0.48581037523938086
ID_E2DO2Y,0.033405010150043886,0.020275911300172342,0.02233801992508548,0.033405010150043886,0.020275911300172342,0.02233801992508548
ID_VSR4RJ,0.03348094749448393,0.020240557959375544,0.02179586422898086,0.03348094749448393,0.020240557959375544,0.02179586422898086
ID_JSA4H2,0.040632424437281205,0.22908191223862462,0.5653827697666304,0.040632424437281205,0.22908191223862462,0.5653827697666304
ID_YOFNV6,0.038223906207887404,0.22422669930134226,0.5846194604569767,0.038223906207887404,0.22422669930134226,0.5846194604569767
ID_JBIQNN,0.033405010150043886,0.02283375674287875,0.04894450846175944,0.033405010150043886,0.02283375674287875,0.04894450846175944
ID_7R5UUT,0.033405010150043886,0.021777811323661335,0.040167624963755144,0.033405010150043886,0.021777811323661335,0.040167624963755144
ID_9EL678,0.033405010150043886,0.017011168869086532,0.020693705522259825,0.033405010150043886,0.017011168869086532,0.020693705522259825
ID_GJJRW7,0.040632424437281205,0.22908191223862462,0.5653827697666304,0.040632424437281205,0.22908191223862462,0.5653827697666304
ID_JLHKHD,0.033405010150043886,0.017011168869086532,0.020693705522259825,0.033405010150043886,0.017011168869086532,0.020693705522259825
ID_C42QFG,0.033405010150043886,0.0187421248223041,0.02201385816134466,0.033405010150043886,0.0187421248223041,0.02201385816134466
ID_RV5C5N,0.03766710743475467,0.14064829567443984,0.45942723972127886,0.03766710743475467,0.14064829567443984,0.45942723972127886
ID_Q80MZT,0.033405010150043886,0.020275928542583737,0.023300528390018335,0.033405010150043886,0.020275928542583737,0.023300528390018335
ID_NFFUEW,0.03348094749448393,0.026859276056791823,0.023360762969955123,0.03348094749448393,0.026859276056791823,0.023360762969955123
ID_9EHPRT,0.05337529834580816,0.2096032966729632,0.5686253230692979,0.05337529834580816,0.2096032966729632,0.5686253230692979
ID_CJ57AV,0.033405010150043886,0.024622768177013112,0.04058057612482366,0.033405010150043886,0.024622768177013112,0.04058057612482366
ID_CSCQO1,0.038223906207887404,0.22422669930134226,0.5846194604569767,0.038223906207887404,0.22422669930134226,0.5846194604569767
ID_AQEEKF,0.03348094749448393,0.027795901397361704,0.024152597152662776,0.03348094749448393,0.027795901397361704,0.024152597152662776
ID_ZNHRMQ,0.039928051527966704,0.17038396194617728,0.5074117599038319,0.039928051527966704,0.17038396194617728,0.5074117599038319
ID_1FXKVY,0.033405010150043886,0.02224016629504269,0.04570405124693595,0.033405010150043886,0.02224016629504269,0.04570405124693595
ID_T764ZJ,0.033405010150043886,0.020402714572461046,0.03902250932902085,0.033405010150043886,0.020402714572461046,0.03902250932902085
ID_HVY7YF,0.033405010150043886,0.019495868388869755,0.042890491921654554,0.033405010150043886,0.019495868388869755,0.042890491921654554
ID_G2O1VD,0.0498688091838679,0.17828907087986406,0.5131666485346635,0.0498688091838679,0.17828907087986406,0.5131666485346635
ID_13W4SF,0.03348094749448393,0.029503166018395373,0.024848498581176326,0.03348094749448393,0.029503166018395373,0.024848498581176326
ID_GVDCKX,0.04016060162535466,0.14738578969979096,0.4891288407413422,0.04016060162535466,0.14738578969979096,0.4891288407413422
ID_R387QV,0.7748596343734439,0.2872190811627084,0.632372961057602,0.7748596343734439,0.2872190811627084,0.632372961057602
ID_4GSCPU,0.04845038065084864,0.16651177658895647,0.49366327555386214,0.04845038065084864,0.16651177658895647,0.49366327555386214
ID_3O3YPS,0.033405010150043886,0.0175937610913467,0.02105197506556901,0.033405010150043886,0.0175937610913467,0.02105197506556901
ID_3U5QW2,0.033405010150043886,0.01763167898868729,0.020714971245801628,0.033405010150043886,0.01763167898868729,0.020714971245801628
ID_11E3S7,0.040632424437281205,0.22908191223862462,0.5653827697666304,0.040632424437281205,0.22908191223862462,0.5653827697666304
ID_V1QRWL,0.033405010150043886,0.0187421248223041,0.02314353783035577,0.033405010150043886,0.0187421248223041,0.02314353783035577
ID_B7Q4VT,0.039928051527966704,0.17038396194617728,0.5074117599038319,0.039928051527966704,0.17038396194617728,0.5074117599038319
ID_W7FAS9,0.033405010150043886,0.02025360379935335,0.043127411283183745,0.033405010150043886,0.02025360379935335,0.043127411283183745
ID_FM47N0,0.03377911239631651,0.03538493178893931,0.04543095099499794,0.03377911239631651,0.03538493178893931,0.04543095099499794
ID_96L2OE,0.04845038065084864,0.1636785002111544,0.4903448100519008,0.04845038065084864,0.1636785002111544,0.4903448100519008
ID_Q18J6B,0.033405010150043886,0.020275911300172342,0.02233801992508548,0.033405010150043886,0.020275911300172342,0.02233801992508548
ID_J2ZRX7,0.04845038065084864,0.17090851374888788,0.5096114225250045,0.04845038065084864,0.17090851374888788,0.5096114225250045
ID_9F8TC3,0.03377911239631651,0.02531855334654919,0.03889737766834052,0.03377911239631651,0.02531855334654919,0.03889737766834052
ID_V6NJBP,0.782585804341261,0.38431602474690196,0.6424099939027047,0.782585804341261,0.38431602474690196,0.6424099939027047
ID_3FWH6E,0.22044980271974876,0.6447484704485112,0.715935832155181,0.22044980271974876,0.6447484704485112,0.715935832155181
ID_5B2N7E,0.16252892893048504,0.5858995946419139,0.6974427368004179,0.16252892893048504,0.5858995946419139,0.6974427368004179
ID_BRL39M,0.21521994681320378,0.5923795337259891,0.6463142860583002,0.21521994681320378,0.5923795337259891,0.6463142860583002
ID_NQZ2IX,0.15756941771158436,0.480714507836877,0.6193157685418282,0.15756941771158436,0.480714507836877,0.6193157685418282
ID_8XUQIK,0.15756941771158436,0.480714507836877,0.6193157685418282,0.15756941771158436,0.480714507836877,0.6193157685418282
ID_Y0ZP9O,0.21521994681320378,0.5952257508718575,0.6495297969332416,0.21521994681320378,0.5952257508718575,0.6495297969332416
ID_Y8YPKV,0.15756941771158436,0.480714507836877,0.6263411602395679,0.15756941771158436,0.480714507836877,0.6263411602395679
ID_OTZY1M,0.22044980271974876,0.6397375168398427,0.7203770991399212,0.22044980271974876,0.6397375168398427,0.7203770991399212
ID_8659PM,0.15756941771158436,0.480714507836877,0.6193157685418282,0.15756941771158436,0.480714507836877,0.6193157685418282
ID_9B318X,0.25854672764185,0.7199665359420063,0.7295864617489054,0.25854672764185,0.7199665359420063,0.7295864617489054
ID_UYJIY1,0.15756941771158436,0.480714507836877,0.6263411602395679,0.15756941771158436,0.480714507836877,0.6263411602395679
ID_FX76KI,0.2053845874042913,0.6195850790750328,0.9242967230121979,0.2053845874042913,0.6195850790750328,0.9242967230121979
ID_3VPHDX,0.15756941771158436,0.480714507836877,0.6263411602395679,0.15756941771158436,0.480714507836877,0.6263411602395679
ID_8MS13L,0.16191191771380256,0.588346523440095,0.6930014698156777,0.16191191771380256,0.588346523440095,0.6930014698156777
ID_1Q5P6G,0.21521994681320378,0.5952257508718575,0.6495297969332416,0.21521994681320378,0.5952257508718575,0.6495297969332416
ID_9UO8QX,0.15756941771158436,0.480714507836877,0.6193157685418282,0.15756941771158436,0.480714507836877,0.6193157685418282
ID_VKJX7X,0.15012085210764495,0.3997308662203039,0.547582991294938,0.15012085210764495,0.3997308662203039,0.547582991294938
ID_OAYA7A,0.14970697042581954,0.18344058914271333,0.44145016219282257,0.14970697042581954,0.18344058914271333,0.44145016219282257
ID_GAMP7V,0.0569112539682597,0.053233734446636226,0.0741309047012757,0.0569112539682597,0.053233734446636226,0.0741309047012757
ID_4NRMAU,0.0569112539682597,0.053233734446636226,0.0741309047012757,0.0569112539682597,0.053233734446636226,0.0741309047012757
ID_AKBWMP,0.04744645104728079,0.05074521758757336,0.05467528733083939,0.04744645104728079,0.05074521758757336,0.05467528733083939
ID_FWYKU6,0.14970697042581954,0.18344058914271333,0.44145016219282257,0.14970697042581954,0.18344058914271333,0.44145016219282257
ID_7M6M1B,0.8637632308298697,0.5997427587489886,0.7247423899801928,0.8637632308298697,0.5997427587489886,0.7247423899801928
ID_3H1L7F,0.8535718297692698,0.6668714526524604,0.5795316943139966,0.8535718297692698,0.6668714526524604,0.5795316943139966
ID_N8FIH8,0.04666762975652414,0.04335269024115786,0.06877498986548203,0.04666762975652414,0.04335269024115786,0.06877498986548203
ID_GBJJLZ,0.0569112539682597,0.05252119763958572,0.07291652607669317,0.0569112539682597,0.05252119763958572,0.07291652607669317
ID_T86IHF,0.14970697042581954,0.18344058914271333,0.44145016219282257,0.14970697042581954,0.18344058914271333,0.44145016219282257
ID_JF3WUN,0.7988475681488787,0.6285796190807518,0.5405185079694772,0.7988475681488787,0.6285796190807518,0.5405185079694772
ID_49KF1T,0.6186828537051514,0.3736144032945814,0.3125900347935242,0.6186828537051514,0.3736144032945814,0.3125900347935242
ID_S79H7Y,0.04744645104728079,0.05074521758757336,0.05467528733083939,0.04744645104728079,0.05074521758757336,0.05467528733083939
ID_QIOC3U,0.05060893183178334,0.04946441187846433,0.07116837354935326,0.05060893183178334,0.04946441187846433,0.07116837354935326
ID_Y4WX50,0.7988475681488787,0.6285796190807518,0.5405185079694772,0.7988475681488787,0.6285796190807518,0.5405185079694772
ID_GUDWDW,0.0569112539682597,0.05252119763958572,0.07291652607669317,0.0569112539682597,0.05252119763958572,0.07291652607669317
ID_5HUIA4,0.14970697042581954,0.18344058914271333,0.44145016219282257,0.14970697042581954,0.18344058914271333,0.44145016219282257
ID_9M4UJW,0.8637632308298697,0.6064515499986386,0.7247423899801928,0.8637632308298697,0.6064515499986386,0.7247423899801928
ID_C1UEMJ,0.04948249990508779,0.0465310590910917,0.06896664275598371,0.04948249990508779,0.0465310590910917,0.06896664275598371
ID_QGS2MR,0.0569112539682597,0.053233734446636226,0.0741309047012757,0.0569112539682597,0.053233734446636226,0.0741309047012757
ID_067XPD,0.6186828537051514,0.3736144032945814,0.3125900347935242,0.6186828537051514,0.3736144032945814,0.3125900347935242
ID_PV8C8G,0.8637632308298697,0.5997427587489886,0.7247423899801928,0.8637632308298697,0.5997427587489886,0.7247423899801928
ID_7SZVJ7,0.0569112539682597,0.053233734446636226,0.0741309047012757,0.0569112539682597,0.053233734446636226,0.0741309047012757
ID_939CFS,0.7968117587348612,0.6930735453763273,0.6164649174225774,0.7968117587348612,0.6930735453763273,0.6164649174225774
ID_4YX26C,0.0569112539682597,0.05252119763958572,0.07291652607669317,0.0569112539682597,0.05252119763958572,0.07291652607669317
ID_CG4YWK,0.14970697042581954,0.18344058914271333,0.44145016219282257,0.14970697042581954,0.18344058914271333,0.44145016219282257
ID_U2O9AQ,0.14970697042581954,0.18344058914271333,0.44145016219282257,0.14970697042581954,0.18344058914271333,0.44145016219282257
ID_W0SUD4,0.052359977033450786,0.04553901211465719,0.08487599170280914,0.052359977033450786,0.04553901211465719,0.08487599170280914
ID_1809CE,0.14970697042581954,0.18344058914271333,0.44145016219282257,0.14970697042581954,0.18344058914271333,0.44145016219282257
ID_T37IC9,0.045955319040842824,0.043547456415689856,0.0774837829314257,0.045955319040842824,0.043547456415689856,0.0774837829314257
ID_APZ0D7,0.7025458635028441,0.4016135656273696,0.3213414757468098,0.7025458635028441,0.4016135656273696,0.3213414757468098
ID_K8IR50,0.8637632308298697,0.5997427587489886,0.7247423899801928,0.8637632308298697,0.5997427587489886,0.7247423899801928
ID_7VXCAN,0.14970697042581954,0.18344058914271333,0.44145016219282257,0.14970697042581954,0.18344058914271333,0.44145016219282257
ID_N4P9RV,0.8637632308298697,0.5997427587489886,0.7247423899801928,0.8637632308298697,0.5997427587489886,0.7247423899801928
ID_S83N82,0.045955319040842824,0.04280146473850598,0.07180048994444622,0.045955319040842824,0.04280146473850598,0.07180048994444622
ID_YEBE3L,0.0569112539682597,0.05252119763958572,0.07291652607669317,0.0569112539682597,0.05252119763958572,0.07291652607669317
ID_5TTIUV,0.14970697042581954,0.18344058914271333,0.44145016219282257,0.14970697042581954,0.18344058914271333,0.44145016219282257
ID_OKQE5S,0.14970697042581954,0.18344058914271333,0.44145016219282257,0.14970697042581954,0.18344058914271333,0.44145016219282257
ID_ZEJRSI,0.8637632308298697,0.5997427587489886,0.7247423899801928,0.8637632308298697,0.5997427587489886,0.7247423899801928
ID_EDHCWN,0.14970697042581954,0.18344058914271333,0.44145016219282257,0.14970697042581954,0.18344058914271333,0.44145016219282257
ID_4YRJRP,0.6186828537051514,0.350404905935061,0.30990952237298475,0.6186828537051514,0.350404905935061,0.30990952237298475
ID_GCHBYB,0.8637632308298697,0.6064515499986386,0.7247423899801928,0.8637632308298697,0.6064515499986386,0.7247423899801928
ID_5H4T9K,0.14970697042581954,0.18344058914271333,0.44145016219282257,0.14970697042581954,0.18344058914271333,0.44145016219282257
ID_OECX6J,0.6654590591442721,0.48973161389424147,0.3448906362139943,0.6654590591442721,0.48973161389424147,0.3448906362139943
ID_CADS1W,0.7666131888350632,0.5206999532303348,0.6759459218786417,0.7666131888350632,0.5206999532303348,0.6759459218786417
ID_1G89F8,0.052359977033450786,0.04553901211465719,0.08487599170280914,0.052359977033450786,0.04553901211465719,0.08487599170280914
ID_BFB0U7,0.7755930216255091,0.5390632933377624,0.6759459218786417,0.7755930216255091,0.5390632933377624,0.6759459218786417
ID_ZM7Y7C,0.8637632308298697,0.5997427587489886,0.7247423899801928,0.8637632308298697,0.5997427587489886,0.7247423899801928
ID_ERMOCP,0.0569112539682597,0.05252119763958572,0.07291652607669317,0.0569112539682597,0.05252119763958572,0.07291652607669317
ID_7048GU,0.0569112539682597,0.053233734446636226,0.0741309047012757,0.0569112539682597,0.053233734446636226,0.0741309047012757
ID_5WR4NG,0.0569112539682597,0.053233734446636226,0.0741309047012757,0.0569112539682597,0.053233734446636226,0.0741309047012757
ID_OE94T8,0.0569112539682597,0.053233734446636226,0.0741309047012757,0.0569112539682597,0.053233734446636226,0.0741309047012757
ID_1OCPON,0.0569112539682597,0.05252119763958572,0.07291652607669317,0.0569112539682597,0.05252119763958572,0.07291652607669317
ID_SPM4A3,0.7025458635028441,0.3994111611592098,0.3091438794356941,0.7025458635028441,0.3994111611592098,0.3091438794356941
ID_69O2FI,0.6165325045611127,0.34974279389834567,0.2901748035996592,0.6165325045611127,0.34974279389834567,0.2901748035996592
ID_9XLCIQ,0.6186749217080668,0.4233457035831184,0.3708217982040675,0.6186749217080668,0.4233457035831184,0.3708217982040675
ID_INOMV4,0.14970697042581954,0.18344058914271333,0.44145016219282257,0.14970697042581954,0.18344058914271333,0.44145016219282257
ID_IVW5DG,0.14970697042581954,0.18344058914271333,0.44145016219282257,0.14970697042581954,0.18344058914271333,0.44145016219282257
ID_REKYSY,0.05060893183178334,0.049230269985802204,0.07025735471414436,0.05060893183178334,0.049230269985802204,0.07025735471414436
ID_RGZEPZ,0.8637632308298697,0.6064515499986386,0.7247423899801928,0.8637632308298697,0.6064515499986386,0.7247423899801928
ID_Q032KX,0.8637632308298697,0.6064515499986386,0.7247423899801928,0.8637632308298697,0.6064515499986386,0.7247423899801928
ID_SX073G,0.7025458635028441,0.3994111611592098,0.3091438794356941,0.7025458635028441,0.3994111611592098,0.3091438794356941
ID_VW2JS1,0.6186828537051514,0.350404905935061,0.30990952237298475,0.6186828537051514,0.350404905935061,0.30990952237298475
ID_QTFJH6,0.0569112539682597,0.052894627204297946,0.07504740104371746,0.0569112539682597,0.052894627204297946,0.07504740104371746
ID_SJUA3M,0.7025458635028441,0.4016135656273696,0.3213414757468098,0.7025458635028441,0.4016135656273696,0.3213414757468098
ID_WRGV5B,0.8535718297692698,0.6668714526524604,0.5795316943139966,0.8535718297692698,0.6668714526524604,0.5795316943139966
ID_TF0ZBP,0.14970697042581954,0.18344058914271333,0.44145016219282257,0.14970697042581954,0.18344058914271333,0.44145016219282257
ID_XY4R47,0.14970697042581954,0.18344058914271333,0.44145016219282257,0.14970697042581954,0.18344058914271333,0.44145016219282257
ID_TC20Z8,0.14970697042581954,0.18344058914271333,0.44145016219282257,0.14970697042581954,0.18344058914271333,0.44145016219282257
ID_5LZHSA,0.14970697042581954,0.18344058914271333,0.44145016219282257,0.14970697042581954,0.18344058914271333,0.44145016219282257
ID_P33RH4,0.0569112539682597,0.053233734446636226,0.0741309047012757,0.0569112539682597,0.053233734446636226,0.0741309047012757
ID_X0U2Z7,0.05060893183178334,0.049105030693738484,0.07190045822010926,0.05060893183178334,0.049105030693738484,0.07190045822010926
ID_HNASKY,0.04744645104728079,0.05087212721857254,0.059120505185315836,0.04744645104728079,0.05087212721857254,0.059120505185315836
ID_E9746A,0.7968117587348612,0.6930735453763273,0.6164649174225774,0.7968117587348612,0.6930735453763273,0.6164649174225774
ID_KOOJEU,0.6165325045611127,0.33032970397111355,0.2798012572517361,0.6165325045611127,0.33032970397111355,0.2798012572517361
ID_NZDB2W,0.045955319040842824,0.043547456415689856,0.0774837829314257,0.045955319040842824,0.043547456415689856,0.0774837829314257
ID_N8B9Y0,0.8508795791228398,0.5895394778772932,0.7284249709445052,0.8508795791228398,0.5895394778772932,0.7284249709445052
ID_IGRKAA,0.04666762975652414,0.04335269024115786,0.07165308918171143,0.04666762975652414,0.04335269024115786,0.07165308918171143
ID_31FOC7,0.8646872448449388,0.6298555105578645,0.750474339565389,0.8646872448449388,0.6298555105578645,0.750474339565389
ID_XYJNSM,0.045955319040842824,0.04267518128077262,0.07218463743064989,0.045955319040842824,0.04267518128077262,0.07218463743064989
ID_QT459C,0.0569112539682597,0.05358490884569176,0.07637284009959257,0.0569112539682597,0.05358490884569176,0.07637284009959257
ID_9HL60U,0.8637632308298697,0.6064515499986386,0.7247423899801928,0.8637632308298697,0.6064515499986386,0.7247423899801928
ID_J8S3V7,0.14970697042581954,0.18344058914271333,0.44145016219282257,0.14970697042581954,0.18344058914271333,0.44145016219282257
ID_FC0BNP,0.14970697042581954,0.18344058914271333,0.44145016219282257,0.14970697042581954,0.18344058914271333,0.44145016219282257
ID_VDKYTG,0.6165325045611127,0.36553414523227484,0.2901748035996592,0.6165325045611127,0.36553414523227484,0.2901748035996592
ID_0LGOS8,0.7950982963441235,0.7087528078868249,0.5611469681773202,0.7950982963441235,0.7087528078868249,0.5611469681773202
ID_GMWQ34,0.04744645104728079,0.05074521758757336,0.05642246645751814,0.04744645104728079,0.05074521758757336,0.05642246645751814
ID_BHJIUD,0.8637632308298697,0.5997427587489886,0.7247423899801928,0.8637632308298697,0.5997427587489886,0.7247423899801928
ID_25WW3Q,0.05060893183178334,0.04904349743979879,0.07025735471414436,0.05060893183178334,0.04904349743979879,0.07025735471414436
ID_B1Q34R,0.11017295798047544,0.16042484971222176,0.34731836088981327,0.11017295798047544,0.16042484971222176,0.34731836088981327
ID_DAM5SV,0.8637632308298697,0.5997427587489886,0.7247423899801928,0.8637632308298697,0.5997427587489886,0.7247423899801928
ID_QFVKE8,0.04666762975652414,0.04335269024115786,0.07165308918171143,0.04666762975652414,0.04335269024115786,0.07165308918171143
ID_AAG1MX,0.14970697042581954,0.18344058914271333,0.44145016219282257,0.14970697042581954,0.18344058914271333,0.44145016219282257
ID_2T39AV,0.8535718297692698,0.6668714526524604,0.5795316943139966,0.8535718297692698,0.6668714526524604,0.5795316943139966
ID_GLHVNV,0.04663031270804628,0.042494992134955625,0.06904250318074925,0.04663031270804628,0.042494992134955625,0.06904250318074925
ID_EL46XL,0.14970697042581954,0.18344058914271333,0.44145016219282257,0.14970697042581954,0.18344058914271333,0.44145016219282257
ID_B1092H,0.7025458635028441,0.39948505137546275,0.3079160124698588,0.7025458635028441,0.39948505137546275,0.3079160124698588
ID_5B1HJQ,0.0569112539682597,0.05252119763958572,0.07291652607669317,0.0569112539682597,0.05252119763958572,0.07291652607669317
ID_7L4RV1,0.12604453287006456,0.4452689480967357,0.6129268189855159,0.12604453287006456,0.4452689480967357,0.6129268189855159
ID_ZW88Z7,0.12747469119802562,0.5020891602038671,0.7104930115599387,0.12747469119802562,0.5020891602038671,0.7104930115599387
ID_44FN7K,0.08368345554099196,0.35658758643597654,0.49844315161765385,0.08368345554099196,0.35658758643597654,0.49844315161765385
ID_R69I7Q,0.12604453287006456,0.4452689480967357,0.6129268189855159,0.12604453287006456,0.4452689480967357,0.6129268189855159
ID_K2KN9C,0.15392741504006488,0.5133091508528074,0.7334474989398226,0.15392741504006488,0.5133091508528074,0.7334474989398226
ID_UNAGCI,0.15392741504006488,0.5133091508528074,0.7334474989398226,0.15392741504006488,0.5133091508528074,0.7334474989398226
ID_GU9R9I,0.08376905369677744,0.3301109661012731,0.5483923720502685,0.08376905369677744,0.3301109661012731,0.5483923720502685
ID_33BHML,0.12747469119802562,0.5010510323791897,0.6830993645829492,0.12747469119802562,0.5010510323791897,0.6830993645829492
ID_XZY72G,0.12747469119802562,0.5010510323791897,0.6830993645829492,0.12747469119802562,0.5010510323791897,0.6830993645829492
ID_0L0GWJ,0.12747469119802562,0.5020891602038671,0.7104930115599387,0.12747469119802562,0.5020891602038671,0.7104930115599387
ID_SPT5AC,0.15392741504006488,0.5133091508528074,0.7334474989398226,0.15392741504006488,0.5133091508528074,0.7334474989398226
ID_CQOYXN,0.15392741504006488,0.5133091508528074,0.7334474989398226,0.15392741504006488,0.5133091508528074,0.7334474989398226
ID_GPUXEY,0.12747469119802562,0.5010510323791897,0.6830993645829492,0.12747469119802562,0.5010510323791897,0.6830993645829492
ID_7A0TY4,0.15392741504006488,0.5159706993314559,0.7356970839276343,0.15392741504006488,0.5159706993314559,0.7356970839276343
ID_1TKH7D,0.12747469119802562,0.503584817452175,0.6860659217171272,0.12747469119802562,0.503584817452175,0.6860659217171272
ID_FTQ35Z,0.12747469119802562,0.5010510323791897,0.6830993645829492,0.12747469119802562,0.5010510323791897,0.6830993645829492
ID_BF07MI,0.12747469119802562,0.503584817452175,0.6860659217171272,0.12747469119802562,0.503584817452175,0.6860659217171272
ID_97RNJ4,0.15392741504006488,0.5159706993314559,0.7356970839276343,0.15392741504006488,0.5159706993314559,0.7356970839276343
ID_3JGGNS,0.15392741504006488,0.5133091508528074,0.7334474989398226,0.15392741504006488,0.5133091508528074,0.7334474989398226
ID_Y9Y5X5,0.12604453287006456,0.4452689480967357,0.6129268189855159,0.12604453287006456,0.4452689480967357,0.6129268189855159
ID_XW71QT,0.12604453287006456,0.4452689480967357,0.6129268189855159,0.12604453287006456,0.4452689480967357,0.6129268189855159
ID_BVVDWU,0.1086259553508535,0.41440544774354177,0.5998712105173578,0.1086259553508535,0.41440544774354177,0.5998712105173578
ID_B2X1DI,0.08368345554099196,0.3539741816613882,0.5006710660209768,0.08368345554099196,0.3539741816613882,0.5006710660209768
ID_9PU0VA,0.0824683966131057,0.3297599097614431,0.4323847012181643,0.0824683966131057,0.3297599097614431,0.4323847012181643
ID_SMOQZM,0.15392741504006488,0.5159706993314559,0.7356970839276343,0.15392741504006488,0.5159706993314559,0.7356970839276343
ID_88ZTCU,0.12747469119802562,0.5010510323791897,0.6830993645829492,0.12747469119802562,0.5010510323791897,0.6830993645829492
ID_U6WG86,0.09032293245364698,0.41510472092729717,0.5455217342916394,0.09032293245364698,0.41510472092729717,0.5455217342916394
ID_4H45P3,0.15392741504006488,0.5133091508528074,0.7334474989398226,0.15392741504006488,0.5133091508528074,0.7334474989398226
ID_6WFJ2Y,0.15392741504006488,0.5133091508528074,0.7334474989398226,0.15392741504006488,0.5133091508528074,0.7334474989398226
ID_K3QT3V,0.2543340374979339,0.04563622174943503,0.14836135397213507,0.2543340374979339,0.04563622174943503,0.14836135397213507
ID_PZ4KLY,0.08706342252574995,0.018749553159447176,0.05582405313117225,0.08706342252574995,0.018749553159447176,0.05582405313117225
ID_Z7GKAM,0.10190420380256204,0.028629664421759692,0.0744279830617202,0.10190420380256204,0.028629664421759692,0.0744279830617202
ID_V6CFFQ,0.0968051402752826,0.026973999962109585,0.0764347726206525,0.0968051402752826,0.026973999962109585,0.0764347726206525
ID_EQJPUR,0.21923099506825844,0.044350301942998376,0.15643137030638682,0.21923099506825844,0.044350301942998376,0.15643137030638682
ID_IQCCG4,0.0812993408616052,0.019863587973559128,0.053859356009462886,0.0812993408616052,0.019863587973559128,0.053859356009462886
ID_HK96CL,0.09811155323408545,0.028348447508269065,0.07558693566272585,0.09811155323408545,0.028348447508269065,0.07558693566272585
ID_W551QM,0.09324339091170955,0.028393720068158556,0.07620543885755435,0.09324339091170955,0.028393720068158556,0.07620543885755435
ID_HTULB2,0.2565782471832066,0.04422043014180721,0.1457625381021922,0.2565782471832066,0.04422043014180721,0.1457625381021922
ID_FPAEGW,0.09956206349582167,0.028298554160732275,0.07470082863211087,0.09956206349582167,0.028298554160732275,0.07470082863211087
ID_USIVPK,0.09956206349582167,0.028037818494568753,0.07470082863211087,0.09956206349582167,0.028037818494568753,0.07470082863211087
ID_GV4GIF,0.09956206349582167,0.02785791292314663,0.07470082863211087,0.09956206349582167,0.02785791292314663,0.07470082863211087
ID_0CTOW2,0.09749168501956869,0.025929215705582726,0.05951483043246366,0.09749168501956869,0.025929215705582726,0.05951483043246366
ID_05TMIM,0.2565782471832066,0.04422043014180721,0.1457625381021922,0.2565782471832066,0.04422043014180721,0.1457625381021922
ID_J0T940,0.7836961754440257,0.9629563252148545,0.9647693202081782,0.7836961754440257,0.9629563252148545,0.9647693202081782
ID_H3YES4,0.3498228133279007,0.6057972681830355,0.7001687261718098,0.3498228133279007,0.6057972681830355,0.7001687261718098
ID_KPTHEC,0.3498228133279007,0.6057972681830355,0.7001687261718098,0.3498228133279007,0.6057972681830355,0.7001687261718098
ID_EKJDOM,0.0922019716620796,0.04527191776858593,0.16276009862936622,0.0922019716620796,0.04527191776858593,0.16276009862936622
ID_XEHOXQ,0.034880210905088374,0.013374082722226783,0.035107416916781695,0.034880210905088374,0.013374082722226783,0.035107416916781695
ID_QXDDYU,0.034880210905088374,0.013374082722226783,0.035107416916781695,0.034880210905088374,0.013374082722226783,0.035107416916781695
ID_4A2QA2,0.3498228133279007,0.6057972681830355,0.7001687261718098,0.3498228133279007,0.6057972681830355,0.7001687261718098
ID_2IQTJO,0.23943349458267651,0.30510194197489116,0.4220508444631318,0.23943349458267651,0.30510194197489116,0.4220508444631318
ID_YZ9922,0.03383736061785701,0.010955977138321927,0.00947269320616538,0.03383736061785701,0.010955977138321927,0.00947269320616538
ID_FCWH1E,0.24569553530712554,0.33349327054938727,0.4235494943115926,0.24569553530712554,0.33349327054938727,0.4235494943115926
ID_SC21VU,0.08540530318366715,0.04379464684441905,0.16489635477136988,0.08540530318366715,0.04379464684441905,0.16489635477136988
ID_GOXV1Z,0.03383736061785701,0.010955977138321927,0.00947269320616538,0.03383736061785701,0.010955977138321927,0.00947269320616538
ID_52ZE81,0.686313642839216,0.9601106155974766,0.9664653598647653,0.686313642839216,0.9601106155974766,0.9664653598647653
ID_TDZYO5,0.7063416663542333,0.7376188714797552,0.9150286878157526,0.7063416663542333,0.7376188714797552,0.9150286878157526
ID_33W80K,0.6273584197887326,0.7427301594029686,0.7987591840764243,0.6273584197887326,0.7427301594029686,0.7987591840764243
ID_3MMPJG,0.13702979143893781,0.20843446062201076,0.5587317949116059,0.13702979143893781,0.20843446062201076,0.5587317949116059
ID_FJF1VV,0.03357568688596541,0.015089389348431681,0.013482137829241105,0.03357568688596541,0.015089389348431681,0.013482137829241105
ID_FSHJRR,0.03769408195963056,0.015763533446878857,0.039825339102535114,0.03769408195963056,0.015763533446878857,0.039825339102535114
ID_3ZRYR8,0.24569553530712554,0.331112929023229,0.4235494943115926,0.24569553530712554,0.331112929023229,0.4235494943115926
ID_ITFJ7K,0.23943349458267651,0.30510194197489116,0.4220508444631318,0.23943349458267651,0.30510194197489116,0.4220508444631318
ID_Q0OHFE,0.13702979143893781,0.21181525596228737,0.5713620941153847,0.13702979143893781,0.21181525596228737,0.5713620941153847
ID_8WDSXP,0.3069728572434727,0.8186038908075539,0.9550636030421951,0.3069728572434727,0.8186038908075539,0.9550636030421951
ID_LBTY56,0.6751831960050848,0.8523201500557245,0.9485087453920902,0.6751831960050848,0.8523201500557245,0.9485087453920902
ID_LEDDTJ,0.26241485665535685,0.5631195138620037,0.6647705419273542,0.26241485665535685,0.5631195138620037,0.6647705419273542
ID_GAJC6C,0.2443091197056314,0.42678131438590816,0.4703320845192161,0.2443091197056314,0.42678131438590816,0.4703320845192161
ID_ELD3MH,0.668222326858147,0.5743954836628781,0.8412416985137048,0.668222326858147,0.5743954836628781,0.8412416985137048
ID_N9VEKC,0.03357568688596541,0.015089389348431681,0.013482137829241105,0.03357568688596541,0.015089389348431681,0.013482137829241105
ID_F0JB3Y,0.2448220050830609,0.5673798243840541,0.6945947076270045,0.2448220050830609,0.5673798243840541,0.6945947076270045
ID_BD1I07,0.08540530318366715,0.04083701815518332,0.16052114583245153,0.08540530318366715,0.04083701815518332,0.16052114583245153
ID_PK36UB,0.36107732471800913,0.7437648104004234,0.9547863892175368,0.36107732471800913,0.7437648104004234,0.9547863892175368
ID_Z6LO2B,0.034880210905088374,0.013520370496111885,0.035107416916781695,0.034880210905088374,0.013520370496111885,0.035107416916781695
ID_ZHUK1S,0.24164082048587726,0.5538160431487092,0.691982279288353,0.24164082048587726,0.5538160431487092,0.691982279288353
ID_T27921,0.772286789596228,0.959461143204015,0.9656491627460217,0.772286789596228,0.959461143204015,0.9656491627460217
ID_JGR6AQ,0.24569553530712554,0.33349327054938727,0.4235494943115926,0.24569553530712554,0.33349327054938727,0.4235494943115926
ID_L33I7Q,0.14811163107926875,0.19170950761921926,0.3186925346036806,0.14811163107926875,0.19170950761921926,0.3186925346036806
ID_SDE2W4,0.6501275698985369,0.6469532157803001,0.9146428341582504,0.6501275698985369,0.6469532157803001,0.9146428341582504
ID_7RLPJ7,0.03383736061785701,0.010894507860886587,0.009878306631778383,0.03383736061785701,0.010894507860886587,0.009878306631778383
ID_CVY7G5,0.24569553530712554,0.33349327054938727,0.4235494943115926,0.24569553530712554,0.33349327054938727,0.4235494943115926
ID_P6R9KZ,0.36830578664253993,0.599805430365202,0.6704204613552491,0.36830578664253993,0.599805430365202,0.6704204613552491
ID_T5EPM7,0.14497017971862325,0.1835057914266199,0.5110773694479891,0.14497017971862325,0.1835057914266199,0.5110773694479891
ID_4POEBX,0.24164082048587726,0.5662745023225643,0.6945947076270045,0.24164082048587726,0.5662745023225643,0.6945947076270045
ID_0H3T5P,0.07712605718514146,0.31369255613850056,0.555844886627916,0.07712605718514146,0.31369255613850056,0.555844886627916
ID_B8FR1Y,0.2448220050830609,0.5673798243840541,0.6945947076270045,0.2448220050830609,0.5673798243840541,0.6945947076270045
ID_0256XQ,0.08542218939923063,0.041142007403216316,0.15550329809366997,0.08542218939923063,0.041142007403216316,0.15550329809366997
ID_57ZCHT,0.23943349458267651,0.30510194197489116,0.4220508444631318,0.23943349458267651,0.30510194197489116,0.4220508444631318
ID_EJ4SY0,0.034880210905088374,0.013374082722226783,0.035107416916781695,0.034880210905088374,0.013374082722226783,0.035107416916781695
ID_IT9MAB,0.6513841734271478,0.5723701608014075,0.7293528596056505,0.6513841734271478,0.5723701608014075,0.7293528596056505
ID_WSFCW5,0.2443091197056314,0.4258958165975727,0.4619909290450662,0.2443091197056314,0.4258958165975727,0.4619909290450662
ID_P1OKAO,0.36830578664253993,0.599805430365202,0.6704204613552491,0.36830578664253993,0.599805430365202,0.6704204613552491
ID_2I2J7A,0.6513841734271478,0.5723701608014075,0.7293528596056505,0.6513841734271478,0.5723701608014075,0.7293528596056505
ID_F82ACJ,0.36830578664253993,0.599805430365202,0.6704204613552491,0.36830578664253993,0.599805430365202,0.6704204613552491
ID_CO3YKB,0.08639821608509243,0.03939438173959447,0.15134047963296893,0.08639821608509243,0.03939438173959447,0.15134047963296893
ID_TRRIAY,0.3871698361447483,0.8333129488957397,0.9558741679185383,0.3871698361447483,0.8333129488957397,0.9558741679185383
ID_LADXTU,0.7836961754440257,0.942428354535865,0.9556874624054754,0.7836961754440257,0.942428354535865,0.9556874624054754
ID_UFOXTP,0.26241485665535685,0.5631195138620037,0.6647705419273542,0.26241485665535685,0.5631195138620037,0.6647705419273542
ID_9Y8SJ2,0.03383736061785701,0.010955977138321927,0.00947269320616538,0.03383736061785701,0.010955977138321927,0.00947269320616538
ID_SZZNPA,0.03357568688596541,0.015089389348431681,0.013482137829241105,0.03357568688596541,0.015089389348431681,0.013482137829241105
ID_PLYHE5,0.26241485665535685,0.5631195138620037,0.6647705419273542,0.26241485665535685,0.5631195138620037,0.6647705419273542
ID_GY67O6,0.08542218939923063,0.041142007403216316,0.15550329809366997,0.08542218939923063,0.041142007403216316,0.15550329809366997
ID_CFM0IF,0.24164082048587726,0.5662745023225643,0.6945947076270045,0.24164082048587726,0.5662745023225643,0.6945947076270045
ID_XNWBKT,0.24164082048587726,0.5662745023225643,0.6945947076270045,0.24164082048587726,0.5662745023225643,0.6945947076270045
ID_3TOHD0,0.034880210905088374,0.013520370496111885,0.035107416916781695,0.034880210905088374,0.013520370496111885,0.035107416916781695
ID_FS3K1S,0.03357568688596541,0.014972156466822241,0.013785340897073008,0.03357568688596541,0.014972156466822241,0.013785340897073008
ID_15HY2V,0.03583232334286032,0.022357652347765863,0.014342594960054912,0.03583232334286032,0.022357652347765863,0.014342594960054912
ID_6GEWIC,0.7009558099985368,0.8406715826046962,0.9576471110064346,0.7009558099985368,0.8406715826046962,0.9576471110064346
ID_QJ4EVF,0.10383972273257638,0.19640145354138777,0.3141005576901013,0.10383972273257638,0.19640145354138777,0.3141005576901013
ID_V4E8OH,0.24164082048587726,0.5538160431487092,0.691982279288353,0.24164082048587726,0.5538160431487092,0.691982279288353
ID_P3LDUK,0.7846836905381587,0.9743110807827046,0.9672348936267301,0.7846836905381587,0.9743110807827046,0.9672348936267301
ID_XOPAOK,0.034880210905088374,0.013520370496111885,0.035107416916781695,0.034880210905088374,0.013520370496111885,0.035107416916781695
ID_QPL6BJ,0.03357568688596541,0.015089389348431681,0.013482137829241105,0.03357568688596541,0.015089389348431681,0.013482137829241105
ID_Q083IM,0.23943349458267651,0.30272160044873286,0.4220508444631318,0.23943349458267651,0.30272160044873286,0.4220508444631318
ID_W8VZXL,0.6374798742022791,0.8625601642334298,0.9401124892669099,0.6374798742022791,0.8625601642334298,0.9401124892669099
ID_CCE14R,0.034880210905088374,0.013520370496111885,0.035107416916781695,0.034880210905088374,0.013520370496111885,0.035107416916781695
ID_XQGVS0,0.03596636115287222,0.014601120036332984,0.010433942873732461,0.03596636115287222,0.014601120036332984,0.010433942873732461
ID_WQINPU,0.03769408195963056,0.015763533446878857,0.039825339102535114,0.03769408195963056,0.015763533446878857,0.039825339102535114
ID_UYCBVK,0.03357568688596541,0.015089389348431681,0.013482137829241105,0.03357568688596541,0.015089389348431681,0.013482137829241105
ID_32LKHY,0.03383736061785701,0.010955977138321927,0.00947269320616538,0.03383736061785701,0.010955977138321927,0.00947269320616538
ID_1JNSPA,0.0922019716620796,0.045416688050148465,0.16720364844900287,0.0922019716620796,0.045416688050148465,0.16720364844900287
ID_QX05AF,0.16674652340250345,0.41388478387112126,0.7490407729150903,0.16674652340250345,0.41388478387112126,0.7490407729150903
ID_NTVMKZ,0.034880210905088374,0.013374082722226783,0.035107416916781695,0.034880210905088374,0.013374082722226783,0.035107416916781695
ID_TFWN07,0.08542218939923063,0.041142007403216316,0.15550329809366997,0.08542218939923063,0.041142007403216316,0.15550329809366997
ID_17FHGU,0.03357568688596541,0.014972156466822241,0.013665059650200324,0.03357568688596541,0.014972156466822241,0.013665059650200324
ID_XNGF8B,0.03596636115287222,0.014484267867989864,0.009772370589047539,0.03596636115287222,0.014484267867989864,0.009772370589047539
ID_N7XBA6,0.03333553584745465,0.014732299746195228,0.012945049854820425,0.03333553584745465,0.014732299746195228,0.012945049854820425
ID_YBC4D9,0.03348094749448393,0.013173536052687592,0.012997453130503217,0.03348094749448393,0.013173536052687592,0.012997453130503217
ID_QLNWLL,0.03379013078599846,0.010187108699545276,0.011871348881459366,0.03379013078599846,0.010187108699545276,0.011871348881459366
ID_EE4T4P,0.03379013078599846,0.009738811793327112,0.011537460640818049,0.03379013078599846,0.009738811793327112,0.011537460640818049
ID_LM0UJO,0.03348094749448393,0.013254439531856635,0.012885539251087718,0.03348094749448393,0.013254439531856635,0.012885539251087718
ID_KXDRD1,0.05702986872550846,0.019505059796767577,0.023212947691413292,0.05702986872550846,0.019505059796767577,0.023212947691413292
ID_I27KUP,0.03393240623887252,0.012096436244232038,0.01836063401788314,0.03393240623887252,0.012096436244232038,0.01836063401788314
ID_O79OP7,0.03348094749448393,0.014049067196321858,0.0138729961304164,0.03348094749448393,0.014049067196321858,0.0138729961304164
ID_ESOM9C,0.033405010150043886,0.010511882472340126,0.013305750455602408,0.033405010150043886,0.010511882472340126,0.013305750455602408
ID_C1Z14J,0.0428539774053215,0.03337668834518489,0.17144074654320618,0.0428539774053215,0.03337668834518489,0.17144074654320618
ID_KQ2RJU,0.03989086350861749,0.03004259541380267,0.03981854679477691,0.03989086350861749,0.03004259541380267,0.03981854679477691
ID_UIOBYK,0.03348094749448393,0.013939004230123826,0.013062742120643941,0.03348094749448393,0.013939004230123826,0.013062742120643941
ID_9S3MDV,0.03348094749448393,0.014049067196321858,0.0138729961304164,0.03348094749448393,0.014049067196321858,0.0138729961304164
ID_EJ3RGR,0.03379013078599846,0.011083724207798521,0.011791252896677231,0.03379013078599846,0.011083724207798521,0.011791252896677231
ID_DFLOY8,0.03348094749448393,0.013939004230123826,0.013182820434630642,0.03348094749448393,0.013939004230123826,0.013182820434630642
ID_ZMEBI9,0.03348094749448393,0.013460366466070505,0.013416819748528416,0.03348094749448393,0.013460366466070505,0.013416819748528416
ID_NFTFJM,0.03348094749448393,0.012976482285254599,0.012913905588483297,0.03348094749448393,0.012976482285254599,0.012913905588483297
ID_G32IUY,0.03348094749448393,0.013951535389129317,0.013471644014992672,0.03348094749448393,0.013951535389129317,0.013471644014992672
ID_52FYY9,0.03333553584745465,0.01579182689659358,0.013243646345773479,0.03333553584745465,0.01579182689659358,0.013243646345773479
ID_F8KMPL,0.03348094749448393,0.01310072945668953,0.012916014084963264,0.03348094749448393,0.01310072945668953,0.012916014084963264
ID_HX20WC,0.03348094749448393,0.014296331244512213,0.012928246186213818,0.03348094749448393,0.014296331244512213,0.012928246186213818
ID_5GCMEA,0.03700792222627661,0.031312861141384166,0.03967296815934043,0.03700792222627661,0.031312861141384166,0.03967296815934043
ID_7EKCJ1,0.03348094749448393,0.013982650570103882,0.0138729961304164,0.03348094749448393,0.013982650570103882,0.0138729961304164
ID_K440VM,0.03348094749448393,0.014317043745731589,0.014283751339929455,0.03348094749448393,0.014317043745731589,0.014283751339929455
ID_14VB1C,0.03348094749448393,0.01379153713950862,0.013300790252137375,0.03348094749448393,0.01379153713950862,0.013300790252137375
ID_O2QYK1,0.03348094749448393,0.013939004230123826,0.013062742120643941,0.03348094749448393,0.013939004230123826,0.013062742120643941
ID_TVG6X9,0.035968377830028334,0.013580033953896464,0.012943520561027147,0.035968377830028334,0.013580033953896464,0.012943520561027147
ID_5QVDGC,0.03379013078599846,0.009738811793327112,0.011537460640818049,0.03379013078599846,0.009738811793327112,0.011537460640818049
ID_P1R0SN,0.03348094749448393,0.01310072945668953,0.012795935770976563,0.03348094749448393,0.01310072945668953,0.012795935770976563
ID_H1PGJK,0.03510500342244249,0.013732731682290373,0.020171579499760315,0.03510500342244249,0.013732731682290373,0.020171579499760315
ID_BRWHI8,0.03821632080083466,0.034531095952363464,0.0434951000597247,0.03821632080083466,0.034531095952363464,0.0434951000597247
ID_LTPY2G,0.035968377830028334,0.014673215981069842,0.014635578318410405,0.035968377830028334,0.014673215981069842,0.014635578318410405
ID_SZ244L,0.03510500342244249,0.013732731682290373,0.020171579499760315,0.03510500342244249,0.013732731682290373,0.020171579499760315
ID_K1L86J,0.05655644763754835,0.019907988293710904,0.02386972878552063,0.05655644763754835,0.019907988293710904,0.02386972878552063
ID_A6YFT4,0.03333553584745465,0.01579182689659358,0.013243646345773479,0.03333553584745465,0.01579182689659358,0.013243646345773479
ID_GJ2GXZ,0.036477909742129305,0.019538211972333228,0.02196984960437322,0.036477909742129305,0.019538211972333228,0.02196984960437322
ID_5NLU55,0.043125074187292396,0.02381424103554202,0.024070978263381643,0.043125074187292396,0.02381424103554202,0.024070978263381643
ID_5HBYOD,0.049897801968137825,0.018649076365461363,0.022391971096638402,0.049897801968137825,0.018649076365461363,0.022391971096638402
ID_JFHIVO,0.033405010150043886,0.0106316877732761,0.013122411378986124,0.033405010150043886,0.0106316877732761,0.013122411378986124
ID_KXM5JC,0.03348094749448393,0.013693330535464343,0.013831821368495442,0.03348094749448393,0.013693330535464343,0.013831821368495442
ID_9KQ8G6,0.03348094749448393,0.013982650570103882,0.0138729961304164,0.03348094749448393,0.013982650570103882,0.0138729961304164
ID_QRHP7W,0.033405010150043886,0.010513838823787293,0.013203547998367628,0.033405010150043886,0.010513838823787293,0.013203547998367628
ID_G27PI8,0.043125074187292396,0.0233665544562559,0.02395318644370388,0.043125074187292396,0.0233665544562559,0.02395318644370388
ID_SZLKA0,0.03348094749448393,0.014652140688218216,0.013132430307173587,0.03348094749448393,0.014652140688218216,0.013132430307173587
ID_79HBLQ,0.033405010150043886,0.010860892168076156,0.012652269591424938,0.033405010150043886,0.010860892168076156,0.012652269591424938
ID_Y1H3MW,0.03348094749448393,0.01391574892931606,0.013604065714957293,0.03348094749448393,0.01391574892931606,0.013604065714957293
ID_Y3V3CO,0.0519466413457941,0.01989142361132365,0.026782956058262353,0.0519466413457941,0.01989142361132365,0.026782956058262353
ID_JSJ61E,0.035968377830028334,0.013254439531856635,0.012934578041548383,0.035968377830028334,0.013254439531856635,0.012934578041548383
ID_T9D5YO,0.03348094749448393,0.013951535389129317,0.013471644014992672,0.03348094749448393,0.013951535389129317,0.013471644014992672
ID_6MHG7Q,0.05596815547819889,0.019907313921988114,0.028252713427463945,0.05596815547819889,0.019907313921988114,0.028252713427463945
ID_UR8QH2,0.03348094749448393,0.014207934204227408,0.013152345600755098,0.03348094749448393,0.014207934204227408,0.013152345600755098
ID_W3SGDD,0.033405010150043886,0.010882090823220926,0.012871981795639307,0.033405010150043886,0.010882090823220926,0.012871981795639307
ID_B3I0HN,0.033405010150043886,0.010913485759092147,0.012931689805102696,0.033405010150043886,0.010913485759092147,0.012931689805102696
ID_WFV9C0,0.03333553584745465,0.01579447530220171,0.013166355493063449,0.03333553584745465,0.01579447530220171,0.013166355493063449
ID_5IQK6W,0.033405010150043886,0.010561512363582942,0.013353197851298126,0.033405010150043886,0.010561512363582942,0.013353197851298126
ID_PBD5R8,0.03333553584745465,0.014732299746195228,0.012945049854820425,0.03333553584745465,0.014732299746195228,0.012945049854820425
ID_R484DJ,0.04601464209357895,0.023249745283387153,0.02554079775594308,0.04601464209357895,0.023249745283387153,0.02554079775594308
ID_BIVIM6,0.03510500342244249,0.013565723281883676,0.02007043785957704,0.03510500342244249,0.013565723281883676,0.02007043785957704
ID_BXRC0F,0.033405010150043886,0.010513838823787293,0.012985985053091533,0.033405010150043886,0.010513838823787293,0.012985985053091533
ID_6H2MJS,0.03348094749448393,0.013939004230123826,0.013062742120643941,0.03348094749448393,0.013939004230123826,0.013062742120643941
ID_348H1F,0.03730138918623083,0.04698377991520211,0.047351761493934455,0.03730138918623083,0.04698377991520211,0.047351761493934455
ID_VIP5UD,0.03348094749448393,0.014549571188546466,0.013928984048410765,0.03348094749448393,0.014549571188546466,0.013928984048410765
ID_DJT4KL,0.03348094749448393,0.013590203140416871,0.013831821368495442,0.03348094749448393,0.013590203140416871,0.013831821368495442
ID_4O9FZR,0.035968377830028334,0.014215878287711621,0.013837214443672839,0.035968377830028334,0.014215878287711621,0.013837214443672839
ID_4S1COK,0.03348094749448393,0.013254439531856635,0.012773737046472465,0.03348094749448393,0.013254439531856635,0.012773737046472465
ID_JTBQR7,0.033405010150043886,0.010070871941180764,0.013045942585089282,0.033405010150043886,0.010070871941180764,0.013045942585089282
ID_8XLXKL,0.03379013078599846,0.009738811793327112,0.011537460640818049,0.03379013078599846,0.009738811793327112,0.011537460640818049
ID_30WM42,0.03821632080083466,0.034531095952363464,0.0434951000597247,0.03821632080083466,0.034531095952363464,0.0434951000597247
ID_1IG1YN,0.03348094749448393,0.013254439531856635,0.012885539251087718,0.03348094749448393,0.013254439531856635,0.012885539251087718
ID_OZDM1S,0.03348094749448393,0.013951535389129317,0.013471644014992672,0.03348094749448393,0.013951535389129317,0.013471644014992672
ID_EPIA8E,0.03348094749448393,0.013254439531856635,0.012773737046472465,0.03348094749448393,0.013254439531856635,0.012773737046472465
ID_1PV3T5,0.03348094749448393,0.013951535389129317,0.013604065714957293,0.03348094749448393,0.013951535389129317,0.013604065714957293
ID_8UHEOJ,0.04601464209357895,0.02319654597992015,0.025363173717776723,0.04601464209357895,0.02319654597992015,0.025363173717776723
ID_8EPQZD,0.035968377830028334,0.012970469982983913,0.013074003229408694,0.035968377830028334,0.012970469982983913,0.013074003229408694
ID_V5WCDP,0.049138352307001164,0.01966392595394824,0.022889787209935508,0.049138352307001164,0.01966392595394824,0.022889787209935508
ID_A0P2EE,0.033405010150043886,0.010574772529219732,0.013364497386886904,0.033405010150043886,0.010574772529219732,0.013364497386886904
ID_C0ECIX,0.03730138918623083,0.04595119427017469,0.047351761493934455,0.03730138918623083,0.04595119427017469,0.047351761493934455
ID_C1HUBS,0.03348094749448393,0.013951535389129317,0.013471644014992672,0.03348094749448393,0.013951535389129317,0.013471644014992672
ID_NWDA17,0.03348094749448393,0.013620974895588295,0.012928246186213818,0.03348094749448393,0.013620974895588295,0.012928246186213818
ID_OL060P,0.03348094749448393,0.014549571188546466,0.013928984048410765,0.03348094749448393,0.014549571188546466,0.013928984048410765
ID_XCVVZQ,0.04688436495587173,0.019024462079127384,0.02117133328331236,0.04688436495587173,0.019024462079127384,0.02117133328331236
ID_7RD23T,0.03348094749448393,0.01345085121546454,0.013874900937038394,0.03348094749448393,0.01345085121546454,0.013874900937038394
ID_ZK5F0Y,0.043125074187292396,0.02381424103554202,0.024070978263381643,0.043125074187292396,0.02381424103554202,0.024070978263381643
ID_G84HTM,0.03333553584745465,0.016132897722518386,0.013166355493063449,0.03333553584745465,0.016132897722518386,0.013166355493063449
ID_PU2FBZ,0.03348094749448393,0.014294813673829829,0.013161431655802656,0.03348094749448393,0.014294813673829829,0.013161431655802656
ID_C08HEJ,0.035968377830028334,0.014439123076260335,0.014265910640409912,0.035968377830028334,0.014439123076260335,0.014265910640409912
ID_735U96,0.03333553584745465,0.014876848555652465,0.013450880952425323,0.03333553584745465,0.014876848555652465,0.013450880952425323
ID_NSVW0U,0.03348094749448393,0.014296331244512213,0.013040543396139843,0.03348094749448393,0.014296331244512213,0.013040543396139843
ID_YI1DVD,0.03348094749448393,0.013105815321092827,0.013314617291293636,0.03348094749448393,0.013105815321092827,0.013314617291293636
ID_GRCY09,0.03348094749448393,0.014741631804572383,0.014406867803092504,0.03348094749448393,0.014741631804572383,0.014406867803092504
ID_TP6IPK,0.03333553584745465,0.016132897722518386,0.013166355493063449,0.03333553584745465,0.016132897722518386,0.013166355493063449
ID_HT2H75,0.03348094749448393,0.014477460842690871,0.01399611259357945,0.03348094749448393,0.014477460842690871,0.01399611259357945
ID_S3J1DY,0.03348094749448393,0.013939004230123826,0.013180711938150675,0.03348094749448393,0.013939004230123826,0.013180711938150675
ID_58TJGH,0.033301244938889404,0.010347827940107685,0.014664197964354557,0.033301244938889404,0.010347827940107685,0.014664197964354557
ID_YRLOVX,0.033405010150043886,0.010522450794742799,0.013311791597543768,0.033405010150043886,0.010522450794742799,0.013311791597543768
ID_TZHJRP,0.03348094749448393,0.012709958328989617,0.012795935770976563,0.03348094749448393,0.012709958328989617,0.012795935770976563
ID_KDNPHD,0.09627537058389704,0.029107159901469046,0.04649538315435234,0.09627537058389704,0.029107159901469046,0.04649538315435234
ID_8ZZTUS,0.03658365848522732,0.011413852529094921,0.018207329249536334,0.03658365848522732,0.011413852529094921,0.018207329249536334
ID_FBXD4Q,0.048473402803582186,0.018926058810346206,0.022391971096638402,0.048473402803582186,0.018926058810346206,0.022391971096638402
ID_QXYRCY,0.03333553584745465,0.01659179574589654,0.013243646345773479,0.03333553584745465,0.01659179574589654,0.013243646345773479
ID_OKTZEM,0.03348094749448393,0.014411582947239545,0.01399611259357945,0.03348094749448393,0.014411582947239545,0.01399611259357945
ID_84I8VZ,0.033405010150043886,0.010477325803509758,0.013001227515888112,0.033405010150043886,0.010477325803509758,0.013001227515888112
ID_5IF81A,0.03348094749448393,0.013249729440017054,0.013288423539716588,0.03348094749448393,0.013249729440017054,0.013288423539716588
ID_Y65O7E,0.04012944646470139,0.044578023006551684,0.04842268956208484,0.04012944646470139,0.044578023006551684,0.04842268956208484
ID_DGJE41,0.03348094749448393,0.014549571188546466,0.013928984048410765,0.03348094749448393,0.014549571188546466,0.013928984048410765
ID_5Z8WPJ,0.1355567478281764,0.033837622798031715,0.06616823667143162,0.1355567478281764,0.033837622798031715,0.06616823667143162
ID_KSMN02,0.033405010150043886,0.010513838823787293,0.013203547998367628,0.033405010150043886,0.010513838823787293,0.013203547998367628
ID_37FGZN,0.03393240623887252,0.014415060723645302,0.019826257164176204,0.03393240623887252,0.014415060723645302,0.019826257164176204
ID_5CE2HM,0.043125074187292396,0.02381424103554202,0.024070978263381643,0.043125074187292396,0.02381424103554202,0.024070978263381643
ID_5RBX0G,0.03348094749448393,0.013173982583150138,0.013422919474146712,0.03348094749448393,0.013173982583150138,0.013422919474146712
ID_VC3C3E,0.043125074187292396,0.01939295680207567,0.021172145975194456,0.043125074187292396,0.01939295680207567,0.021172145975194456
ID_CD4GLQ,0.03348094749448393,0.014411582947239545,0.01399611259357945,0.03348094749448393,0.014411582947239545,0.01399611259357945
ID_YYXB5J,0.03348094749448393,0.014111853588941072,0.013226642485635032,0.03348094749448393,0.014111853588941072,0.013226642485635032
ID_QL8IAR,0.033405010150043886,0.010550887912697142,0.013122411378986124,0.033405010150043886,0.010550887912697142,0.013122411378986124
ID_BHNY0O,0.033405010150043886,0.010513838823787293,0.013203547998367628,0.033405010150043886,0.010513838823787293,0.013203547998367628
ID_G6NIUE,0.03348094749448393,0.014549571188546466,0.013928984048410765,0.03348094749448393,0.014549571188546466,0.013928984048410765
ID_ATBCP0,0.038097259837579014,0.0350454270142018,0.027902977069812714,0.038097259837579014,0.0350454270142018,0.027902977069812714
ID_K0PEGT,0.03348094749448393,0.013951535389129317,0.013471644014992672,0.03348094749448393,0.013951535389129317,0.013471644014992672
ID_JDD3BW,0.03370963809372727,0.019121152671692676,0.013693954872863382,0.03370963809372727,0.019121152671692676,0.013693954872863382
ID_KUBEQ7,0.10349561266922813,0.03160955338099013,0.057926209204198324,0.10349561266922813,0.03160955338099013,0.057926209204198324
ID_2UB21W,0.03348094749448393,0.014111853588941072,0.013152345600755098,0.03348094749448393,0.014111853588941072,0.013152345600755098
ID_Q12WSA,0.03348094749448393,0.014207934204227408,0.013040543396139843,0.03348094749448393,0.014207934204227408,0.013040543396139843
ID_JX2N58,0.03348094749448393,0.013868334841468969,0.013300790252137375,0.03348094749448393,0.013868334841468969,0.013300790252137375
ID_II3KSP,0.03348094749448393,0.012976482285254599,0.012913905588483297,0.03348094749448393,0.012976482285254599,0.012913905588483297
ID_NK8O2D,0.033405010150043886,0.010910974394542096,0.013033995659037621,0.033405010150043886,0.010910974394542096,0.013033995659037621
ID_P452M6,0.033405010150043886,0.010910974394542096,0.013033995659037621,0.033405010150043886,0.010910974394542096,0.013033995659037621
ID_LFFY7U,0.03348094749448393,0.01497773098843945,0.014135556221168282,0.03348094749448393,0.01497773098843945,0.014135556221168282
ID_PTUVXH,0.03333553584745465,0.01579447530220171,0.013166355493063449,0.03333553584745465,0.01579447530220171,0.013166355493063449
ID_0HSCEO,0.03379013078599846,0.009738811793327112,0.011537460640818049,0.03379013078599846,0.009738811793327112,0.011537460640818049
ID_SSW9WR,0.035968377830028334,0.014102923897676603,0.013066736060431284,0.035968377830028334,0.014102923897676603,0.013066736060431284
ID_PD8ZQY,0.033405010150043886,0.010511882472340126,0.013305750455602408,0.033405010150043886,0.010511882472340126,0.013305750455602408
ID_263TA4,0.03348094749448393,0.013951535389129317,0.013471644014992672,0.03348094749448393,0.013951535389129317,0.013471644014992672
ID_B1FONR,0.03348094749448393,0.013460366466070505,0.013416819748528416,0.03348094749448393,0.013460366466070505,0.013416819748528416
ID_7NF6CG,0.03616258051623075,0.011886653795012275,0.018207329249536334,0.03616258051623075,0.011886653795012275,0.018207329249536334
ID_ENK045,0.03348094749448393,0.014549571188546466,0.013928984048410765,0.03348094749448393,0.014549571188546466,0.013928984048410765
ID_GR98DJ,0.044714112035002855,0.02435822393412696,0.025480965537454485,0.044714112035002855,0.02435822393412696,0.025480965537454485
ID_QRJ1XO,0.03348094749448393,0.013335413933640149,0.012773737046472465,0.03348094749448393,0.013335413933640149,0.012773737046472465
ID_3P5A12,0.03333553584745465,0.01579182689659358,0.013243646345773479,0.03333553584745465,0.01579182689659358,0.013243646345773479
ID_PZAIQH,0.033405010150043886,0.010513838823787293,0.013203547998367628,0.033405010150043886,0.010513838823787293,0.013203547998367628
ID_O61SU7,0.03348094749448393,0.013951535389129317,0.013471644014992672,0.03348094749448393,0.013951535389129317,0.013471644014992672
ID_9ZBFLX,0.033405010150043886,0.010910974394542096,0.013033995659037621,0.033405010150043886,0.010910974394542096,0.013033995659037621
ID_BY2R2J,0.10421017827892881,0.031447481640042275,0.06102136269429459,0.10421017827892881,0.031447481640042275,0.06102136269429459
ID_FJIOSZ,0.03333553584745465,0.014732299746195228,0.012945049854820425,0.03333553584745465,0.014732299746195228,0.012945049854820425
ID_OYBZ3H,0.043125074187292396,0.02381424103554202,0.024070978263381643,0.043125074187292396,0.02381424103554202,0.024070978263381643
ID_NQX0O8,0.03348094749448393,0.013335413933640149,0.012885539251087718,0.03348094749448393,0.013335413933640149,0.012885539251087718
ID_SLZDS2,0.03348094749448393,0.013951535389129317,0.013471644014992672,0.03348094749448393,0.013951535389129317,0.013471644014992672
ID_E78DPX,0.03931263113059256,0.03337668834518489,0.0438817841120101,0.03931263113059256,0.03337668834518489,0.0438817841120101
ID_RQP6K9,0.03348094749448393,0.014147346583214622,0.01327940147330939,0.03348094749448393,0.014147346583214622,0.01327940147330939
ID_IOLDZU,0.037458477847331945,0.01944004860117679,0.024854964394938055,0.037458477847331945,0.01944004860117679,0.024854964394938055
ID_SNXHFB,0.03485056803862527,0.015527685477408423,0.024420786004785797,0.03485056803862527,0.015527685477408423,0.024420786004785797
ID_MS1WPS,0.035968377830028334,0.014024485935663454,0.013960874807827017,0.035968377830028334,0.014024485935663454,0.013960874807827017
ID_HN3HHR,0.03348094749448393,0.014549571188546466,0.014354517130882543,0.03348094749448393,0.014549571188546466,0.014354517130882543
ID_HGDR69,0.03348094749448393,0.014026924642939996,0.0138329438800762,0.03348094749448393,0.014026924642939996,0.0138329438800762
ID_KQ5EXO,0.04010691066789057,0.03953084915725093,0.16906123993865577,0.04010691066789057,0.03953084915725093,0.16906123993865577
ID_CC0VYL,0.04258910356625284,0.040096408180443924,0.04961850425059674,0.04258910356625284,0.040096408180443924,0.04961850425059674
ID_R6WWCC,0.035968377830028334,0.014291579108177714,0.015482653736982283,0.035968377830028334,0.014291579108177714,0.015482653736982283
ID_SWOCAQ,0.03739348350376643,0.0316101778227254,0.04288300473524411,0.03739348350376643,0.0316101778227254,0.04288300473524411
ID_WHGARU,0.03512413130051846,0.017491883614746018,0.025946764929529933,0.03512413130051846,0.017491883614746018,0.025946764929529933
ID_73ULWE,0.03533014801441579,0.04287413689491082,0.046789513642815285,0.03533014801441579,0.04287413689491082,0.046789513642815285
ID_P1B4GG,0.04258910356625284,0.040096408180443924,0.04889063952927752,0.04258910356625284,0.040096408180443924,0.04889063952927752
ID_F5NM15,0.04174352771351955,0.03181703000519992,0.04389172251130205,0.04174352771351955,0.03181703000519992,0.04389172251130205
ID_7XJF6O,0.03739348350376643,0.0325028909282596,0.04288300473524411,0.03739348350376643,0.0325028909282596,0.04288300473524411
ID_ALWNWF,0.03348094749448393,0.013924221116261539,0.014118426379874923,0.03348094749448393,0.013924221116261539,0.014118426379874923
ID_FOX8D1,0.033405010150043886,0.010648418144212093,0.013094459583803496,0.033405010150043886,0.010648418144212093,0.013094459583803496
ID_UO8NL5,0.03494174821845498,0.014527001255435296,0.025089698879723735,0.03494174821845498,0.014527001255435296,0.025089698879723735
ID_004DL7,0.045284873988248486,0.033292813179765596,0.2429425477284341,0.045284873988248486,0.033292813179765596,0.2429425477284341
ID_CFSK8V,0.03485056803862527,0.014671757666590032,0.024390290281022884,0.03485056803862527,0.014671757666590032,0.024390290281022884
ID_X9KR9T,0.033405010150043886,0.010910974394542096,0.013159702167460745,0.033405010150043886,0.010910974394542096,0.013159702167460745
ID_Q3PK1O,0.03739348350376643,0.0316101778227254,0.04288300473524411,0.03739348350376643,0.0316101778227254,0.04288300473524411
ID_M62ZZR,0.03739348350376642,0.0325028909282596,0.04288300473524411,0.03739348350376642,0.0325028909282596,0.04288300473524411
ID_UOIFEC,0.033674017025061634,0.013625753225725422,0.02431705690325871,0.033674017025061634,0.013625753225725422,0.02431705690325871
ID_D1D4RK,0.03739348350376642,0.0316101778227254,0.04288300473524411,0.03739348350376642,0.0316101778227254,0.04288300473524411
ID_YZJB0C,0.036185084929208376,0.0323215875032423,0.03980120352159353,0.036185084929208376,0.0323215875032423,0.03980120352159353
ID_0NPRVJ,0.037209842613007485,0.015527685477408423,0.024594999758520527,0.037209842613007485,0.015527685477408423,0.024594999758520527
ID_8BZS64,0.03494174821845498,0.014438103850245094,0.025089698879723735,0.03494174821845498,0.014438103850245094,0.025089698879723735
ID_ZTXB6J,0.03494174821845498,0.014527001255435296,0.025089698879723735,0.03494174821845498,0.014527001255435296,0.025089698879723735
ID_0ZEYV1,0.04258910356625284,0.040096408180443924,0.04961850425059674,0.04258910356625284,0.040096408180443924,0.04961850425059674
ID_OVMHV9,0.03348094749448393,0.01416271917767558,0.01392519725954224,0.03348094749448393,0.01416271917767558,0.01392519725954224
ID_T6YHHW,0.03485056803862527,0.015652160354189096,0.0242962723650128,0.03485056803862527,0.015652160354189096,0.0242962723650128
ID_L6J9SJ,0.04258910356625284,0.035565033569465956,0.04785923215466964,0.04258910356625284,0.035565033569465956,0.04785923215466964
ID_VD5NIC,0.04258910356625284,0.04205518737132164,0.1948951861918503,0.04258910356625284,0.04205518737132164,0.1948951861918503
ID_AKV0AN,0.035968377830028334,0.014314797988788906,0.015078184136704942,0.035968377830028334,0.014314797988788906,0.015078184136704942
ID_5MQI2A,0.03739348350376642,0.0325028909282596,0.04288300473524411,0.03739348350376642,0.0325028909282596,0.04288300473524411
ID_8T676E,0.03879140495356996,0.041477060491805634,0.04705562299559724,0.03879140495356996,0.041477060491805634,0.04705562299559724
ID_80I3YJ,0.03739348350376643,0.0325028909282596,0.04288300473524411,0.03739348350376643,0.0325028909282596,0.04288300473524411
ID_AJ2J12,0.033405010150043886,0.010910974394542096,0.013159702167460745,0.033405010150043886,0.010910974394542096,0.013159702167460745
ID_IYSD3F,0.03348094749448393,0.013934651982080234,0.021591231872378252,0.03348094749448393,0.013934651982080234,0.021591231872378252
ID_QXMOH6,0.03494174821845498,0.014527001255435296,0.025089698879723735,0.03494174821845498,0.014527001255435296,0.025089698879723735
ID_LRD6RE,0.04236507508536427,0.032416493927891546,0.04390701460832399,0.04236507508536427,0.032416493927891546,0.04390701460832399
ID_8H40BW,0.04174352771351955,0.03181703000519992,0.04281248386915209,0.04174352771351955,0.03181703000519992,0.04281248386915209
ID_KGCLKE,0.049742362999747054,0.07939706660682347,0.23825117095559525,0.049742362999747054,0.07939706660682347,0.23825117095559525
ID_IVC3Q9,0.041312680430165595,0.11704596416055157,0.2093131726178623,0.041312680430165595,0.11704596416055157,0.2093131726178623
ID_YBET63,0.04258910356625284,0.040096408180443924,0.04889063952927752,0.04258910356625284,0.040096408180443924,0.04889063952927752
ID_LKVF8D,0.03494174821845498,0.014324017379162265,0.025333843391490998,0.03494174821845498,0.014324017379162265,0.025333843391490998
ID_N0KRIO,0.036477909742129305,0.018200141460812537,0.02570566475079404,0.036477909742129305,0.018200141460812537,0.02570566475079404
ID_8OUOJV,0.04258910356625284,0.0413038722500337,0.049865084573874584,0.04258910356625284,0.0413038722500337,0.049865084573874584
ID_Y5B1VB,0.03348094749448393,0.013460366466070505,0.013469020877654255,0.03348094749448393,0.013460366466070505,0.013469020877654255
ID_GVBQQE,0.033405010150043886,0.010511882472340126,0.013158459870395885,0.033405010150043886,0.010511882472340126,0.013158459870395885
ID_SE1BFM,0.0422324370857369,0.1544091881702934,0.2295648884985083,0.0422324370857369,0.1544091881702934,0.2295648884985083
ID_MXRB9X,0.049742362999747054,0.07279486369467425,0.22811064471966838,0.049742362999747054,0.07279486369467425,0.22811064471966838
ID_JXBY22,0.03348094749448393,0.01497773098843945,0.014477633594045592,0.03348094749448393,0.01497773098843945,0.014477633594045592
ID_N6FNIX,0.03348094749448393,0.014549571188546466,0.014354517130882543,0.03348094749448393,0.014549571188546466,0.014354517130882543
ID_OORS9Y,0.03348094749448393,0.013924221116261539,0.013946630724517883,0.03348094749448393,0.013924221116261539,0.013946630724517883
ID_VU3YY8,0.035968377830028334,0.014024485935663454,0.013903902094719957,0.035968377830028334,0.014024485935663454,0.013903902094719957
ID_X65SMS,0.03348094749448393,0.01326501086623844,0.013274032687354003,0.03348094749448393,0.01326501086623844,0.013274032687354003
ID_8U14T8,0.03519038345277943,0.017899097675409002,0.025049515875967567,0.03519038345277943,0.017899097675409002,0.025049515875967567
ID_1J3E42,0.033405010150043886,0.010104431033674102,0.013056257413161104,0.033405010150043886,0.010104431033674102,0.013056257413161104
ID_BWGEAG,0.03512413130051846,0.01688812083136383,0.026674499430624055,0.03512413130051846,0.01688812083136383,0.026674499430624055
ID_M2AV6H,0.08279581713396297,0.01922661211376212,0.0311606601377708,0.08279581713396297,0.01922661211376212,0.0311606601377708
ID_WH3JS3,0.03739348350376643,0.0325028909282596,0.04317287610644285,0.03739348350376643,0.0325028909282596,0.04317287610644285
ID_NZ3V3Z,0.03348094749448393,0.013924221116261539,0.013946630724517883,0.03348094749448393,0.013924221116261539,0.013946630724517883
ID_XVUXT6,0.04258910356625284,0.04205518737132164,0.04875552853531599,0.04258910356625284,0.04205518737132164,0.04875552853531599
ID_OQLIHX,0.03348094749448393,0.014549571188546466,0.014354517130882543,0.03348094749448393,0.014549571188546466,0.014354517130882543
ID_ZQJL1B,0.039261334815157284,0.03181703000519992,0.043183010294491064,0.039261334815157284,0.03181703000519992,0.043183010294491064
ID_79Y7EX,0.049742362999747054,0.07794201765512612,0.23316535145652792,0.049742362999747054,0.07794201765512612,0.23316535145652792
ID_28J9J5,0.04258910356625284,0.040096408180443924,0.04961850425059674,0.04258910356625284,0.040096408180443924,0.04961850425059674
ID_910L6Y,0.04613044984098179,0.03953084915725093,0.16721551295923676,0.04613044984098179,0.03953084915725093,0.16721551295923676
ID_EN93YN,0.03494174821845498,0.015901903498825913,0.02611087050770392,0.03494174821845498,0.015901903498825913,0.02611087050770392
ID_38GYOD,0.036185084929208376,0.031428874397708105,0.03980120352159353,0.036185084929208376,0.031428874397708105,0.03980120352159353
ID_G7TIWW,0.033405010150043886,0.010329526415306722,0.013127238166852094,0.033405010150043886,0.010329526415306722,0.013127238166852094
ID_GFIAH6,0.03348094749448393,0.014389061572301399,0.021801375149679413,0.03348094749448393,0.014389061572301399,0.021801375149679413
ID_77P9GP,0.04203114010825326,0.03181703000519992,0.21204417105496737,0.04203114010825326,0.03181703000519992,0.21204417105496737
ID_8AL0A1,0.04525055610479443,0.06262358257190771,0.20373380806583632,0.04525055610479443,0.06262358257190771,0.20373380806583632
ID_EZDTQB,0.04174352771351955,0.03181703000519992,0.04310235524035083,0.04174352771351955,0.03181703000519992,0.04310235524035083
ID_9S11YT,0.03848979383352432,0.03181703000519992,0.04288300473524411,0.03848979383352432,0.03181703000519992,0.04288300473524411
ID_WWIG9X,0.03494174821845498,0.014324017379162265,0.025333843391490998,0.03494174821845498,0.014324017379162265,0.025333843391490998
ID_FH1O04,0.037458477847331945,0.019696854380637754,0.025364470571306637,0.037458477847331945,0.019696854380637754,0.025364470571306637
ID_1G39W0,0.039261334815157284,0.03181703000519992,0.1636931302578579,0.039261334815157284,0.03181703000519992,0.1636931302578579
ID_54AWCS,0.03433105366631587,0.013691485521867018,0.0221623164675066,0.03433105366631587,0.013691485521867018,0.0221623164675066
ID_EFML0I,0.03793751474412715,0.009567934552210904,0.010901881823016065,0.03793751474412715,0.009567934552210904,0.010901881823016065
ID_9561UW,0.03485056803862527,0.01748615870596759,0.02662842292761461,0.03485056803862527,0.01748615870596759,0.02662842292761461
ID_SKRXO8,0.03348094749448393,0.014445086752872836,0.01372049952886922,0.03348094749448393,0.014445086752872836,0.01372049952886922
ID_T1ZFPC,0.03793751474412715,0.009613018217039228,0.010833759181927364,0.03793751474412715,0.009613018217039228,0.010833759181927364
ID_GOZQWK,0.03483337872783307,0.024724209352313953,0.017744597874095262,0.03483337872783307,0.024724209352313953,0.017744597874095262
ID_JKBQHX,0.03392679291971282,0.04207225587860287,0.028983683054861986,0.03392679291971282,0.04207225587860287,0.028983683054861986
ID_IGRJAM,0.03661719248769119,0.025443451421684353,0.027061833191894376,0.03661719248769119,0.025443451421684353,0.027061833191894376
ID_5BWJ28,0.03348094749448393,0.014162701460729862,0.014133332644972666,0.03348094749448393,0.014162701460729862,0.014133332644972666
ID_GKAI11,0.03348094749448393,0.013628275616190207,0.012819084447079711,0.03348094749448393,0.013628275616190207,0.012819084447079711
ID_A6815G,0.052267833292386316,0.12301826689234402,0.2296688184539572,0.052267833292386316,0.12301826689234402,0.2296688184539572
ID_VIDOWQ,0.035381746805585465,0.027586853963672723,0.0186239865734725,0.035381746805585465,0.027586853963672723,0.0186239865734725
ID_OOOX4T,0.03793751474412715,0.009567934552210904,0.010901881823016065,0.03793751474412715,0.009567934552210904,0.010901881823016065
ID_AE9R4L,0.03392679291971282,0.04522237007310764,0.030036748891868012,0.03392679291971282,0.04522237007310764,0.030036748891868012
ID_F8AO95,0.037320809063377466,0.024693848532832297,0.017717916808575984,0.037320809063377466,0.024693848532832297,0.017717916808575984
ID_X6ZOJH,0.03793751474412715,0.009567934552210904,0.010901881823016065,0.03793751474412715,0.009567934552210904,0.010901881823016065
ID_O1TPCL,0.03433105366631587,0.013742716773679747,0.02204858323475303,0.03433105366631587,0.013742716773679747,0.02204858323475303
ID_UHXSJT,0.033405010150043886,0.011146352811720005,0.012536145577385496,0.033405010150043886,0.011146352811720005,0.012536145577385496
ID_O844TL,0.03793751474412715,0.009567934552210904,0.010901881823016065,0.03793751474412715,0.009567934552210904,0.010901881823016065
ID_AS1OS1,0.03793751474412715,0.009567934552210904,0.010901881823016065,0.03793751474412715,0.009567934552210904,0.010901881823016065
ID_MMEHS3,0.03348094749448393,0.014162701460729862,0.014133332644972666,0.03348094749448393,0.014162701460729862,0.014133332644972666
ID_CQFY1Y,0.0368774123309406,0.03134086260576147,0.18916349844818248,0.0368774123309406,0.03134086260576147,0.18916349844818248
ID_JGBB5Z,0.03348094749448393,0.014373309670276668,0.01372049952886922,0.03348094749448393,0.014373309670276668,0.01372049952886922
ID_5844IN,0.03433105366631587,0.013742716773679747,0.02204858323475303,0.03433105366631587,0.013742716773679747,0.02204858323475303
ID_1CHR0U,0.03661719248769119,0.019412028377812814,0.027225501429470424,0.03661719248769119,0.019412028377812814,0.027225501429470424
ID_KA4XEL,0.03433105366631587,0.013426460621532174,0.022298892100225284,0.03433105366631587,0.013426460621532174,0.022298892100225284
ID_HC45O8,0.03648353289392556,0.01234381089802402,0.01661438021151033,0.03648353289392556,0.01234381089802402,0.01661438021151033
ID_Q29LQD,0.03793751474412715,0.009567934552210904,0.010901881823016065,0.03793751474412715,0.009567934552210904,0.010901881823016065
ID_QJV4SK,0.03793751474412715,0.009567934552210904,0.010901881823016065,0.03793751474412715,0.009567934552210904,0.010901881823016065
ID_JNXALI,0.03348094749448393,0.014445086752872836,0.01372049952886922,0.03348094749448393,0.014445086752872836,0.01372049952886922
ID_G1IG7E,0.03793751474412715,0.009567934552210904,0.010901881823016065,0.03793751474412715,0.009567934552210904,0.010901881823016065
ID_8B0B3T,0.03793751474412715,0.009613018217039228,0.010833759181927364,0.03793751474412715,0.009613018217039228,0.010833759181927364
ID_2VT9FI,0.03661719248769119,0.019534468536179333,0.024822228996074048,0.03661719248769119,0.019534468536179333,0.024822228996074048
ID_WACT7O,0.037320809063377466,0.031139555595665412,0.020586047714776446,0.037320809063377466,0.031139555595665412,0.020586047714776446
ID_WNI8DN,0.03793751474412715,0.009567934552210904,0.010901881823016065,0.03793751474412715,0.009567934552210904,0.010901881823016065
ID_FQTAK3,0.03348094749448393,0.014373309670276668,0.01372049952886922,0.03348094749448393,0.014373309670276668,0.01372049952886922
ID_574DIZ,0.03793751474412715,0.009567934552210904,0.010901881823016065,0.03793751474412715,0.009567934552210904,0.010901881823016065
ID_7SDSE9,0.033405010150043886,0.010631382904086736,0.01231249698839447,0.033405010150043886,0.010631382904086736,0.01231249698839447
ID_DFV6SX,0.03803780242556216,0.010899919394309046,0.011679037238025412,0.03803780242556216,0.010899919394309046,0.011679037238025412
ID_SRC95U,0.03793751474412715,0.009613018217039228,0.010833759181927364,0.03793751474412715,0.009613018217039228,0.010833759181927364
ID_22PEEN,0.03793751474412715,0.010182550251280427,0.010832993935977378,0.03793751474412715,0.010182550251280427,0.010832993935977378
ID_NI4J6I,0.03348094749448393,0.01462243321885562,0.014117026411361484,0.03348094749448393,0.01462243321885562,0.014117026411361484
ID_9W1XKU,0.03823753320843698,0.04043939338820584,0.20319463788084596,0.03823753320843698,0.04043939338820584,0.20319463788084596
ID_EXXRVW,0.03793751474412715,0.009613018217039228,0.010833759181927364,0.03793751474412715,0.009613018217039228,0.010833759181927364
ID_X1B7HZ,0.03425540729324209,0.012299646028690273,0.016590973264255165,0.03425540729324209,0.012299646028690273,0.016590973264255165
ID_2Z66EB,0.03433105366631587,0.013742716773679747,0.02204858323475303,0.03433105366631587,0.013742716773679747,0.02204858323475303
ID_3DF023,0.03483337872783306,0.024078085993792714,0.017469999229961643,0.03483337872783306,0.024078085993792714,0.017469999229961643
ID_838T04,0.03348094749448393,0.014231260319161994,0.014702580460591174,0.03348094749448393,0.014231260319161994,0.014702580460591174
ID_DCRP7F,0.033405010150043886,0.010557315756573737,0.012516011268167407,0.033405010150043886,0.010557315756573737,0.012516011268167407
ID_9KDNRL,0.035968377830028334,0.014332128992747455,0.014691305059737491,0.035968377830028334,0.014332128992747455,0.014691305059737491
ID_LVSS4O,0.03661719248769119,0.025281959466393347,0.026995125715958787,0.03661719248769119,0.025281959466393347,0.026995125715958787
ID_YAUK98,0.033405010150043886,0.011195085364515711,0.012428581511776862,0.033405010150043886,0.011195085364515711,0.012428581511776862
ID_VZO2C8,0.03348094749448393,0.014417495171066882,0.01452985952746493,0.03348094749448393,0.014417495171066882,0.01452985952746493
ID_B22C03,0.03793751474412715,0.009567934552210904,0.010901881823016065,0.03793751474412715,0.009567934552210904,0.010901881823016065
ID_OSSELX,0.0368774123309406,0.03134086260576147,0.18916349844818248,0.0368774123309406,0.03134086260576147,0.18916349844818248
ID_RVMS83,0.033405010150043886,0.010727063433818972,0.012378944409807018,0.033405010150043886,0.010727063433818972,0.012378944409807018
ID_N9GDIY,0.03793751474412715,0.010182550251280427,0.010832993935977378,0.03793751474412715,0.010182550251280427,0.010832993935977378
ID_86DS0O,0.03793751474412715,0.009567934552210904,0.010901881823016065,0.03793751474412715,0.009567934552210904,0.010901881823016065
ID_ZBG39I,0.03483337872783306,0.02409394535988125,0.017469999229961643,0.03483337872783306,0.02409394535988125,0.017469999229961643
ID_FLWZUM,0.033405010150043886,0.010727063433818972,0.012378944409807018,0.033405010150043886,0.010727063433818972,0.012378944409807018
ID_B64QFC,0.07352724783210786,0.07035391158188092,0.03886525779384331,0.07352724783210786,0.07035391158188092,0.03886525779384331
ID_STOONH,0.03793751474412715,0.009613018217039228,0.010833759181927364,0.03793751474412715,0.009613018217039228,0.010833759181927364
ID_WOGWV5,0.037320809063377466,0.024693848532832297,0.017717916808575984,0.037320809063377466,0.024693848532832297,0.017717916808575984
ID_DHNB48,0.03793751474412715,0.009567934552210904,0.010901881823016065,0.03793751474412715,0.009567934552210904,0.010901881823016065
ID_VAEHAO,0.03433105366631587,0.013385543296556057,0.02217680441174899,0.03433105366631587,0.013385543296556057,0.02217680441174899
ID_HLN7YL,0.03793751474412715,0.009567934552210904,0.010901881823016065,0.03793751474412715,0.009567934552210904,0.010901881823016065
ID_JSD8GD,0.03793751474412715,0.009567934552210904,0.010901881823016065,0.03793751474412715,0.009567934552210904,0.010901881823016065
ID_YMYL5P,0.033405010150043886,0.011195085364515711,0.012428581511776862,0.033405010150043886,0.011195085364515711,0.012428581511776862
ID_JWJ6LD,0.03348094749448393,0.014445086752872836,0.01372049952886922,0.03348094749448393,0.014445086752872836,0.01372049952886922
ID_YW34VH,0.03793751474412715,0.009567934552210904,0.010901881823016065,0.03793751474412715,0.009567934552210904,0.010901881823016065
ID_X5FI4F,0.03485056803862527,0.019465276364784043,0.026026106832814342,0.03485056803862527,0.019465276364784043,0.026026106832814342
ID_HOX29F,0.03348094749448393,0.01356490806505152,0.013723608544762785,0.03348094749448393,0.01356490806505152,0.013723608544762785
ID_5EH9MJ,0.036690328240698095,0.013691485521867018,0.022322323942268775,0.036690328240698095,0.013691485521867018,0.022322323942268775
ID_D2SQ2F,0.0368774123309406,0.03134086260576147,0.18916349844818248,0.0368774123309406,0.03134086260576147,0.18916349844818248
ID_TMFZSB,0.03793751474412715,0.009567934552210904,0.010901881823016065,0.03793751474412715,0.009567934552210904,0.010901881823016065
ID_WZLIOZ,0.03793751474412715,0.009613018217039228,0.010833759181927364,0.03793751474412715,0.009613018217039228,0.010833759181927364
ID_GW81H7,0.033405010150043886,0.010528466572791016,0.012848057422985063,0.033405010150043886,0.010528466572791016,0.012848057422985063
ID_8H6FU1,0.03348094749448393,0.01375711590684242,0.013347036714888192,0.03348094749448393,0.01375711590684242,0.013347036714888192
ID_8Y8FZW,0.0368774123309406,0.03134086260576147,0.18916349844818248,0.0368774123309406,0.03134086260576147,0.18916349844818248
ID_QTMQF9,0.03483337872783306,0.024771437415187652,0.017637130321476104,0.03483337872783306,0.024771437415187652,0.017637130321476104
ID_MO29LK,0.03483337872783307,0.02474402309114062,0.017469999229961643,0.03483337872783307,0.02474402309114062,0.017469999229961643
ID_HEFVRV,0.0368774123309406,0.03134086260576147,0.18916349844818248,0.0368774123309406,0.03134086260576147,0.18916349844818248
ID_HM2KF9,0.06926187488564696,0.019256096790667948,0.1322512854121926,0.06926187488564696,0.019256096790667948,0.1322512854121926
ID_T2LQRI,0.03793751474412715,0.009741460527008725,0.010744907252841822,0.03793751474412715,0.009741460527008725,0.010744907252841822
ID_WKW5QW,0.03485056803862527,0.017701453023424345,0.041172544784783736,0.03485056803862527,0.017701453023424345,0.041172544784783736
ID_YW71NA,0.03348094749448393,0.014445086752872836,0.01372049952886922,0.03348094749448393,0.014445086752872836,0.01372049952886922
ID_WG14C6,0.03483337872783307,0.024698848935548766,0.01757331904474654,0.03483337872783307,0.024698848935548766,0.01757331904474654
ID_ZWP9EJ,0.033405010150043886,0.010727063433818972,0.012567599328432977,0.033405010150043886,0.010727063433818972,0.012567599328432977
ID_N694IA,0.033405010150043886,0.010552160308351237,0.012546584933491714,0.033405010150043886,0.010552160308351237,0.012546584933491714
ID_BADU0T,0.033405010150043886,0.010727063433818972,0.012754977028410466,0.033405010150043886,0.010727063433818972,0.012754977028410466
ID_3X96G5,0.03483337872783307,0.024771437415187652,0.017637130321476104,0.03483337872783307,0.024771437415187652,0.017637130321476104
ID_C2SL3S,0.03494174821845498,0.01745683690891141,0.041810587536767,0.03494174821845498,0.01745683690891141,0.041810587536767
ID_O4DJ6G,0.033405010150043886,0.010624982274357186,0.012886890620511328,0.033405010150043886,0.010624982274357186,0.012886890620511328
ID_71R9X9,0.03348094749448393,0.014445086752872836,0.01372049952886922,0.03348094749448393,0.014445086752872836,0.01372049952886922
ID_ZDM8BX,0.03793751474412715,0.009567934552210904,0.010901881823016065,0.03793751474412715,0.009567934552210904,0.010901881823016065
ID_95AMEG,0.036690328240698095,0.013385543296556057,0.022427904286896713,0.036690328240698095,0.013385543296556057,0.022427904286896713
ID_PFYUD5,0.14018080646961548,0.06262245087851409,0.5573402789200005,0.14018080646961548,0.06262245087851409,0.5573402789200005
ID_VO4JHF,0.033405010150043886,0.010727063433818972,0.012378944409807018,0.033405010150043886,0.010727063433818972,0.012378944409807018
ID_9VY7H9,0.03601999716509765,0.0158921483123872,0.11414519531053412,0.03601999716509765,0.0158921483123872,0.11414519531053412
ID_PL4QY0,0.037320809063377466,0.024693848532832297,0.017717916808575984,0.037320809063377466,0.024693848532832297,0.017717916808575984
ID_Q3UAV5,0.03793751474412715,0.009250538454889849,0.010385534044715015,0.03793751474412715,0.009250538454889849,0.010385534044715015
ID_23NRCI,0.03483337872783307,0.02474402309114062,0.017469999229961643,0.03483337872783307,0.02474402309114062,0.017469999229961643
ID_T58A3E,0.03793751474412715,0.009567934552210904,0.010901881823016065,0.03793751474412715,0.009567934552210904,0.010901881823016065
ID_VFP3AX,0.07067114480503922,0.07733331281938259,0.1706268225469188,0.07067114480503922,0.07733331281938259,0.1706268225469188
ID_9P0RI1,0.04657545445115759,0.06384170067439005,0.15469709077765867,0.04657545445115759,0.06384170067439005,0.15469709077765867
ID_PM90HD,0.03348094749448393,0.01356490806505152,0.013723608544762785,0.03348094749448393,0.01356490806505152,0.013723608544762785
ID_RGEP75,0.03648353289392556,0.01234381089802402,0.01661438021151033,0.03648353289392556,0.01234381089802402,0.01661438021151033
ID_0V5W7R,0.03636951406058181,0.03613482037693655,0.18916349844818248,0.03636951406058181,0.03613482037693655,0.18916349844818248
ID_13XPOY,0.03425540729324209,0.012299646028690273,0.016590973264255165,0.03425540729324209,0.012299646028690273,0.016590973264255165
ID_34V217,0.03538174680558546,0.02822084470234309,0.018801561320775102,0.03538174680558546,0.02822084470234309,0.018801561320775102
ID_PII98H,0.03392679291971282,0.04291936000709608,0.02989330516071826,0.03392679291971282,0.04291936000709608,0.02989330516071826
ID_0FEW1F,0.033405010150043886,0.010727063433818972,0.012567599328432977,0.033405010150043886,0.010727063433818972,0.012567599328432977
ID_WCKBMG,0.03538174680558546,0.028187222915261885,0.018801561320775102,0.03538174680558546,0.028187222915261885,0.018801561320775102
ID_08DG5M,0.033405010150043886,0.010631382904086736,0.012346432314170395,0.033405010150043886,0.010631382904086736,0.012346432314170395
ID_NR39DV,0.03353174215142335,0.020806212303189207,0.02571435577519411,0.03353174215142335,0.020806212303189207,0.02571435577519411
ID_HL1IVR,0.03348094749448393,0.014845654970959866,0.014757225521030952,0.03348094749448393,0.014845654970959866,0.014757225521030952
ID_M7G1UN,0.03793751474412715,0.009567934552210904,0.010901881823016065,0.03793751474412715,0.009567934552210904,0.010901881823016065
ID_PTXVXA,0.03348094749448393,0.013642227329826489,0.013723608544762785,0.03348094749448393,0.013642227329826489,0.013723608544762785
ID_6M5MZL,0.03348094749448393,0.01382227259283949,0.013347036714888192,0.03348094749448393,0.01382227259283949,0.013347036714888192
ID_DULZGI,0.03348094749448393,0.014845654970959866,0.014757225521030952,0.03348094749448393,0.014845654970959866,0.014757225521030952
ID_LZU656,0.058782297099653734,0.11971604617171223,0.5553182786935478,0.058782297099653734,0.11971604617171223,0.5553182786935478
ID_1UYN03,0.04727838770820807,0.06118302341633524,0.16967783500802788,0.04727838770820807,0.06118302341633524,0.16967783500802788
ID_REBSF2,0.03483337872783306,0.024122849086481497,0.01723907729007266,0.03483337872783306,0.024122849086481497,0.01723907729007266
ID_LFP94I,0.036690328240698095,0.013385543296556057,0.022608402260485366,0.036690328240698095,0.013385543296556057,0.022608402260485366
ID_E8GMOT,0.03483337872783306,0.02409394535988125,0.017469999229961643,0.03483337872783306,0.02409394535988125,0.017469999229961643
ID_SLSO1E,0.035968377830028334,0.01476028879264044,0.014866484193722843,0.035968377830028334,0.01476028879264044,0.014866484193722843
ID_OZ54TY,0.03793751474412715,0.009567934552210904,0.010901881823016065,0.03793751474412715,0.009567934552210904,0.010901881823016065
ID_2XT9TI,0.06649698208918826,0.07887697037628709,0.16644039663798524,0.06649698208918826,0.07887697037628709,0.16644039663798524
ID_6WQFJU,0.0368774123309406,0.03134086260576147,0.18916349844818248,0.0368774123309406,0.03134086260576147,0.18916349844818248
ID_5WL3Y6,0.03348094749448393,0.01459439904405669,0.014360698638538687,0.03348094749448393,0.01459439904405669,0.014360698638538687
ID_H0N40Y,0.03433105366631587,0.012951442986581057,0.02240243681110932,0.03433105366631587,0.012951442986581057,0.02240243681110932
ID_LC7WV1,0.04657545445115759,0.06384170067439005,0.15469709077765867,0.04657545445115759,0.06384170067439005,0.15469709077765867
ID_8JMBE0,0.037320809063377466,0.024718981539186113,0.01805574781656836,0.037320809063377466,0.024718981539186113,0.01805574781656836
ID_D54YT9,0.03483337872783307,0.02409394535988125,0.017469999229961643,0.03483337872783307,0.02409394535988125,0.017469999229961643
ID_AKO2D7,0.03353174215142335,0.020530553084864185,0.025535481094500875,0.03353174215142335,0.020530553084864185,0.025535481094500875
ID_AFFUFE,0.03433105366631587,0.013385543296556057,0.022298892100225284,0.03433105366631587,0.013385543296556057,0.022298892100225284
ID_3G5BHU,0.03793751474412715,0.009613018217039228,0.010833759181927364,0.03793751474412715,0.009613018217039228,0.010833759181927364
ID_SVTUNC,0.03793751474412715,0.009567934552210904,0.010901881823016065,0.03793751474412715,0.009567934552210904,0.010901881823016065
ID_A7DKT7,0.03483337872783307,0.024724209352313953,0.017744597874095262,0.03483337872783307,0.024724209352313953,0.017744597874095262
ID_D1J9QX,0.03793751474412715,0.009613018217039228,0.010833759181927364,0.03793751474412715,0.009613018217039228,0.010833759181927364
ID_OU67R8,0.03793751474412715,0.009613018217039228,0.010833759181927364,0.03793751474412715,0.009613018217039228,0.010833759181927364
ID_QTR8MC,0.03392679291971282,0.04554193475114274,0.030036748891868012,0.03392679291971282,0.04554193475114274,0.030036748891868012
ID_NC86Y4,0.033405010150043886,0.010946673321685309,0.012849329090606163,0.033405010150043886,0.010946673321685309,0.012849329090606163
ID_A8FL82,0.03485056803862527,0.021175519446022327,0.04599001394929451,0.03485056803862527,0.021175519446022327,0.04599001394929451
ID_WC0D1P,0.03793751474412715,0.00904827912459423,0.010438912741162305,0.03793751474412715,0.00904827912459423,0.010438912741162305
ID_PWAUK1,0.03483337872783307,0.024698848935548766,0.017469999229961643,0.03483337872783307,0.024698848935548766,0.017469999229961643
ID_GIFIE7,0.03348094749448393,0.01382227259283949,0.013347036714888192,0.03348094749448393,0.01382227259283949,0.013347036714888192
ID_YOLT7L,0.03483337872783307,0.02474402309114062,0.017469999229961643,0.03483337872783307,0.02474402309114062,0.017469999229961643
ID_AOHLCR,0.03348094749448393,0.01462243321885562,0.014117026411361484,0.03348094749448393,0.01462243321885562,0.014117026411361484
ID_MC4FYO,0.03483337872783307,0.024061573974972206,0.017469999229961643,0.03483337872783307,0.024061573974972206,0.017469999229961643
ID_LGOAXV,0.033405010150043886,0.01059525915482981,0.012883781604617763,0.033405010150043886,0.01059525915482981,0.012883781604617763
ID_DDUFHC,0.037320809063377466,0.024724209352313953,0.017744597874095262,0.037320809063377466,0.024724209352313953,0.017744597874095262
ID_H0RGUD,0.03485056803862527,0.01587830658801207,0.024934095277041383,0.03485056803862527,0.01587830658801207,0.024934095277041383
ID_AMG79K,0.035968377830028334,0.01476028879264044,0.014954177930216875,0.035968377830028334,0.01476028879264044,0.014954177930216875
ID_QJ7ZG7,0.03348094749448393,0.014162701460729862,0.014133332644972666,0.03348094749448393,0.014162701460729862,0.014133332644972666
ID_O1IR2M,0.03793751474412715,0.009567934552210904,0.010901881823016065,0.03793751474412715,0.009567934552210904,0.010901881823016065
ID_NE2WWT,0.03494174821845498,0.02016671596522978,0.04598164440174679,0.03494174821845498,0.02016671596522978,0.04598164440174679
ID_B7S9BY,0.03483337872783307,0.024698848935548766,0.01757331904474654,0.03483337872783307,0.024698848935548766,0.01757331904474654
ID_QPCJON,0.03661719248769119,0.019534468536179333,0.024822228996074048,0.03661719248769119,0.019534468536179333,0.024822228996074048
ID_LBAOGX,0.033405010150043886,0.010631382904086736,0.012535087232796355,0.033405010150043886,0.010631382904086736,0.012535087232796355
ID_ZX88UJ,0.03483337872783306,0.024771437415187652,0.017637130321476104,0.03483337872783306,0.024771437415187652,0.017637130321476104
ID_O5C888,0.03483337872783307,0.02474402309114062,0.017469999229961643,0.03483337872783307,0.02474402309114062,0.017469999229961643
ID_NALJCO,0.035381746805585465,0.02762047932567757,0.018801561320775102,0.035381746805585465,0.02762047932567757,0.018801561320775102
ID_YE6913,0.033405010150043886,0.010624982274357186,0.012886890620511328,0.033405010150043886,0.010624982274357186,0.012886890620511328
ID_11KZ0U,0.037320809063377466,0.030436212799357425,0.020586047714776446,0.037320809063377466,0.030436212799357425,0.020586047714776446
ID_WBNOOL,0.033405010150043886,0.010727063433818972,0.012378944409807018,0.033405010150043886,0.010727063433818972,0.012378944409807018
ID_6W4LRH,0.03793751474412715,0.009567934552210904,0.010901881823016065,0.03793751474412715,0.009567934552210904,0.010901881823016065
ID_WBH8B3,0.03433105366631587,0.013691485521867018,0.022161424666072536,0.03433105366631587,0.013691485521867018,0.022161424666072536
ID_Y1VP8I,0.03483337872783306,0.024771437415187652,0.017637130321476104,0.03483337872783306,0.024771437415187652,0.017637130321476104
ID_RTUQI0,0.036690328240698095,0.013691485521867018,0.022198804003615662,0.036690328240698095,0.013691485521867018,0.022198804003615662
ID_KUH46J,0.033405010150043886,0.010946673321685309,0.012849329090606163,0.033405010150043886,0.010946673321685309,0.012849329090606163
ID_FNPWIO,0.03348094749448393,0.013642227329826489,0.013723608544762785,0.03348094749448393,0.013642227329826489,0.013723608544762785
ID_LL7LKM,0.03425540729324209,0.012299646028690273,0.016590973264255165,0.03425540729324209,0.012299646028690273,0.016590973264255165
ID_8JXK5Z,0.03348094749448393,0.014378466931549474,0.014715823257519172,0.03348094749448393,0.014378466931549474,0.014715823257519172
ID_RVDWFT,0.035381746805585465,0.027977039639565042,0.0186239865734725,0.035381746805585465,0.027977039639565042,0.0186239865734725
ID_8RP3M8,0.033405010150043886,0.010977082152393255,0.012852343388388726,0.033405010150043886,0.010977082152393255,0.012852343388388726
ID_LVL634,0.038863616615840965,0.03441187072176892,0.20319463788084596,0.038863616615840965,0.03441187072176892,0.20319463788084596
ID_DTCNOM,0.03483337872783307,0.024698848935548766,0.017469999229961643,0.03483337872783307,0.024698848935548766,0.017469999229961643
ID_LBOZ73,0.033405010150043886,0.011195085364515711,0.012428581511776862,0.033405010150043886,0.011195085364515711,0.012428581511776862
ID_RYVJD1,0.03485056803862527,0.021175519446022327,0.045808195304491595,0.03485056803862527,0.021175519446022327,0.045808195304491595
ID_XF725L,0.03433105366631587,0.013742716773679747,0.0221623164675066,0.03433105366631587,0.013742716773679747,0.0221623164675066
ID_HPW237,0.03348094749448393,0.013508469223345245,0.013138375739158062,0.03348094749448393,0.013508469223345245,0.013138375739158062
ID_X7D1UM,0.03348094749448393,0.014378466931549474,0.01452985952746493,0.03348094749448393,0.014378466931549474,0.01452985952746493
ID_YOT7XI,0.03483337872783307,0.024698848935548766,0.017469999229961643,0.03483337872783307,0.024698848935548766,0.017469999229961643
ID_98FMQO,0.03485056803862527,0.018000244200798172,0.040330571180456104,0.03485056803862527,0.018000244200798172,0.040330571180456104
ID_HQ0DQ7,0.033405010150043886,0.010631382904086736,0.012535087232796355,0.033405010150043886,0.010631382904086736,0.012535087232796355
ID_POCUA6,0.03433105366631587,0.013742716773679747,0.02204858323475303,0.03433105366631587,0.013742716773679747,0.02204858323475303
ID_CW729L,0.03483337872783307,0.024079746503863225,0.017637130321476104,0.03483337872783307,0.024079746503863225,0.017637130321476104
ID_LCYPU0,0.03348094749448393,0.014162701460729862,0.014133332644972666,0.03348094749448393,0.014162701460729862,0.014133332644972666
ID_NAKHWW,0.033405010150043886,0.010631382904086736,0.012220046815647093,0.033405010150043886,0.010631382904086736,0.012220046815647093
ID_ONQFWS,0.03922839967968524,0.04936620343354086,0.03957557729943502,0.03922839967968524,0.04936620343354086,0.03957557729943502
ID_H1OEWH,0.033405010150043886,0.010631382904086736,0.012220046815647093,0.033405010150043886,0.010631382904086736,0.012220046815647093
ID_Q1IJJJ,0.03348094749448393,0.013508469223345245,0.013138375739158062,0.03348094749448393,0.013508469223345245,0.013138375739158062
ID_LX7DZQ,0.033405010150043886,0.010977082152393255,0.012852343388388726,0.033405010150043886,0.010977082152393255,0.012852343388388726
ID_XQ4CM7,0.033405010150043886,0.010528466572791016,0.012848057422985063,0.033405010150043886,0.010528466572791016,0.012848057422985063
ID_Z32YMV,0.03433105366631587,0.013426460621532174,0.022298892100225284,0.03433105366631587,0.013426460621532174,0.022298892100225284
ID_3Z42A5,0.03348094749448393,0.013825674244744011,0.013406579522157553,0.03348094749448393,0.013825674244744011,0.013406579522157553
ID_U94QW1,0.03442223384614558,0.012937343013900577,0.02253978523131947,0.03442223384614558,0.012937343013900577,0.02253978523131947
ID_VQRFFA,0.036690328240698095,0.013385543296556057,0.022470635585653702,0.036690328240698095,0.013385543296556057,0.022470635585653702
ID_FWAHKC,0.03793751474412715,0.009567934552210904,0.010901881823016065,0.03793751474412715,0.009567934552210904,0.010901881823016065
ID_HXWWIA,0.05947143788911485,0.08028057257349801,0.16941035871080226,0.05947143788911485,0.08028057257349801,0.16941035871080226
ID_OREIPY,0.033405010150043886,0.010631382904086736,0.012535087232796355,0.033405010150043886,0.010631382904086736,0.012535087232796355
ID_U838WM,0.03433105366631587,0.013691485521867018,0.0221623164675066,0.03433105366631587,0.013691485521867018,0.0221623164675066
ID_9N55U9,0.033674017025061634,0.019257210048464472,0.04445592014984214,0.033674017025061634,0.019257210048464472,0.04445592014984214
ID_LB396K,0.03392679291971282,0.04564014773059874,0.030036748891868012,0.03392679291971282,0.04564014773059874,0.030036748891868012
ID_A145CS,0.03485056803862527,0.02068884117150007,0.04673218868335038,0.03485056803862527,0.02068884117150007,0.04673218868335038
ID_X8FLQA,0.03793751474412715,0.009567934552210904,0.010901881823016065,0.03793751474412715,0.009567934552210904,0.010901881823016065
ID_DFZGTP,0.03348094749448393,0.01459439904405669,0.014360698638538687,0.03348094749448393,0.01459439904405669,0.014360698638538687
ID_9WB9ER,0.033405010150043886,0.01059525915482981,0.012883781604617763,0.033405010150043886,0.01059525915482981,0.012883781604617763
ID_9PKSWB,0.03848752885005231,0.03614062430623089,0.19926061153574645,0.03848752885005231,0.03614062430623089,0.19926061153574645
ID_G3JAYX,0.033674017025061634,0.01905780335943577,0.04309668058923287,0.033674017025061634,0.01905780335943577,0.04309668058923287
ID_HSBW0H,0.036690328240698095,0.013691485521867018,0.022322323942268775,0.036690328240698095,0.013691485521867018,0.022322323942268775
ID_0NSO7P,0.03348094749448393,0.01462243321885562,0.014117026411361484,0.03348094749448393,0.01462243321885562,0.014117026411361484
ID_52TFD0,0.03433105366631587,0.013000485510346212,0.02303118438913927,0.03433105366631587,0.013000485510346212,0.02303118438913927
ID_D1FACJ,0.033405010150043886,0.011146352811720005,0.012536145577385496,0.033405010150043886,0.011146352811720005,0.012536145577385496
ID_JL96S9,0.03661719248769119,0.019678002770621796,0.02493620079463232,0.03661719248769119,0.019678002770621796,0.02493620079463232
ID_ZAD0FH,0.03348094749448393,0.014417495171066882,0.01452985952746493,0.03348094749448393,0.014417495171066882,0.01452985952746493
ID_4FWY0M,0.0368774123309406,0.03134086260576147,0.18916349844818248,0.0368774123309406,0.03134086260576147,0.18916349844818248
ID_A8CUPT,0.03709830246955128,0.03743646754760532,0.02760711427440847,0.03709830246955128,0.03743646754760532,0.02760711427440847
ID_94QLF8,0.033405010150043886,0.011195085364515711,0.012428581511776862,0.033405010150043886,0.011195085364515711,0.012428581511776862
ID_70653K,0.03483337872783306,0.02409394535988125,0.017469999229961643,0.03483337872783306,0.02409394535988125,0.017469999229961643
ID_14JUT9,0.03922839967968524,0.044770480673800475,0.03462402257176942,0.03922839967968524,0.044770480673800475,0.03462402257176942
ID_H2V2M0,0.03348094749448393,0.014445086752872836,0.01372049952886922,0.03348094749448393,0.014445086752872836,0.01372049952886922
ID_9WPT8S,0.055678999767449576,0.04404474933829274,0.22581890753042505,0.055678999767449576,0.04404474933829274,0.22581890753042505
ID_MLN1KY,0.03433105366631587,0.013691485521867018,0.022282510876212688,0.03433105366631587,0.013691485521867018,0.022282510876212688
ID_L9BHE4,0.035968377830028334,0.01476028879264044,0.014954177930216875,0.035968377830028334,0.01476028879264044,0.014954177930216875
ID_2E4Z0T,0.03803780242556216,0.010899919394309046,0.011679037238025412,0.03803780242556216,0.010899919394309046,0.011679037238025412
ID_ZT06HL,0.03433105366631587,0.013513336812693219,0.02204858323475303,0.03433105366631587,0.013513336812693219,0.02204858323475303
ID_EZOD1A,0.03353174215142335,0.020604319883968613,0.025272685012915734,0.03353174215142335,0.020604319883968613,0.025272685012915734
ID_8YFFOF,0.036690328240698095,0.013385543296556057,0.022467421951976863,0.036690328240698095,0.013385543296556057,0.022467421951976863
ID_HU2O61,0.037320809063377466,0.030839560116627217,0.020970199613591044,0.037320809063377466,0.030839560116627217,0.020970199613591044
ID_OWCHBD,0.03793751474412715,0.009567934552210904,0.010901881823016065,0.03793751474412715,0.009567934552210904,0.010901881823016065
ID_IG2VDI,0.03793751474412715,0.009613018217039228,0.010833759181927364,0.03793751474412715,0.009613018217039228,0.010833759181927364
ID_VAJXTJ,0.03392679291971282,0.04168196280632594,0.029353731756013718,0.03392679291971282,0.04168196280632594,0.029353731756013718
ID_6IAYCJ,0.03348094749448393,0.014162701460729862,0.014133332644972666,0.03348094749448393,0.014162701460729862,0.014133332644972666
ID_9T1VYC,0.03803780242556216,0.010899919394309046,0.011679037238025412,0.03803780242556216,0.010899919394309046,0.011679037238025412
ID_24SH8X,0.03803780242556216,0.011945123144476696,0.012661814717075514,0.03803780242556216,0.011945123144476696,0.012661814717075514
ID_8I7C6M,0.03793751474412715,0.009567934552210904,0.010901881823016065,0.03793751474412715,0.009567934552210904,0.010901881823016065
ID_ABKXZ5,0.03793751474412715,0.009567934552210904,0.010901881823016065,0.03793751474412715,0.009567934552210904,0.010901881823016065
ID_V86WTI,0.03348094749448393,0.01462243321885562,0.014117026411361484,0.03348094749448393,0.01462243321885562,0.014117026411361484
ID_CXZJ2V,0.037320809063377466,0.024718981539186113,0.017780198381091482,0.037320809063377466,0.024718981539186113,0.017780198381091482
ID_HTMPB2,0.03793751474412715,0.009528950960863121,0.010750645695633512,0.03793751474412715,0.009528950960863121,0.010750645695633512
ID_LE7AJZ,0.035480017218401626,0.010692835748979845,0.010788367275524785,0.035480017218401626,0.010692835748979845,0.010788367275524785
ID_JWE28K,0.033674017025061634,0.019257210048464472,0.041313330249433074,0.033674017025061634,0.019257210048464472,0.041313330249433074
ID_SO53CK,0.03793751474412715,0.009567934552210904,0.010901881823016065,0.03793751474412715,0.009567934552210904,0.010901881823016065
ID_0CG34U,0.03661719248769119,0.019160422037366967,0.02493620079463232,0.03661719248769119,0.019160422037366967,0.02493620079463232
ID_2MRPP3,0.03348094749448393,0.01375711590684242,0.013347036714888192,0.03348094749448393,0.01375711590684242,0.013347036714888192
ID_PMXN5K,0.03485056803862527,0.01603114939834847,0.025068792733850844,0.03485056803862527,0.01603114939834847,0.025068792733850844
ID_Z6SJMN,0.03793751474412715,0.009567934552210904,0.010901881823016065,0.03793751474412715,0.009567934552210904,0.010901881823016065
ID_A7GI40,0.03348094749448393,0.01459439904405669,0.014360698638538687,0.03348094749448393,0.01459439904405669,0.014360698638538687
ID_0KZUAR,0.03348094749448393,0.01382227259283949,0.013347036714888192,0.03348094749448393,0.01382227259283949,0.013347036714888192
ID_DG3MSI,0.03793751474412715,0.010018063306990753,0.01106547737563867,0.03793751474412715,0.010018063306990753,0.01106547737563867
ID_5J1CC3,0.03793751474412715,0.010518824397270692,0.010682703047021019,0.03793751474412715,0.010518824397270692,0.010682703047021019
ID_J415GF,0.03353174215142335,0.020806212303189207,0.025322472557699902,0.03353174215142335,0.020806212303189207,0.025322472557699902
ID_Q1L2TI,0.03348094749448393,0.01382227259283949,0.013347036714888192,0.03348094749448393,0.01382227259283949,0.013347036714888192
ID_MOHLRS,0.03793751474412715,0.009567934552210904,0.010901881823016065,0.03793751474412715,0.009567934552210904,0.010901881823016065
ID_C774J9,0.03494174821845498,0.01705618414535134,0.02658807546637812,0.03494174821845498,0.01705618414535134,0.02658807546637812
ID_SPCQ85,0.033405010150043886,0.01059525915482981,0.012883781604617763,0.033405010150043886,0.01059525915482981,0.012883781604617763
ID_GMYJFP,0.036690328240698095,0.013691485521867018,0.022161424666072536,0.036690328240698095,0.013691485521867018,0.022161424666072536
ID_ERHVEE,0.03353174215142335,0.020806212303189207,0.025322472557699902,0.03353174215142335,0.020806212303189207,0.025322472557699902
ID_WT1HQ6,0.03538174680558546,0.02834402218886641,0.018801561320775102,0.03538174680558546,0.02834402218886641,0.018801561320775102
ID_TYY327,0.03803780242556216,0.011481686172534155,0.01189033214580079,0.03803780242556216,0.011481686172534155,0.01189033214580079
ID_2W993C,0.03348094749448393,0.01462243321885562,0.014117026411361484,0.03348094749448393,0.01462243321885562,0.014117026411361484
ID_Q85Q17,0.0368774123309406,0.03134086260576147,0.18916349844818248,0.0368774123309406,0.03134086260576147,0.18916349844818248
ID_SNMSY2,0.03483337872783306,0.023601464426805965,0.01723907729007266,0.03483337872783306,0.023601464426805965,0.01723907729007266
ID_90FA7U,0.03793751474412715,0.009265772157429613,0.010323269461513405,0.03793751474412715,0.009265772157429613,0.010323269461513405
ID_X675QX,0.03793751474412715,0.010031732543314513,0.010682703047021019,0.03793751474412715,0.010031732543314513,0.010682703047021019
ID_5IAUIV,0.03348094749448393,0.014162701460729862,0.014133332644972666,0.03348094749448393,0.014162701460729862,0.014133332644972666
ID_HUVJV5,0.03483337872783307,0.02474402309114062,0.017469999229961643,0.03483337872783307,0.02474402309114062,0.017469999229961643
ID_PLDU8V,0.03348094749448393,0.014162701460729862,0.014133332644972666,0.03348094749448393,0.014162701460729862,0.014133332644972666
ID_NAL8DL,0.03494174821845498,0.019302289750159633,0.04140795952189946,0.03494174821845498,0.019302289750159633,0.04140795952189946
ID_JHAC5O,0.033405010150043886,0.011146352811720005,0.012536145577385496,0.033405010150043886,0.011146352811720005,0.012536145577385496
ID_APH98Z,0.03348094749448393,0.014417495171066882,0.01452985952746493,0.03348094749448393,0.014417495171066882,0.01452985952746493
ID_FHNDKH,0.04565570432696871,0.05286056207560319,0.4795254741257003,0.04565570432696871,0.05286056207560319,0.4795254741257003
ID_64A0TW,0.0337825876947113,0.04807621976788306,0.1433821281552773,0.0337825876947113,0.04807621976788306,0.1433821281552773
ID_ZP6A8U,0.036399280265452874,0.01248038849072624,0.10538686482671615,0.036399280265452874,0.01248038849072624,0.10538686482671615
ID_LTA2T4,0.03351869239770588,0.018568559369111094,0.044373356181629034,0.03351869239770588,0.018568559369111094,0.044373356181629034
ID_QXDAZX,0.0337825876947113,0.04807621976788306,0.1433821281552773,0.0337825876947113,0.04807621976788306,0.1433821281552773
ID_8F32YO,0.0337825876947113,0.04807621976788306,0.1433821281552773,0.0337825876947113,0.04807621976788306,0.1433821281552773
ID_0WZ4DT,0.03348094749448393,0.014893741214284866,0.04089702410318321,0.03348094749448393,0.014893741214284866,0.04089702410318321
ID_QJMYFP,0.03348094749448393,0.014824171664853291,0.040612296056656005,0.03348094749448393,0.014824171664853291,0.040612296056656005
ID_BRNJFB,0.03351869239770588,0.01814481706818567,0.043395798399402004,0.03351869239770588,0.01814481706818567,0.043395798399402004
ID_ZFJSZL,0.0335248431184523,0.02006021450066648,0.0327103198339527,0.0335248431184523,0.02006021450066648,0.0327103198339527
ID_GN401Z,0.03348094749448393,0.01514134858805395,0.040612296056656005,0.03348094749448393,0.01514134858805395,0.040612296056656005
ID_0GZD1A,0.0337825876947113,0.05291710814574105,0.1511656115098249,0.0337825876947113,0.05291710814574105,0.1511656115098249
ID_HUX15L,0.033405010150043886,0.011089083457970552,0.0394470363511959,0.033405010150043886,0.011089083457970552,0.0394470363511959
ID_W83YWB,0.033405010150043886,0.01091202131365572,0.039930082949450045,0.033405010150043886,0.01091202131365572,0.039930082949450045
ID_YBE59H,0.03348094749448393,0.014245038410470059,0.039201969576228075,0.03348094749448393,0.014245038410470059,0.039201969576228075
ID_UGYJJ1,0.03348094749448393,0.014860395190045615,0.040612296056656005,0.03348094749448393,0.014860395190045615,0.040612296056656005
ID_WFF4P7,0.03351869239770588,0.018568559369111094,0.044373356181629034,0.03351869239770588,0.018568559369111094,0.044373356181629034
ID_QO8HIH,0.036399280265452874,0.01248038849072624,0.10538686482671615,0.036399280265452874,0.01248038849072624,0.10538686482671615
ID_8K23T6,0.03348094749448393,0.014893741214284866,0.04089702410318321,0.03348094749448393,0.014893741214284866,0.04089702410318321
ID_4K41LT,0.05381474941278151,0.07471311096010247,0.5248458034028487,0.05381474941278151,0.07471311096010247,0.5248458034028487
ID_QZEY8Z,0.03348094749448393,0.014707954305637221,0.03961383712871848,0.03348094749448393,0.014707954305637221,0.03961383712871848
ID_DA24DX,0.04633866582738622,0.05728969591201872,0.5225437909869874,0.04633866582738622,0.05728969591201872,0.5225437909869874
ID_F4HZIQ,0.03351869239770588,0.01814481706818567,0.043395798399402004,0.03351869239770588,0.01814481706818567,0.043395798399402004
ID_EJQPOR,0.03660840166751197,0.01904153019491699,0.030218224476153525,0.03660840166751197,0.01904153019491699,0.030218224476153525
ID_TEZ9WM,0.0337825876947113,0.04807621976788306,0.1433821281552773,0.0337825876947113,0.04807621976788306,0.1433821281552773
ID_BSMYYX,0.03391545228460249,0.03620925844916452,0.0453441163009731,0.03391545228460249,0.03620925844916452,0.0453441163009731
ID_9UFWRG,0.04248436711394914,0.05639846678724309,0.5125593662677298,0.04248436711394914,0.05639846678724309,0.5125593662677298
ID_495ND2,0.0337825876947113,0.04664119304924972,0.13514410884596634,0.0337825876947113,0.04664119304924972,0.13514410884596634
ID_XO0E78,0.03391545228460249,0.03608674334204455,0.045576561772495555,0.03391545228460249,0.03608674334204455,0.045576561772495555
ID_FN7QN6,0.04326072549599112,0.04899064281984543,0.5175578545365064,0.04326072549599112,0.04899064281984543,0.5175578545365064
ID_KCT2EE,0.03348094749448393,0.014707954305637221,0.04028580630650715,0.03348094749448393,0.014707954305637221,0.04028580630650715
ID_F6IK16,0.0335248431184523,0.01989560432066271,0.04439443478180191,0.0335248431184523,0.01989560432066271,0.04439443478180191
ID_DST3IB,0.03351869239770588,0.018568559369111094,0.044373356181629034,0.03351869239770588,0.018568559369111094,0.044373356181629034
ID_AHVSYQ,0.03348094749448393,0.014893741214284866,0.04089702410318321,0.03348094749448393,0.014893741214284866,0.04089702410318321
ID_HO8R7K,0.04226394108733617,0.05397258577371422,0.544350354247166,0.04226394108733617,0.05397258577371422,0.544350354247166
ID_F8I9VJ,0.03852103895357548,0.012051008370713974,0.1019539921845331,0.03852103895357548,0.012051008370713974,0.1019539921845331
ID_L4Z7FR,0.0337825876947113,0.04807621976788306,0.1433821281552773,0.0337825876947113,0.04807621976788306,0.1433821281552773
ID_Z5ZLR0,0.03351869239770588,0.018053728853278952,0.04424694338852721,0.03351869239770588,0.018053728853278952,0.04424694338852721
ID_JIR3BK,0.03351869239770588,0.01814481706818567,0.04525891187906142,0.03351869239770588,0.01814481706818567,0.04525891187906142
ID_RWDQGP,0.03679220891211444,0.03608674334204455,0.04600359712456238,0.03679220891211444,0.03608674334204455,0.04600359712456238
ID_9ID54G,0.0335248431184523,0.021510331297098614,0.03255968070163466,0.0335248431184523,0.021510331297098614,0.03255968070163466
ID_Z0WTDF,0.046003199702220963,0.02067434231374521,0.11441153275492678,0.046003199702220963,0.02067434231374521,0.11441153275492678
ID_7W5KVT,0.0337825876947113,0.05291710814574105,0.1511656115098249,0.0337825876947113,0.05291710814574105,0.1511656115098249
ID_69Z23E,0.0335248431184523,0.019887224222768517,0.04235057886365108,0.0335248431184523,0.019887224222768517,0.04235057886365108
ID_OEY4YT,0.03348094749448393,0.014707954305637221,0.039983544601401126,0.03348094749448393,0.014707954305637221,0.039983544601401126
ID_60YB9F,0.036399280265452874,0.012906812170589563,0.10750719591372153,0.036399280265452874,0.012906812170589563,0.10750719591372153
ID_PYWPUB,0.0335248431184523,0.021510331297098614,0.03255968070163466,0.0335248431184523,0.021510331297098614,0.03255968070163466
ID_XA4WSH,0.03415668994098392,0.052827862025566066,0.14944783699305256,0.03415668994098392,0.052827862025566066,0.14944783699305256
ID_74JAB8,0.0337825876947113,0.04807621976788306,0.1433821281552773,0.0337825876947113,0.04807621976788306,0.1433821281552773
ID_3ZNQ5E,0.0335248431184523,0.02006021450066648,0.0327103198339527,0.0335248431184523,0.02006021450066648,0.0327103198339527
ID_170KNW,0.03415668994098392,0.0528916745568231,0.14920948111031332,0.03415668994098392,0.0528916745568231,0.14920948111031332
ID_C8C5DP,0.03351869239770588,0.018568559369111094,0.04244480293845501,0.03351869239770588,0.018568559369111094,0.04244480293845501
ID_EGZ2JX,0.03391545228460249,0.03392777232123956,0.04103377648664436,0.03391545228460249,0.03392777232123956,0.04103377648664436
ID_ZWEMTO,0.0337825876947113,0.04807621976788306,0.1433821281552773,0.0337825876947113,0.04807621976788306,0.1433821281552773
ID_PN64SH,0.0335248431184523,0.02229198417023067,0.035141053121260056,0.0335248431184523,0.02229198417023067,0.035141053121260056
ID_WQGKWB,0.0335248431184523,0.01989560432066271,0.04439443478180191,0.0335248431184523,0.01989560432066271,0.04439443478180191
ID_QT9D5C,0.03348094749448393,0.01428923266737145,0.04031650753751165,0.03348094749448393,0.01428923266737145,0.04031650753751165
ID_73YX5O,0.03348094749448393,0.014707954305637221,0.04028580630650715,0.03348094749448393,0.014707954305637221,0.04028580630650715
ID_PDXWIS,0.0337825876947113,0.04629518218448828,0.13147786751829135,0.0337825876947113,0.04629518218448828,0.13147786751829135
ID_BOEF4Q,0.033405010150043886,0.010982917416329526,0.04011634574300863,0.033405010150043886,0.010982917416329526,0.04011634574300863
ID_9XMKQP,0.03660840166751197,0.01904153019491699,0.03131798215146789,0.03660840166751197,0.01904153019491699,0.03131798215146789
ID_KIS1RR,0.03415668994098392,0.05181237254142039,0.14192955071330643,0.03415668994098392,0.05181237254142039,0.14192955071330643
ID_G4DDGB,0.033405010150043886,0.01091202131365572,0.03862389671392193,0.033405010150043886,0.01091202131365572,0.03862389671392193
ID_XVO0XE,0.03351869239770588,0.018568559369111094,0.044373356181629034,0.03351869239770588,0.018568559369111094,0.044373356181629034
ID_1SU765,0.0337825876947113,0.05291710814574105,0.14972684937976907,0.0337825876947113,0.05291710814574105,0.14972684937976907
ID_II16H0,0.03348094749448393,0.01514134858805395,0.04089702410318321,0.03348094749448393,0.01514134858805395,0.04089702410318321
ID_ZJDJST,0.03852103895357548,0.012001872207206903,0.10172714265733396,0.03852103895357548,0.012001872207206903,0.10172714265733396
ID_ITM93O,0.0335248431184523,0.020689380508147007,0.035141053121260056,0.0335248431184523,0.020689380508147007,0.035141053121260056
ID_ACIYGQ,0.04248436711394914,0.05639846678724309,0.5125593662677298,0.04248436711394914,0.05639846678724309,0.5125593662677298
ID_I3D2M6,0.04005829019797902,0.05397258577371422,0.5410750115219174,0.04005829019797902,0.05397258577371422,0.5410750115219174
ID_XPS7OD,0.04005829019797902,0.05397258577371422,0.5410750115219174,0.04005829019797902,0.05397258577371422,0.5410750115219174
ID_X6MHWN,0.0335248431184523,0.02229198417023067,0.03640160492138991,0.0335248431184523,0.02229198417023067,0.03640160492138991
ID_4H6ZU0,0.0337825876947113,0.04807621976788306,0.1433821281552773,0.0337825876947113,0.04807621976788306,0.1433821281552773
ID_VJRY9K,0.0337825876947113,0.04807621976788306,0.1433821281552773,0.0337825876947113,0.04807621976788306,0.1433821281552773
ID_JRQ0K2,0.0337825876947113,0.05291710814574105,0.1511656115098249,0.0337825876947113,0.05291710814574105,0.1511656115098249
ID_CVP7U0,0.03348094749448393,0.014707954305637221,0.03961383712871848,0.03348094749448393,0.014707954305637221,0.03961383712871848
ID_OC1T6J,0.03348094749448393,0.014893741214284866,0.040225054925394535,0.03348094749448393,0.014893741214284866,0.040225054925394535
ID_5BJWT7,0.0337825876947113,0.05291710814574105,0.1511656115098249,0.0337825876947113,0.05291710814574105,0.1511656115098249
ID_E72G1X,0.03852103895357548,0.012051008370713974,0.1019539921845331,0.03852103895357548,0.012051008370713974,0.1019539921845331
ID_A38G0Y,0.0335248431184523,0.020686260315637663,0.03566175418178881,0.0335248431184523,0.020686260315637663,0.03566175418178881
ID_Z63P61,0.0337825876947113,0.04807621976788306,0.1433821281552773,0.0337825876947113,0.04807621976788306,0.1433821281552773
ID_ZMXHIG,0.0337825876947113,0.05291710814574105,0.1511656115098249,0.0337825876947113,0.05291710814574105,0.1511656115098249
ID_80C6RQ,0.0337825876947113,0.04629518218448828,0.13047130764868145,0.0337825876947113,0.04629518218448828,0.13047130764868145
ID_Q02CHP,0.0337825876947113,0.04807621976788306,0.1433821281552773,0.0337825876947113,0.04807621976788306,0.1433821281552773
ID_K4CEJB,0.03348094749448393,0.014860395190045615,0.040612296056656005,0.03348094749448393,0.014860395190045615,0.040612296056656005
ID_IOMK3G,0.03852103895357548,0.012257585949742055,0.1021812920306867,0.03852103895357548,0.012257585949742055,0.1021812920306867
ID_N8X2DM,0.0337825876947113,0.04664119304924972,0.13514410884596634,0.0337825876947113,0.04664119304924972,0.13514410884596634
ID_R44Y09,0.03351869239770588,0.01814481706818567,0.04525891187906142,0.03351869239770588,0.01814481706818567,0.04525891187906142
ID_QHMV04,0.0337825876947113,0.04807621976788306,0.1433821281552773,0.0337825876947113,0.04807621976788306,0.1433821281552773
ID_2IZGEP,0.0337825876947113,0.04807621976788306,0.1433821281552773,0.0337825876947113,0.04807621976788306,0.1433821281552773
ID_OY9WWL,0.033405010150043886,0.011325987861392113,0.04111498903286858,0.033405010150043886,0.011325987861392113,0.04111498903286858
ID_7AMIMW,0.04149208397647904,0.013145315406209139,0.10655447338720085,0.04149208397647904,0.013145315406209139,0.10655447338720085
ID_6E9QFF,0.03351869239770588,0.01814481706818567,0.043395798399402004,0.03351869239770588,0.01814481706818567,0.043395798399402004
ID_PQW5VH,0.03391545228460249,0.03542791083775504,0.04736185039293713,0.03391545228460249,0.03542791083775504,0.04736185039293713
ID_F81GRT,0.033405010150043886,0.01091202131365572,0.039930082949450045,0.033405010150043886,0.01091202131365572,0.039930082949450045
ID_2P41YW,0.033405010150043886,0.011681134531728912,0.040941541122497115,0.033405010150043886,0.011681134531728912,0.040941541122497115
ID_LT4IZ3,0.03348094749448393,0.013891185587329425,0.03970528974083559,0.03348094749448393,0.013891185587329425,0.03970528974083559
ID_F16709,0.03348094749448393,0.01514134858805395,0.04089702410318321,0.03348094749448393,0.01514134858805395,0.04089702410318321
ID_OICH3X,0.033405010150043886,0.011621205843200274,0.04245807820925471,0.033405010150043886,0.011621205843200274,0.04245807820925471
ID_A7LTX0,0.04633866582738622,0.05728969591201872,0.5225437909869874,0.04633866582738622,0.05728969591201872,0.5225437909869874
ID_JA5369,0.03348094749448393,0.014707954305637221,0.03961383712871848,0.03348094749448393,0.014707954305637221,0.03961383712871848
ID_DH8BE3,0.03351869239770588,0.01814481706818567,0.04525891187906142,0.03351869239770588,0.01814481706818567,0.04525891187906142
ID_086L0X,0.03348094749448393,0.014707954305637221,0.04028580630650715,0.03348094749448393,0.014707954305637221,0.04028580630650715
ID_Z5HPTI,0.03348094749448393,0.014824171664853291,0.040612296056656005,0.03348094749448393,0.014824171664853291,0.040612296056656005
ID_OE1QUG,0.0337825876947113,0.05291710814574105,0.1511656115098249,0.0337825876947113,0.05291710814574105,0.1511656115098249
ID_9RTFXI,0.03679220891211444,0.03608674334204455,0.04582020286652382,0.03679220891211444,0.03608674334204455,0.04582020286652382
ID_JLIJV2,0.03351869239770588,0.01814481706818567,0.043395798399402004,0.03351869239770588,0.01814481706818567,0.043395798399402004
ID_JP0H9B,0.033405010150043886,0.011325987861392113,0.04111498903286858,0.033405010150043886,0.011325987861392113,0.04111498903286858
ID_BIVWYY,0.061924039111021,0.07047847852265922,0.5366317976814814,0.061924039111021,0.07047847852265922,0.5366317976814814
ID_AKLZO2,0.03348094749448393,0.01428923266737145,0.04031650753751165,0.03348094749448393,0.01428923266737145,0.04031650753751165
ID_NWHLNN,0.03852103895357548,0.012051008370713974,0.1019539921845331,0.03852103895357548,0.012051008370713974,0.1019539921845331
ID_JCTVHU,0.033405010150043886,0.011089083457970552,0.0394470363511959,0.033405010150043886,0.011089083457970552,0.0394470363511959
ID_LV7EWN,0.036399280265452874,0.012051008370713974,0.10084279660727567,0.036399280265452874,0.012051008370713974,0.10084279660727567
ID_0H0H1X,0.03660840166751197,0.01904153019491699,0.03131798215146789,0.03660840166751197,0.01904153019491699,0.03131798215146789
ID_OK3KGD,0.03348094749448393,0.013891185587329425,0.0395276011963107,0.03348094749448393,0.013891185587329425,0.0395276011963107
ID_XOLVVP,0.0337825876947113,0.05291710814574105,0.1511656115098249,0.0337825876947113,0.05291710814574105,0.1511656115098249
ID_XC1UCY,0.033405010150043886,0.011325987861392113,0.04111498903286858,0.033405010150043886,0.011325987861392113,0.04111498903286858
ID_WNRKKF,0.0337825876947113,0.04807621976788306,0.1433821281552773,0.0337825876947113,0.04807621976788306,0.1433821281552773
ID_CHT575,0.03348094749448393,0.014893741214284866,0.04089702410318321,0.03348094749448393,0.014893741214284866,0.04089702410318321
ID_IASVT4,0.0337825876947113,0.04807621976788306,0.1433821281552773,0.0337825876947113,0.04807621976788306,0.1433821281552773
ID_HQD8DQ,0.0337825876947113,0.05291710814574105,0.1511656115098249,0.0337825876947113,0.05291710814574105,0.1511656115098249
ID_WHC7HZ,0.03351869239770588,0.01814481706818567,0.043395798399402004,0.03351869239770588,0.01814481706818567,0.043395798399402004
ID_SP7WBC,0.03348094749448393,0.014167776891034824,0.040138818992986755,0.03348094749448393,0.014167776891034824,0.040138818992986755
ID_Y5TWK4,0.03348094749448393,0.014707954305637221,0.03961383712871848,0.03348094749448393,0.014707954305637221,0.03961383712871848
ID_VG1ZFI,0.03348094749448393,0.014351204452111082,0.039201969576228075,0.03348094749448393,0.014351204452111082,0.039201969576228075
ID_GL5NBY,0.03348094749448393,0.014245038410470059,0.039201969576228075,0.03348094749448393,0.014245038410470059,0.039201969576228075
ID_0M8ZAR,0.0337825876947113,0.04807621976788306,0.1433821281552773,0.0337825876947113,0.04807621976788306,0.1433821281552773
ID_WMX71G,0.03348094749448393,0.014707954305637221,0.04028580630650715,0.03348094749448393,0.014707954305637221,0.04028580630650715
ID_FV08L5,0.03852103895357548,0.012001872207206903,0.10172714265733396,0.03852103895357548,0.012001872207206903,0.10172714265733396
ID_3O27FX,0.03351869239770588,0.021759858418503877,0.042276341252387994,0.03351869239770588,0.021759858418503877,0.042276341252387994
ID_6V10CF,0.04565570432696871,0.05286475594801285,0.48072185729201106,0.04565570432696871,0.05286475594801285,0.48072185729201106
ID_PDVNE2,0.03415668994098392,0.05181237254142039,0.14192955071330643,0.03415668994098392,0.05181237254142039,0.14192955071330643
ID_53TEOE,0.03348094749448393,0.014893741214284866,0.04089702410318321,0.03348094749448393,0.014893741214284866,0.04089702410318321
ID_IDZWVW,0.0337825876947113,0.04807621976788306,0.1433821281552773,0.0337825876947113,0.04807621976788306,0.1433821281552773
ID_GB0OWZ,0.03348094749448393,0.014893741214284866,0.04089702410318321,0.03348094749448393,0.014893741214284866,0.04089702410318321
ID_P3UMEG,0.04281683856097727,0.053044974057178215,0.48072185729201106,0.04281683856097727,0.053044974057178215,0.48072185729201106
ID_ODQ1LG,0.03415668994098392,0.0528916745568231,0.14969862445775783,0.03415668994098392,0.0528916745568231,0.14969862445775783
ID_F313VZ,0.03391545228460249,0.03626904936765341,0.047387813657920747,0.03391545228460249,0.03626904936765341,0.047387813657920747
ID_8CSCDS,0.03351869239770588,0.018568559369111094,0.044373356181629034,0.03351869239770588,0.018568559369111094,0.044373356181629034
ID_4TNBZF,0.03348094749448393,0.01508944335948509,0.040612296056656005,0.03348094749448393,0.01508944335948509,0.040612296056656005
ID_4BYR7P,0.04633866582738622,0.05728969591201872,0.5194902810965386,0.04633866582738622,0.05728969591201872,0.5194902810965386
ID_T3LYCI,0.0337825876947113,0.04807621976788306,0.1433821281552773,0.0337825876947113,0.04807621976788306,0.1433821281552773
ID_BHZQ1G,0.03391545228460249,0.0350715239697443,0.04267325455867031,0.03391545228460249,0.0350715239697443,0.04267325455867031
ID_47HOMT,0.03351869239770588,0.01814481706818567,0.043395798399402004,0.03351869239770588,0.01814481706818567,0.043395798399402004
ID_6J0OA0,0.05547900164322285,0.07102327167173923,0.5632999912689649,0.05547900164322285,0.07102327167173923,0.5632999912689649
ID_K1APAR,0.03351869239770588,0.01814481706818567,0.043395798399402004,0.03351869239770588,0.01814481706818567,0.043395798399402004
ID_MHTTNO,0.03351869239770588,0.01814481706818567,0.04525891187906142,0.03351869239770588,0.01814481706818567,0.04525891187906142
ID_SUPIL0,0.03679220891211444,0.03608674334204455,0.045813582175206945,0.03679220891211444,0.03608674334204455,0.045813582175206945
ID_V9KJ8F,0.03391545228460249,0.03225005997211243,0.04304992570129966,0.03391545228460249,0.03225005997211243,0.04304992570129966
ID_WUKPEX,0.036610293454720146,0.01967587625043465,0.04116108730733124,0.036610293454720146,0.01967587625043465,0.04116108730733124
ID_7AXVF1,0.03351869239770588,0.018568559369111094,0.044373356181629034,0.03351869239770588,0.018568559369111094,0.044373356181629034
ID_332Y6S,0.03351869239770588,0.018568559369111094,0.044373356181629034,0.03351869239770588,0.018568559369111094,0.044373356181629034
ID_6Z7LIY,0.033405010150043886,0.011681134531728912,0.040941541122497115,0.033405010150043886,0.011681134531728912,0.040941541122497115
ID_VBBWXW,0.0335248431184523,0.019887224222768517,0.04423258758535896,0.0335248431184523,0.019887224222768517,0.04423258758535896
ID_PZ53IA,0.03415668994098392,0.0528916745568231,0.14920948111031332,0.03415668994098392,0.0528916745568231,0.14920948111031332
ID_BTQVAR,0.03351869239770588,0.018582333976586873,0.044523771890724775,0.03351869239770588,0.018582333976586873,0.044523771890724775
ID_SR0RDK,0.03391545228460249,0.0350715239697443,0.04267325455867031,0.03391545228460249,0.0350715239697443,0.04267325455867031
ID_XE2CME,0.0337825876947113,0.04807621976788306,0.1433821281552773,0.0337825876947113,0.04807621976788306,0.1433821281552773
ID_UWLODH,0.0337825876947113,0.04807621976788306,0.1433821281552773,0.0337825876947113,0.04807621976788306,0.1433821281552773
ID_T29X5H,0.03348094749448393,0.014707954305637221,0.03961383712871848,0.03348094749448393,0.014707954305637221,0.03961383712871848
ID_OZP07A,0.03687179062347667,0.052827862025566066,0.14956474371983156,0.03687179062347667,0.052827862025566066,0.14956474371983156
ID_D69JXQ,0.05519608352311714,0.05951682992924578,0.43346710512794606,0.05519608352311714,0.05951682992924578,0.43346710512794606
ID_VCTTSG,0.03348094749448393,0.014599653855926363,0.039983544601401126,0.03348094749448393,0.014599653855926363,0.039983544601401126
ID_6VLM19,0.03348094749448393,0.014351204452111082,0.039201969576228075,0.03348094749448393,0.014351204452111082,0.039201969576228075
ID_6K8DCI,0.036220303718929626,0.02780998137207815,0.03398303050488509,0.036220303718929626,0.02780998137207815,0.03398303050488509
ID_5F3FW3,0.03687179062347667,0.052827862025566066,0.14946202217008653,0.03687179062347667,0.052827862025566066,0.14946202217008653
ID_UG4L8G,0.03660840166751197,0.020401492838117194,0.031198269091642354,0.03660840166751197,0.020401492838117194,0.031198269091642354
ID_PMIYX1,0.04281683856097727,0.05305816751981579,0.4795254741257003,0.04281683856097727,0.05305816751981579,0.4795254741257003
ID_KVE8Y5,0.03351869239770588,0.021759858418503877,0.04407024985681114,0.03351869239770588,0.021759858418503877,0.04407024985681114
ID_TXR3M8,0.03391545228460249,0.0355059214099374,0.043272642905541794,0.03391545228460249,0.0355059214099374,0.043272642905541794
ID_FGU02Z,0.03351869239770588,0.01814481706818567,0.043395798399402004,0.03351869239770588,0.01814481706818567,0.043395798399402004
ID_SLT0Y1,0.03348094749448393,0.014599653855926363,0.04029378777489137,0.03348094749448393,0.014599653855926363,0.04029378777489137
ID_0Q5QSV,0.03348094749448393,0.014893741214284866,0.04089702410318321,0.03348094749448393,0.014893741214284866,0.04089702410318321
ID_50ELBR,0.04140806803519521,0.039929715999847404,0.39758428991690536,0.04140806803519521,0.039929715999847404,0.39758428991690536
ID_GQZQS4,0.033405010150043886,0.01091202131365572,0.03862389671392193,0.033405010150043886,0.01091202131365572,0.03862389671392193
ID_OQ2HIA,0.03351869239770588,0.018568559369111094,0.04244480293845501,0.03351869239770588,0.018568559369111094,0.04244480293845501
ID_O6E93Q,0.04005829019797902,0.05397258577371422,0.5410750115219174,0.04005829019797902,0.05397258577371422,0.5410750115219174
ID_HOZ3DC,0.033405010150043886,0.023503574810240672,0.04150907631720419,0.033405010150043886,0.023503574810240672,0.04150907631720419
ID_ELJCIV,0.0852286523406105,0.42712875734451144,0.6460669696083583,0.0852286523406105,0.42712875734451144,0.6460669696083583
ID_2UAKPX,0.118288943507867,0.4657246788090725,0.6922231891647246,0.118288943507867,0.4657246788090725,0.6922231891647246
ID_WJH6IB,0.4153997923443632,0.33825660906591826,0.497648683317066,0.4153997923443632,0.33825660906591826,0.497648683317066
ID_8JO374,0.40649412627490566,0.33825660906591826,0.490311400772272,0.40649412627490566,0.33825660906591826,0.490311400772272
ID_ZPTVXF,0.033405010150043886,0.02447422574640713,0.04311311619331038,0.033405010150043886,0.02447422574640713,0.04311311619331038
ID_ZAEIQP,0.033405010150043886,0.027275586317888446,0.04588082079425164,0.033405010150043886,0.027275586317888446,0.04588082079425164
ID_PBP9ZY,0.09932898362815834,0.4490849154457514,0.738249420381127,0.09932898362815834,0.4490849154457514,0.738249420381127
ID_4WJ0SO,0.033405010150043886,0.0242035757459361,0.0423545643765971,0.033405010150043886,0.0242035757459361,0.0423545643765971
ID_H973J5,0.033405010150043886,0.026314721778256247,0.04529189242389171,0.033405010150043886,0.026314721778256247,0.04529189242389171
ID_QQK6J6,0.03745693134728835,0.0333866808455536,0.10841305997141278,0.03745693134728835,0.0333866808455536,0.10841305997141278
ID_8CR3X0,0.03348094749448393,0.03270933028190785,0.04115472291793559,0.03348094749448393,0.03270933028190785,0.04115472291793559
ID_BS1PBY,0.033405010150043886,0.026266951146610616,0.04624640673252971,0.033405010150043886,0.026266951146610616,0.04624640673252971
ID_EMRG7L,0.10497461740664629,0.44442505513808095,0.6655481907389467,0.10497461740664629,0.44442505513808095,0.6655481907389467
ID_CZ1QYM,0.09932898362815834,0.44931522151937847,0.738249420381127,0.09932898362815834,0.44931522151937847,0.738249420381127
ID_OE25L3,0.3603866156013815,0.35832151369443793,0.490311400772272,0.3603866156013815,0.35832151369443793,0.490311400772272
ID_DSYW1S,0.03714476713383869,0.05019643663134062,0.13767889497264418,0.03714476713383869,0.05019643663134062,0.13767889497264418
ID_36YJHO,0.2562182697134629,0.3123755362933669,0.44827254352637685,0.2562182697134629,0.3123755362933669,0.44827254352637685
ID_BH8KBA,0.03467792674881601,0.04059363661753136,0.11692456239132885,0.03467792674881601,0.04059363661753136,0.11692456239132885
ID_DV95UI,0.033405010150043886,0.02584976452122249,0.04588082079425164,0.033405010150043886,0.02584976452122249,0.04588082079425164
ID_2CIKWQ,0.033405010150043886,0.026266951146610616,0.04624640673252971,0.033405010150043886,0.026266951146610616,0.04624640673252971
ID_5DHFGC,0.03348094749448393,0.04291092773011479,0.04620280496257893,0.03348094749448393,0.04291092773011479,0.04620280496257893
ID_AD0JB4,0.033405010150043886,0.024243294850372642,0.04294349274695704,0.033405010150043886,0.024243294850372642,0.04294349274695704
ID_SJB2PH,0.033405010150043886,0.027979860427250695,0.046472942412539964,0.033405010150043886,0.027979860427250695,0.046472942412539964
ID_Q2JGMI,0.03348094749448393,0.032427206591321193,0.03941116992685452,0.03348094749448393,0.032427206591321193,0.03941116992685452
ID_90Z3KA,0.3603866156013815,0.3504260485063961,0.490311400772272,0.3603866156013815,0.3504260485063961,0.490311400772272
ID_BLJT0F,0.03348094749448393,0.04121680726600647,0.041199999562326305,0.03348094749448393,0.04121680726600647,0.041199999562326305
ID_19LZOV,0.118288943507867,0.5211669965488129,0.7164550301510949,0.118288943507867,0.5211669965488129,0.7164550301510949
ID_HXU4D4,0.033405010150043886,0.024031232666677647,0.04099197692189558,0.033405010150043886,0.024031232666677647,0.04099197692189558
ID_PMTTW1,0.19644266248925515,0.8083083599062325,0.9309801932530939,0.19644266248925515,0.8083083599062325,0.9309801932530939
ID_F6SO3R,0.19644266248925515,0.8083083599062325,0.9309801932530939,0.19644266248925515,0.8083083599062325,0.9309801932530939
ID_NZ0L9S,0.03654395875620488,0.029338148008370535,0.1170632741745756,0.03654395875620488,0.029338148008370535,0.1170632741745756
ID_CO06H0,0.033405010150043886,0.027056180259305243,0.04407620434953298,0.033405010150043886,0.027056180259305243,0.04407620434953298
ID_F1SPJM,0.03801693007437719,0.0344753080037473,0.11227404482015767,0.03801693007437719,0.0344753080037473,0.11227404482015767
ID_Q2S367,0.033405010150043886,0.028557317119599683,0.04385168274089974,0.033405010150043886,0.028557317119599683,0.04385168274089974
ID_0A1W1B,0.033405010150043886,0.027772519503048685,0.047128861842530734,0.033405010150043886,0.027772519503048685,0.047128861842530734
ID_J1H455,0.035968377830028334,0.04371380582534058,0.0469423525384514,0.035968377830028334,0.04371380582534058,0.0469423525384514
ID_PNFU37,0.033405010150043886,0.026266951146610616,0.04624640673252971,0.033405010150043886,0.026266951146610616,0.04624640673252971
ID_X2I29Y,0.03348094749448393,0.0332908433506683,0.042302455380500516,0.03348094749448393,0.0332908433506683,0.042302455380500516
ID_I2EHXW,0.03654395875620488,0.030847164964895334,0.1170632741745756,0.03654395875620488,0.030847164964895334,0.1170632741745756
ID_K8D9L9,0.033405010150043886,0.02584976452122249,0.04588082079425164,0.033405010150043886,0.02584976452122249,0.04588082079425164
ID_XW3QM1,0.033405010150043886,0.026724516580800762,0.04385168274089974,0.033405010150043886,0.026724516580800762,0.04385168274089974
ID_HR6DTW,0.03467792674881601,0.04059363661753136,0.11692456239132885,0.03467792674881601,0.04059363661753136,0.11692456239132885
ID_J70B1Q,0.033405010150043886,0.027275586317888446,0.04588082079425164,0.033405010150043886,0.027275586317888446,0.04588082079425164
ID_CG7535,0.04566717914743848,0.04447482376038474,0.11651456671509482,0.04566717914743848,0.04447482376038474,0.11651456671509482
ID_BJ7RH7,0.033405010150043886,0.02523022902222977,0.04311311619331038,0.033405010150043886,0.02523022902222977,0.04311311619331038
ID_95B75E,0.03348094749448393,0.043994905868179904,0.04586428733425744,0.03348094749448393,0.043994905868179904,0.04586428733425744
ID_VST6U7,0.03467792674881601,0.03671880489225606,0.11625062085025996,0.03467792674881601,0.03671880489225606,0.11625062085025996
ID_G3ZX83,0.033405010150043886,0.027586761862337706,0.04529189242389171,0.033405010150043886,0.027586761862337706,0.04529189242389171
ID_OBGAY8,0.03348094749448393,0.043994905868179904,0.045530835784790266,0.03348094749448393,0.043994905868179904,0.045530835784790266
ID_7898T5,0.033405010150043886,0.028555480042406343,0.04502522323570633,0.033405010150043886,0.028555480042406343,0.04502522323570633
ID_GA55FI,0.03333092209923598,0.04058348858113266,0.11361931625894381,0.03333092209923598,0.04058348858113266,0.11361931625894381
ID_IP9G8X,0.03553329739569459,0.04118260185722062,0.11293334236404617,0.03553329739569459,0.04118260185722062,0.11293334236404617
ID_I1NTQJ,0.15954235348139004,0.7963611728360132,0.6723981647025981,0.15954235348139004,0.7963611728360132,0.6723981647025981
ID_J1IMQO,0.03348094749448393,0.033625594115834975,0.04115472291793559,0.03348094749448393,0.033625594115834975,0.04115472291793559
ID_FJY7M6,0.033405010150043886,0.027275586317888446,0.04588082079425164,0.033405010150043886,0.027275586317888446,0.04588082079425164
ID_XXD9VX,0.033405010150043886,0.02258256803856716,0.03913217648916953,0.033405010150043886,0.02258256803856716,0.03913217648916953
ID_95Y6Y3,0.033405010150043886,0.027275586317888446,0.04588082079425164,0.033405010150043886,0.027275586317888446,0.04588082079425164
ID_IEG8FD,0.03348094749448393,0.04291092773011479,0.04620280496257893,0.03348094749448393,0.04291092773011479,0.04620280496257893
ID_UUT71P,0.03467792674881601,0.04115018971848895,0.11625062085025996,0.03467792674881601,0.04115018971848895,0.11625062085025996
ID_ZVGYIZ,0.033405010150043886,0.023580416072562945,0.04294349274695704,0.033405010150043886,0.023580416072562945,0.04294349274695704
ID_GSRCHF,0.03654395875620488,0.02870503243200182,0.11618772332672928,0.03654395875620488,0.02870503243200182,0.11618772332672928
ID_KBNPFA,0.033405010150043886,0.024031232666677647,0.04099197692189558,0.033405010150043886,0.024031232666677647,0.04099197692189558
ID_K92S3H,0.033405010150043886,0.024031232666677647,0.04099197692189558,0.033405010150043886,0.024031232666677647,0.04099197692189558
ID_TIZ8GI,0.03348094749448393,0.03334872997267949,0.03941116992685452,0.03348094749448393,0.03334872997267949,0.03941116992685452
ID_43O6DO,0.033405010150043886,0.026266951146610616,0.04624640673252971,0.033405010150043886,0.026266951146610616,0.04624640673252971
ID_I69X2E,0.033405010150043886,0.026314721778256247,0.04529189242389171,0.033405010150043886,0.026314721778256247,0.04529189242389171
ID_IGUSKY,0.43390739589145366,0.8355041566066456,0.9522032142396313,0.43390739589145366,0.8355041566066456,0.9522032142396313
ID_IO9T8L,0.03654395875620488,0.029819577437073197,0.11618772332672928,0.03654395875620488,0.029819577437073197,0.11618772332672928
ID_GP1DHX,0.03348094749448393,0.03270933028190785,0.04115472291793559,0.03348094749448393,0.03270933028190785,0.04115472291793559
ID_6072SC,0.033405010150043886,0.024031232666677647,0.04099197692189558,0.033405010150043886,0.024031232666677647,0.04099197692189558
ID_60NL3S,0.0359874554985552,0.04276056236213095,0.1160099397765342,0.0359874554985552,0.04276056236213095,0.1160099397765342
ID_ITEO5N,0.03348094749448393,0.04302897186976898,0.04586428733425744,0.03348094749448393,0.04302897186976898,0.04586428733425744
ID_OYNTET,0.03467792674881601,0.03621759935799053,0.11692456239132885,0.03467792674881601,0.03621759935799053,0.11692456239132885
ID_D4YOQ7,0.11636538880056255,0.5199781602676687,0.7164550301510949,0.11636538880056255,0.5199781602676687,0.7164550301510949
ID_6REL2T,0.033405010150043886,0.02193355736046304,0.03972110485952947,0.033405010150043886,0.02193355736046304,0.03972110485952947
ID_88HS7P,0.033405010150043886,0.027130549241742387,0.04326275437053981,0.033405010150043886,0.027130549241742387,0.04326275437053981
ID_UST3WB,0.0359874554985552,0.04276056236213095,0.1160099397765342,0.0359874554985552,0.04276056236213095,0.1160099397765342
ID_ETJ0ZE,0.033405010150043886,0.024243294850372642,0.04294349274695704,0.033405010150043886,0.024243294850372642,0.04294349274695704
ID_7BGHTB,0.03348094749448393,0.03394935566177734,0.04055890238941944,0.03348094749448393,0.03394935566177734,0.04055890238941944
ID_ZDJ1XZ,0.033405010150043886,0.027056180259305243,0.04407620434953298,0.033405010150043886,0.027056180259305243,0.04407620434953298
ID_Y7ND6Y,0.033405010150043886,0.023580416072562945,0.04294349274695704,0.033405010150043886,0.023580416072562945,0.04294349274695704
ID_QRPH0R,0.03553329739569459,0.041695608318929815,0.11234479496690147,0.03553329739569459,0.041695608318929815,0.11234479496690147
ID_C01ZXM,0.033405010150043886,0.024012200933118337,0.04040304855153564,0.033405010150043886,0.024012200933118337,0.04040304855153564
ID_ZN6VHC,0.033405010150043886,0.02274418802066757,0.04150907631720419,0.033405010150043886,0.02274418802066757,0.04150907631720419
ID_3RTO71,0.033405010150043886,0.022773299839380402,0.04151469130321373,0.033405010150043886,0.022773299839380402,0.04151469130321373
ID_7AWBEY,0.0359874554985552,0.04769695067504076,0.11679432721279107,0.0359874554985552,0.04769695067504076,0.11679432721279107
ID_6OBWMT,0.03467792674881601,0.04059363661753136,0.11692456239132885,0.03467792674881601,0.04059363661753136,0.11692456239132885
ID_70AEKG,0.033405010150043886,0.022567268545222827,0.03972110485952947,0.033405010150043886,0.022567268545222827,0.03972110485952947
ID_MVQMU6,0.033405010150043886,0.02523022902222977,0.04311311619331038,0.033405010150043886,0.02523022902222977,0.04311311619331038
ID_XNFNA4,0.03348094749448393,0.03731209261562951,0.043951823310282606,0.03348094749448393,0.03731209261562951,0.043951823310282606
ID_1Y57MO,0.033405010150043886,0.026314721778256247,0.04529189242389171,0.033405010150043886,0.026314721778256247,0.04529189242389171
ID_GAOFDO,0.03348094749448393,0.04484188786667821,0.04885207242901174,0.03348094749448393,0.04484188786667821,0.04885207242901174
ID_WBEYQ0,0.033405010150043886,0.027275586317888446,0.04588082079425164,0.033405010150043886,0.027275586317888446,0.04588082079425164
ID_46KU2G,0.033405010150043886,0.024254623430840932,0.04113729498658366,0.033405010150043886,0.024254623430840932,0.04113729498658366
ID_IR8LH0,0.03348094749448393,0.043994905868179904,0.045530835784790266,0.03348094749448393,0.043994905868179904,0.045530835784790266
ID_S85UA7,0.033405010150043886,0.026266951146610616,0.04624640673252971,0.033405010150043886,0.026266951146610616,0.04624640673252971
ID_JI8Z14,0.03348094749448393,0.04484188786667821,0.04885207242901174,0.03348094749448393,0.04484188786667821,0.04885207242901174
ID_RNSP8B,0.3357986313107356,0.3792610449006863,0.47641680679684184,0.3357986313107356,0.3792610449006863,0.47641680679684184
ID_4GRPQ9,0.09932898362815834,0.44931522151937847,0.738249420381127,0.09932898362815834,0.44931522151937847,0.738249420381127
ID_8JTFNT,0.033405010150043886,0.023580416072562945,0.04294349274695704,0.033405010150043886,0.023580416072562945,0.04294349274695704
ID_2TMUS6,0.033405010150043886,0.027275586317888446,0.04588082079425164,0.033405010150043886,0.027275586317888446,0.04588082079425164
ID_UBIINM,0.033405010150043886,0.023503574810240672,0.04150907631720419,0.033405010150043886,0.023503574810240672,0.04150907631720419
ID_TFLD6S,0.033405010150043886,0.026314721778256247,0.04529189242389171,0.033405010150043886,0.026314721778256247,0.04529189242389171
ID_ESYJ2B,0.033405010150043886,0.022773299839380402,0.04151469130321373,0.033405010150043886,0.022773299839380402,0.04151469130321373
ID_KNDB9Y,0.03348094749448393,0.03532072440703055,0.04102441809383451,0.03348094749448393,0.03532072440703055,0.04102441809383451
ID_KBMX7S,0.033405010150043886,0.027275586317888446,0.04588082079425164,0.033405010150043886,0.027275586317888446,0.04588082079425164
ID_UFWO9L,0.0359874554985552,0.04276056236213095,0.1160099397765342,0.0359874554985552,0.04276056236213095,0.1160099397765342
ID_LFO2EU,0.033405010150043886,0.026314721778256247,0.04529189242389171,0.033405010150043886,0.026314721778256247,0.04529189242389171
ID_2ZBL24,0.033405010150043886,0.022555597193912584,0.0396304801707842,0.033405010150043886,0.022555597193912584,0.0396304801707842
ID_2WWX3O,0.033405010150043886,0.028774576124782743,0.04326275437053981,0.033405010150043886,0.028774576124782743,0.04326275437053981
ID_L9N1KK,0.0359874554985552,0.04276056236213095,0.1160099397765342,0.0359874554985552,0.04276056236213095,0.1160099397765342
ID_MFBDFI,0.033405010150043886,0.026266951146610616,0.04624640673252971,0.033405010150043886,0.026266951146610616,0.04624640673252971
ID_FSYPFJ,0.047994823733579356,0.04095866885614867,0.061803994507324905,0.047994823733579356,0.04095866885614867,0.061803994507324905
ID_7DOBZ7,0.05031350920864032,0.043048078569344256,0.048723658463239394,0.05031350920864032,0.043048078569344256,0.048723658463239394
ID_C6D32M,0.4336988174760449,0.40036065349649225,0.4193848972436419,0.4336988174760449,0.40036065349649225,0.4193848972436419
ID_UZW285,0.17054406966756386,0.22240998705692575,0.39886895620762425,0.17054406966756386,0.22240998705692575,0.39886895620762425
ID_5BJBQN,0.1181807724292888,0.14218339991343626,0.3259809720917375,0.1181807724292888,0.14218339991343626,0.3259809720917375
ID_IIL1YE,0.04977415698025022,0.04348621629067183,0.04883141184276294,0.04977415698025022,0.04348621629067183,0.04883141184276294
ID_35Q4VL,0.04977415698025022,0.04287620493148636,0.04821511182525781,0.04977415698025022,0.04287620493148636,0.04821511182525781
ID_0D8BV7,0.05031350920864032,0.043048078569344256,0.048723658463239394,0.05031350920864032,0.043048078569344256,0.048723658463239394
ID_F1CKKX,0.04292329528704372,0.03993067897585596,0.04741689776630463,0.04292329528704372,0.03993067897585596,0.04741689776630463
ID_NWINB1,0.7778008940595247,0.6079152390990181,0.5839221450832578,0.7778008940595247,0.6079152390990181,0.5839221450832578
ID_M3FL8L,0.049189615871392284,0.03912595362559315,0.056134506571189596,0.049189615871392284,0.03912595362559315,0.056134506571189596
ID_2L800L,0.047207215416421686,0.04160625339235793,0.049994637993060156,0.047207215416421686,0.04160625339235793,0.049994637993060156
ID_WE66R6,0.04977415698025022,0.04348621629067183,0.04883141184276294,0.04977415698025022,0.04348621629067183,0.04883141184276294
ID_3P9NV3,0.04977415698025022,0.04348621629067183,0.04883141184276294,0.04977415698025022,0.04348621629067183,0.04883141184276294
ID_GV31Z2,0.7701740426145324,0.6126872774430735,0.5937869775258785,0.7701740426145324,0.6126872774430735,0.5937869775258785
ID_JF5PXT,0.5000192550708147,0.446947409538522,0.44979872642705765,0.5000192550708147,0.446947409538522,0.44979872642705765
ID_DHMWLG,0.05031350920864032,0.043048078569344256,0.048723658463239394,0.05031350920864032,0.043048078569344256,0.048723658463239394
ID_6UCW4P,0.04851462220418881,0.03942338856780736,0.05911864492391521,0.04851462220418881,0.03942338856780736,0.05911864492391521
ID_YA5S91,0.047207215416421686,0.038969668804978576,0.04891071043559004,0.047207215416421686,0.038969668804978576,0.04891071043559004
ID_8IPOB2,0.049189615871392284,0.03932441144477336,0.056134506571189596,0.049189615871392284,0.03932441144477336,0.056134506571189596
ID_13CYF8,0.4920189890757506,0.4404007504381264,0.44979872642705765,0.4920189890757506,0.4404007504381264,0.44979872642705765
ID_MHUXYA,0.17054406966756386,0.20657154912007852,0.4185792152959493,0.17054406966756386,0.20657154912007852,0.4185792152959493
ID_QAMSN8,0.11955700081953327,0.12496300753326431,0.3384234547224486,0.11955700081953327,0.12496300753326431,0.3384234547224486
ID_4QEJQO,0.049189615871392284,0.03855676023333278,0.05549469109241577,0.049189615871392284,0.03855676023333278,0.05549469109241577
ID_AESDDG,0.04851462220418881,0.03928096504074936,0.059502792410118875,0.04851462220418881,0.03928096504074936,0.059502792410118875
ID_9Z1OH9,0.049189615871392284,0.03932441144477336,0.05437826629916863,0.049189615871392284,0.03932441144477336,0.05437826629916863
ID_AG8V7R,0.047207215416421686,0.038969668804978576,0.04891071043559004,0.047207215416421686,0.038969668804978576,0.04891071043559004
ID_W6WUS8,0.049189615871392284,0.03855676023333278,0.05549469109241577,0.049189615871392284,0.03855676023333278,0.05549469109241577
ID_M5OV7R,0.049226932919870126,0.03981687782991236,0.055868014301771844,0.049226932919870126,0.03981687782991236,0.055868014301771844
ID_OQBR7N,0.05895491406951289,0.04122617059670538,0.06847255223524529,0.05895491406951289,0.04122617059670538,0.06847255223524529
ID_VYAECN,0.4855446257851898,0.44948402687953304,0.44242531486177983,0.4855446257851898,0.44948402687953304,0.44242531486177983
ID_26AKFY,0.441699083471109,0.4047963160763258,0.4193848972436419,0.441699083471109,0.4047963160763258,0.4193848972436419
ID_VQGG2L,0.17054406966756386,0.20657154912007852,0.4185792152959493,0.17054406966756386,0.20657154912007852,0.4185792152959493
ID_Z2H98N,0.12500455902571173,0.13467049792789115,0.32782155358917614,0.12500455902571173,0.13467049792789115,0.32782155358917614
ID_DMNH7M,0.17054406966756386,0.2080671062296702,0.40724650243899874,0.17054406966756386,0.2080671062296702,0.40724650243899874
ID_BGOJK7,0.12500455902571173,0.1350394585517484,0.3198098230133057,0.12500455902571173,0.1350394585517484,0.3198098230133057
ID_7R8S23,0.055209669587689164,0.04112120250580248,0.06651113776165346,0.055209669587689164,0.04112120250580248,0.06651113776165346
ID_MQO3VY,0.12500455902571173,0.1350394585517484,0.3198098230133057,0.12500455902571173,0.1350394585517484,0.3198098230133057
ID_O51O42,0.17054406966756386,0.20912837250520486,0.39355079754616235,0.17054406966756386,0.20912837250520486,0.39355079754616235
ID_4ISUVM,0.12500455902571173,0.1350394585517484,0.3198098230133057,0.12500455902571173,0.1350394585517484,0.3198098230133057
ID_PGEE11,0.04847730515571096,0.03881037927406836,0.057678693608543406,0.04847730515571096,0.03881037927406836,0.057678693608543406
ID_I5VRO5,0.0427443660226242,0.037657962632495476,0.042829800471988005,0.0427443660226242,0.037657962632495476,0.042829800471988005
ID_T0N43N,0.05031350920864032,0.043245338143936427,0.05008554153720887,0.05031350920864032,0.043245338143936427,0.05008554153720887
ID_15F3L2,0.441699083471109,0.4067590625671278,0.4193848972436419,0.441699083471109,0.4067590625671278,0.4193848972436419
ID_MYJQBV,0.79575155100662,0.6682993916685787,0.6430129408267036,0.79575155100662,0.6682993916685787,0.6430129408267036
ID_SIXKWK,0.047207215416421686,0.039941699065134784,0.049994637993060156,0.047207215416421686,0.039941699065134784,0.049994637993060156
ID_R062SB,0.049226932919870126,0.03981687782991236,0.057624254573792805,0.049226932919870126,0.03981687782991236,0.057624254573792805
ID_JQMJO8,0.0432837182510143,0.0392874808511534,0.04410888988318219,0.0432837182510143,0.0392874808511534,0.04410888988318219
ID_N1KQ0P,0.441699083471109,0.4047963160763258,0.4193848972436419,0.441699083471109,0.4047963160763258,0.4193848972436419
ID_17EH3F,0.047207215416421686,0.038969668804978576,0.04891071043559004,0.047207215416421686,0.038969668804978576,0.04891071043559004
ID_WHQS9J,0.049189615871392284,0.03932441144477336,0.05437826629916863,0.049189615871392284,0.03932441144477336,0.05437826629916863
ID_E9MYEG,0.055209669587689164,0.04112120250580248,0.06651113776165346,0.055209669587689164,0.04112120250580248,0.06651113776165346
ID_P4VAZC,0.052995214613102457,0.04304101922579448,0.06272094502157381,0.052995214613102457,0.04304101922579448,0.06272094502157381
ID_8EUWNU,0.0432837182510143,0.03765037272246473,0.0441217296819854,0.0432837182510143,0.03765037272246473,0.0441217296819854
ID_S5TAQL,0.049226932919870126,0.03981687782991236,0.05775602995267731,0.049226932919870126,0.03981687782991236,0.05775602995267731
ID_0S0PVH,0.047207215416421686,0.038969668804978576,0.04891071043559004,0.047207215416421686,0.038969668804978576,0.04891071043559004
ID_HKCU5C,0.4810805411190118,0.43099751836286015,0.4118828215988345,0.4810805411190118,0.43099751836286015,0.4118828215988345
ID_9SXKX7,0.047207215416421686,0.038969668804978576,0.04891071043559004,0.047207215416421686,0.038969668804978576,0.04891071043559004
ID_CAC8HA,0.04851462220418881,0.03942338856780736,0.05911864492391521,0.04851462220418881,0.03942338856780736,0.05911864492391521
ID_LTTNP4,0.0432837182510143,0.03515707458805135,0.041779885283558076,0.0432837182510143,0.03515707458805135,0.041779885283558076
ID_8Y6GYA,0.04847730515571096,0.0394591481234967,0.058571643284697564,0.04847730515571096,0.0394591481234967,0.058571643284697564
ID_JAHUY4,0.047207215416421686,0.038969668804978576,0.04891071043559004,0.047207215416421686,0.038969668804978576,0.04891071043559004
ID_7WRXP5,0.049189615871392284,0.03855676023333278,0.05549469109241577,0.049189615871392284,0.03855676023333278,0.05549469109241577
ID_E6FGS1,0.4752381450401709,0.3962431094468859,0.4067123765475825,0.4752381450401709,0.3962431094468859,0.4067123765475825
ID_J23PY3,0.7908964298721197,0.6665311865271872,0.6442854864481015,0.7908964298721197,0.6665311865271872,0.6442854864481015
ID_I8EM0Z,0.7375744016035284,0.5937150778531918,0.6026739348183583,0.7375744016035284,0.5937150778531918,0.6026739348183583
ID_M0AGW7,0.047994823733579356,0.04108901234705756,0.06272094502157381,0.047994823733579356,0.04108901234705756,0.06272094502157381
ID_FM2PGK,0.04174014297987174,0.03975228346718074,0.04461178450395714,0.04174014297987174,0.03975228346718074,0.04461178450395714
ID_WR1UYY,0.05395452318998979,0.038904559349248594,0.06847255223524529,0.05395452318998979,0.038904559349248594,0.06847255223524529
ID_G2J9TV,0.4752381450401709,0.3962431094468859,0.4067123765475825,0.4752381450401709,0.3962431094468859,0.4067123765475825
ID_XCOLR8,0.049189615871392284,0.03912595362559315,0.056134506571189596,0.049189615871392284,0.03912595362559315,0.056134506571189596
ID_9J6DPQ,0.047207215416421686,0.038969668804978576,0.04891071043559004,0.047207215416421686,0.038969668804978576,0.04891071043559004
ID_X6MXTF,0.049189615871392284,0.03855676023333278,0.05549469109241577,0.049189615871392284,0.03855676023333278,0.05549469109241577
ID_YFL07C,0.049189615871392284,0.03855676023333278,0.05549469109241577,0.049189615871392284,0.03855676023333278,0.05549469109241577
ID_BCF7Y5,0.7483420677531298,0.6081421007661452,0.5847728633539607,0.7483420677531298,0.6081421007661452,0.5847728633539607
ID_WW13YS,0.041079139715695365,0.03558375160312718,0.042449350994164275,0.041079139715695365,0.03558375160312718,0.042449350994164275
ID_DEQONK,0.049226932919870126,0.03981687782991236,0.055868014301771844,0.049226932919870126,0.03981687782991236,0.055868014301771844
ID_8NIMUF,0.4991354428422562,0.45866831275850917,0.4216633851270595,0.4991354428422562,0.45866831275850917,0.4216633851270595
ID_AN1U1Q,0.04174014297987174,0.03848835205536161,0.04091180180231082,0.04174014297987174,0.03848835205536161,0.04091180180231082
ID_SYTJK4,0.05609299977618954,0.035800529779470076,0.05675442900485248,0.05609299977618954,0.035800529779470076,0.05675442900485248
ID_GE0PML,0.049189615871392284,0.03922112682237347,0.05618316740453441,0.049189615871392284,0.03922112682237347,0.05618316740453441
ID_2HISEV,0.047994823733579356,0.04108901234705756,0.06214241585742292,0.047994823733579356,0.04108901234705756,0.06214241585742292
ID_MDD7FZ,0.049226932919870126,0.039593596454189084,0.057624254573792805,0.049226932919870126,0.039593596454189084,0.057624254573792805
ID_FQNAWD,0.041079139715695365,0.03618420567474574,0.04327211013141275,0.041079139715695365,0.03618420567474574,0.04327211013141275
ID_FVWFLK,0.04461897389684617,0.03346443470776003,0.04216391427577299,0.04461897389684617,0.03346443470776003,0.04216391427577299
ID_ADU6RR,0.052995214613102457,0.04300066755332131,0.061803994507324905,0.052995214613102457,0.04300066755332131,0.061803994507324905
ID_XH1LC3,0.047994823733579356,0.04095866885614867,0.061803994507324905,0.047994823733579356,0.04095866885614867,0.061803994507324905
ID_P98LKD,0.1288505457223854,0.1466024886745012,0.3228419245205071,0.1288505457223854,0.1466024886745012,0.3228419245205071
ID_9OMVON,0.441699083471109,0.4047963160763258,0.4193848972436419,0.441699083471109,0.4047963160763258,0.4193848972436419
ID_FKYCE5,0.48657354713642853,0.4123710387578243,0.408219876633127,0.48657354713642853,0.4123710387578243,0.408219876633127
ID_V3YM6S,0.04174014297987174,0.03939165217442836,0.0457920026008778,0.04174014297987174,0.03939165217442836,0.0457920026008778
ID_HRFMYC,0.12500455902571173,0.1273889362821053,0.2972414859661488,0.12500455902571173,0.1273889362821053,0.2972414859661488
ID_D088YD,0.04346264751543382,0.0392874808511534,0.0447913895028281,0.04346264751543382,0.0392874808511534,0.0447913895028281
ID_CLQ4CW,0.04174014297987174,0.0380857357963911,0.041553885715631525,0.04174014297987174,0.0380857357963911,0.041553885715631525
ID_RL7E2I,0.047207215416421686,0.038969668804978576,0.04891071043559004,0.047207215416421686,0.038969668804978576,0.04891071043559004
ID_VK25IA,0.48842336462118763,0.43356193943991694,0.4039264052988549,0.48842336462118763,0.43356193943991694,0.4039264052988549
ID_RN5N5F,0.049189615871392284,0.03932441144477336,0.05437826629916863,0.049189615871392284,0.03932441144477336,0.05437826629916863
ID_5TLZMB,0.04461897389684617,0.03852381603220479,0.04283349848036793,0.04461897389684617,0.03852381603220479,0.04283349848036793
ID_7OSIUD,0.04847730515571096,0.03881037927406836,0.057678693608543406,0.04847730515571096,0.03881037927406836,0.057678693608543406
ID_MZPJPB,0.48657354713642853,0.4123710387578243,0.408219876633127,0.48657354713642853,0.4123710387578243,0.408219876633127
ID_1QMC23,0.047282513017898035,0.04064799725183853,0.058913674747898624,0.047282513017898035,0.04064799725183853,0.058913674747898624
ID_HE9HVL,0.04461897389684617,0.03346443470776003,0.04216391427577299,0.04461897389684617,0.03346443470776003,0.04216391427577299
ID_H2IQKE,0.047207215416421686,0.039941699065134784,0.049994637993060156,0.047207215416421686,0.039941699065134784,0.049994637993060156
ID_YHLHJU,0.049226932919870126,0.03981687782991236,0.055868014301771844,0.049226932919870126,0.03981687782991236,0.055868014301771844
ID_5QLFQX,0.049189615871392284,0.03912595362559315,0.056134506571189596,0.049189615871392284,0.03912595362559315,0.056134506571189596
ID_8XAE26,0.5827259746639208,0.664709172904764,0.8569438840008269,0.5827259746639208,0.664709172904764,0.8569438840008269
ID_4OPMF7,0.04977415698025022,0.04363917713694755,0.05022570875375521,0.04977415698025022,0.04363917713694755,0.05022570875375521
ID_N4FQXD,0.04977415698025022,0.04303897426947821,0.04954090312146141,0.04977415698025022,0.04303897426947821,0.04954090312146141
ID_BLEVN1,0.047994823733579356,0.04095866885614867,0.061803994507324905,0.047994823733579356,0.04095866885614867,0.061803994507324905
ID_LHUDOH,0.041079139715695365,0.032545169017374205,0.04216391427577299,0.041079139715695365,0.032545169017374205,0.04216391427577299
ID_OKOAZY,0.049226932919870126,0.039042613168865384,0.05698443909501898,0.049226932919870126,0.039042613168865384,0.05698443909501898
ID_E57G26,0.047994823733579356,0.04108901234705756,0.06214241585742292,0.047994823733579356,0.04108901234705756,0.06214241585742292
ID_2STV22,0.4991354428422562,0.4553117559126507,0.4131578200493097,0.4991354428422562,0.4553117559126507,0.4131578200493097
ID_7UZ55C,0.049226932919870126,0.03971980333372918,0.0591393545648555,0.049226932919870126,0.03971980333372918,0.0591393545648555
ID_DD2PDS,0.052995214613102457,0.042787540737759894,0.061803994507324905,0.052995214613102457,0.042787540737759894,0.061803994507324905
ID_KDHH6J,0.049189615871392284,0.03932441144477336,0.056134506571189596,0.049189615871392284,0.03932441144477336,0.056134506571189596
ID_A7UKVZ,0.48657354713642853,0.41408080633561095,0.41672544171087667,0.48657354713642853,0.41408080633561095,0.41672544171087667
ID_663PZ9,0.055209669587689164,0.04112120250580248,0.06651113776165346,0.055209669587689164,0.04112120250580248,0.06651113776165346
ID_URF0I1,0.4336988174760449,0.3991944582317814,0.44046422394532614,0.4336988174760449,0.3991944582317814,0.44046422394532614
ID_4N5TQ6,0.049226932919870126,0.039042613168865384,0.05698443909501898,0.049226932919870126,0.039042613168865384,0.05698443909501898
ID_60ZK2I,0.047994823733579356,0.04117179567171009,0.06214241585742292,0.047994823733579356,0.04117179567171009,0.06214241585742292
ID_QC43VZ,0.4810805411190118,0.43099751836286015,0.4118828215988345,0.4810805411190118,0.43099751836286015,0.4118828215988345
ID_13U1NY,0.047282513017898035,0.03825239190660034,0.058529527261694955,0.047282513017898035,0.03825239190660034,0.058529527261694955
ID_1VBX12,0.04174014297987174,0.039302220702411,0.043969700590636436,0.04174014297987174,0.039302220702411,0.043969700590636436
ID_7HH53L,0.049226932919870126,0.039042613168865384,0.05698443909501898,0.049226932919870126,0.039042613168865384,0.05698443909501898
ID_O7C7KQ,0.049189615871392284,0.03932441144477336,0.056134506571189596,0.049189615871392284,0.03932441144477336,0.056134506571189596
ID_G5JSBH,0.052995214613102457,0.04320708401095526,0.06009517545184558,0.052995214613102457,0.04320708401095526,0.06009517545184558
ID_VKKIH3,0.052995214613102457,0.04304101922579448,0.06214241585742292,0.052995214613102457,0.04304101922579448,0.06214241585742292
ID_665YVK,0.04977415698025022,0.04363917713694755,0.05022570875375521,0.04977415698025022,0.04363917713694755,0.05022570875375521
ID_I3WYPK,0.04977415698025022,0.04303897426947821,0.04954090312146141,0.04977415698025022,0.04303897426947821,0.04954090312146141
ID_UVJVQX,0.4810805411190118,0.43099751836286015,0.4118828215988345,0.4810805411190118,0.43099751836286015,0.4118828215988345
ID_574Q8E,0.05609299977618954,0.035800529779470076,0.05675442900485248,0.05609299977618954,0.035800529779470076,0.05675442900485248
ID_L6LXEE,0.48657354713642853,0.4123710387578243,0.408219876633127,0.48657354713642853,0.4123710387578243,0.408219876633127
ID_74MOYS,0.052995214613102457,0.04320708401095526,0.06214241585742292,0.052995214613102457,0.04320708401095526,0.06214241585742292
ID_N6IRKL,0.05609299977618954,0.035800529779470076,0.05675442900485248,0.05609299977618954,0.035800529779470076,0.05675442900485248
ID_3F60LX,0.05604367941519848,0.038912863180877715,0.05668174424007174,0.05604367941519848,0.038912863180877715,0.05668174424007174
ID_D6GTQM,0.05609299977618954,0.03868889108123423,0.059978649507192686,0.05609299977618954,0.03868889108123423,0.059978649507192686
ID_28MU6X,0.047207215416421686,0.038969668804978576,0.04891071043559004,0.047207215416421686,0.038969668804978576,0.04891071043559004
ID_4EA27V,0.049189615871392284,0.03855676023333278,0.05549469109241577,0.049189615871392284,0.03855676023333278,0.05549469109241577
ID_JMKVHA,0.0432837182510143,0.03765037272246473,0.0441217296819854,0.0432837182510143,0.03765037272246473,0.0441217296819854
ID_T8PROT,0.04851462220418881,0.03928096504074936,0.059502792410118875,0.04851462220418881,0.03928096504074936,0.059502792410118875
ID_KFZT1Z,0.7638909631931146,0.6185979132994011,0.6052924791175541,0.7638909631931146,0.6185979132994011,0.6052924791175541
ID_1L92EP,0.04851462220418881,0.036064173777629945,0.057205521231855246,0.04851462220418881,0.036064173777629945,0.057205521231855246
ID_D16TQ3,0.05031350920864032,0.043048078569344256,0.048723658463239394,0.05031350920864032,0.043048078569344256,0.048723658463239394
ID_4KJBXU,0.05031350920864032,0.043245338143936427,0.05008554153720887,0.05031350920864032,0.043245338143936427,0.05008554153720887
ID_HAGZ8S,0.041079139715695365,0.03548397662568835,0.04349261093937233,0.041079139715695365,0.03548397662568835,0.04349261093937233
ID_BZOPQK,0.047994823733579356,0.04117179567171009,0.06009517545184558,0.047994823733579356,0.04117179567171009,0.06009517545184558
ID_83J5WV,0.052995214613102457,0.042787540737759894,0.061803994507324905,0.052995214613102457,0.042787540737759894,0.061803994507324905
ID_2WYS02,0.041079139715695365,0.034559777406671675,0.04349261093937233,0.041079139715695365,0.034559777406671675,0.04349261093937233
ID_OHLMK5,0.7701740426145324,0.6162396086053856,0.6052924791175541,0.7701740426145324,0.6162396086053856,0.6052924791175541
ID_TENL85,0.041079139715695365,0.03558375160312718,0.042449350994164275,0.041079139715695365,0.03558375160312718,0.042449350994164275
ID_BIVD7V,0.04847730515571096,0.03881037927406836,0.057678693608543406,0.04847730515571096,0.03881037927406836,0.057678693608543406
ID_J28DNK,0.049226932919870126,0.03981687782991236,0.055868014301771844,0.049226932919870126,0.03981687782991236,0.055868014301771844
ID_BWIO8Z,0.049226932919870126,0.03981687782991236,0.055868014301771844,0.049226932919870126,0.03981687782991236,0.055868014301771844
ID_OCWO27,0.04174014297987174,0.03814553251400936,0.043969700590636436,0.04174014297987174,0.03814553251400936,0.043969700590636436
ID_IGHXNY,0.12500455902571173,0.12223428971404665,0.29506728868723675,0.12500455902571173,0.12223428971404665,0.29506728868723675
ID_LIIIBA,0.507334104088813,0.46304294819465697,0.4745036195395885,0.507334104088813,0.46304294819465697,0.4745036195395885
ID_1PO93P,0.05031350920864032,0.043245338143936427,0.05008554153720887,0.05031350920864032,0.043245338143936427,0.05008554153720887
ID_JS0FD0,0.049189615871392284,0.03922112682237347,0.05685624208116273,0.049189615871392284,0.03922112682237347,0.05685624208116273
ID_4YQUG6,0.1351347479043437,0.14198163314201923,0.33552713770996345,0.1351347479043437,0.14198163314201923,0.33552713770996345
ID_GGCNVE,0.7657792172572229,0.6508745267991913,0.6543485180968268,0.7657792172572229,0.6508745267991913,0.6543485180968268
ID_4MU095,0.7773473152997576,0.59857994642925,0.5852555268790026,0.7773473152997576,0.59857994642925,0.5852555268790026
ID_CF2J5G,0.7908964298721197,0.6665311865271872,0.6442854864481015,0.7908964298721197,0.6665311865271872,0.6442854864481015
ID_69KUSA,0.049189615871392284,0.03932441144477336,0.05618316740453441,0.049189615871392284,0.03932441144477336,0.05618316740453441
ID_47WWSO,0.04851462220418881,0.03942338856780736,0.05911864492391521,0.04851462220418881,0.03942338856780736,0.05911864492391521
ID_8EMU7E,0.04851462220418881,0.03942338856780736,0.05911864492391521,0.04851462220418881,0.03942338856780736,0.05911864492391521
ID_SSSQEE,0.05890559370852183,0.040502228075720396,0.06618401733470537,0.05890559370852183,0.040502228075720396,0.06618401733470537
ID_NC40LD,0.1351347479043437,0.1400493085957189,0.33469132989148453,0.1351347479043437,0.1400493085957189,0.33469132989148453
ID_RXX5K6,0.04174014297987174,0.03814553251400936,0.0457920026008778,0.04174014297987174,0.03814553251400936,0.0457920026008778
ID_O60MXV,0.0427443660226242,0.035106462641923096,0.04127133864557649,0.0427443660226242,0.035106462641923096,0.04127133864557649
ID_OG238E,0.049189615871392284,0.03922112682237347,0.05618316740453441,0.049189615871392284,0.03922112682237347,0.05618316740453441
ID_VA27BH,0.052945894252111395,0.04233905749143266,0.06104536774351195,0.052945894252111395,0.04233905749143266,0.06104536774351195
ID_5GVW6U,0.05895491406951289,0.04122617059670538,0.06847255223524529,0.05895491406951289,0.04122617059670538,0.06847255223524529
ID_74LR12,0.46941206343588515,0.3198802968494829,0.3743074907754226,0.46941206343588515,0.3198802968494829,0.3743074907754226
ID_345SCW,0.049226932919870126,0.039593596454189084,0.057624254573792805,0.049226932919870126,0.039593596454189084,0.057624254573792805
ID_AYT8DU,0.049189615871392284,0.03922112682237347,0.05668910759321756,0.049189615871392284,0.03922112682237347,0.05668910759321756
ID_XW5DPZ,0.0432837182510143,0.03699071726909608,0.0441217296819854,0.0432837182510143,0.03699071726909608,0.0441217296819854
ID_4IB9N7,0.049189615871392284,0.03932441144477336,0.05437826629916863,0.049189615871392284,0.03932441144477336,0.05437826629916863
ID_270DJ8,0.052995214613102457,0.042787540737759894,0.061803994507324905,0.052995214613102457,0.042787540737759894,0.061803994507324905
ID_NSAKGY,0.05524698663616702,0.04165274108943836,0.06876054867484295,0.05524698663616702,0.04165274108943836,0.06876054867484295
ID_1PTB19,0.049189615871392284,0.03912595362559315,0.056134506571189596,0.049189615871392284,0.03912595362559315,0.056134506571189596
ID_RDTW4J,0.052995214613102457,0.04320708401095526,0.06009517545184558,0.052995214613102457,0.04320708401095526,0.06009517545184558
ID_R8D4HS,0.05031350920864032,0.043048078569344256,0.048723658463239394,0.05031350920864032,0.043048078569344256,0.048723658463239394
ID_UF3LOQ,0.79575155100662,0.6682993916685787,0.6430129408267036,0.79575155100662,0.6682993916685787,0.6430129408267036
ID_AZRY44,0.049189615871392284,0.03912595362559315,0.056134506571189596,0.049189615871392284,0.03912595362559315,0.056134506571189596
ID_2KRTKC,0.03868771186087962,0.10188171259958591,0.10694843508251564,0.03868771186087962,0.10188171259958591,0.10694843508251564
ID_ISJZ5E,0.0442814286698775,0.11744661021914755,0.14100469867400253,0.0442814286698775,0.11744661021914755,0.14100469867400253
ID_DB3FQ6,0.0442814286698775,0.11744661021914755,0.14100469867400253,0.0442814286698775,0.11744661021914755,0.14100469867400253
ID_55KL6G,0.0442814286698775,0.11744661021914755,0.14100469867400253,0.0442814286698775,0.11744661021914755,0.14100469867400253
ID_X7RL40,0.03919866940639017,0.08194908865914788,0.10102137912192335,0.03919866940639017,0.08194908865914788,0.10102137912192335
ID_38TR4Q,0.03868771186087962,0.09686888524297216,0.10694843508251564,0.03868771186087962,0.09686888524297216,0.10694843508251564
ID_L8T6ZB,0.03919866940639017,0.0816799525948464,0.1065180447226442,0.03919866940639017,0.0816799525948464,0.1065180447226442
ID_D1SBOO,0.03868771186087962,0.10188171259958591,0.10444856939253569,0.03868771186087962,0.10188171259958591,0.10444856939253569
ID_83M5MJ,0.0442814286698775,0.11744661021914755,0.14100469867400253,0.0442814286698775,0.11744661021914755,0.14100469867400253
ID_XOU76K,0.03868771186087962,0.10188171259958591,0.10444856939253569,0.03868771186087962,0.10188171259958591,0.10444856939253569
ID_IWZ84Z,0.03919866940639017,0.08194908865914788,0.09824350071899221,0.03919866940639017,0.08194908865914788,0.09824350071899221
