ID,Target_07_LogLoss,Target_07_AUC,Target_90_LogLoss,Target_90_AUC,Target_120_LogLoss,Target_120_AUC
ID_LEG1GM,0.02430125609028152,0.02430125609028152,0.01365765407096232,0.01365765407096232,0.015161735961323461,0.015161735961323461
ID_1UKOKW,0.024297012914678354,0.024297012914678354,0.013436341691208543,0.013436341691208543,0.019742002619186585,0.019742002619186585
ID_U5H2YK,0.0881694398207576,0.0881694398207576,0.1264252041716351,0.1264252041716351,0.13800336502309113,0.13800336502309113
ID_55957A,0.07567299489204042,0.07567299489204042,0.11335095898925762,0.11335095898925762,0.12407486838832582,0.12407486838832582
ID_N1AC0A,0.024297012914678354,0.024297012914678354,0.013436341691208543,0.013436341691208543,0.01838611788025324,0.01838611788025324
ID_4R3SGT,0.024248715161946394,0.024248715161946394,0.01355742779688369,0.01355742779688369,0.019788074952750277,0.019788074952750277
ID_NVW38U,0.4701720980527541,0.4701720980527541,0.3608280573181999,0.3608280573181999,0.40771090116577957,0.40771090116577957
ID_15LAWX,0.02430125609028152,0.02430125609028152,0.01365765407096232,0.01365765407096232,0.015161735961323461,0.015161735961323461
ID_DPNOLZ,0.024740610684299152,0.024740610684299152,0.01557129133646378,0.01557129133646378,0.016025018879785625,0.016025018879785625
ID_GXO4MZ,0.024297012914678354,0.024297012914678354,0.013436341691208543,0.013436341691208543,0.01985991403321005,0.01985991403321005
ID_TWJ95S,0.024740610684299152,0.024740610684299152,0.01557129133646378,0.01557129133646378,0.016025018879785625,0.016025018879785625
ID_F6RQR5,0.024248715161946394,0.024248715161946394,0.013466103595970448,0.013466103595970448,0.018376502695191876,0.018376502695191876
ID_OD0S5Q,0.07567299489204042,0.07567299489204042,0.11335095898925762,0.11335095898925762,0.12407486838832582,0.12407486838832582
ID_L4DEEY,0.04885491953645972,0.04885491953645972,0.03638757134621089,0.03638757134621089,0.05772229530572688,0.05772229530572688
ID_H0WWMP,0.024248715161946394,0.024248715161946394,0.01355742779688369,0.01355742779688369,0.019788074952750277,0.019788074952750277
ID_NK0GGQ,0.024297012914678354,0.024297012914678354,0.013436341691208543,0.013436341691208543,0.01838611788025324,0.01838611788025324
ID_C3E07L,0.024890760834449303,0.024890760834449303,0.015921450019428286,0.015921450019428286,0.01672005259516187,0.01672005259516187
ID_8ZHOIS,0.024740610684299152,0.024740610684299152,0.03903051277049903,0.03903051277049903,0.027115495211423934,0.027115495211423934
ID_WEM7E6,0.05922522237884277,0.05922522237884277,0.055731834694522614,0.055731834694522614,0.12330731926986771,0.12330731926986771
ID_EI276D,0.4701720980527541,0.4701720980527541,0.3608280573181999,0.3608280573181999,0.40771090116577957,0.40771090116577957
ID_WY9YFZ,0.024297012914678354,0.024297012914678354,0.013436341691208543,0.013436341691208543,0.019742002619186585,0.019742002619186585
ID_VGITCI,0.024740610684299152,0.024740610684299152,0.01557129133646378,0.01557129133646378,0.016025018879785625,0.016025018879785625
ID_NHFYZX,0.024248715161946394,0.024248715161946394,0.013466103595970448,0.013466103595970448,0.018376502695191876,0.018376502695191876
ID_PZPP2T,0.024297012914678354,0.024297012914678354,0.013436341691208543,0.013436341691208543,0.019742002619186585,0.019742002619186585
ID_YSGK3Y,0.024297012914678354,0.024297012914678354,0.013436341691208543,0.013436341691208543,0.01838611788025324,0.01838611788025324
ID_RT29AK,0.024297012914678354,0.024297012914678354,0.013436341691208543,0.013436341691208543,0.019742002619186585,0.019742002619186585
ID_AUK2TM,0.0881694398207576,0.0881694398207576,0.1264252041716351,0.1264252041716351,0.13800336502309113,0.13800336502309113
ID_QZA91L,0.06320319590511708,0.06320319590511708,0.11929941839944697,0.11929941839944697,0.12101312048717949,0.12101312048717949
ID_CWTE3D,0.4999299879228476,0.4999299879228476,0.3970970695135998,0.3970970695135998,0.48709261790735875,0.48709261790735875
ID_E04V5D,0.024248715161946394,0.024248715161946394,0.013466103595970448,0.013466103595970448,0.018376502695191876,0.018376502695191876
ID_XTGV9Y,0.02430125609028152,0.02430125609028152,0.01365765407096232,0.01365765407096232,0.015161735961323461,0.015161735961323461
ID_ADLLTR,0.02430125609028152,0.02430125609028152,0.01365765407096232,0.01365765407096232,0.015161735961323461,0.015161735961323461
ID_938PPA,0.024740610684299152,0.024740610684299152,0.03903051277049903,0.03903051277049903,0.027115495211423934,0.027115495211423934
ID_68PA5Q,0.02430125609028152,0.02430125609028152,0.01365765407096232,0.01365765407096232,0.015161735961323461,0.015161735961323461
ID_EJJIM0,0.024248715161946394,0.024248715161946394,0.01355742779688369,0.01355742779688369,0.019788074952750277,0.019788074952750277
ID_9EEUE8,0.024297012914678354,0.024297012914678354,0.013436341691208543,0.013436341691208543,0.019742002619186585,0.019742002619186585
ID_EZ948R,0.05401083980327294,0.05401083980327294,0.04625546172141434,0.04625546172141434,0.06527653564193016,0.06527653564193016
ID_E0HFQZ,0.02430125609028152,0.02430125609028152,0.013466103595970448,0.013466103595970448,0.018264930865779287,0.018264930865779287
ID_KGXIB9,0.0649039499173492,0.0649039499173492,0.09619583966561833,0.09619583966561833,0.1774474748234834,0.1774474748234834
ID_ZXY6XK,0.024297012914678354,0.024297012914678354,0.013436341691208543,0.013436341691208543,0.01838611788025324,0.01838611788025324
ID_TEKWLH,0.024297012914678354,0.024297012914678354,0.013436341691208543,0.013436341691208543,0.019813841699646353,0.019813841699646353
ID_BWUBOA,0.024297012914678354,0.024297012914678354,0.013436341691208543,0.013436341691208543,0.01838611788025324,0.01838611788025324
ID_0KPGAQ,0.024297012914678354,0.024297012914678354,0.013436341691208543,0.013436341691208543,0.01838611788025324,0.01838611788025324
ID_3LJO3C,0.024269419095693807,0.024269419095693807,0.01355742779688369,0.01355742779688369,0.019742002619186585,0.019742002619186585
ID_WRG2RD,0.024248715161946394,0.024248715161946394,0.01355742779688369,0.01355742779688369,0.019742002619186585,0.019742002619186585
ID_4K4IHE,0.024248715161946394,0.024248715161946394,0.013466103595970448,0.013466103595970448,0.018430007243078445,0.018430007243078445
ID_U9Z9PF,0.02446151250053793,0.02446151250053793,0.013593054587758186,0.013593054587758186,0.015051276688349886,0.015051276688349886
ID_HX6A7Q,0.09312667950522022,0.09312667950522022,0.12839031286470684,0.12839031286470684,0.13053720381915204,0.13053720381915204
ID_CB9JIH,0.4701720980527541,0.4701720980527541,0.3608280573181999,0.3608280573181999,0.40771090116577957,0.40771090116577957
ID_HP3OJC,0.4701720980527541,0.4701720980527541,0.3608280573181999,0.3608280573181999,0.40771090116577957,0.40771090116577957
ID_15CTIR,0.0881694398207576,0.0881694398207576,0.1264252041716351,0.1264252041716351,0.13800336502309113,0.13800336502309113
ID_A7QLXN,0.024297012914678354,0.024297012914678354,0.013436341691208543,0.013436341691208543,0.01985991403321005,0.01985991403321005
ID_97B102,0.05401083980327294,0.05401083980327294,0.04625546172141434,0.04625546172141434,0.06527653564193016,0.06527653564193016
ID_2JV0A5,0.5623124940645634,0.5623124940645634,0.453954519702852,0.453954519702852,0.5218423422285867,0.5218423422285867
ID_4BHS4D,0.05302512122138834,0.05302512122138834,0.05355331408216746,0.05355331408216746,0.0663072379441047,0.0663072379441047
ID_475FQ7,0.024248715161946394,0.024248715161946394,0.01355742779688369,0.01355742779688369,0.019788074952750277,0.019788074952750277
ID_OOU6SR,0.024248715161946394,0.024248715161946394,0.01355742779688369,0.01355742779688369,0.019788074952750277,0.019788074952750277
ID_K9F2L9,0.024297012914678354,0.024297012914678354,0.013436341691208543,0.013436341691208543,0.019742002619186585,0.019742002619186585
ID_HVXRWN,0.05302512122138834,0.05302512122138834,0.05355331408216746,0.05355331408216746,0.0663072379441047,0.0663072379441047
ID_OD84X2,0.4701720980527541,0.4701720980527541,0.3608280573181999,0.3608280573181999,0.40771090116577957,0.40771090116577957
ID_S015G9,0.024248715161946394,0.024248715161946394,0.013466103595970448,0.013466103595970448,0.018376502695191876,0.018376502695191876
ID_SV5TAT,0.07978349007044848,0.07978349007044848,0.11415591764182581,0.11415591764182581,0.11971755566005404,0.11971755566005404
ID_CDCTHP,0.024248715161946394,0.024248715161946394,0.01355742779688369,0.01355742779688369,0.019742002619186585,0.019742002619186585
ID_AROTJX,0.024297012914678354,0.024297012914678354,0.013436341691208543,0.013436341691208543,0.01838611788025324,0.01838611788025324
ID_EHAJ1K,0.3198727233052526,0.3198727233052526,0.23825151079626816,0.23825151079626816,0.3579311863281872,0.3579311863281872
ID_IEX25G,0.024269419095693807,0.024269419095693807,0.01355742779688369,0.01355742779688369,0.019742002619186585,0.019742002619186585
ID_W88WIY,0.024297012914678354,0.024297012914678354,0.013436341691208543,0.013436341691208543,0.019742002619186585,0.019742002619186585
ID_J6RJJ3,0.4701720980527541,0.4701720980527541,0.3608280573181999,0.3608280573181999,0.40771090116577957,0.40771090116577957
ID_HXXXEO,0.024248715161946394,0.024248715161946394,0.01355742779688369,0.01355742779688369,0.019788074952750277,0.019788074952750277
ID_X4RW56,0.0503161650603602,0.0503161650603602,0.03997661468663409,0.03997661468663409,0.06540596275710042,0.06540596275710042
ID_R34IVE,0.31618697093452686,0.31618697093452686,0.4129828678335519,0.4129828678335519,0.41695862754376983,0.41695862754376983
ID_42HTPO,0.024740610684299152,0.024740610684299152,0.01557129133646378,0.01557129133646378,0.016025018879785625,0.016025018879785625
ID_S29RDB,0.024297012914678354,0.024297012914678354,0.013436341691208543,0.013436341691208543,0.01838611788025324,0.01838611788025324
ID_D92BW9,0.024248715161946394,0.024248715161946394,0.01355742779688369,0.01355742779688369,0.019788074952750277,0.019788074952750277
ID_LM303R,0.02446151250053793,0.02446151250053793,0.013593054587758186,0.013593054587758186,0.015051276688349886,0.015051276688349886
ID_9D1349,0.059164364592642266,0.059164364592642266,0.06378227476043388,0.06378227476043388,0.07212773896704651,0.07212773896704651
ID_YXYTNR,0.05183941564684162,0.05183941564684162,0.038635917630922806,0.038635917630922806,0.06474892767762352,0.06474892767762352
ID_LGBT94,0.4701720980527541,0.4701720980527541,0.3608280573181999,0.3608280573181999,0.40771090116577957,0.40771090116577957
ID_F5D4F1,0.024248715161946394,0.024248715161946394,0.013466103595970448,0.013466103595970448,0.018376502695191876,0.018376502695191876
ID_LCRAB6,0.059164364592642266,0.059164364592642266,0.06378227476043388,0.06378227476043388,0.07212773896704651,0.07212773896704651
ID_2S8CNZ,0.024297012914678354,0.024297012914678354,0.013436341691208543,0.013436341691208543,0.01838611788025324,0.01838611788025324
ID_1SGSZE,0.024297012914678354,0.024297012914678354,0.013436341691208543,0.013436341691208543,0.01838611788025324,0.01838611788025324
ID_KKBQQS,0.2848052983188584,0.2848052983188584,0.2138182795812091,0.2138182795812091,0.4229732670673154,0.4229732670673154
ID_XMDQ0Y,0.02528424879982736,0.02528424879982736,0.021133634907339584,0.021133634907339584,0.04178512688328564,0.04178512688328564
ID_J1LSS5,0.024509670107463084,0.024509670107463084,0.0213805697624856,0.0213805697624856,0.04173555108315009,0.04173555108315009
ID_UKASHO,0.030934582319287987,0.030934582319287987,0.02225048862995159,0.02225048862995159,0.04806070641323253,0.04806070641323253
ID_3RTT5L,0.35729443296778685,0.35729443296778685,0.20801393645673827,0.20801393645673827,0.31098839615327445,0.31098839615327445
ID_HWGAEQ,0.0315798187692276,0.0315798187692276,0.022159759890900584,0.022159759890900584,0.0513536731439077,0.0513536731439077
ID_U0LN1Z,0.43294197366894077,0.43294197366894077,0.2553360075758751,0.2553360075758751,0.40556677515716455,0.40556677515716455
ID_XCBXS7,0.35055465348146025,0.35055465348146025,0.20853238064634072,0.20853238064634072,0.29289488920531664,0.29289488920531664
ID_YFDC0M,0.025832307964019998,0.025832307964019998,0.02049935609643073,0.02049935609643073,0.04038591897209147,0.04038591897209147
ID_RCNWC6,0.3529913052399915,0.3529913052399915,0.2113366748485353,0.2113366748485353,0.3341620343620084,0.3341620343620084
ID_671WLE,0.3350402419618068,0.3350402419618068,0.20139223898882336,0.20139223898882336,0.31160037816485203,0.31160037816485203
ID_JXJ5V1,0.029657259661439405,0.029657259661439405,0.02262284476405612,0.02262284476405612,0.04613941414423703,0.04613941414423703
ID_QMT9FM,0.3529913052399915,0.3529913052399915,0.2113366748485353,0.2113366748485353,0.3341620343620084,0.3341620343620084
ID_VUL81Z,0.042222258820339864,0.042222258820339864,0.03408686198902997,0.03408686198902997,0.03603158943189725,0.03603158943189725
ID_MRZSZ3,0.02528424879982736,0.02528424879982736,0.021133634907339584,0.021133634907339584,0.04178512688328564,0.04178512688328564
ID_8HVUID,0.03731965497403361,0.03731965497403361,0.029250325308594196,0.029250325308594196,0.04618514584306581,0.04618514584306581
ID_3410TA,0.028637229993145028,0.028637229993145028,0.02241785487110093,0.02241785487110093,0.05395937491508215,0.05395937491508215
ID_ETZB50,0.028637229993145028,0.028637229993145028,0.02241785487110093,0.02241785487110093,0.05395937491508215,0.05395937491508215
ID_C19QG9,0.0315798187692276,0.0315798187692276,0.022159759890900584,0.022159759890900584,0.0513536731439077,0.0513536731439077
ID_L44KDR,0.028637229993145028,0.028637229993145028,0.02241785487110093,0.02241785487110093,0.05395937491508215,0.05395937491508215
ID_4DI6LA,0.029453229219171602,0.029453229219171602,0.022227290047193468,0.022227290047193468,0.049517034123270534,0.049517034123270534
ID_MLY1IW,0.024509670107463084,0.024509670107463084,0.0213805697624856,0.0213805697624856,0.04173555108315009,0.04173555108315009
ID_93HGEN,0.4275400753762066,0.4275400753762066,0.24493939820105376,0.24493939820105376,0.3654523101719641,0.3654523101719641
ID_LIHISF,0.028553462862079246,0.028553462862079246,0.022869779619202134,0.022869779619202134,0.051265813373574984,0.051265813373574984
ID_WE6D86,0.029453229219171602,0.029453229219171602,0.022227290047193468,0.022227290047193468,0.049517034123270534,0.049517034123270534
ID_GPFY9L,0.024509670107463084,0.024509670107463084,0.0213805697624856,0.0213805697624856,0.04173555108315009,0.04173555108315009
ID_RODTO0,0.024509670107463084,0.024509670107463084,0.0213805697624856,0.0213805697624856,0.04173555108315009,0.04173555108315009
ID_RX87BE,0.0315798187692276,0.0315798187692276,0.022159759890900584,0.022159759890900584,0.0513536731439077,0.0513536731439077
ID_38DTWE,0.028637229993145028,0.028637229993145028,0.02241785487110093,0.02241785487110093,0.05395937491508215,0.05395937491508215
ID_OZURHC,0.04676795537882832,0.04676795537882832,0.05606280600921796,0.05606280600921796,0.16401386252716887,0.16401386252716887
ID_C837CJ,0.029657259661439405,0.029657259661439405,0.02262284476405612,0.02262284476405612,0.04613941414423703,0.04613941414423703
ID_P91IX6,0.0315798187692276,0.0315798187692276,0.022159759890900584,0.022159759890900584,0.0513536731439077,0.0513536731439077
ID_8NF6B2,0.024509670107463084,0.024509670107463084,0.0213805697624856,0.0213805697624856,0.04173555108315009,0.04173555108315009
ID_4TNPPX,0.03460955271887986,0.03460955271887986,0.02334584578724455,0.02334584578724455,0.08752650982942395,0.08752650982942395
ID_B3KWIH,0.028637229993145028,0.028637229993145028,0.02241785487110093,0.02241785487110093,0.05395937491508215,0.05395937491508215
ID_SG931P,0.024426979140382797,0.024426979140382797,0.02215131563721214,0.02215131563721214,0.038826682667870746,0.038826682667870746
ID_BEPICH,0.025855305812188832,0.025855305812188832,0.020335917454805827,0.020335917454805827,0.05104640880706544,0.05104640880706544
ID_08XJFG,0.024426979140382797,0.024426979140382797,0.02215131563721214,0.02215131563721214,0.038826682667870746,0.038826682667870746
ID_D3YDST,0.036454245256049234,0.036454245256049234,0.028855866688153212,0.028855866688153212,0.05111177646659497,0.05111177646659497
ID_I6YHZD,0.024426979140382797,0.024426979140382797,0.02215131563721214,0.02215131563721214,0.038826682667870746,0.038826682667870746
ID_85J874,0.025201557832747072,0.025201557832747072,0.02228377666707998,0.02228377666707998,0.03881812817302741,0.03881812817302741
ID_VQEIBY,0.024426979140382797,0.024426979140382797,0.02215131563721214,0.02215131563721214,0.038826682667870746,0.038826682667870746
ID_0JQSZK,0.04276140701556437,0.04276140701556437,0.030249683112938484,0.030249683112938484,0.032019974296915846,0.032019974296915846
ID_JIDZNT,0.029453229219171602,0.029453229219171602,0.022227290047193468,0.022227290047193468,0.049517034123270534,0.049517034123270534
ID_15PDE4,0.02528424879982736,0.02528424879982736,0.021133634907339584,0.021133634907339584,0.04178512688328564,0.04178512688328564
ID_PKN25B,0.024269419095693807,0.024269419095693807,0.013572528131318304,0.013572528131318304,0.01349703930195713,0.01349703930195713
ID_D5RQPV,0.024489106319522475,0.024489106319522475,0.025971639433970295,0.025971639433970295,0.022101770324176637,0.022101770324176637
ID_0QRDVL,0.0245481481548801,0.0245481481548801,0.02386651080418094,0.02386651080418094,0.020477322557981435,0.020477322557981435
ID_LCBLI1,0.024297012914678354,0.024297012914678354,0.014018806520501996,0.014018806520501996,0.013451574765480406,0.013451574765480406
ID_RC9RKR,0.024489106319522475,0.024489106319522475,0.023793035539702776,0.023793035539702776,0.021118387918399633,0.021118387918399633
ID_HFEO8Z,0.024328849909266065,0.024328849909266065,0.027374064521356788,0.027374064521356788,0.02157741519098355,0.02157741519098355
ID_EFQEXF,0.024489106319522475,0.024489106319522475,0.023793035539702776,0.023793035539702776,0.021118387918399633,0.021118387918399633
ID_9UK4KJ,0.024269419095693807,0.024269419095693807,0.013928595296613763,0.013928595296613763,0.013628542667558427,0.013628542667558427
ID_VEMXQ2,0.024248715161946394,0.024248715161946394,0.015476646361205604,0.015476646361205604,0.014986185751059552,0.014986185751059552
ID_VGN8QR,0.024248715161946394,0.024248715161946394,0.01372717845914627,0.01372717845914627,0.013528965786108163,0.013528965786108163
ID_04QBJK,0.024297012914678354,0.024297012914678354,0.019943923995640073,0.019943923995640073,0.016260175619754475,0.016260175619754475
ID_M6902J,0.024489106319522475,0.024489106319522475,0.025971639433970295,0.025971639433970295,0.022101770324176637,0.022101770324176637
ID_5662X6,0.024457269324934763,0.024457269324934763,0.022827563525171658,0.022827563525171658,0.018225881474079768,0.018225881474079768
ID_EMVPFU,0.024269419095693807,0.024269419095693807,0.013572528131318304,0.013572528131318304,0.01349703930195713,0.01349703930195713
ID_7KALEL,0.05170876873284831,0.05170876873284831,0.05803135633247822,0.05803135633247822,0.09596105579528141,0.09596105579528141
ID_8APH0Q,0.024269419095693807,0.024269419095693807,0.01398351469244701,0.01398351469244701,0.013761643200336812,0.013761643200336812
ID_KR985R,0.024248715161946394,0.024248715161946394,0.013589545916169787,0.013589545916169787,0.01346862560010812,0.01346862560010812
ID_87YV3I,0.024248715161946394,0.024248715161946394,0.013549293770654483,0.013549293770654483,0.013396786519648348,0.013396786519648348
ID_TR8ASA,0.024328849909266065,0.024328849909266065,0.027374064521356788,0.027374064521356788,0.02157741519098355,0.02157741519098355
ID_MCNRLY,0.024328849909266065,0.024328849909266065,0.015190923578858297,0.015190923578858297,0.01574846249542288,0.01574846249542288
ID_U2C1OY,0.024248715161946394,0.024248715161946394,0.015476646361205604,0.015476646361205604,0.014986185751059552,0.014986185751059552
ID_02VC5B,0.024328849909266065,0.024328849909266065,0.024353070002612512,0.024353070002612512,0.020265839483816876,0.020265839483816876
ID_IMR2O6,0.024269419095693807,0.024269419095693807,0.013572528131318304,0.013572528131318304,0.01349703930195713,0.01349703930195713
ID_11U5X3,0.0245481481548801,0.0245481481548801,0.02386651080418094,0.02386651080418094,0.020477322557981435,0.020477322557981435
ID_BWQ4QE,0.024269419095693807,0.024269419095693807,0.013572528131318304,0.013572528131318304,0.01349703930195713,0.01349703930195713
ID_LMJQO0,0.0245481481548801,0.0245481481548801,0.02386651080418094,0.02386651080418094,0.020477322557981435,0.020477322557981435
ID_J8X1JQ,0.024248715161946394,0.024248715161946394,0.013549293770654483,0.013549293770654483,0.013396786519648348,0.013396786519648348
ID_IVOGMZ,0.02754284840771062,0.02754284840771062,0.017531746575725784,0.017531746575725784,0.023385530052897632,0.023385530052897632
ID_Z9OCJD,0.024248715161946394,0.024248715161946394,0.013549293770654483,0.013549293770654483,0.013396786519648348,0.013396786519648348
ID_W22JQT,0.024248715161946394,0.024248715161946394,0.015476646361205604,0.015476646361205604,0.014986185751059552,0.014986185751059552
ID_JG6KVB,0.024269419095693807,0.024269419095693807,0.013572528131318304,0.013572528131318304,0.01349703930195713,0.01349703930195713
ID_IRIQ9N,0.027362698978499862,0.027362698978499862,0.017323227075895727,0.017323227075895727,0.024355080122711172,0.024355080122711172
ID_O059B0,0.024328849909266065,0.024328849909266065,0.024353070002612512,0.024353070002612512,0.020265839483816876,0.020265839483816876
ID_CTIZD5,0.024489106319522475,0.024489106319522475,0.03325448464632435,0.03325448464632435,0.019770666424445287,0.019770666424445287
ID_ZIXA8E,0.024269419095693807,0.024269419095693807,0.013572528131318304,0.013572528131318304,0.01349703930195713,0.01349703930195713
ID_NB1NLU,0.024489106319522475,0.024489106319522475,0.0311392846968725,0.0311392846968725,0.01950506304364658,0.01950506304364658
ID_U6ULCZ,0.024269419095693807,0.024269419095693807,0.013572528131318304,0.013572528131318304,0.01349703930195713,0.01349703930195713
ID_QSX3RO,0.02754284840771062,0.02754284840771062,0.017531746575725784,0.017531746575725784,0.023385530052897632,0.023385530052897632
ID_1UA6WQ,0.0250302308483963,0.0250302308483963,0.03614272348526691,0.03614272348526691,0.05905366126821719,0.05905366126821719
ID_XPSO6B,0.024248715161946394,0.024248715161946394,0.015476646361205604,0.015476646361205604,0.014986185751059552,0.014986185751059552
ID_2ZQ7PC,0.024489106319522475,0.024489106319522475,0.023574865430078862,0.023574865430078862,0.022026296417647303,0.022026296417647303
ID_WDF4T1,0.024269419095693807,0.024269419095693807,0.013572528131318304,0.013572528131318304,0.01349703930195713,0.01349703930195713
ID_P6V6NH,0.024489106319522475,0.024489106319522475,0.023793035539702776,0.023793035539702776,0.021118387918399633,0.021118387918399633
ID_224AL4,0.024297012914678354,0.024297012914678354,0.018552628236879188,0.018552628236879188,0.014454934908734186,0.014454934908734186
ID_BOJ8C6,0.024489106319522475,0.024489106319522475,0.025971639433970295,0.025971639433970295,0.022101770324176637,0.022101770324176637
ID_FHTL2A,0.024297012914678354,0.024297012914678354,0.01890221379907446,0.01890221379907446,0.015121985337464006,0.015121985337464006
ID_4JT5BR,0.024489106319522475,0.024489106319522475,0.02488938751435092,0.02488938751435092,0.0199410836955391,0.0199410836955391
ID_3JRM7J,0.024248715161946394,0.024248715161946394,0.013589545916169787,0.013589545916169787,0.01346862560010812,0.01346862560010812
ID_QCP4DY,0.02427630898093094,0.02427630898093094,0.020017107268543357,0.020017107268543357,0.015896455065595894,0.015896455065595894
ID_N9NVTY,0.024361056028428706,0.024361056028428706,0.02314777773202254,0.02314777773202254,0.018108586999188388,0.018108586999188388
ID_L8NEX2,0.024328849909266065,0.024328849909266065,0.024353070002612512,0.024353070002612512,0.020265839483816876,0.020265839483816876
ID_V0ITZI,0.024297012914678354,0.024297012914678354,0.018552628236879188,0.018552628236879188,0.014454934908734186,0.014454934908734186
ID_U810NE,0.024328849909266065,0.024328849909266065,0.024353070002612512,0.024353070002612512,0.020265839483816876,0.020265839483816876
ID_T7IUG7,0.0245481481548801,0.0245481481548801,0.02386651080418094,0.02386651080418094,0.020477322557981435,0.020477322557981435
ID_P2HPA7,0.024328849909266065,0.024328849909266065,0.024353070002612512,0.024353070002612512,0.020265839483816876,0.020265839483816876
ID_7HCA07,0.024361056028428706,0.024361056028428706,0.02992554735781109,0.02992554735781109,0.020575942001023268,0.020575942001023268
ID_H1MCDH,0.024269419095693807,0.024269419095693807,0.013572528131318304,0.013572528131318304,0.01349703930195713,0.01349703930195713
ID_JAGL6N,0.024248715161946394,0.024248715161946394,0.015476646361205604,0.015476646361205604,0.014986185751059552,0.014986185751059552
ID_Q07G0X,0.024361056028428706,0.024361056028428706,0.014224559466027737,0.014224559466027737,0.01480254673881539,0.01480254673881539
ID_GFGBJP,0.024248715161946394,0.024248715161946394,0.013711294000725837,0.013711294000725837,0.01360976288342688,0.01360976288342688
ID_CCCZIE,0.024329219033840995,0.024329219033840995,0.01387629379995105,0.01387629379995105,0.013667333407318646,0.013667333407318646
ID_590HV5,0.024329219033840995,0.024329219033840995,0.013644820527618819,0.013644820527618819,0.013480919510146423,0.013480919510146423
ID_3V4E7G,0.02445424561908087,0.02445424561908087,0.013768726835577325,0.013768726835577325,0.014512627848109375,0.014512627848109375
ID_GIQVVF,0.024426651800096323,0.024426651800096323,0.01392884574632302,0.01392884574632302,0.014592371350147265,0.014592371350147265
ID_QLQOL2,0.024329219033840995,0.024329219033840995,0.013644820527618819,0.013644820527618819,0.013480919510146423,0.013480919510146423
ID_0CE2HK,0.024248715161946394,0.024248715161946394,0.013711294000725837,0.013711294000725837,0.01360976288342688,0.01360976288342688
ID_QG2TA1,0.024248715161946394,0.024248715161946394,0.01387629379995105,0.01387629379995105,0.013699758828849126,0.013699758828849126
ID_06I476,0.02430162521485645,0.02430162521485645,0.01383884061643045,0.01383884061643045,0.013925864880835317,0.013925864880835317
ID_MJ1FKS,0.02430162521485645,0.02430162521485645,0.013859343210918081,0.013859343210918081,0.013699758828849126,0.013699758828849126
ID_CVPRQL,0.02430162521485645,0.02430162521485645,0.013859343210918081,0.013859343210918081,0.013699758828849126,0.013699758828849126
ID_SZV3JP,0.02430162521485645,0.02430162521485645,0.01383884061643045,0.01383884061643045,0.013925864880835317,0.013925864880835317
ID_97O1LE,0.024329219033840995,0.024329219033840995,0.014189618396066686,0.014189618396066686,0.013865146308936555,0.013865146308936555
ID_DXPTCG,0.02430162521485645,0.02430162521485645,0.013821890027397482,0.013821890027397482,0.013627919748389356,0.013627919748389356
ID_VP7MWU,0.024329219033840995,0.024329219033840995,0.013644820527618819,0.013644820527618819,0.013480919510146423,0.013480919510146423
ID_YI13PR,0.024297012914678354,0.024297012914678354,0.014029469074985824,0.014029469074985824,0.014199813607542038,0.014199813607542038
ID_GKSEUX,0.024329219033840995,0.024329219033840995,0.013661771116651787,0.013661771116651787,0.013810360250609865,0.013810360250609865
ID_2JDZDR,0.024248715161946394,0.024248715161946394,0.015737835350752526,0.015737835350752526,0.014939279582605889,0.014939279582605889
ID_ESCEIY,0.024671462588835267,0.024671462588835267,0.015508921619839014,0.015508921619839014,0.01681472644148477,0.01681472644148477
ID_7YX6BJ,0.02445424561908087,0.02445424561908087,0.013768726835577325,0.013768726835577325,0.014512627848109375,0.014512627848109375
ID_K1MSGS,0.024297012914678354,0.024297012914678354,0.01392884574632302,0.01392884574632302,0.013619648288793508,0.013619648288793508
ID_HACR8W,0.024329219033840995,0.024329219033840995,0.013644820527618819,0.013644820527618819,0.013480919510146423,0.013480919510146423
ID_7IAGGB,0.02430162521485645,0.02430162521485645,0.013821890027397482,0.013821890027397482,0.013627919748389356,0.013627919748389356
ID_K1P3J8,0.029589678711916187,0.029589678711916187,0.03150378987936235,0.03150378987936235,0.028204494978776206,0.028204494978776206
ID_GHJU0P,0.02448608261366858,0.02448608261366858,0.013724476219244329,0.013724476219244329,0.013637147191988374,0.013637147191988374
ID_QB2VOQ,0.024248715161946394,0.024248715161946394,0.01387629379995105,0.01387629379995105,0.013961401483536098,0.013961401483536098
ID_917FV8,0.024426651800096323,0.024426651800096323,0.01392884574632302,0.01392884574632302,0.014592371350147265,0.014592371350147265
ID_XW1VHF,0.02430162521485645,0.02430162521485645,0.013821890027397482,0.013821890027397482,0.013627919748389356,0.013627919748389356
ID_UK4G6M,0.02430162521485645,0.02430162521485645,0.013859343210918081,0.013859343210918081,0.013699758828849126,0.013699758828849126
ID_BIPA8U,0.024297012914678354,0.024297012914678354,0.01353950364241063,0.01353950364241063,0.013427414962259852,0.013427414962259852
ID_Z3YZCX,0.024329219033840995,0.024329219033840995,0.013997015263122716,0.013997015263122716,0.013641357899966391,0.013641357899966391
ID_OII8NJ,0.024329219033840995,0.024329219033840995,0.013859343210918081,0.013859343210918081,0.013667333407318646,0.013667333407318646
ID_KVZHRX,0.024297012914678354,0.024297012914678354,0.013801584025212291,0.013801584025212291,0.01367581695223586,0.01367581695223586
ID_KKWKS6,0.024329219033840995,0.024329219033840995,0.013644820527618819,0.013644820527618819,0.013480919510146423,0.013480919510146423
ID_OABA3T,0.024297012914678354,0.024297012914678354,0.013564305229712217,0.013564305229712217,0.013570441805551071,0.013570441805551071
ID_XK9A5W,0.02430162521485645,0.02430162521485645,0.013821890027397482,0.013821890027397482,0.013627919748389356,0.013627919748389356
ID_QCOJ3X,0.024329219033840995,0.024329219033840995,0.013644820527618819,0.013644820527618819,0.013480919510146423,0.013480919510146423
ID_10YMBD,0.024297012914678354,0.024297012914678354,0.013767981874674658,0.013767981874674658,0.013545441925845239,0.013545441925845239
ID_LPH3DB,0.024312758275696747,0.024312758275696747,0.014193568842395872,0.014193568842395872,0.013731610377138052,0.013731610377138052
ID_KHSX16,0.02430162521485645,0.02430162521485645,0.013821890027397482,0.013821890027397482,0.013627919748389356,0.013627919748389356
ID_LTGA17,0.024297012914678354,0.024297012914678354,0.01353950364241063,0.01353950364241063,0.013427414962259852,0.013427414962259852
ID_3B3D83,0.024297012914678354,0.024297012914678354,0.013901583595462112,0.013901583595462112,0.01366326743131345,0.01366326743131345
ID_UQ2ERA,0.024297012914678354,0.024297012914678354,0.014053027136871229,0.014053027136871229,0.013584111686092725,0.013584111686092725
ID_RJVPF3,0.024329219033840995,0.024329219033840995,0.013661771116651787,0.013661771116651787,0.013810360250609865,0.013810360250609865
ID_HV0S70,0.024329219033840995,0.024329219033840995,0.014193568842395872,0.014193568842395872,0.013932207744321037,0.013932207744321037
ID_XBEH87,0.024329219033840995,0.024329219033840995,0.013859343210918081,0.013859343210918081,0.013667333407318646,0.013667333407318646
ID_RU36LB,0.024329219033840995,0.024329219033840995,0.014189618396066686,0.014189618396066686,0.013865146308936555,0.013865146308936555
ID_ZX0HBQ,0.024248715161946394,0.024248715161946394,0.01387629379995105,0.01387629379995105,0.013699758828849126,0.013699758828849126
ID_GKT8DV,0.02430162521485645,0.02430162521485645,0.013859343210918081,0.013859343210918081,0.013699758828849126,0.013699758828849126
ID_KHKU4Q,0.02430162521485645,0.02430162521485645,0.013859343210918081,0.013859343210918081,0.013699758828849126,0.013699758828849126
ID_XIMM99,0.024248715161946394,0.024248715161946394,0.013829581306156176,0.013829581306156176,0.01364218830495736,0.01364218830495736
ID_TBU5R1,0.024269419095693807,0.024269419095693807,0.013851492212649462,0.013851492212649462,0.013641536987329037,0.013641536987329037
ID_IXDD5C,0.024297012914678354,0.024297012914678354,0.01353950364241063,0.01353950364241063,0.013570441805551071,0.013570441805551071
ID_O6NVIA,0.024280921281109036,0.024280921281109036,0.01387629379995105,0.01387629379995105,0.013814308664239683,0.013814308664239683
ID_SUN5EY,0.02430162521485645,0.02430162521485645,0.01383884061643045,0.01383884061643045,0.013961401483536098,0.013961401483536098
ID_GYZ4QD,0.024248715161946394,0.024248715161946394,0.013711294000725837,0.013711294000725837,0.01360976288342688,0.01360976288342688
ID_L7KG54,0.024361056028428706,0.024361056028428706,0.015389841059055375,0.015389841059055375,0.013902088732318718,0.013902088732318718
ID_S6HTFD,0.024329219033840995,0.024329219033840995,0.01387629379995105,0.01387629379995105,0.013667333407318646,0.013667333407318646
ID_P06QON,0.024297012914678354,0.024297012914678354,0.013767981874674658,0.013767981874674658,0.013545441925845239,0.013545441925845239
ID_YOWRSL,0.024333462209444157,0.024333462209444157,0.014372116735779957,0.014372116735779957,0.01471067712786292,0.01471067712786292
ID_U5VLSB,0.02445424561908087,0.02445424561908087,0.013718174096006721,0.013718174096006721,0.013545441925845239,0.013545441925845239
ID_XGW2O2,0.02430162521485645,0.02430162521485645,0.013821890027397482,0.013821890027397482,0.013627919748389356,0.013627919748389356
ID_GQEHIP,0.024329219033840995,0.024329219033840995,0.014193568842395872,0.014193568842395872,0.013932207744321037,0.013932207744321037
ID_SG18NS,0.024297012914678354,0.024297012914678354,0.013767981874674658,0.013767981874674658,0.013545441925845239,0.013545441925845239
ID_V1RUP1,0.02445424561908087,0.02445424561908087,0.013768726835577325,0.013768726835577325,0.014512627848109375,0.014512627848109375
ID_SATMW5,0.024248715161946394,0.024248715161946394,0.013711294000725837,0.013711294000725837,0.01360976288342688,0.01360976288342688
ID_7BECWT,0.024329219033840995,0.024329219033840995,0.014189618396066686,0.014189618396066686,0.013865146308936555,0.013865146308936555
ID_S0YLSK,0.024361056028428706,0.024361056028428706,0.014224559466027737,0.014224559466027737,0.01480254673881539,0.01480254673881539
ID_KQF7DD,0.024329219033840995,0.024329219033840995,0.013661771116651787,0.013661771116651787,0.013810360250609865,0.013810360250609865
ID_L0BWUO,0.024297012914678354,0.024297012914678354,0.01353950364241063,0.01353950364241063,0.013427414962259852,0.013427414962259852
ID_QFB1JA,0.024297012914678354,0.024297012914678354,0.013801584025212291,0.013801584025212291,0.01367581695223586,0.01367581695223586
ID_5H2YDZ,0.024269419095693807,0.024269419095693807,0.013851492212649462,0.013851492212649462,0.013752789726718099,0.013752789726718099
ID_DT5H48,0.024269419095693807,0.024269419095693807,0.013851492212649462,0.013851492212649462,0.013641536987329037,0.013641536987329037
ID_EPUV7F,0.024297012914678354,0.024297012914678354,0.013801584025212291,0.013801584025212291,0.01367581695223586,0.01367581695223586
ID_D1W7AZ,0.024329219033840995,0.024329219033840995,0.01387629379995105,0.01387629379995105,0.013667333407318646,0.013667333407318646
ID_UOLZNR,0.02445424561908087,0.02445424561908087,0.013718174096006721,0.013718174096006721,0.013545441925845239,0.013545441925845239
ID_J7N1FB,0.02445424561908087,0.02445424561908087,0.013768726835577325,0.013768726835577325,0.014512627848109375,0.014512627848109375
ID_Q56GYN,0.024329219033840995,0.024329219033840995,0.013644820527618819,0.013644820527618819,0.013480919510146423,0.013480919510146423
ID_QM0CUB,0.024329219033840995,0.024329219033840995,0.013644820527618819,0.013644820527618819,0.013810360250609865,0.013810360250609865
ID_KFZM4L,0.024248715161946394,0.024248715161946394,0.013851492212649462,0.013851492212649462,0.013552014691924389,0.013552014691924389
ID_0JG3TM,0.024329219033840995,0.024329219033840995,0.013644820527618819,0.013644820527618819,0.013480919510146423,0.013480919510146423
ID_SU3V8X,0.024297012914678354,0.024297012914678354,0.013767981874674658,0.013767981874674658,0.013545441925845239,0.013545441925845239
ID_85P4YH,0.024329219033840995,0.024329219033840995,0.014189618396066686,0.014189618396066686,0.013865146308936555,0.013865146308936555
ID_IZF4GN,0.024269419095693807,0.024269419095693807,0.013851492212649462,0.013851492212649462,0.013641536987329037,0.013641536987329037
ID_9V9BNJ,0.024329219033840995,0.024329219033840995,0.013661771116651787,0.013661771116651787,0.013810360250609865,0.013810360250609865
ID_COSLW0,0.024297012914678354,0.024297012914678354,0.01392884574632302,0.01392884574632302,0.013619648288793508,0.013619648288793508
ID_JNAKG5,0.024329219033840995,0.024329219033840995,0.013859343210918081,0.013859343210918081,0.013667333407318646,0.013667333407318646
ID_22FKG1,0.024248715161946394,0.024248715161946394,0.013711294000725837,0.013711294000725837,0.01360976288342688,0.01360976288342688
ID_GO2BVN,0.024280921281109036,0.024280921281109036,0.01387629379995105,0.01387629379995105,0.013814308664239683,0.013814308664239683
ID_1D3R5U,0.024248715161946394,0.024248715161946394,0.013829581306156176,0.013829581306156176,0.01364218830495736,0.01364218830495736
ID_6HDHTS,0.024329219033840995,0.024329219033840995,0.013644820527618819,0.013644820527618819,0.013480919510146423,0.013480919510146423
ID_W82UZ2,0.024329219033840995,0.024329219033840995,0.01387629379995105,0.01387629379995105,0.013667333407318646,0.013667333407318646
ID_B8QQ14,0.024329219033840995,0.024329219033840995,0.013644820527618819,0.013644820527618819,0.013480919510146423,0.013480919510146423
ID_D50NYH,0.024329219033840995,0.024329219033840995,0.013644820527618819,0.013644820527618819,0.013480919510146423,0.013480919510146423
ID_TR3LZI,0.024329219033840995,0.024329219033840995,0.013644820527618819,0.013644820527618819,0.013480919510146423,0.013480919510146423
ID_X03IG4,0.0315494906213701,0.0315494906213701,0.02445688473339988,0.02445688473339988,0.02667049504440233,0.02667049504440233
ID_9W1DTW,0.02448608261366858,0.02448608261366858,0.013724476219244329,0.013724476219244329,0.013637147191988374,0.013637147191988374
ID_ELVMT3,0.02430162521485645,0.02430162521485645,0.013821890027397482,0.013821890027397482,0.013627919748389356,0.013627919748389356
ID_ACLR4X,0.024329219033840995,0.024329219033840995,0.013644820527618819,0.013644820527618819,0.013480919510146423,0.013480919510146423
ID_526E6B,0.024329219033840995,0.024329219033840995,0.013644820527618819,0.013644820527618819,0.013480919510146423,0.013480919510146423
ID_85BO18,0.024329219033840995,0.024329219033840995,0.013644820527618819,0.013644820527618819,0.013480919510146423,0.013480919510146423
ID_F7ZIJZ,0.024312758275696747,0.024312758275696747,0.014193568842395872,0.014193568842395872,0.013731610377138052,0.013731610377138052
ID_8DRM77,0.02430162521485645,0.02430162521485645,0.013859343210918081,0.013859343210918081,0.013699758828849126,0.013699758828849126
ID_7HA42W,0.024280921281109036,0.024280921281109036,0.01387629379995105,0.01387629379995105,0.013814308664239683,0.013814308664239683
ID_H0LTUX,0.022894014769443586,0.022894014769443586,0.03096902891053101,0.03096902891053101,0.022815941928702045,0.022815941928702045
ID_60JSZD,0.024329219033840995,0.024329219033840995,0.013859343210918081,0.013859343210918081,0.013667333407318646,0.013667333407318646
ID_U03OKF,0.024329219033840995,0.024329219033840995,0.01387629379995105,0.01387629379995105,0.013667333407318646,0.013667333407318646
ID_PG3BYK,0.024329219033840995,0.024329219033840995,0.013644820527618819,0.013644820527618819,0.013480919510146423,0.013480919510146423
ID_1VXGUB,0.024329219033840995,0.024329219033840995,0.014193568842395872,0.014193568842395872,0.013899782322790558,0.013899782322790558
ID_SA0EJV,0.024329219033840995,0.024329219033840995,0.013859343210918081,0.013859343210918081,0.013667333407318646,0.013667333407318646
ID_TG0ZNO,0.024329219033840995,0.024329219033840995,0.014189618396066686,0.014189618396066686,0.013865146308936555,0.013865146308936555
ID_OK1VUP,0.024269419095693807,0.024269419095693807,0.014589347091864859,0.014589347091864859,0.014555452513440707,0.014555452513440707
ID_NMESH4,0.024248715161946394,0.024248715161946394,0.013711294000725837,0.013711294000725837,0.01360976288342688,0.01360976288342688
ID_EWJ9VO,0.024297012914678354,0.024297012914678354,0.014053027136871229,0.014053027136871229,0.013584111686092725,0.013584111686092725
ID_HY4MBL,0.024297012914678354,0.024297012914678354,0.01353950364241063,0.01353950364241063,0.013570441805551071,0.013570441805551071
ID_VR31M9,0.02430162521485645,0.02430162521485645,0.013859343210918081,0.013859343210918081,0.013699758828849126,0.013699758828849126
ID_DPT0O6,0.024426651800096323,0.024426651800096323,0.01392884574632302,0.01392884574632302,0.014592371350147265,0.014592371350147265
ID_0CCA4F,0.024329219033840995,0.024329219033840995,0.013859343210918081,0.013859343210918081,0.013667333407318646,0.013667333407318646
ID_8DEOE6,0.024297012914678354,0.024297012914678354,0.013564305229712217,0.013564305229712217,0.013570441805551071,0.013570441805551071
ID_6PMH8O,0.02430162521485645,0.02430162521485645,0.013821890027397482,0.013821890027397482,0.013627919748389356,0.013627919748389356
ID_G4SI0V,0.024269419095693807,0.024269419095693807,0.013657472123837831,0.013657472123837831,0.013427414962259852,0.013427414962259852
ID_FFXJXU,0.024329219033840995,0.024329219033840995,0.013644820527618819,0.013644820527618819,0.013480919510146423,0.013480919510146423
ID_FP7DXV,0.024297012914678354,0.024297012914678354,0.014053027136871229,0.014053027136871229,0.013584111686092725,0.013584111686092725
ID_9GWO0I,0.024269419095693807,0.024269419095693807,0.01410600520132722,0.01410600520132722,0.014666577713095532,0.014666577713095532
ID_5K7ETI,0.024297012914678354,0.024297012914678354,0.013564305229712217,0.013564305229712217,0.013427414962259852,0.013427414962259852
ID_IUXQPV,0.024329219033840995,0.024329219033840995,0.014193568842395872,0.014193568842395872,0.013932207744321037,0.013932207744321037
ID_0OMUID,0.024248715161946394,0.024248715161946394,0.01387629379995105,0.01387629379995105,0.013699758828849126,0.013699758828849126
ID_YFBVK9,0.024329219033840995,0.024329219033840995,0.01387629379995105,0.01387629379995105,0.013667333407318646,0.013667333407318646
ID_V8VLC8,0.024297012914678354,0.024297012914678354,0.013657472123837831,0.013657472123837831,0.013427414962259852,0.013427414962259852
ID_00DZUV,0.02430162521485645,0.02430162521485645,0.01383884061643045,0.01383884061643045,0.013925864880835317,0.013925864880835317
ID_ZOW6TO,0.024297012914678354,0.024297012914678354,0.013801584025212291,0.013801584025212291,0.01367581695223586,0.01367581695223586
ID_HI16T2,0.02430162521485645,0.02430162521485645,0.013859343210918081,0.013859343210918081,0.013699758828849126,0.013699758828849126
ID_O76VHW,0.024280552156534106,0.024280552156534106,0.01387629379995105,0.01387629379995105,0.013752789726718099,0.013752789726718099
ID_UUULV5,0.024280921281109036,0.024280921281109036,0.01387629379995105,0.01387629379995105,0.013814308664239683,0.013814308664239683
ID_MHJ12U,0.024329219033840995,0.024329219033840995,0.014189618396066686,0.014189618396066686,0.013865146308936555,0.013865146308936555
ID_WKRV0S,0.024329219033840995,0.024329219033840995,0.013859343210918081,0.013859343210918081,0.013667333407318646,0.013667333407318646
ID_0EDVOO,0.024248715161946394,0.024248715161946394,0.01387629379995105,0.01387629379995105,0.013699758828849126,0.013699758828849126
ID_LZENBE,0.02427630898093094,0.02427630898093094,0.014138186620615934,0.014138186620615934,0.013792971429878415,0.013792971429878415
ID_SWD2XV,0.024248715161946394,0.024248715161946394,0.013507243297650285,0.013507243297650285,0.01438903550606731,0.01438903550606731
ID_HRPHAH,0.024248715161946394,0.024248715161946394,0.013446494847429115,0.013446494847429115,0.014098161581945406,0.014098161581945406
ID_LOIBL7,0.024248715161946394,0.024248715161946394,0.015226826685949806,0.015226826685949806,0.01636178443136662,0.01636178443136662
ID_O5A5SL,0.024248715161946394,0.024248715161946394,0.013409041663908515,0.013409041663908515,0.013374025963935204,0.013374025963935204
ID_JDKEGM,0.024248715161946394,0.024248715161946394,0.013409041663908515,0.013409041663908515,0.01337620893467369,0.01337620893467369
ID_9BJ65V,0.024248715161946394,0.024248715161946394,0.017764903733149685,0.017764903733149685,0.01775049690820002,0.01775049690820002
ID_TOUBDS,0.024248715161946394,0.024248715161946394,0.01638242127765327,0.01638242127765327,0.014786036053968233,0.014786036053968233
ID_LYPHKJ,0.024248715161946394,0.024248715161946394,0.013409041663908515,0.013409041663908515,0.01337620893467369,0.01337620893467369
ID_7BRQK3,0.024248715161946394,0.024248715161946394,0.01355045913965278,0.01355045913965278,0.013694625134826659,0.013694625134826659
ID_QFQB36,0.024248715161946394,0.024248715161946394,0.015535197007958598,0.015535197007958598,0.016757151000050735,0.016757151000050735
ID_RD2HT8,0.09048627117318163,0.09048627117318163,0.07592069036097657,0.07592069036097657,0.14617604878415186,0.14617604878415186
ID_3IQMTD,0.024248715161946394,0.024248715161946394,0.013377143737273747,0.013377143737273747,0.013420098297498899,0.013420098297498899
ID_YVW8FX,0.024248715161946394,0.024248715161946394,0.013689273114889265,0.013689273114889265,0.013607356099628867,0.013607356099628867
ID_8X19A2,0.024269419095693807,0.024269419095693807,0.014381613003893175,0.014381613003893175,0.013473516936830214,0.013473516936830214
ID_7UBQQ1,0.024248715161946394,0.024248715161946394,0.01353950364241063,0.01353950364241063,0.01375267321830296,0.01375267321830296
ID_RPDIFP,0.024248715161946394,0.024248715161946394,0.015226826685949806,0.015226826685949806,0.01636178443136662,0.01636178443136662
ID_M6XT25,0.024248715161946394,0.024248715161946394,0.013509741737648724,0.013509741737648724,0.013355575881800082,0.013355575881800082
ID_RDJTK6,0.024248715161946394,0.024248715161946394,0.016939781209608096,0.016939781209608096,0.01575096082758473,0.01575096082758473
ID_IK48F6,0.024248715161946394,0.024248715161946394,0.01353950364241063,0.01353950364241063,0.01375267321830296,0.01375267321830296
ID_BH8L7O,0.024248715161946394,0.024248715161946394,0.013409041663908515,0.013409041663908515,0.01337620893467369,0.01337620893467369
ID_5MC5NZ,0.024248715161946394,0.024248715161946394,0.015226826685949806,0.015226826685949806,0.01636178443136662,0.01636178443136662
ID_U8UVJ0,0.024248715161946394,0.024248715161946394,0.013784277124366959,0.013784277124366959,0.01358389572635987,0.01358389572635987
ID_28EYPT,0.09048627117318163,0.09048627117318163,0.07592069036097657,0.07592069036097657,0.14617604878415186,0.14617604878415186
ID_93YWC8,0.024248715161946394,0.024248715161946394,0.015286414130481627,0.015286414130481627,0.015509488181360817,0.015509488181360817
ID_V5332N,0.024248715161946394,0.024248715161946394,0.013972820557046819,0.013972820557046819,0.013381342628696157,0.013381342628696157
ID_W6HDV5,0.024248715161946394,0.024248715161946394,0.013507605715775861,0.013507605715775861,0.013434847176582727,0.013434847176582727
ID_63DZQ1,0.024248715161946394,0.024248715161946394,0.013509741737648724,0.013509741737648724,0.013409080429686653,0.013409080429686653
ID_IU1RUI,0.024248715161946394,0.024248715161946394,0.015226826685949806,0.015226826685949806,0.01636178443136662,0.01636178443136662
ID_OXNKLU,0.024248715161946394,0.024248715161946394,0.025141512336491714,0.025141512336491714,0.01654009397589752,0.01654009397589752
ID_VM1XCG,0.024248715161946394,0.024248715161946394,0.013409041663908515,0.013409041663908515,0.013374025963935204,0.013374025963935204
ID_35VBIN,0.031062739389758114,0.031062739389758114,0.017829511328903213,0.017829511328903213,0.018082286496849873,0.018082286496849873
ID_SVQ88Q,0.024248715161946394,0.024248715161946394,0.01565515870555871,0.01565515870555871,0.0164549053821881,0.0164549053821881
ID_JFWEX9,0.024248715161946394,0.024248715161946394,0.015226826685949806,0.015226826685949806,0.01636178443136662,0.01636178443136662
ID_PHWF17,0.024248715161946394,0.024248715161946394,0.013409041663908515,0.013409041663908515,0.01337620893467369,0.01337620893467369
ID_Y5BIWA,0.024361056028428706,0.024361056028428706,0.02321497181688607,0.02321497181688607,0.019189470982874893,0.019189470982874893
ID_FZVHYY,0.024248715161946394,0.024248715161946394,0.013509741737648724,0.013509741737648724,0.013409080429686653,0.013409080429686653
ID_EPTS2K,0.024248715161946394,0.024248715161946394,0.022179571474041097,0.022179571474041097,0.014497323395919404,0.014497323395919404
ID_Y7L6RK,0.024248715161946394,0.024248715161946394,0.013409041663908515,0.013409041663908515,0.013374025963935204,0.013374025963935204
ID_M3CIP9,0.024248715161946394,0.024248715161946394,0.015286414130481627,0.015286414130481627,0.015509488181360817,0.015509488181360817
ID_GJR246,0.024248715161946394,0.024248715161946394,0.013409041663908515,0.013409041663908515,0.013374025963935204,0.013374025963935204
ID_WOOP5X,0.024248715161946394,0.024248715161946394,0.013434205669335678,0.013434205669335678,0.01373695425328442,0.01373695425328442
ID_89A4YE,0.024280552156534106,0.024280552156534106,0.02895443449599044,0.02895443449599044,0.019744805980225925,0.019744805980225925
ID_R1CD9F,0.024248715161946394,0.024248715161946394,0.013409041663908515,0.013409041663908515,0.01337620893467369,0.01337620893467369
ID_NEBCGE,0.024248715161946394,0.024248715161946394,0.015535197007958598,0.015535197007958598,0.016757151000050735,0.016757151000050735
ID_AY542M,0.024671462588835267,0.024671462588835267,0.02345942542876893,0.02345942542876893,0.045236736491420196,0.045236736491420196
ID_KC3CBG,0.024248715161946394,0.024248715161946394,0.013409041663908515,0.013409041663908515,0.01337620893467369,0.01337620893467369
ID_K4ZNMT,0.024248715161946394,0.024248715161946394,0.01424882995530587,0.01424882995530587,0.01353792380296711,0.01353792380296711
ID_SBU7DK,0.024248715161946394,0.024248715161946394,0.015226826685949806,0.015226826685949806,0.01636178443136662,0.01636178443136662
ID_60I9OZ,0.024248715161946394,0.024248715161946394,0.01515317658298048,0.01515317658298048,0.01623874717664736,0.01623874717664736
ID_CON7O4,0.024248715161946394,0.024248715161946394,0.01565515870555871,0.01565515870555871,0.0164549053821881,0.0164549053821881
ID_WYGX88,0.02427630898093094,0.02427630898093094,0.013756977097066931,0.013756977097066931,0.013591428350853679,0.013591428350853679
ID_KEJ9UP,0.024248715161946394,0.024248715161946394,0.01565515870555871,0.01565515870555871,0.0164549053821881,0.0164549053821881
ID_49D2AR,0.024248715161946394,0.024248715161946394,0.013972820557046819,0.013972820557046819,0.013381342628696157,0.013381342628696157
ID_V7DMUX,0.024248715161946394,0.024248715161946394,0.01343880356867042,0.01343880356867042,0.014055514487497497,0.014055514487497497
ID_ZLQ4JH,0.024248715161946394,0.024248715161946394,0.013377143737273747,0.013377143737273747,0.013445865044394973,0.013445865044394973
ID_677O8P,0.024248715161946394,0.024248715161946394,0.022369692280936646,0.022369692280936646,0.015604170867513653,0.015604170867513653
ID_D02ECF,0.024248715161946394,0.024248715161946394,0.014139005350332379,0.014139005350332379,0.013774006735207553,0.013774006735207553
ID_5QBTV9,0.024248715161946394,0.024248715161946394,0.014969182283922267,0.014969182283922267,0.01561594132036874,0.01561594132036874
ID_25GIGF,0.024248715161946394,0.024248715161946394,0.01452786282117413,0.01452786282117413,0.014471900943453065,0.014471900943453065
ID_2EYUSI,0.024248715161946394,0.024248715161946394,0.016939781209608096,0.016939781209608096,0.01575096082758473,0.01575096082758473
ID_AFJISS,0.024248715161946394,0.024248715161946394,0.01424882995530587,0.01424882995530587,0.01353792380296711,0.01353792380296711
ID_P95MFR,0.024248715161946394,0.024248715161946394,0.01347613958711109,0.01347613958711109,0.013381342628696157,0.013381342628696157
ID_7LNIHE,0.024248715161946394,0.024248715161946394,0.015226826685949806,0.015226826685949806,0.01636178443136662,0.01636178443136662
ID_RJFY9O,0.024248715161946394,0.024248715161946394,0.01565515870555871,0.01565515870555871,0.0164549053821881,0.0164549053821881
ID_DHPPV2,0.024248715161946394,0.024248715161946394,0.016792436082302856,0.016792436082302856,0.015823117402730888,0.015823117402730888
ID_GW0TFH,0.024248715161946394,0.024248715161946394,0.013972820557046819,0.013972820557046819,0.013381342628696157,0.013381342628696157
ID_NL68DQ,0.05324183684312261,0.05324183684312261,0.04242233708943207,0.04242233708943207,0.10703304496433709,0.10703304496433709
ID_7V19DB,0.024248715161946394,0.024248715161946394,0.015226826685949806,0.015226826685949806,0.01636178443136662,0.01636178443136662
ID_8H47OG,0.024248715161946394,0.024248715161946394,0.025141512336491714,0.025141512336491714,0.01654009397589752,0.01654009397589752
ID_ZVKA4U,0.024248715161946394,0.024248715161946394,0.013409041663908515,0.013409041663908515,0.013374025963935204,0.013374025963935204
ID_ATOU9I,0.024248715161946394,0.024248715161946394,0.01419873857249322,0.01419873857249322,0.013519589270393909,0.013519589270393909
ID_XYCHYM,0.024248715161946394,0.024248715161946394,0.02143695327826858,0.02143695327826858,0.014311793511367701,0.014311793511367701
ID_E34NO5,0.024248715161946394,0.024248715161946394,0.013409041663908515,0.013409041663908515,0.01337620893467369,0.01337620893467369
ID_P64AZ0,0.024248715161946394,0.024248715161946394,0.015718108271875253,0.015718108271875253,0.015684567780747453,0.015684567780747453
ID_1QOZJU,0.024248715161946394,0.024248715161946394,0.013377143737273747,0.013377143737273747,0.013445865044394973,0.013445865044394973
ID_XLYALT,0.024248715161946394,0.024248715161946394,0.01424882995530587,0.01424882995530587,0.01353792380296711,0.01353792380296711
ID_WGDRNV,0.024248715161946394,0.024248715161946394,0.016876831643291557,0.016876831643291557,0.016588105515388234,0.016588105515388234
ID_B6R04O,0.024248715161946394,0.024248715161946394,0.021948182115892896,0.021948182115892896,0.015952902408471616,0.015952902408471616
ID_LNUKMI,0.024248715161946394,0.024248715161946394,0.0167541280548338,0.0167541280548338,0.015537906920687702,0.015537906920687702
ID_YQU1KF,0.024248715161946394,0.024248715161946394,0.013409041663908515,0.013409041663908515,0.013374025963935204,0.013374025963935204
ID_8NHM2A,0.024248715161946394,0.024248715161946394,0.013509741737648724,0.013509741737648724,0.013409080429686653,0.013409080429686653
ID_CDOW4B,0.024248715161946394,0.024248715161946394,0.015226826685949806,0.015226826685949806,0.01636178443136662,0.01636178443136662
ID_EX6VFO,0.024248715161946394,0.024248715161946394,0.01576896057566364,0.01576896057566364,0.016417503525455505,0.016417503525455505
ID_5RO8MY,0.024248715161946394,0.024248715161946394,0.01419873857249322,0.01419873857249322,0.013519589270393909,0.013519589270393909
ID_JLMYMA,0.024248715161946394,0.024248715161946394,0.022179571474041097,0.022179571474041097,0.014497323395919404,0.014497323395919404
ID_MVEV3V,0.024248715161946394,0.024248715161946394,0.016939781209608096,0.016939781209608096,0.01575096082758473,0.01575096082758473
ID_5S5YUE,0.024248715161946394,0.024248715161946394,0.013409041663908515,0.013409041663908515,0.013374025963935204,0.013374025963935204
ID_6VX4DA,0.024248715161946394,0.024248715161946394,0.014139005350332379,0.014139005350332379,0.013774006735207553,0.013774006735207553
ID_SC5634,0.024248715161946394,0.024248715161946394,0.015286414130481627,0.015286414130481627,0.015509488181360817,0.015509488181360817
ID_EZO6E7,0.024248715161946394,0.024248715161946394,0.013509741737648724,0.013509741737648724,0.01366326743131345,0.01366326743131345
ID_6QKL3H,0.024248715161946394,0.024248715161946394,0.013507605715775861,0.013507605715775861,0.013434847176582727,0.013434847176582727
ID_A11EEW,0.024521312438685116,0.024521312438685116,0.02341491420926729,0.02341491420926729,0.01649821938500024,0.01649821938500024
ID_1F53HQ,0.024248715161946394,0.024248715161946394,0.01424882995530587,0.01424882995530587,0.01353792380296711,0.01353792380296711
ID_BPD0T4,0.024248715161946394,0.024248715161946394,0.013377143737273747,0.013377143737273747,0.013374025963935204,0.013374025963935204
ID_6P0J6L,0.024269419095693807,0.024269419095693807,0.013797088440095895,0.013797088440095895,0.013888133390714926,0.013888133390714926
ID_2M35S8,0.07032152816153955,0.07032152816153955,0.07363343794479603,0.07363343794479603,0.07866487203226148,0.07866487203226148
ID_Z0NFOR,0.024248715161946394,0.024248715161946394,0.015535197007958598,0.015535197007958598,0.016757151000050735,0.016757151000050735
ID_EXDP8Y,0.024248715161946394,0.024248715161946394,0.01344424166047632,0.01344424166047632,0.013381342628696157,0.013381342628696157
ID_QRLVAL,0.024248715161946394,0.024248715161946394,0.01509710468439485,0.01509710468439485,0.015279748112606094,0.015279748112606094
ID_Y8G6YL,0.024248715161946394,0.024248715161946394,0.013384240076606928,0.013384240076606928,0.013309503548236387,0.013309503548236387
ID_X6X0ZN,0.024248715161946394,0.024248715161946394,0.013409041663908515,0.013409041663908515,0.01337620893467369,0.01337620893467369
ID_LYVJ1L,0.024248715161946394,0.024248715161946394,0.013409041663908515,0.013409041663908515,0.013374025963935204,0.013374025963935204
ID_MNE22V,0.024248715161946394,0.024248715161946394,0.013409041663908515,0.013409041663908515,0.01337620893467369,0.01337620893467369
ID_PUNH2D,0.024248715161946394,0.024248715161946394,0.013509741737648724,0.013509741737648724,0.013355575881800082,0.013355575881800082
ID_8WSWMT,0.024248715161946394,0.024248715161946394,0.015718108271875253,0.015718108271875253,0.015684567780747453,0.015684567780747453
ID_ZDYSIZ,0.024248715161946394,0.024248715161946394,0.013409041663908515,0.013409041663908515,0.01337620893467369,0.01337620893467369
ID_PFPEKM,0.024269419095693807,0.024269419095693807,0.014366798436733072,0.014366798436733072,0.013473516936830214,0.013473516936830214
ID_NNZAIC,0.024248715161946394,0.024248715161946394,0.016876831643291557,0.016876831643291557,0.016588105515388234,0.016588105515388234
ID_1TLG7R,0.024248715161946394,0.024248715161946394,0.015226826685949806,0.015226826685949806,0.01636178443136662,0.01636178443136662
ID_9H2JEC,0.024269419095693807,0.024269419095693807,0.014381613003893175,0.014381613003893175,0.013473516936830214,0.013473516936830214
ID_LLCJJG,0.024248715161946394,0.024248715161946394,0.016876831643291557,0.016876831643291557,0.016588105515388234,0.016588105515388234
ID_7ILKZQ,0.024248715161946394,0.024248715161946394,0.013726726298409864,0.013726726298409864,0.01418435021860748,0.01418435021860748
ID_UBXNCV,0.024248715161946394,0.024248715161946394,0.013507605715775861,0.013507605715775861,0.013434847176582727,0.013434847176582727
ID_UXA3BF,0.024248715161946394,0.024248715161946394,0.01565515870555871,0.01565515870555871,0.0164549053821881,0.0164549053821881
ID_249DRM,0.024248715161946394,0.024248715161946394,0.023364784614957133,0.023364784614957133,0.017393678606440623,0.017393678606440623
ID_Z9QNGS,0.024248715161946394,0.024248715161946394,0.017148764951570757,0.017148764951570757,0.01521865107365768,0.01521865107365768
ID_5V5YL7,0.024248715161946394,0.024248715161946394,0.01665928056188249,0.01665928056188249,0.016356086913820345,0.016356086913820345
ID_A7GQU5,0.024248715161946394,0.024248715161946394,0.01347613958711109,0.01347613958711109,0.013427414962259852,0.013427414962259852
ID_B33J1S,0.024248715161946394,0.024248715161946394,0.013409041663908515,0.013409041663908515,0.013374025963935204,0.013374025963935204
ID_KO7FBB,0.024248715161946394,0.024248715161946394,0.02319911654001779,0.02319911654001779,0.015716256126276567,0.015716256126276567
ID_7DB6U3,0.024248715161946394,0.024248715161946394,0.013534543324950311,0.013534543324950311,0.01366326743131345,0.01366326743131345
ID_L6C55N,0.024248715161946394,0.024248715161946394,0.015226826685949806,0.015226826685949806,0.01636178443136662,0.01636178443136662
ID_5S3A5Z,0.024248715161946394,0.024248715161946394,0.022179571474041097,0.022179571474041097,0.014497323395919404,0.014497323395919404
ID_WNRIP1,0.02427630898093094,0.02427630898093094,0.013756977097066931,0.013756977097066931,0.013591428350853679,0.013591428350853679
ID_14WLPI,0.024248715161946394,0.024248715161946394,0.017739657176158857,0.017739657176158857,0.015778101650235424,0.015778101650235424
ID_O9X6J6,0.024248715161946394,0.024248715161946394,0.015425066679797818,0.015425066679797818,0.016632134763926054,0.016632134763926054
ID_RA2DLW,0.024248715161946394,0.024248715161946394,0.016767680273726326,0.016767680273726326,0.028259265789529538,0.028259265789529538
ID_3ARXWX,0.024248715161946394,0.024248715161946394,0.016939781209608096,0.016939781209608096,0.01575096082758473,0.01575096082758473
ID_GTXRS7,0.024248715161946394,0.024248715161946394,0.016876831643291557,0.016876831643291557,0.016588105515388234,0.016588105515388234
ID_53HFX3,0.024248715161946394,0.024248715161946394,0.013509741737648724,0.013509741737648724,0.01375267321830296,0.01375267321830296
ID_MHS7P6,0.024248715161946394,0.024248715161946394,0.015226826685949806,0.015226826685949806,0.01636178443136662,0.01636178443136662
ID_83W356,0.024248715161946394,0.024248715161946394,0.02292922142376972,0.02292922142376972,0.015925789085614612,0.015925789085614612
ID_YYDX2H,0.024248715161946394,0.024248715161946394,0.01586022180159537,0.01586022180159537,0.014839856413003488,0.014839856413003488
ID_LM4X5P,0.024248715161946394,0.024248715161946394,0.013409041663908515,0.013409041663908515,0.01337620893467369,0.01337620893467369
ID_RUYJOV,0.024248715161946394,0.024248715161946394,0.02143695327826858,0.02143695327826858,0.014311793511367701,0.014311793511367701
ID_VWYZDV,0.024248715161946394,0.024248715161946394,0.013409041663908515,0.013409041663908515,0.01402706640016744,0.01402706640016744
ID_SMEEWO,0.024248715161946394,0.024248715161946394,0.013507605715775861,0.013507605715775861,0.013434847176582727,0.013434847176582727
ID_6AMJI3,0.024248715161946394,0.024248715161946394,0.015286414130481627,0.015286414130481627,0.015509488181360817,0.015509488181360817
ID_34VCUO,0.024248715161946394,0.024248715161946394,0.022179571474041097,0.022179571474041097,0.014497323395919404,0.014497323395919404
ID_B3QCGW,0.024248715161946394,0.024248715161946394,0.013409041663908515,0.013409041663908515,0.01337620893467369,0.01337620893467369
ID_YJ4QD4,0.042556033528591906,0.042556033528591906,0.053803815260913025,0.053803815260913025,0.04723185792648837,0.04723185792648837
ID_H4YDLW,0.04643294086491708,0.04643294086491708,0.03652441395120004,0.03652441395120004,0.039645446589750874,0.039645446589750874
ID_E03C34,0.025246413071294486,0.025246413071294486,0.030842040274252237,0.030842040274252237,0.02201370110427591,0.02201370110427591
ID_170IHM,0.027985411373440468,0.027985411373440468,0.042266655701373175,0.042266655701373175,0.03331917582733642,0.03331917582733642
ID_AQD45I,0.2886806594020894,0.2886806594020894,0.22226619246867133,0.22226619246867133,0.23519487235257802,0.23519487235257802
ID_XVPUUZ,0.2886806594020894,0.2886806594020894,0.22226619246867133,0.22226619246867133,0.23519487235257802,0.23519487235257802
ID_XI6QQ0,0.07167124605711758,0.07167124605711758,0.13340235527685396,0.13340235527685396,0.19650746893824034,0.19650746893824034
ID_GN5HJG,0.20842383105218606,0.20842383105218606,0.20707430486798478,0.20707430486798478,0.20062184962664478,0.20062184962664478
ID_72UHEN,0.029956914303129765,0.029956914303129765,0.036209693713627526,0.036209693713627526,0.041978444298142355,0.041978444298142355
ID_TM0IMP,0.2996737826483067,0.2996737826483067,0.2510264380964644,0.2510264380964644,0.24989660044504902,0.24989660044504902
ID_YGEZQG,0.3175144712570702,0.3175144712570702,0.26560566400452496,0.26560566400452496,0.25269005322847754,0.25269005322847754
ID_NB35EZ,0.027928323834628756,0.027928323834628756,0.038393847807641664,0.038393847807641664,0.031725164827211175,0.031725164827211175
ID_B44OOF,0.027985411373440468,0.027985411373440468,0.042266655701373175,0.042266655701373175,0.03331917582733642,0.03331917582733642
ID_NTHRCW,0.024248715161946394,0.024248715161946394,0.013436341691208543,0.013436341691208543,0.01742508482385551,0.01742508482385551
ID_4M0YMS,0.029979660964391967,0.029979660964391967,0.052245809528321335,0.052245809528321335,0.04383873365245193,0.04383873365245193
ID_MDPJ5N,0.027985411373440468,0.027985411373440468,0.042266655701373175,0.042266655701373175,0.03331917582733642,0.03331917582733642
ID_GCE89L,0.040659013961055535,0.040659013961055535,0.04293206667990834,0.04293206667990834,0.1594369606340987,0.1594369606340987
ID_5I780C,0.03431570132268794,0.03431570132268794,0.04627455622717975,0.04627455622717975,0.047507893430831505,0.047507893430831505
ID_2B7SR5,0.042556033528591906,0.042556033528591906,0.053803815260913025,0.053803815260913025,0.04723185792648837,0.04723185792648837
ID_NUEHVL,0.042556033528591906,0.042556033528591906,0.053803815260913025,0.053803815260913025,0.04723185792648837,0.04723185792648837
ID_M0Z56V,0.029956914303129765,0.029956914303129765,0.036209693713627526,0.036209693713627526,0.041978444298142355,0.041978444298142355
ID_QWOKAX,0.029709499288379997,0.029709499288379997,0.04038662486513099,0.04038662486513099,0.04259605526824262,0.04259605526824262
ID_6E3ARV,0.027988553655994515,0.027988553655994515,0.04546196681815185,0.04546196681815185,0.03652588023879377,0.03652588023879377
ID_F120A9,0.3175144712570702,0.3175144712570702,0.26560566400452496,0.26560566400452496,0.25269005322847754,0.25269005322847754
ID_92GH8G,0.02979098165171138,0.02979098165171138,0.038099460302447145,0.038099460302447145,0.05041170017774593,0.05041170017774593
ID_SK11B2,0.027988553655994515,0.027988553655994515,0.04546196681815185,0.04546196681815185,0.03652588023879377,0.03652588023879377
ID_3ONHGA,0.07167124605711758,0.07167124605711758,0.13340235527685396,0.13340235527685396,0.19650746893824034,0.19650746893824034
ID_CCEFHU,0.027985411373440468,0.027985411373440468,0.042266655701373175,0.042266655701373175,0.03331917582733642,0.03331917582733642
ID_N914ML,0.047130894588350965,0.047130894588350965,0.04358031602465314,0.04358031602465314,0.048892669708637815,0.048892669708637815
ID_DT1RJO,0.3109181528671708,0.3109181528671708,0.2664950879402284,0.2664950879402284,0.26195548453755874,0.26195548453755874
ID_AKS62G,0.04630421248587796,0.04630421248587796,0.04300307019321066,0.04300307019321066,0.04968949015705893,0.04968949015705893
ID_AOUGMR,0.05318550705168765,0.05318550705168765,0.06194587525087176,0.06194587525087176,0.06797293159672396,0.06797293159672396
ID_5R164Q,0.04630421248587796,0.04630421248587796,0.04300307019321066,0.04300307019321066,0.04968949015705893,0.04968949015705893
ID_HNW1SP,0.042556033528591906,0.042556033528591906,0.053803815260913025,0.053803815260913025,0.04723185792648837,0.04723185792648837
ID_OOPSZH,0.029656888029901664,0.029656888029901664,0.05006459382201845,0.05006459382201845,0.03985029811925124,0.03985029811925124
ID_VAJKEF,0.027985411373440468,0.027985411373440468,0.042266655701373175,0.042266655701373175,0.03331917582733642,0.03331917582733642
ID_XO432P,0.03272883048820352,0.03272883048820352,0.048632215901301366,0.048632215901301366,0.054658641309066336,0.054658641309066336
ID_EIKAR0,0.027988553655994515,0.027988553655994515,0.04546196681815185,0.04546196681815185,0.03652588023879377,0.03652588023879377
ID_DYDUC0,0.2886806594020894,0.2886806594020894,0.22226619246867133,0.22226619246867133,0.23519487235257802,0.23519487235257802
ID_0E6AWX,0.04643294086491708,0.04643294086491708,0.03652441395120004,0.03652441395120004,0.039645446589750874,0.039645446589750874
ID_RCKGWH,0.027928323834628756,0.027928323834628756,0.038393847807641664,0.038393847807641664,0.031725164827211175,0.031725164827211175
ID_MPEJJ7,0.07167124605711758,0.07167124605711758,0.13340235527685396,0.13340235527685396,0.19650746893824034,0.19650746893824034
ID_92GB4X,0.07167124605711758,0.07167124605711758,0.13340235527685396,0.13340235527685396,0.19650746893824034,0.19650746893824034
ID_PF9MLB,0.029709499288379997,0.029709499288379997,0.04038662486513099,0.04038662486513099,0.04259605526824262,0.04259605526824262
ID_BKPXHW,0.025246413071294486,0.025246413071294486,0.03056074632207221,0.03056074632207221,0.020629800946773667,0.020629800946773667
ID_0U0CZ6,0.028070936131129806,0.028070936131129806,0.03507651793200224,0.03507651793200224,0.041150593278590705,0.041150593278590705
ID_W2OT9E,0.047646049025964296,0.047646049025964296,0.05342121687862361,0.05342121687862361,0.04710644691682431,0.04710644691682431
ID_533G8B,0.028070936131129806,0.028070936131129806,0.03507651793200224,0.03507651793200224,0.041150593278590705,0.041150593278590705
ID_Z8YTI6,0.07167124605711758,0.07167124605711758,0.13340235527685396,0.13340235527685396,0.19650746893824034,0.19650746893824034
ID_6C4OE9,0.3278811565265943,0.3278811565265943,0.30283385625642106,0.30283385625642106,0.29247416788752595,0.29247416788752595
ID_KL4MG7,0.028287234374281864,0.028287234374281864,0.042842752242473976,0.042842752242473976,0.03272626074334757,0.03272626074334757
ID_MTIIWZ,0.027988553655994515,0.027988553655994515,0.04546196681815185,0.04546196681815185,0.03652588023879377,0.03652588023879377
ID_FUAXKT,0.027988553655994515,0.027988553655994515,0.04546196681815185,0.04546196681815185,0.03652588023879377,0.03652588023879377
ID_2FIUCN,0.14054159204405575,0.14054159204405575,0.15505880801099164,0.15505880801099164,0.13006572291528815,0.13006572291528815
ID_BZ0G9W,0.024287497926062628,0.024287497926062628,0.013373303140056544,0.013373303140056544,0.021743404058234352,0.021743404058234352
ID_UK2N3N,0.13815011629643578,0.13815011629643578,0.14108076588874616,0.14108076588874616,0.12772744664455984,0.12772744664455984
ID_51JHHB,0.134646458439967,0.134646458439967,0.13693342461154054,0.13693342461154054,0.12474295730588826,0.12474295730588826
ID_E8M783,0.024269419095693807,0.024269419095693807,0.02051967152183586,0.02051967152183586,0.03747196963528084,0.03747196963528084
ID_HGRL68,0.02430125609028152,0.02430125609028152,0.021480101026679924,0.021480101026679924,0.037757771811267535,0.037757771811267535
ID_Z099ZD,0.027946131315002294,0.027946131315002294,0.018671331275688038,0.018671331275688038,0.023777878628788798,0.023777878628788798
ID_J98CG9,0.024361056028428706,0.024361056028428706,0.014972249007044742,0.014972249007044742,0.03650973502682294,0.03650973502682294
ID_3UQ81U,0.024269419095693807,0.024269419095693807,0.02051967152183586,0.02051967152183586,0.03728166085114493,0.03728166085114493
ID_NZIYML,0.024287497926062628,0.024287497926062628,0.014564904583635276,0.014564904583635276,0.033154176257506406,0.033154176257506406
ID_TDYO22,0.024269419095693807,0.024269419095693807,0.017931478671634735,0.017931478671634735,0.027934446258225155,0.027934446258225155
ID_PJ4KK1,0.024361056028428706,0.024361056028428706,0.014972249007044742,0.014972249007044742,0.03650973502682294,0.03650973502682294
ID_I9K28A,0.024269419095693807,0.024269419095693807,0.0778592133817616,0.0778592133817616,0.09762286934197996,0.09762286934197996
ID_1DU4K9,0.02433721437866699,0.02433721437866699,0.022066918728987552,0.022066918728987552,0.037765525984230365,0.037765525984230365
ID_GTAZM3,0.02430125609028152,0.02430125609028152,0.021480101026679924,0.021480101026679924,0.037757771811267535,0.037757771811267535
ID_85BE9E,0.024269419095693807,0.024269419095693807,0.014155851748915912,0.014155851748915912,0.02442545501291783,0.02442545501291783
ID_7P1FDA,0.024269419095693807,0.024269419095693807,0.019765289226620415,0.019765289226620415,0.06364711417038665,0.06364711417038665
ID_RUN0MH,0.024269419095693807,0.024269419095693807,0.01824272420911861,0.01824272420911861,0.02798550787970779,0.02798550787970779
ID_YBFBW4,0.027362698978499862,0.027362698978499862,0.018066531163227345,0.018066531163227345,0.023417523874824476,0.023417523874824476
ID_NE459Y,0.027946131315002294,0.027946131315002294,0.018671331275688038,0.018671331275688038,0.023777878628788798,0.023777878628788798
ID_GGZZ9O,0.027362698978499862,0.027362698978499862,0.018066531163227345,0.018066531163227345,0.023417523874824476,0.023417523874824476
ID_H1PP14,0.024287497926062628,0.024287497926062628,0.014564904583635276,0.014564904583635276,0.033154176257506406,0.033154176257506406
ID_0PPL34,0.027946131315002294,0.027946131315002294,0.018671331275688038,0.018671331275688038,0.023777878628788798,0.023777878628788798
ID_CRMQQO,0.024269419095693807,0.024269419095693807,0.01622179045402371,0.01622179045402371,0.023492951069800566,0.023492951069800566
ID_A0YIQ0,0.027946131315002294,0.027946131315002294,0.018671331275688038,0.018671331275688038,0.023777878628788798,0.023777878628788798
ID_Q1TCRH,0.024287497926062628,0.024287497926062628,0.013373303140056544,0.013373303140056544,0.021743404058234352,0.021743404058234352
ID_94MXFN,0.024287497926062628,0.024287497926062628,0.013373303140056544,0.013373303140056544,0.021743404058234352,0.021743404058234352
ID_88SLJ5,0.027946131315002294,0.027946131315002294,0.018671331275688038,0.018671331275688038,0.023777878628788798,0.023777878628788798
ID_ECEAEJ,0.024269419095693807,0.024269419095693807,0.0778592133817616,0.0778592133817616,0.09762286934197996,0.09762286934197996
ID_4QDWP4,0.02430125609028152,0.02430125609028152,0.018878847578029143,0.018878847578029143,0.03485751244335977,0.03485751244335977
ID_UH4UW8,0.02430125609028152,0.02430125609028152,0.021480101026679924,0.021480101026679924,0.037757771811267535,0.037757771811267535
ID_VCFVPX,0.024269419095693807,0.024269419095693807,0.020299990413019785,0.020299990413019785,0.035618580108852896,0.035618580108852896
ID_04ZSOG,0.024361056028428706,0.024361056028428706,0.014972249007044742,0.014972249007044742,0.03650973502682294,0.03650973502682294
ID_BQ8JLJ,0.024269419095693807,0.024269419095693807,0.020299990413019785,0.020299990413019785,0.035618580108852896,0.035618580108852896
ID_35RX02,0.02430125609028152,0.02430125609028152,0.021480101026679924,0.021480101026679924,0.037757771811267535,0.037757771811267535
ID_GOXE3K,0.024361056028428706,0.024361056028428706,0.014972249007044742,0.014972249007044742,0.03650973502682294,0.03650973502682294
ID_U5RFQ3,0.024361056028428706,0.024361056028428706,0.014972249007044742,0.014972249007044742,0.03650973502682294,0.03650973502682294
ID_DM55ZQ,0.024361056028428706,0.024361056028428706,0.013775545942266959,0.013775545942266959,0.024023382708378633,0.024023382708378633
ID_A1QQRA,0.027946131315002294,0.027946131315002294,0.018671331275688038,0.018671331275688038,0.023777878628788798,0.023777878628788798
ID_19O4B5,0.024269419095693807,0.024269419095693807,0.02051967152183586,0.02051967152183586,0.03747196963528084,0.03747196963528084
ID_5REP3T,0.02430125609028152,0.02430125609028152,0.021480101026679924,0.021480101026679924,0.037757771811267535,0.037757771811267535
ID_OF5R7M,0.027946131315002294,0.027946131315002294,0.018671331275688038,0.018671331275688038,0.023777878628788798,0.023777878628788798
ID_Q1LGPO,0.024269419095693807,0.024269419095693807,0.01824272420911861,0.01824272420911861,0.02798550787970779,0.02798550787970779
ID_K5EEX9,0.024287497926062628,0.024287497926062628,0.014564904583635276,0.014564904583635276,0.033154176257506406,0.033154176257506406
ID_IQGKMC,0.024269419095693807,0.024269419095693807,0.020299990413019785,0.020299990413019785,0.035618580108852896,0.035618580108852896
ID_HT38F6,0.02433721437866699,0.02433721437866699,0.022066918728987552,0.022066918728987552,0.037765525984230365,0.037765525984230365
ID_LZLRNV,0.024269419095693807,0.024269419095693807,0.014155851748915912,0.014155851748915912,0.02442545501291783,0.02442545501291783
ID_TWJQGO,0.024269419095693807,0.024269419095693807,0.016146440467737916,0.016146440467737916,0.0239145020343824,0.0239145020343824
ID_0CL91E,0.024269419095693807,0.024269419095693807,0.016589269060346565,0.016589269060346565,0.02319836766362868,0.02319836766362868
ID_57W8R1,0.024269419095693807,0.024269419095693807,0.020810491404742594,0.020810491404742594,0.061041288037473426,0.061041288037473426
ID_5WL00B,0.027946131315002294,0.027946131315002294,0.018671331275688038,0.018671331275688038,0.023777878628788798,0.023777878628788798
ID_GXWOO5,0.02429405259388712,0.02429405259388712,0.05126893968741317,0.05126893968741317,0.14371565978971948,0.14371565978971948
ID_TWRUWM,0.02429405259388712,0.02429405259388712,0.05126893968741317,0.05126893968741317,0.14371565978971948,0.14371565978971948
ID_A9BGIR,0.024258094305501646,0.024258094305501646,0.0388640598801487,0.0388640598801487,0.03063131007316006,0.03063131007316006
ID_2JI71I,0.02429405259388712,0.02429405259388712,0.04893410378588207,0.04893410378588207,0.11914650795314118,0.11914650795314118
ID_ML47TN,0.024258094305501646,0.024258094305501646,0.030014372928625004,0.030014372928625004,0.02783609074002904,0.02783609074002904
ID_7WZ9FK,0.02429405259388712,0.02429405259388712,0.05126893968741317,0.05126893968741317,0.14371565978971948,0.14371565978971948
ID_DRELA9,0.02429405259388712,0.02429405259388712,0.05126893968741317,0.05126893968741317,0.14371565978971948,0.14371565978971948
ID_J8US98,0.024258094305501646,0.024258094305501646,0.03853438955047837,0.03853438955047837,0.03063131007316006,0.03063131007316006
ID_H10W0Q,0.02429405259388712,0.02429405259388712,0.05126893968741317,0.05126893968741317,0.14371565978971948,0.14371565978971948
ID_9ZL287,0.024258094305501646,0.024258094305501646,0.030014372928625004,0.030014372928625004,0.02783609074002904,0.02783609074002904
ID_TZBCSR,0.024258094305501646,0.024258094305501646,0.04712309454054534,0.04712309454054534,0.12449575943259532,0.12449575943259532
ID_FTIP85,0.024258094305501646,0.024258094305501646,0.027158513976838786,0.027158513976838786,0.08232717960595773,0.08232717960595773
ID_FJN24X,0.024258094305501646,0.024258094305501646,0.0380224483049372,0.0380224483049372,0.1294061418897393,0.1294061418897393
ID_VKFW41,0.024258094305501646,0.024258094305501646,0.0380224483049372,0.0380224483049372,0.1294061418897393,0.1294061418897393
ID_TAJUDM,0.024258094305501646,0.024258094305501646,0.029789827396146017,0.029789827396146017,0.02556325571301225,0.02556325571301225
ID_MTGYGV,0.024258094305501646,0.024258094305501646,0.03853438955047837,0.03853438955047837,0.03063131007316006,0.03063131007316006
ID_71YOL3,0.024258094305501646,0.024258094305501646,0.03836331802546328,0.03836331802546328,0.0536223056875277,0.0536223056875277
ID_7CNHAN,0.024258094305501646,0.024258094305501646,0.03836331802546328,0.03836331802546328,0.0536223056875277,0.0536223056875277
ID_OZTOGX,0.024435399270040653,0.024435399270040653,0.03593580756050896,0.03593580756050896,0.049381739838794354,0.049381739838794354
ID_S9GOKQ,0.024456103203788066,0.024456103203788066,0.023925595144370704,0.023925595144370704,0.04035347021976895,0.04035347021976895
ID_TCCXJY,0.05603189869199666,0.05603189869199666,0.019278185585315785,0.019278185585315785,0.04570340850153111,0.04570340850153111
ID_UJI7EY,0.024258094305501646,0.024258094305501646,0.0221198393117704,0.0221198393117704,0.07641774341682075,0.07641774341682075
ID_WSXVUU,0.024258094305501646,0.024258094305501646,0.0380224483049372,0.0380224483049372,0.1294061418897393,0.1294061418897393
ID_FXV3ZJ,0.024258094305501646,0.024258094305501646,0.030014372928625004,0.030014372928625004,0.02783609074002904,0.02783609074002904
ID_CFIC5L,0.02429405259388712,0.02429405259388712,0.03898339506924638,0.03898339506924638,0.1143556281322994,0.1143556281322994
ID_T9BUYJ,0.024562139598613444,0.024562139598613444,0.0287142990410208,0.0287142990410208,0.08380145042069834,0.08380145042069834
ID_2KG52B,0.05667809637037954,0.05667809637037954,0.020122525504413045,0.020122525504413045,0.043502424834559336,0.043502424834559336
ID_U4YBEU,0.024258094305501646,0.024258094305501646,0.04712309454054534,0.04712309454054534,0.12449575943259532,0.12449575943259532
ID_J8SQUH,0.024258094305501646,0.024258094305501646,0.037135627910186736,0.037135627910186736,0.10591719691948406,0.10591719691948406
ID_UMRHMM,0.024258094305501646,0.024258094305501646,0.03565325772129925,0.03565325772129925,0.1195489093756433,0.1195489093756433
ID_XS0D20,0.05667809637037954,0.05667809637037954,0.020122525504413045,0.020122525504413045,0.043502424834559336,0.043502424834559336
ID_UT4QJ0,0.024258094305501646,0.024258094305501646,0.0388640598801487,0.0388640598801487,0.03063131007316006,0.03063131007316006
ID_LWNW4V,0.024258094305501646,0.024258094305501646,0.0388640598801487,0.0388640598801487,0.03063131007316006,0.03063131007316006
ID_I5ITGA,0.024258094305501646,0.024258094305501646,0.0388640598801487,0.0388640598801487,0.03063131007316006,0.03063131007316006
ID_63LRW5,0.024435399270040653,0.024435399270040653,0.03013090587704639,0.03013090587704639,0.043986041654013985,0.043986041654013985
ID_ECWV3B,0.024258094305501646,0.024258094305501646,0.0388640598801487,0.0388640598801487,0.03063131007316006,0.03063131007316006
ID_WYQ24M,0.05666853102252522,0.05666853102252522,0.0203560453001666,0.0203560453001666,0.04274312394735061,0.04274312394735061
ID_H9HY14,0.02429405259388712,0.02429405259388712,0.038378663004036064,0.038378663004036064,0.13920953323286414,0.13920953323286414
ID_UHQ8W8,0.024258094305501646,0.024258094305501646,0.03836331802546328,0.03836331802546328,0.0536223056875277,0.0536223056875277
ID_0U4OWS,0.024258094305501646,0.024258094305501646,0.0388640598801487,0.0388640598801487,0.03063131007316006,0.03063131007316006
ID_0ISQF0,0.05860638161343226,0.05860638161343226,0.022096813541797995,0.022096813541797995,0.04478635601798005,0.04478635601798005
ID_1AME4K,0.024258094305501646,0.024258094305501646,0.03856198437500567,0.03856198437500567,0.030989424059241884,0.030989424059241884
ID_2WSSFW,0.02429405259388712,0.02429405259388712,0.03898339506924638,0.03898339506924638,0.1143556281322994,0.1143556281322994
ID_LFVE77,0.024258094305501646,0.024258094305501646,0.0221198393117704,0.0221198393117704,0.07641774341682075,0.07641774341682075
ID_NEY52P,0.024258094305501646,0.024258094305501646,0.03853438955047837,0.03853438955047837,0.03063131007316006,0.03063131007316006
ID_17EACN,0.024258094305501646,0.024258094305501646,0.027158513976838786,0.027158513976838786,0.08232717960595773,0.08232717960595773
ID_6O0STD,0.024258094305501646,0.024258094305501646,0.0388640598801487,0.0388640598801487,0.03063131007316006,0.03063131007316006
ID_5YH0SU,0.02429405259388712,0.02429405259388712,0.05126893968741317,0.05126893968741317,0.14371565978971948,0.14371565978971948
ID_VQRYU1,0.02427630898093094,0.02427630898093094,0.013466103595970448,0.013466103595970448,0.019788074952750277,0.019788074952750277
ID_B6QT72,0.024248715161946394,0.024248715161946394,0.013436341691208543,0.013436341691208543,0.018430007243078445,0.018430007243078445
ID_XGRMG5,0.024328849909266065,0.024328849909266065,0.01355742779688369,0.01355742779688369,0.018622442556562077,0.018622442556562077
ID_MDIKUJ,0.024248715161946394,0.024248715161946394,0.013436341691208543,0.013436341691208543,0.019788074952750277,0.019788074952750277
ID_R4G4CS,0.024489106319522475,0.024489106319522475,0.013527665892121786,0.013527665892121786,0.018504029294276702,0.018504029294276702
ID_7841GQ,0.02427630898093094,0.02427630898093094,0.013466103595970448,0.013466103595970448,0.019788074952750277,0.019788074952750277
ID_68H8D0,0.30871896530709464,0.30871896530709464,0.280401965818676,0.280401965818676,0.32474450109071956,0.32474450109071956
ID_MQ1XM6,0.024248715161946394,0.024248715161946394,0.013436341691208543,0.013436341691208543,0.018430007243078445,0.018430007243078445
ID_2ELMR8,0.30871896530709464,0.30871896530709464,0.280401965818676,0.280401965818676,0.32474450109071956,0.32474450109071956
ID_EVBKW0,0.052172178120467885,0.052172178120467885,0.03660645443098877,0.03660645443098877,0.05757927875669799,0.05757927875669799
ID_Z6ZMD2,0.024248715161946394,0.024248715161946394,0.013436341691208543,0.013436341691208543,0.018430007243078445,0.018430007243078445
ID_QJVZET,0.024297012914678354,0.024297012914678354,0.013436341691208543,0.013436341691208543,0.018504029294276702,0.018504029294276702
ID_CQT5H1,0.024521312438685116,0.024521312438685116,0.025067504806314256,0.025067504806314256,0.02251998954942362,0.02251998954942362
ID_973XDF,0.02446151250053793,0.02446151250053793,0.013758057710210122,0.013758057710210122,0.014718389195996261,0.014718389195996261
ID_NSA0JJ,0.024489106319522475,0.024489106319522475,0.013527665892121786,0.013527665892121786,0.018504029294276702,0.018504029294276702
ID_FL0OCB,0.024521312438685116,0.024521312438685116,0.014329364327623769,0.014329364327623769,0.014866659434854384,0.014866659434854384
ID_2VHH1D,0.02430125609028152,0.02430125609028152,0.01346812823630731,0.01346812823630731,0.014669743733274716,0.014669743733274716
ID_U6MZRL,0.31514117760861243,0.31514117760861243,0.22946059507162392,0.22946059507162392,0.32424594656231903,0.32424594656231903
ID_MC3FP5,0.024890760834449303,0.024890760834449303,0.026203155570699844,0.026203155570699844,0.023497633982839595,0.023497633982839595
ID_9UV0JT,0.30871896530709464,0.30871896530709464,0.280401965818676,0.280401965818676,0.32474450109071956,0.32474450109071956
ID_58OZCP,0.29962077381701363,0.29962077381701363,0.26298438020326087,0.26298438020326087,0.2927005398166183,0.2927005398166183
ID_DE895W,0.31505626003755216,0.31505626003755216,0.2867123655538881,0.2867123655538881,0.34313809385450716,0.34313809385450716
ID_YXE8JJ,0.30871896530709464,0.30871896530709464,0.280401965818676,0.280401965818676,0.32474450109071956,0.32474450109071956
ID_TB9U7O,0.024328849909266065,0.024328849909266065,0.01355742779688369,0.01355742779688369,0.018622442556562077,0.018622442556562077
ID_R8NWKZ,0.024248715161946394,0.024248715161946394,0.013436341691208543,0.013436341691208543,0.019788074952750277,0.019788074952750277
ID_W9UZJB,0.024248715161946394,0.024248715161946394,0.013436341691208543,0.013436341691208543,0.018430007243078445,0.018430007243078445
ID_2323FO,0.02427630898093094,0.02427630898093094,0.013436341691208543,0.013436341691208543,0.018504029294276702,0.018504029294276702
ID_L6SYR3,0.024890760834449303,0.024890760834449303,0.01503845725558919,0.01503845725558919,0.015294527424372973,0.015294527424372973
ID_KEGBSM,0.024328849909266065,0.024328849909266065,0.01355742779688369,0.01355742779688369,0.018622442556562077,0.018622442556562077
ID_KD638L,0.024890760834449303,0.024890760834449303,0.01503845725558919,0.01503845725558919,0.015294527424372973,0.015294527424372973
ID_UV1C91,0.024890760834449303,0.024890760834449303,0.01503845725558919,0.01503845725558919,0.015294527424372973,0.015294527424372973
ID_2R99F6,0.15128928986845958,0.15128928986845958,0.23600532612206893,0.23600532612206893,0.24529637739012528,0.24529637739012528
ID_NDABA2,0.024248715161946394,0.024248715161946394,0.013436341691208543,0.013436341691208543,0.019788074952750277,0.019788074952750277
ID_VHW1SA,0.2952480472338911,0.2952480472338911,0.26002873443922914,0.26002873443922914,0.27976703947684944,0.27976703947684944
ID_6Q0PHL,0.31505626003755216,0.31505626003755216,0.2867123655538881,0.2867123655538881,0.34313809385450716,0.34313809385450716
ID_N526QO,0.2952480472338911,0.2952480472338911,0.26002873443922914,0.26002873443922914,0.27976703947684944,0.27976703947684944
ID_O3XAMU,0.024489106319522475,0.024489106319522475,0.013466103595970448,0.013466103595970448,0.020067733082484936,0.020067733082484936
ID_PUWLBC,0.024328849909266065,0.024328849909266065,0.01355742779688369,0.01355742779688369,0.018622442556562077,0.018622442556562077
ID_VD6HTN,0.024489106319522475,0.024489106319522475,0.013466103595970448,0.013466103595970448,0.020067733082484936,0.020067733082484936
ID_0T2A2U,0.024248715161946394,0.024248715161946394,0.013385005611706661,0.013385005611706661,0.01334912874657276,0.01334912874657276
ID_H1QAOB,0.042441421446900544,0.042441421446900544,0.025045237142295007,0.025045237142295007,0.07560922587338703,0.07560922587338703
ID_0DGOAR,0.024248715161946394,0.024248715161946394,0.013385005611706661,0.013385005611706661,0.01334912874657276,0.01334912874657276
ID_G2AFM5,0.024248715161946394,0.024248715161946394,0.013384240076606928,0.013384240076606928,0.013409080429686653,0.013409080429686653
ID_HMY17R,0.024248715161946394,0.024248715161946394,0.013385005611706661,0.013385005611706661,0.013341696532249885,0.013341696532249885
ID_XAUH6E,0.026762206090579506,0.026762206090579506,0.015074818940083234,0.015074818940083234,0.053142978155904644,0.053142978155904644
ID_PDT688,0.35702165234159494,0.35702165234159494,0.24206916104550097,0.24206916104550097,0.30354767193926163,0.30354767193926163
ID_DJB815,0.04211097813057602,0.04211097813057602,0.023930504263349778,0.023930504263349778,0.08078061127449773,0.08078061127449773
ID_PCHYP9,0.432163998223395,0.432163998223395,0.3245966852637688,0.3245966852637688,0.36826572251487744,0.36826572251487744
ID_WA6QND,0.024248715161946394,0.024248715161946394,0.013377143737273747,0.013377143737273747,0.01385816498532308,0.01385816498532308
ID_7ELMZ7,0.024248715161946394,0.024248715161946394,0.013377143737273747,0.013377143737273747,0.013984063740332106,0.013984063740332106
ID_CVNZQF,0.024248715161946394,0.024248715161946394,0.013143196672254474,0.013143196672254474,0.014991995173817302,0.014991995173817302
ID_GAHF28,0.024248715161946394,0.024248715161946394,0.013306300568789956,0.013306300568789956,0.013670818979814004,0.013670818979814004
ID_X2RBI1,0.04060884634643365,0.04060884634643365,0.026602252764604397,0.026602252764604397,0.07677640850020137,0.07677640850020137
ID_IVO26V,0.03164024038259568,0.03164024038259568,0.016032901794144787,0.016032901794144787,0.054152703224205324,0.054152703224205324
ID_AFMCOW,0.03333281154208239,0.03333281154208239,0.023243165099123858,0.023243165099123858,0.07670414017560742,0.07670414017560742
ID_1C94ID,0.024248715161946394,0.024248715161946394,0.013385005611706661,0.013385005611706661,0.013341696532249885,0.013341696532249885
ID_0C4EDO,0.024248715161946394,0.024248715161946394,0.013377143737273747,0.013377143737273747,0.013984063740332106,0.013984063740332106
ID_DOH3RS,0.4645339524519302,0.4645339524519302,0.3460576399933219,0.3460576399933219,0.41761487583077345,0.41761487583077345
ID_GPQQOT,0.0296896725038634,0.0296896725038634,0.01549309265245061,0.01549309265245061,0.054098736495520404,0.054098736495520404
ID_6UR8NI,0.024248715161946394,0.024248715161946394,0.01346812823630731,0.01346812823630731,0.013293143662192886,0.013293143662192886
ID_W6QZ1Q,0.024248715161946394,0.024248715161946394,0.013377143737273747,0.013377143737273747,0.013355575881800082,0.013355575881800082
ID_XI9QKS,0.024248715161946394,0.024248715161946394,0.013385005611706661,0.013385005611706661,0.01334912874657276,0.01334912874657276
ID_WZZ662,0.03333281154208239,0.03333281154208239,0.023243165099123858,0.023243165099123858,0.07670414017560742,0.07670414017560742
ID_9FITRJ,0.024248715161946394,0.024248715161946394,0.01346812823630731,0.01346812823630731,0.013293143662192886,0.013293143662192886
ID_JI0NUP,0.024248715161946394,0.024248715161946394,0.013377143737273747,0.013377143737273747,0.01385816498532308,0.01385816498532308
ID_36R17J,0.03997994942964398,0.03997994942964398,0.025911789036199215,0.025911789036199215,0.08784085145058733,0.08784085145058733
ID_KCZ1QX,0.024248715161946394,0.024248715161946394,0.013306300568789956,0.013306300568789956,0.013670818979814004,0.013670818979814004
ID_DG9EBL,0.03164024038259568,0.03164024038259568,0.016032901794144787,0.016032901794144787,0.054152703224205324,0.054152703224205324
ID_BPEU3X,0.024248715161946394,0.024248715161946394,0.013385005611706661,0.013385005611706661,0.01334912874657276,0.01334912874657276
ID_JWXL0Z,0.024248715161946394,0.024248715161946394,0.01346812823630731,0.01346812823630731,0.013293143662192886,0.013293143662192886
ID_IZ777T,0.024248715161946394,0.024248715161946394,0.013204856503651148,0.013204856503651148,0.014668031726571695,0.014668031726571695
ID_08BIU5,0.024248715161946394,0.024248715161946394,0.013385005611706661,0.013385005611706661,0.013341696532249885,0.013341696532249885
ID_BUYSNI,0.024248715161946394,0.024248715161946394,0.013434205669335678,0.013434205669335678,0.013553260438868104,0.013553260438868104
ID_U9DXQ2,0.03333281154208239,0.03333281154208239,0.023243165099123858,0.023243165099123858,0.07670414017560742,0.07670414017560742
ID_TMUJCJ,0.040435220677354576,0.040435220677354576,0.026862088186444633,0.026862088186444633,0.09735200069219983,0.09735200069219983
ID_RJR9RN,0.024248715161946394,0.024248715161946394,0.013377143737273747,0.013377143737273747,0.01337620893467369,0.01337620893467369
ID_3YHYSL,0.024248715161946394,0.024248715161946394,0.013384240076606928,0.013384240076606928,0.013309503548236387,0.013309503548236387
ID_9AQYF7,0.024248715161946394,0.024248715161946394,0.013377143737273747,0.013377143737273747,0.01337620893467369,0.01337620893467369
ID_54RAVH,0.024248715161946394,0.024248715161946394,0.013377143737273747,0.013377143737273747,0.013420098297498899,0.013420098297498899
ID_J5P69A,0.024248715161946394,0.024248715161946394,0.013377143737273747,0.013377143737273747,0.01337620893467369,0.01337620893467369
ID_G1V02M,0.04241733101062982,0.04241733101062982,0.025575371289779512,0.025575371289779512,0.09036792067855902,0.09036792067855902
ID_6PA6IV,0.026762206090579506,0.026762206090579506,0.015074818940083234,0.015074818940083234,0.053142978155904644,0.053142978155904644
ID_JQYQPR,0.040435220677354576,0.040435220677354576,0.026862088186444633,0.026862088186444633,0.09735200069219983,0.09735200069219983
ID_FB0WKU,0.024248715161946394,0.024248715161946394,0.013377143737273747,0.013377143737273747,0.01337620893467369,0.01337620893467369
ID_TA5143,0.024248715161946394,0.024248715161946394,0.013385005611706661,0.013385005611706661,0.01334912874657276,0.01334912874657276
ID_94CW70,0.04681555641038977,0.04681555641038977,0.030419583537822856,0.030419583537822856,0.06574515054936497,0.06574515054936497
ID_0JC80K,0.04155630570170705,0.04155630570170705,0.025097963709742547,0.025097963709742547,0.07955877834113796,0.07955877834113796
ID_SNIBU6,0.024248715161946394,0.024248715161946394,0.013377143737273747,0.013377143737273747,0.013984063740332106,0.013984063740332106
ID_TJU7KY,0.040435220677354576,0.040435220677354576,0.026862088186444633,0.026862088186444633,0.09735200069219983,0.09735200069219983
ID_7WX39F,0.44215741903534406,0.44215741903534406,0.32747070790198124,0.32747070790198124,0.3427830143978776,0.3427830143978776
ID_AOFGSF,0.024248715161946394,0.024248715161946394,0.013385005611706661,0.013385005611706661,0.013341696532249885,0.013341696532249885
ID_KBYL88,0.024248715161946394,0.024248715161946394,0.013143196672254474,0.013143196672254474,0.014991995173817302,0.014991995173817302
ID_YTS87K,0.0387399932320122,0.0387399932320122,0.02430568482948544,0.02430568482948544,0.07634352800985014,0.07634352800985014
ID_GEF4SU,0.04885838665145934,0.04885838665145934,0.033593848259389464,0.033593848259389464,0.21182635186328225,0.21182635186328225
ID_2UMLV4,0.024248715161946394,0.024248715161946394,0.01346812823630731,0.01346812823630731,0.013911129632673675,0.013911129632673675
ID_AG56N6,0.05702407753786305,0.05702407753786305,0.058153538588388475,0.058153538588388475,0.2436335471852725,0.2436335471852725
ID_PJRXEY,0.024248715161946394,0.024248715161946394,0.013143196672254474,0.013143196672254474,0.014991995173817302,0.014991995173817302
ID_BIYAR6,0.024248715161946394,0.024248715161946394,0.013143196672254474,0.013143196672254474,0.014991995173817302,0.014991995173817302
ID_Q5KE8B,0.040435220677354576,0.040435220677354576,0.026862088186444633,0.026862088186444633,0.09735200069219983,0.09735200069219983
ID_JYQN2M,0.024248715161946394,0.024248715161946394,0.013575470546903124,0.013575470546903124,0.014254338239527462,0.014254338239527462
ID_GI8IYT,0.024248715161946394,0.024248715161946394,0.013143196672254474,0.013143196672254474,0.014991995173817302,0.014991995173817302
ID_UI3NV7,0.024248715161946394,0.024248715161946394,0.01346812823630731,0.01346812823630731,0.013511133805928527,0.013511133805928527
ID_LSLZLB,0.048098889886889235,0.048098889886889235,0.0351511677829939,0.0351511677829939,0.22033497516404704,0.22033497516404704
ID_U80UCB,0.05308414551690742,0.05308414551690742,0.033055268505242014,0.033055268505242014,0.11868633492069844,0.11868633492069844
ID_7YIFAF,0.024248715161946394,0.024248715161946394,0.013385005611706661,0.013385005611706661,0.01334912874657276,0.01334912874657276
ID_X1XYBC,0.024248715161946394,0.024248715161946394,0.013377143737273747,0.013377143737273747,0.01337620893467369,0.01337620893467369
ID_Z7PXEJ,0.03997994942964398,0.03997994942964398,0.025911789036199215,0.025911789036199215,0.08784085145058733,0.08784085145058733
ID_FZHPYW,0.024248715161946394,0.024248715161946394,0.013377143737273747,0.013377143737273747,0.01385816498532308,0.01385816498532308
ID_9SPXYO,0.024248715161946394,0.024248715161946394,0.013143196672254474,0.013143196672254474,0.014991995173817302,0.014991995173817302
ID_WRT76C,0.024248715161946394,0.024248715161946394,0.013385005611706661,0.013385005611706661,0.01334912874657276,0.01334912874657276
ID_J2FJRW,0.03333281154208239,0.03333281154208239,0.023243165099123858,0.023243165099123858,0.07670414017560742,0.07670414017560742
ID_IEUVNM,0.35702165234159494,0.35702165234159494,0.24206916104550097,0.24206916104550097,0.30354767193926163,0.30354767193926163
ID_1U9QOZ,0.04148884067182175,0.04148884067182175,0.024087015973548204,0.024087015973548204,0.07859299911728815,0.07859299911728815
ID_ELOPWG,0.024248715161946394,0.024248715161946394,0.013384240076606928,0.013384240076606928,0.013309503548236387,0.013309503548236387
ID_ZI5Y1E,0.024248715161946394,0.024248715161946394,0.01346812823630731,0.01346812823630731,0.013511133805928527,0.013511133805928527
ID_ASGRG0,0.040435220677354576,0.040435220677354576,0.026862088186444633,0.026862088186444633,0.09735200069219983,0.09735200069219983
ID_PSAMCJ,0.024248715161946394,0.024248715161946394,0.013377143737273747,0.013377143737273747,0.01385816498532308,0.01385816498532308
ID_2A4701,0.024248715161946394,0.024248715161946394,0.013377143737273747,0.013377143737273747,0.01385816498532308,0.01385816498532308
ID_8AQJGL,0.024248715161946394,0.024248715161946394,0.013382104054734065,0.013382104054734065,0.013309503548236387,0.013309503548236387
ID_4NNDXH,0.024248715161946394,0.024248715161946394,0.013575470546903124,0.013575470546903124,0.014292408497965385,0.014292408497965385
ID_3PVLGV,0.040435220677354576,0.040435220677354576,0.026862088186444633,0.026862088186444633,0.09735200069219983,0.09735200069219983
ID_NM26QX,0.05487960032776151,0.05487960032776151,0.03469365403625708,0.03469365403625708,0.06210393571370803,0.06210393571370803
ID_JPHAG6,0.024248715161946394,0.024248715161946394,0.01346812823630731,0.01346812823630731,0.013911129632673675,0.013911129632673675
ID_WKK2CS,0.040435220677354576,0.040435220677354576,0.026862088186444633,0.026862088186444633,0.09735200069219983,0.09735200069219983
ID_MTFXPX,0.024248715161946394,0.024248715161946394,0.013575470546903124,0.013575470546903124,0.014292408497965385,0.014292408497965385
ID_8Y14DK,0.024248715161946394,0.024248715161946394,0.013377143737273747,0.013377143737273747,0.013984063740332106,0.013984063740332106
ID_ET1AOI,0.024248715161946394,0.024248715161946394,0.013409041663908515,0.013409041663908515,0.013420098297498899,0.013420098297498899
ID_B4CFP4,0.058398344248609665,0.058398344248609665,0.03156817365386932,0.03156817365386932,0.08477497309728362,0.08477497309728362
ID_4WUH73,0.03333281154208239,0.03333281154208239,0.023243165099123858,0.023243165099123858,0.07670414017560742,0.07670414017560742
ID_B6GW66,0.040435220677354576,0.040435220677354576,0.026862088186444633,0.026862088186444633,0.09735200069219983,0.09735200069219983
ID_BKO8EP,0.026762206090579506,0.026762206090579506,0.015074818940083234,0.015074818940083234,0.053142978155904644,0.053142978155904644
ID_3KYFSE,0.4645339524519302,0.4645339524519302,0.3460576399933219,0.3460576399933219,0.41761487583077345,0.41761487583077345
ID_ILOCIE,0.024248715161946394,0.024248715161946394,0.013434205669335678,0.013434205669335678,0.0135993327724318,0.0135993327724318
ID_79UIX6,0.024248715161946394,0.024248715161946394,0.013306300568789956,0.013306300568789956,0.013670818979814004,0.013670818979814004
ID_K29ICA,0.040849135671403164,0.040849135671403164,0.02719871245282621,0.02719871245282621,0.08212010883620505,0.08212010883620505
ID_EMCF89,0.024248715161946394,0.024248715161946394,0.013575470546903124,0.013575470546903124,0.014254338239527462,0.014254338239527462
ID_VVPJT8,0.024248715161946394,0.024248715161946394,0.013377143737273747,0.013377143737273747,0.01337620893467369,0.01337620893467369
ID_6RW7WE,0.04929231791239079,0.04929231791239079,0.031373477929445455,0.031373477929445455,0.23084402811215754,0.23084402811215754
ID_RP4S9G,0.04148884067182175,0.04148884067182175,0.024087015973548204,0.024087015973548204,0.07859299911728815,0.07859299911728815
ID_BW4GGG,0.024248715161946394,0.024248715161946394,0.013377143737273747,0.013377143737273747,0.013309503548236387,0.013309503548236387
ID_7Y1J8O,0.024248715161946394,0.024248715161946394,0.013385005611706661,0.013385005611706661,0.01334912874657276,0.01334912874657276
ID_U9XJOX,0.024248715161946394,0.024248715161946394,0.013377143737273747,0.013377143737273747,0.01337620893467369,0.01337620893467369
ID_9HLS3W,0.024248715161946394,0.024248715161946394,0.013143196672254474,0.013143196672254474,0.014991995173817302,0.014991995173817302
ID_VHEXDH,0.024248715161946394,0.024248715161946394,0.013377143737273747,0.013377143737273747,0.01385816498532308,0.01385816498532308
ID_GJUTJ6,0.024248715161946394,0.024248715161946394,0.013385005611706661,0.013385005611706661,0.01334912874657276,0.01334912874657276
ID_3K6BSM,0.040435220677354576,0.040435220677354576,0.026862088186444633,0.026862088186444633,0.09735200069219983,0.09735200069219983
ID_9QHKM5,0.04148884067182175,0.04148884067182175,0.024087015973548204,0.024087015973548204,0.07859299911728815,0.07859299911728815
ID_2IDMK7,0.05098117753917563,0.05098117753917563,0.036206592208482394,0.036206592208482394,0.07432810662085619,0.07432810662085619
ID_2UT2U6,0.024248715161946394,0.024248715161946394,0.013306300568789956,0.013306300568789956,0.013670818979814004,0.013670818979814004
ID_UR6FEW,0.024248715161946394,0.024248715161946394,0.013385005611706661,0.013385005611706661,0.01334912874657276,0.01334912874657276
ID_TRQZ0M,0.024248715161946394,0.024248715161946394,0.013575470546903124,0.013575470546903124,0.014254338239527462,0.014254338239527462
ID_KKGOZ3,0.024248715161946394,0.024248715161946394,0.013575470546903124,0.013575470546903124,0.014254338239527462,0.014254338239527462
ID_MWBQU9,0.05308414551690742,0.05308414551690742,0.033055268505242014,0.033055268505242014,0.11868633492069844,0.11868633492069844
ID_SHGMZJ,0.04148884067182175,0.04148884067182175,0.024087015973548204,0.024087015973548204,0.07859299911728815,0.07859299911728815
ID_KYD4DW,0.040435220677354576,0.040435220677354576,0.026862088186444633,0.026862088186444633,0.09735200069219983,0.09735200069219983
ID_QAIAUU,0.03333281154208239,0.03333281154208239,0.023243165099123858,0.023243165099123858,0.07670414017560742,0.07670414017560742
ID_2LRZL3,0.024248715161946394,0.024248715161946394,0.013575470546903124,0.013575470546903124,0.014292408497965385,0.014292408497965385
ID_V7A541,0.024248715161946394,0.024248715161946394,0.01346812823630731,0.01346812823630731,0.013293143662192886,0.013293143662192886
ID_9DXFRR,0.03078903613371006,0.03078903613371006,0.020461588210980517,0.020461588210980517,0.05848674446092019,0.05848674446092019
ID_S7KKUF,0.040435220677354576,0.040435220677354576,0.026862088186444633,0.026862088186444633,0.09735200069219983,0.09735200069219983
ID_GX5WM0,0.03164024038259568,0.03164024038259568,0.016032901794144787,0.016032901794144787,0.054152703224205324,0.054152703224205324
ID_9CLKA6,0.024248715161946394,0.024248715161946394,0.013382104054734065,0.013382104054734065,0.013309503548236387,0.013309503548236387
ID_CEKPDU,0.0764210626869734,0.0764210626869734,0.03758202932962964,0.03758202932962964,0.10156563103988778,0.10156563103988778
ID_5LE4HE,0.024248715161946394,0.024248715161946394,0.01346812823630731,0.01346812823630731,0.013911129632673675,0.013911129632673675
ID_2YYGLW,0.35954154074547157,0.35954154074547157,0.31633306847526543,0.31633306847526543,0.3332976874861842,0.3332976874861842
ID_I76YXQ,0.024248715161946394,0.024248715161946394,0.013385005611706661,0.013385005611706661,0.013341696532249885,0.013341696532249885
ID_L8Y0QF,0.024248715161946394,0.024248715161946394,0.01346812823630731,0.01346812823630731,0.013911129632673675,0.013911129632673675
ID_B3CDOU,0.03997994942964398,0.03997994942964398,0.025911789036199215,0.025911789036199215,0.08784085145058733,0.08784085145058733
ID_LVNFZZ,0.04241733101062982,0.04241733101062982,0.025575371289779512,0.025575371289779512,0.09036792067855902,0.09036792067855902
ID_HKFQ1V,0.03997994942964398,0.03997994942964398,0.025911789036199215,0.025911789036199215,0.08784085145058733,0.08784085145058733
ID_803TPA,0.024248715161946394,0.024248715161946394,0.013143196672254474,0.013143196672254474,0.014991995173817302,0.014991995173817302
ID_GLQ3DX,0.024248715161946394,0.024248715161946394,0.013143196672254474,0.013143196672254474,0.014991995173817302,0.014991995173817302
ID_IQPKA6,0.024248715161946394,0.024248715161946394,0.013377143737273747,0.013377143737273747,0.01337620893467369,0.01337620893467369
ID_ZVCB1F,0.040435220677354576,0.040435220677354576,0.026862088186444633,0.026862088186444633,0.09735200069219983,0.09735200069219983
ID_J55KEV,0.03164024038259568,0.03164024038259568,0.016032901794144787,0.016032901794144787,0.054152703224205324,0.054152703224205324
ID_F0XW09,0.040435220677354576,0.040435220677354576,0.026862088186444633,0.026862088186444633,0.09735200069219983,0.09735200069219983
ID_DHZUBS,0.026090034989754058,0.026090034989754058,0.013846179803802145,0.013846179803802145,0.05317874344304965,0.05317874344304965
ID_W41W7O,0.432163998223395,0.432163998223395,0.3245966852637688,0.3245966852637688,0.36826572251487744,0.36826572251487744
ID_6AQOOX,0.02744313330799552,0.02744313330799552,0.02273469466978428,0.02273469466978428,0.025216541930342243,0.025216541930342243
ID_WQ0W7P,0.059049571286076685,0.059049571286076685,0.03374016430900149,0.03374016430900149,0.12509863371639302,0.12509863371639302
ID_GARNGB,0.02744313330799552,0.02744313330799552,0.02273469466978428,0.02273469466978428,0.025216541930342243,0.025216541930342243
ID_ZRFZ0T,0.02501847475526667,0.02501847475526667,0.02088749651384787,0.02088749651384787,0.024455594806684185,0.024455594806684185
ID_TSKMGA,0.027242218123301284,0.027242218123301284,0.0239132692826195,0.0239132692826195,0.025413000147924254,0.025413000147924254
ID_CZJREO,0.06161084983767401,0.06161084983767401,0.032593314408552614,0.032593314408552614,0.029182183302860078,0.029182183302860078
ID_7UONQC,0.024248715161946394,0.024248715161946394,0.013409041663908515,0.013409041663908515,0.013409080429686653,0.013409080429686653
ID_VM84AE,0.35519018261300633,0.35519018261300633,0.32203261944759554,0.32203261944759554,0.3725502297505625,0.3725502297505625
ID_LYQHB8,0.15239003537550547,0.15239003537550547,0.0934025285298857,0.0934025285298857,0.1703871323688697,0.1703871323688697
ID_SRMPF6,0.35519018261300633,0.35519018261300633,0.32203261944759554,0.32203261944759554,0.3725502297505625,0.3725502297505625
ID_AQEDUU,0.35519018261300633,0.35519018261300633,0.32203261944759554,0.32203261944759554,0.3725502297505625,0.3725502297505625
ID_URYB4G,0.2087272517807366,0.2087272517807366,0.25463000137042807,0.25463000137042807,0.3543827732087099,0.3543827732087099
ID_L1C8T4,0.024248715161946394,0.024248715161946394,0.017369245396883743,0.017369245396883743,0.014817995111536532,0.014817995111536532
ID_GQHEYV,0.2087272517807366,0.2087272517807366,0.25463000137042807,0.25463000137042807,0.3543827732087099,0.3543827732087099
ID_E0O1TE,0.024248715161946394,0.024248715161946394,0.017369245396883743,0.017369245396883743,0.014817995111536532,0.014817995111536532
ID_P7I8OT,0.2087272517807366,0.2087272517807366,0.25463000137042807,0.25463000137042807,0.3543827732087099,0.3543827732087099
ID_KU8IY3,0.3985793238471311,0.3985793238471311,0.341224161522958,0.341224161522958,0.4476223879838799,0.4476223879838799
ID_56TEHN,0.024248715161946394,0.024248715161946394,0.01733948349212184,0.01733948349212184,0.014510254756185196,0.014510254756185196
ID_QMWF8O,0.2083557967635447,0.2083557967635447,0.2528975955558084,0.2528975955558084,0.35507927557226593,0.35507927557226593
ID_22YEQD,0.024248715161946394,0.024248715161946394,0.017369245396883743,0.017369245396883743,0.014817995111536532,0.014817995111536532
ID_7GZXR0,0.024248715161946394,0.024248715161946394,0.017369245396883743,0.017369245396883743,0.014817995111536532,0.014817995111536532
ID_G9WW3Y,0.35519018261300633,0.35519018261300633,0.32203261944759554,0.32203261944759554,0.3725502297505625,0.3725502297505625
ID_AXB1LU,0.024248715161946394,0.024248715161946394,0.017369245396883743,0.017369245396883743,0.014817995111536532,0.014817995111536532
ID_EWJGNL,0.024248715161946394,0.024248715161946394,0.014008822807041594,0.014008822807041594,0.01362100301166208,0.01362100301166208
ID_Z8A224,0.04717694130307888,0.04717694130307888,0.03219428816856555,0.03219428816856555,0.02974126776827269,0.02974126776827269
ID_SMAV0S,0.3547663063934462,0.3547663063934462,0.3219120839298321,0.3219120839298321,0.3668268813512989,0.3668268813512989
ID_4W0S35,0.04717694130307888,0.04717694130307888,0.03219428816856555,0.03219428816856555,0.02974126776827269,0.02974126776827269
ID_32HYGC,0.024248715161946394,0.024248715161946394,0.01347364114711265,0.01347364114711265,0.0135993327724318,0.0135993327724318
ID_Y0V0Q8,0.35519018261300633,0.35519018261300633,0.32203261944759554,0.32203261944759554,0.3725502297505625,0.3725502297505625
ID_VEHMX4,0.024248715161946394,0.024248715161946394,0.017369245396883743,0.017369245396883743,0.014817995111536532,0.014817995111536532
ID_B8VB2S,0.05974820174640063,0.05974820174640063,0.03203384391862189,0.03203384391862189,0.028889948281696595,0.028889948281696595
ID_YU423E,0.024248715161946394,0.024248715161946394,0.017369245396883743,0.017369245396883743,0.014817995111536532,0.014817995111536532
ID_NYYJM9,0.024248715161946394,0.024248715161946394,0.017369245396883743,0.017369245396883743,0.014817995111536532,0.014817995111536532
ID_WP14OU,0.024248715161946394,0.024248715161946394,0.013519894893869296,0.013519894893869296,0.013355575881800082,0.013355575881800082
ID_XDWYCC,0.02427630898093094,0.02427630898093094,0.013605916504530953,0.013605916504530953,0.0146072696229936,0.0146072696229936
ID_H0ZGLY,0.42427240364116137,0.42427240364116137,0.30991151777519155,0.30991151777519155,0.37722659223351174,0.37722659223351174
ID_BEKEYZ,0.024248715161946394,0.024248715161946394,0.01347364114711265,0.01347364114711265,0.0135993327724318,0.0135993327724318
ID_JB2Y8O,0.37356630487235654,0.37356630487235654,0.3288422781206165,0.3288422781206165,0.4079164909385352,0.4079164909385352
ID_FO98FY,0.06312183581537106,0.06312183581537106,0.05394623380859083,0.05394623380859083,0.07363218691758983,0.07363218691758983
ID_JGO3WB,0.024248715161946394,0.024248715161946394,0.017369245396883743,0.017369245396883743,0.014817995111536532,0.014817995111536532
ID_MENRNK,0.024248715161946394,0.024248715161946394,0.017369245396883743,0.017369245396883743,0.014817995111536532,0.014817995111536532
ID_60PIJY,0.024248715161946394,0.024248715161946394,0.017369245396883743,0.017369245396883743,0.014817995111536532,0.014817995111536532
ID_N05EO9,0.35519018261300633,0.35519018261300633,0.32203261944759554,0.32203261944759554,0.3725502297505625,0.3725502297505625
ID_GO6AEU,0.024248715161946394,0.024248715161946394,0.017369245396883743,0.017369245396883743,0.014817995111536532,0.014817995111536532
ID_V8O1QV,0.08287020621994765,0.08287020621994765,0.06951910949077367,0.06951910949077367,0.09676306696435094,0.09676306696435094
ID_Z5Q2AH,0.024269419095693807,0.024269419095693807,0.014153217283534346,0.014153217283534346,0.014489985629147419,0.014489985629147419
ID_84O0XR,0.04643993390133659,0.04643993390133659,0.02933513634431127,0.02933513634431127,0.0282608947279403,0.0282608947279403
ID_G5ULLS,0.024248715161946394,0.024248715161946394,0.01347364114711265,0.01347364114711265,0.0135993327724318,0.0135993327724318
ID_UQLI5V,0.024248715161946394,0.024248715161946394,0.017369245396883743,0.017369245396883743,0.014817995111536532,0.014817995111536532
ID_P5TQAL,0.07640067484820755,0.07640067484820755,0.07070418326945614,0.07070418326945614,0.12334767592246769,0.12334767592246769
ID_DNX620,0.07640067484820755,0.07640067484820755,0.07070418326945614,0.07070418326945614,0.12334767592246769,0.12334767592246769
ID_7JV87P,0.024248715161946394,0.024248715161946394,0.017369245396883743,0.017369245396883743,0.014817995111536532,0.014817995111536532
ID_A23KNJ,0.024248715161946394,0.024248715161946394,0.017369245396883743,0.017369245396883743,0.014817995111536532,0.014817995111536532
ID_KNF9P6,0.024248715161946394,0.024248715161946394,0.013466103595970448,0.013466103595970448,0.014143137974766228,0.014143137974766228
ID_MMVYLE,0.024248715161946394,0.024248715161946394,0.017369245396883743,0.017369245396883743,0.014817995111536532,0.014817995111536532
ID_GFGI4F,0.024248715161946394,0.024248715161946394,0.017369245396883743,0.017369245396883743,0.014817995111536532,0.014817995111536532
ID_I8FAWN,0.024248715161946394,0.024248715161946394,0.017369245396883743,0.017369245396883743,0.014817995111536532,0.014817995111536532
ID_42E5J9,0.024248715161946394,0.024248715161946394,0.017369245396883743,0.017369245396883743,0.014817995111536532,0.014817995111536532
ID_8QIBGT,0.19797314473069366,0.19797314473069366,0.25498640041397763,0.25498640041397763,0.45906061706903095,0.45906061706903095
ID_AV3PSZ,0.35519018261300633,0.35519018261300633,0.32203261944759554,0.32203261944759554,0.3725502297505625,0.3725502297505625
ID_NJNVR3,0.024248715161946394,0.024248715161946394,0.017369245396883743,0.017369245396883743,0.014817995111536532,0.014817995111536532
ID_C1X1NC,0.024248715161946394,0.024248715161946394,0.013704118138272721,0.013704118138272721,0.014184149422700302,0.014184149422700302
ID_1AT9KW,0.024248715161946394,0.024248715161946394,0.017369245396883743,0.017369245396883743,0.014817995111536532,0.014817995111536532
ID_TXM3UJ,0.35519018261300633,0.35519018261300633,0.32203261944759554,0.32203261944759554,0.3725502297505625,0.3725502297505625
ID_AQNPGS,0.024521312438685116,0.024521312438685116,0.016369784494182985,0.016369784494182985,0.01693091054621084,0.01693091054621084
ID_VQ7W0A,0.055497487779722576,0.055497487779722576,0.09255868719912448,0.09255868719912448,0.1160567877747836,0.1160567877747836
ID_PP9RGH,0.024248715161946394,0.024248715161946394,0.017369245396883743,0.017369245396883743,0.014817995111536532,0.014817995111536532
ID_CCQCPK,0.29886564239652375,0.29886564239652375,0.27782071831754523,0.27782071831754523,0.3614941358396897,0.3614941358396897
ID_K3NMVQ,0.024248715161946394,0.024248715161946394,0.017369245396883743,0.017369245396883743,0.014817995111536532,0.014817995111536532
ID_XRKPXN,0.060245447810670705,0.060245447810670705,0.032979139505139,0.032979139505139,0.027177726106821527,0.027177726106821527
ID_Z26KY5,0.024269419095693807,0.024269419095693807,0.013530703079174582,0.013530703079174582,0.014157073703722515,0.014157073703722515
ID_IVLEST,0.024248715161946394,0.024248715161946394,0.013833022078069909,0.013833022078069909,0.013591428350853679,0.013591428350853679
ID_0J1LF5,0.024248715161946394,0.024248715161946394,0.016586542693926502,0.016586542693926502,0.014070246768265023,0.014070246768265023
ID_6UN1T6,0.024248715161946394,0.024248715161946394,0.016413720225779676,0.016413720225779676,0.013987167559570052,0.013987167559570052
ID_K2FMPI,0.024248715161946394,0.024248715161946394,0.013833022078069909,0.013833022078069909,0.013591428350853679,0.013591428350853679
ID_FM755F,0.07584709024678321,0.07584709024678321,0.06667424824212859,0.06667424824212859,0.10480079193033176,0.10480079193033176
ID_XRDXXZ,0.07584709024678321,0.07584709024678321,0.06667424824212859,0.06667424824212859,0.10480079193033176,0.10480079193033176
ID_OOT7EU,0.024248715161946394,0.024248715161946394,0.01343880356867042,0.01343880356867042,0.013591726176053,0.013591726176053
ID_2IAGXT,0.024248715161946394,0.024248715161946394,0.016586542693926502,0.016586542693926502,0.014070246768265023,0.014070246768265023
ID_TVWIUG,0.024248715161946394,0.024248715161946394,0.021860709237991525,0.021860709237991525,0.01453551965481936,0.01453551965481936
ID_WZNIA5,0.024248715161946394,0.024248715161946394,0.01343880356867042,0.01343880356867042,0.013591726176053,0.013591726176053
ID_4UD817,0.07584709024678321,0.07584709024678321,0.06667424824212859,0.06667424824212859,0.10480079193033176,0.10480079193033176
ID_Y8QP8D,0.024248715161946394,0.024248715161946394,0.013377143737273747,0.013377143737273747,0.013374025963935204,0.013374025963935204
ID_MVMMZ5,0.024248715161946394,0.024248715161946394,0.022078124550533325,0.022078124550533325,0.014969632406798397,0.014969632406798397
ID_DMI52X,0.024248715161946394,0.024248715161946394,0.013833022078069909,0.013833022078069909,0.013591428350853679,0.013591428350853679
ID_CAFKO7,0.024248715161946394,0.024248715161946394,0.013615058622856915,0.013615058622856915,0.013505320713825906,0.013505320713825906
ID_7N507C,0.024248715161946394,0.024248715161946394,0.01343880356867042,0.01343880356867042,0.013591726176053,0.013591726176053
ID_54A9SS,0.07696778744272159,0.07696778744272159,0.061252768728238344,0.061252768728238344,0.09296085709398139,0.09296085709398139
ID_0USD12,0.024248715161946394,0.024248715161946394,0.01343880356867042,0.01343880356867042,0.013591726176053,0.013591726176053
ID_RPZ22Z,0.024248715161946394,0.024248715161946394,0.01343880356867042,0.01343880356867042,0.013591726176053,0.013591726176053
ID_ST1G3A,0.024248715161946394,0.024248715161946394,0.013833022078069909,0.013833022078069909,0.013591428350853679,0.013591428350853679
ID_R653PC,0.024248715161946394,0.024248715161946394,0.013833022078069909,0.013833022078069909,0.013591428350853679,0.013591428350853679
ID_MXKXHH,0.024248715161946394,0.024248715161946394,0.013377143737273747,0.013377143737273747,0.013374025963935204,0.013374025963935204
ID_EBHVGH,0.024248715161946394,0.024248715161946394,0.022078124550533325,0.022078124550533325,0.014969632406798397,0.014969632406798397
ID_UTUSKA,0.024248715161946394,0.024248715161946394,0.013833022078069909,0.013833022078069909,0.013591428350853679,0.013591428350853679
ID_QXI7WO,0.024248715161946394,0.024248715161946394,0.016586542693926502,0.016586542693926502,0.014070246768265023,0.014070246768265023
ID_JUWIIQ,0.024248715161946394,0.024248715161946394,0.022078124550533325,0.022078124550533325,0.014969632406798397,0.014969632406798397
ID_KG679D,0.024248715161946394,0.024248715161946394,0.013833022078069909,0.013833022078069909,0.013591428350853679,0.013591428350853679
ID_0SBJWI,0.024248715161946394,0.024248715161946394,0.013833022078069909,0.013833022078069909,0.013591428350853679,0.013591428350853679
ID_BZ3FXA,0.07584709024678321,0.07584709024678321,0.06667424824212859,0.06667424824212859,0.10480079193033176,0.10480079193033176
ID_HUWRBN,0.024248715161946394,0.024248715161946394,0.016586542693926502,0.016586542693926502,0.014070246768265023,0.014070246768265023
ID_REHHGY,0.024248715161946394,0.024248715161946394,0.013377143737273747,0.013377143737273747,0.013374025963935204,0.013374025963935204
ID_PMEGO0,0.024248715161946394,0.024248715161946394,0.013833022078069909,0.013833022078069909,0.013591428350853679,0.013591428350853679
ID_IL6LSS,0.024248715161946394,0.024248715161946394,0.016586542693926502,0.016586542693926502,0.014070246768265023,0.014070246768265023
ID_PHPRJV,0.024248715161946394,0.024248715161946394,0.022078124550533325,0.022078124550533325,0.014969632406798397,0.014969632406798397
ID_YZPT9I,0.031239146566570106,0.031239146566570106,0.04309919517239781,0.04309919517239781,0.03541414148186506,0.03541414148186506
ID_INX5GB,0.04996453292352075,0.04996453292352075,0.05014038516389778,0.05014038516389778,0.05073717616345927,0.05073717616345927
ID_SWPYGT,0.32594670205552484,0.32594670205552484,0.3089497833479014,0.3089497833479014,0.30479314700150023,0.30479314700150023
ID_FJI00V,0.353599294863653,0.353599294863653,0.271513464787047,0.271513464787047,0.2224064850970125,0.2224064850970125
ID_IEX2UL,0.3082536307934642,0.3082536307934642,0.27874721090816934,0.27874721090816934,0.3123136951487632,0.3123136951487632
ID_0O39EX,0.13356091794010166,0.13356091794010166,0.060084800570450674,0.060084800570450674,0.08481456095378904,0.08481456095378904
ID_S4XD8H,0.027913286033355893,0.027913286033355893,0.0321332908828974,0.0321332908828974,0.021549576172127882,0.021549576172127882
ID_T922CM,0.33741154716979593,0.33741154716979593,0.3531691738222141,0.3531691738222141,0.32234518315810506,0.32234518315810506
ID_IZKU1L,0.047341458082971896,0.047341458082971896,0.04941057106465613,0.04941057106465613,0.050207609759491977,0.050207609759491977
ID_HT4WWZ,0.04432124057829614,0.04432124057829614,0.042517087693958726,0.042517087693958726,0.04111284405310218,0.04111284405310218
ID_N57ZY0,0.33704640366601324,0.33704640366601324,0.3003323875709928,0.3003323875709928,0.29909606933637833,0.29909606933637833
ID_97YIMP,0.04432124057829614,0.04432124057829614,0.042517087693958726,0.042517087693958726,0.04111284405310218,0.04111284405310218
ID_D51DKG,0.27177873512430684,0.27177873512430684,0.23134739074926391,0.23134739074926391,0.16519250022656626,0.16519250022656626
ID_8DBGRU,0.13356091794010166,0.13356091794010166,0.060084800570450674,0.060084800570450674,0.08481456095378904,0.08481456095378904
ID_9CQJQW,0.13356091794010166,0.13356091794010166,0.060084800570450674,0.060084800570450674,0.08481456095378904,0.08481456095378904
ID_DZTIC5,0.3066900938938558,0.3066900938938558,0.2669334223017229,0.2669334223017229,0.2765641573195606,0.2765641573195606
ID_RT2NGQ,0.03273943622339937,0.03273943622339937,0.04286913436098891,0.04286913436098891,0.03231774240909009,0.03231774240909009
ID_3TV8X9,0.25781835814631066,0.25781835814631066,0.21416401608917665,0.21416401608917665,0.14903438277686198,0.14903438277686198
ID_JSJFMM,0.3066900938938558,0.3066900938938558,0.2669334223017229,0.2669334223017229,0.2765641573195606,0.2765641573195606
ID_U7DE1J,0.0473638017211771,0.0473638017211771,0.046945947841242175,0.046945947841242175,0.04926021606975803,0.04926021606975803
ID_QYPSZ8,0.04996453292352075,0.04996453292352075,0.05014038516389778,0.05014038516389778,0.05073717616345927,0.05073717616345927
ID_HXWPHV,0.029141719749417386,0.029141719749417386,0.0317920065160823,0.0317920065160823,0.02417071198882409,0.02417071198882409
ID_4XJUM7,0.047318728325054404,0.047318728325054404,0.043991593689518584,0.043991593689518584,0.042302938383219836,0.042302938383219836
ID_OOZOIL,0.03229346358696434,0.03229346358696434,0.0418889864143724,0.0418889864143724,0.04030704811780358,0.04030704811780358
ID_95I388,0.031239146566570106,0.031239146566570106,0.04309919517239781,0.04309919517239781,0.03541414148186506,0.03541414148186506
ID_Z9ECXM,0.047318728325054404,0.047318728325054404,0.043991593689518584,0.043991593689518584,0.042302938383219836,0.042302938383219836
ID_VJMSAU,0.03229346358696434,0.03229346358696434,0.0418889864143724,0.0418889864143724,0.04030704811780358,0.04030704811780358
ID_2SWR73,0.047341458082971896,0.047341458082971896,0.04941057106465613,0.04941057106465613,0.050207609759491977,0.050207609759491977
ID_KEQHOC,0.047341458082971896,0.047341458082971896,0.04941057106465613,0.04941057106465613,0.050207609759491977,0.050207609759491977
ID_59TJN8,0.03229346358696434,0.03229346358696434,0.0418889864143724,0.0418889864143724,0.04030704811780358,0.04030704811780358
ID_Y9ZQLU,0.031239146566570106,0.031239146566570106,0.04309919517239781,0.04309919517239781,0.03541414148186506,0.03541414148186506
ID_KH6UO0,0.031239146566570106,0.031239146566570106,0.04309919517239781,0.04309919517239781,0.03541414148186506,0.03541414148186506
ID_RSQVI7,0.024248715161946394,0.024248715161946394,0.014463341938405302,0.014463341938405302,0.017255837805897224,0.017255837805897224
ID_539EVX,0.0473638017211771,0.0473638017211771,0.046945947841242175,0.046945947841242175,0.04926021606975803,0.04926021606975803
ID_BI2VMU,0.32594670205552484,0.32594670205552484,0.3089497833479014,0.3089497833479014,0.30479314700150023,0.30479314700150023
ID_4D3I04,0.027913286033355893,0.027913286033355893,0.0321332908828974,0.0321332908828974,0.021549576172127882,0.021549576172127882
ID_U45SXA,0.3082536307934642,0.3082536307934642,0.27874721090816934,0.27874721090816934,0.3123136951487632,0.3123136951487632
ID_4JPZY9,0.32594670205552484,0.32594670205552484,0.3089497833479014,0.3089497833479014,0.30479314700150023,0.30479314700150023
ID_EMQNRZ,0.3082536307934642,0.3082536307934642,0.27874721090816934,0.27874721090816934,0.3123136951487632,0.3123136951487632
ID_LP9JYH,0.03124746949624135,0.03124746949624135,0.037769829632773574,0.037769829632773574,0.032144883791959025,0.032144883791959025
ID_XBNGOR,0.047341458082971896,0.047341458082971896,0.04941057106465613,0.04941057106465613,0.050207609759491977,0.050207609759491977
ID_6P6UZG,0.2559503706302572,0.2559503706302572,0.2217216492708856,0.2217216492708856,0.1543201667639449,0.1543201667639449
ID_EVADQD,0.047341458082971896,0.047341458082971896,0.04941057106465613,0.04941057106465613,0.050207609759491977,0.050207609759491977
ID_STBPWO,0.027913286033355893,0.027913286033355893,0.0321332908828974,0.0321332908828974,0.021549576172127882,0.021549576172127882
ID_XU7MY3,0.03231188207182014,0.03231188207182014,0.04391260875779975,0.04391260875779975,0.03836329147206875,0.03836329147206875
ID_UE54M8,0.029141719749417386,0.029141719749417386,0.0317920065160823,0.0317920065160823,0.02417071198882409,0.02417071198882409
ID_0NEC9T,0.03273943622339937,0.03273943622339937,0.04286913436098891,0.04286913436098891,0.03231774240909009,0.03231774240909009
ID_2MDCUV,0.04996453292352075,0.04996453292352075,0.05014038516389778,0.05014038516389778,0.05073717616345927,0.05073717616345927
ID_BXXMB9,0.3082536307934642,0.3082536307934642,0.27874721090816934,0.27874721090816934,0.3123136951487632,0.3123136951487632
ID_F4K9RH,0.0473638017211771,0.0473638017211771,0.046945947841242175,0.046945947841242175,0.04926021606975803,0.04926021606975803
ID_YC2PUL,0.031239146566570106,0.031239146566570106,0.04309919517239781,0.04309919517239781,0.03541414148186506,0.03541414148186506
ID_Q3GQZC,0.029141719749417386,0.029141719749417386,0.0317920065160823,0.0317920065160823,0.02417071198882409,0.02417071198882409
ID_8R80X6,0.029141719749417386,0.029141719749417386,0.0317920065160823,0.0317920065160823,0.02417071198882409,0.02417071198882409
ID_1IESDO,0.0473638017211771,0.0473638017211771,0.046945947841242175,0.046945947841242175,0.04926021606975803,0.04926021606975803
ID_EQG3A7,0.2559503706302572,0.2559503706302572,0.2217216492708856,0.2217216492708856,0.1543201667639449,0.1543201667639449
ID_JMND8O,0.024248715161946394,0.024248715161946394,0.014598087892428587,0.014598087892428587,0.017227763801363427,0.017227763801363427
ID_DNU0QM,0.04946730396556222,0.04946730396556222,0.0552454240890184,0.0552454240890184,0.05848127028181735,0.05848127028181735
ID_5UJIQ7,0.03229346358696434,0.03229346358696434,0.0418889864143724,0.0418889864143724,0.04030704811780358,0.04030704811780358
ID_DGWKWK,0.0473638017211771,0.0473638017211771,0.046945947841242175,0.046945947841242175,0.04926021606975803,0.04926021606975803
ID_8Y16EG,0.047318728325054404,0.047318728325054404,0.043991593689518584,0.043991593689518584,0.042302938383219836,0.042302938383219836
ID_QCEB9N,0.04996453292352075,0.04996453292352075,0.05014038516389778,0.05014038516389778,0.05073717616345927,0.05073717616345927
ID_IB3VU7,0.04432124057829614,0.04432124057829614,0.042517087693958726,0.042517087693958726,0.04111284405310218,0.04111284405310218
ID_OFXODK,0.031239146566570106,0.031239146566570106,0.04309919517239781,0.04309919517239781,0.03541414148186506,0.03541414148186506
ID_1CMCRH,0.04996453292352075,0.04996453292352075,0.05014038516389778,0.05014038516389778,0.05073717616345927,0.05073717616345927
ID_3RH6TN,0.03229346358696434,0.03229346358696434,0.0418889864143724,0.0418889864143724,0.04030704811780358,0.04030704811780358
ID_7HH5IO,0.07163831986822737,0.07163831986822737,0.06011258369668999,0.06011258369668999,0.07061955100558542,0.07061955100558542
ID_BOVCXK,0.027667682746243795,0.027667682746243795,0.03225216950104112,0.03225216950104112,0.02253167049698166,0.02253167049698166
ID_DYZZ59,0.047318728325054404,0.047318728325054404,0.043991593689518584,0.043991593689518584,0.042302938383219836,0.042302938383219836
ID_752ORM,0.04432124057829614,0.04432124057829614,0.042517087693958726,0.042517087693958726,0.04111284405310218,0.04111284405310218
ID_BWW8DE,0.03229346358696434,0.03229346358696434,0.038902105627810865,0.038902105627810865,0.03836329147206875,0.03836329147206875
ID_2J1VXU,0.047341458082971896,0.047341458082971896,0.04941057106465613,0.04941057106465613,0.050207609759491977,0.050207609759491977
ID_895UNA,0.047341458082971896,0.047341458082971896,0.04941057106465613,0.04941057106465613,0.050207609759491977,0.050207609759491977
ID_BF9GRX,0.3082536307934642,0.3082536307934642,0.27874721090816934,0.27874721090816934,0.3123136951487632,0.3123136951487632
ID_S7XMZ6,0.0473638017211771,0.0473638017211771,0.046945947841242175,0.046945947841242175,0.04926021606975803,0.04926021606975803
ID_Q2MLKE,0.047341458082971896,0.047341458082971896,0.04941057106465613,0.04941057106465613,0.050207609759491977,0.050207609759491977
ID_T3NEEY,0.0473638017211771,0.0473638017211771,0.046945947841242175,0.046945947841242175,0.04926021606975803,0.04926021606975803
ID_C2YB30,0.07899982696124286,0.07899982696124286,0.06212625650182238,0.06212625650182238,0.09172521830430513,0.09172521830430513
ID_5RJHPE,0.03229346358696434,0.03229346358696434,0.0418889864143724,0.0418889864143724,0.04030704811780358,0.04030704811780358
ID_0NKOI7,0.3082536307934642,0.3082536307934642,0.27874721090816934,0.27874721090816934,0.3123136951487632,0.3123136951487632
ID_07AJO5,0.03229346358696434,0.03229346358696434,0.0418889864143724,0.0418889864143724,0.04030704811780358,0.04030704811780358
ID_6UV94Z,0.0473638017211771,0.0473638017211771,0.046945947841242175,0.046945947841242175,0.04926021606975803,0.04926021606975803
ID_TVDDBE,0.047341458082971896,0.047341458082971896,0.04941057106465613,0.04941057106465613,0.050207609759491977,0.050207609759491977
ID_876BNL,0.15070672698528242,0.15070672698528242,0.22314608192312024,0.22314608192312024,0.15325246360621606,0.15325246360621606
ID_HDUN96,0.03256135549895991,0.03256135549895991,0.046749948900942126,0.046749948900942126,0.03065077303735978,0.03065077303735978
ID_O7XCVA,0.03256135549895991,0.03256135549895991,0.046749948900942126,0.046749948900942126,0.03065077303735978,0.03065077303735978
ID_HN3Q2B,0.02515794476921367,0.02515794476921367,0.02648739944053568,0.02648739944053568,0.02905037777191315,0.02905037777191315
ID_43WX04,0.02449371861970057,0.02449371861970057,0.01935230551549404,0.01935230551549404,0.01757166207321531,0.01757166207321531
ID_18QI1A,0.02585388040238535,0.02585388040238535,0.018799368646244603,0.018799368646244603,0.01896773214803148,0.01896773214803148
ID_LZIJWN,0.02430125609028152,0.02430125609028152,0.01554449294600213,0.01554449294600213,0.018212225034697348,0.018212225034697348
ID_A8HYQ6,0.024269419095693807,0.024269419095693807,0.019193288414868954,0.019193288414868954,0.01806063605980273,0.01806063605980273
ID_FE5SES,0.024999266570442984,0.024999266570442984,0.01636682437989039,0.01636682437989039,0.019791311753743566,0.019791311753743566
ID_YVKYBF,0.024280552156534106,0.024280552156534106,0.013879206550034532,0.013879206550034532,0.01710003688548478,0.01710003688548478
ID_ML1SA5,0.024269419095693807,0.024269419095693807,0.013286643741864747,0.013286643741864747,0.015468174426193212,0.015468174426193212
ID_DBPJBC,0.02430125609028152,0.02430125609028152,0.01554449294600213,0.01554449294600213,0.018212225034697348,0.018212225034697348
ID_Q51LM9,0.02565943308150125,0.02565943308150125,0.016534234751886756,0.016534234751886756,0.016319776976559928,0.016319776976559928
ID_KSCMRK,0.024926719122834774,0.024926719122834774,0.017046589847204672,0.017046589847204672,0.01651425897543649,0.01651425897543649
ID_YBTPCY,0.024269419095693807,0.024269419095693807,0.013286643741864747,0.013286643741864747,0.015468174426193212,0.015468174426193212
ID_9HS5DB,0.024269419095693807,0.024269419095693807,0.02071662853529872,0.02071662853529872,0.02326475817267671,0.02326475817267671
ID_8GOXK3,0.02430125609028152,0.02430125609028152,0.013911625619693094,0.013911625619693094,0.016836206098833736,0.016836206098833736
ID_PP01G2,0.024248715161946394,0.024248715161946394,0.03787140982266336,0.03787140982266336,0.03212119724786945,0.03212119724786945
ID_R4LUTD,0.024269419095693807,0.024269419095693807,0.02289869339661258,0.02289869339661258,0.022252654708389042,0.022252654708389042
ID_QD9ZYZ,0.024269419095693807,0.024269419095693807,0.02071662853529872,0.02071662853529872,0.02326475817267671,0.02326475817267671
ID_9A3RGH,0.024248715161946394,0.024248715161946394,0.030053486034480197,0.030053486034480197,0.0379952405686437,0.0379952405686437
ID_9SL27X,0.024426651800096323,0.024426651800096323,0.021006804635958307,0.021006804635958307,0.021661239733809245,0.021661239733809245
ID_1JDULR,0.024269419095693807,0.024269419095693807,0.01771865198152972,0.01771865198152972,0.02419287460737239,0.02419287460737239
ID_NPK8WH,0.024269419095693807,0.024269419095693807,0.019811770982559387,0.019811770982559387,0.02240843240413385,0.02240843240413385
ID_UIQ2M6,0.02510402408737378,0.02510402408737378,0.021301105769529163,0.021301105769529163,0.0177144900554651,0.0177144900554651
ID_KZ7WF1,0.02430125609028152,0.02430125609028152,0.016837853817432146,0.016837853817432146,0.018647312412834686,0.018647312412834686
ID_SL826W,0.024248715161946394,0.024248715161946394,0.020640085225311286,0.020640085225311286,0.031836720803591304,0.031836720803591304
ID_JU38M1,0.024248715161946394,0.024248715161946394,0.02275850804919852,0.02275850804919852,0.01563521795884973,0.01563521795884973
ID_2ESPZK,0.024269419095693807,0.024269419095693807,0.014946115846227659,0.014946115846227659,0.018689753969430806,0.018689753969430806
ID_K2YFYU,0.025787147002318617,0.025787147002318617,0.01935620161210802,0.01935620161210802,0.017047679522954145,0.017047679522954145
ID_TBP5FU,0.02427594698978458,0.02427594698978458,0.014214629177287462,0.014214629177287462,0.017205434147231493,0.017205434147231493
ID_35L0LZ,0.024248715161946394,0.024248715161946394,0.0184002948349377,0.0184002948349377,0.014552860007360826,0.014552860007360826
ID_Y4KXQM,0.024248715161946394,0.024248715161946394,0.018601735632614847,0.018601735632614847,0.015136659336547138,0.015136659336547138
ID_DN79ZG,0.02430125609028152,0.02430125609028152,0.013874172436172495,0.013874172436172495,0.01684726017689466,0.01684726017689466
ID_3SXP9A,0.02510402408737378,0.02510402408737378,0.021301105769529163,0.021301105769529163,0.0177144900554651,0.0177144900554651
ID_2V2H8G,0.024280552156534106,0.024280552156534106,0.020207231375015296,0.020207231375015296,0.018460697731827642,0.018460697731827642
ID_X49G2U,0.024248715161946394,0.024248715161946394,0.014196693224419474,0.014196693224419474,0.016058057536754232,0.016058057536754232
ID_7R2JHD,0.024248715161946394,0.024248715161946394,0.014861268130636596,0.014861268130636596,0.016309111380834324,0.016309111380834324
ID_I79GFF,0.17039327742970334,0.17039327742970334,0.1886225787512651,0.1886225787512651,0.164965141346389,0.164965141346389
ID_ZC1AQA,0.024269419095693807,0.024269419095693807,0.015175161056763134,0.015175161056763134,0.0199646706627545,0.0199646706627545
ID_D5ZZFS,0.02427630898093094,0.02427630898093094,0.02331601075386042,0.02331601075386042,0.016509502558758958,0.016509502558758958
ID_OJKN2W,0.02565943308150125,0.02565943308150125,0.01796397987356821,0.01796397987356821,0.01736138080856072,0.01736138080856072
ID_B2Z1PP,0.17039327742970334,0.17039327742970334,0.1886225787512651,0.1886225787512651,0.164965141346389,0.164965141346389
ID_T7A33E,0.02449371861970057,0.02449371861970057,0.01935230551549404,0.01935230551549404,0.01757166207321531,0.01757166207321531
ID_DL8DPL,0.024248715161946394,0.024248715161946394,0.013894425300794662,0.013894425300794662,0.015072480074861871,0.015072480074861871
ID_7IE517,0.02449371861970057,0.02449371861970057,0.01935230551549404,0.01935230551549404,0.01757166207321531,0.01757166207321531
ID_KV3UHT,0.0255168207850002,0.0255168207850002,0.016094004361915003,0.016094004361915003,0.016953920160023714,0.016953920160023714
ID_GY618Y,0.02565943308150125,0.02565943308150125,0.01796397987356821,0.01796397987356821,0.01736138080856072,0.01736138080856072
ID_7IHCZE,0.024248715161946394,0.024248715161946394,0.02863671971352253,0.02863671971352253,0.017544483428130194,0.017544483428130194
ID_L41OWZ,0.024248715161946394,0.024248715161946394,0.01857693404531326,0.01857693404531326,0.014836155623015271,0.014836155623015271
ID_B2UV3T,0.024248715161946394,0.024248715161946394,0.014196693224419474,0.014196693224419474,0.016058057536754232,0.016058057536754232
ID_T8EQ3F,0.024248715161946394,0.024248715161946394,0.028502169793706254,0.028502169793706254,0.016564830121459224,0.016564830121459224
ID_ZW0DVE,0.02430125609028152,0.02430125609028152,0.016837853817432146,0.016837853817432146,0.018647312412834686,0.018647312412834686
ID_SSS3KA,0.024269419095693807,0.024269419095693807,0.021188591889005112,0.021188591889005112,0.021004365507838737,0.021004365507838737
ID_D4HDFD,0.02430125609028152,0.02430125609028152,0.013874172436172495,0.013874172436172495,0.01684726017689466,0.01684726017689466
ID_T6ZYQU,0.024328849909266065,0.024328849909266065,0.022717148018415314,0.022717148018415314,0.019300325663552786,0.019300325663552786
ID_DWK7UW,0.02430125609028152,0.02430125609028152,0.013309881632053587,0.013309881632053587,0.01683180544485112,0.01683180544485112
ID_RUJKIR,0.02430125609028152,0.02430125609028152,0.016837853817432146,0.016837853817432146,0.018647312412834686,0.018647312412834686
ID_0SN05S,0.024426651800096323,0.024426651800096323,0.021006804635958307,0.021006804635958307,0.021661239733809245,0.021661239733809245
ID_A6J8PW,0.02494376767711737,0.02494376767711737,0.0205195391029158,0.0205195391029158,0.028701405678192328,0.028701405678192328
ID_GH8L5Y,0.024489475444097405,0.024489475444097405,0.027093355739463094,0.027093355739463094,0.019611657576987275,0.019611657576987275
ID_TRDBZE,0.02440594786634891,0.02440594786634891,0.014865293244282584,0.014865293244282584,0.015190893337147248,0.015190893337147248
ID_O3H4R1,0.024248715161946394,0.024248715161946394,0.022404501306910928,0.022404501306910928,0.016453817832773558,0.016453817832773558
ID_TGLP6W,0.024269419095693807,0.024269419095693807,0.018954829474892028,0.018954829474892028,0.017199246325104747,0.017199246325104747
ID_1SXWML,0.024248715161946394,0.024248715161946394,0.01391137588982763,0.01391137588982763,0.015310238625656678,0.015310238625656678
ID_91OUIW,0.0255168207850002,0.0255168207850002,0.016094004361915003,0.016094004361915003,0.016953920160023714,0.016953920160023714
ID_1N0WJJ,0.02565943308150125,0.02565943308150125,0.01796397987356821,0.01796397987356821,0.01736138080856072,0.01736138080856072
ID_UTMX3S,0.02449371861970057,0.02449371861970057,0.01935230551549404,0.01935230551549404,0.01757166207321531,0.01757166207321531
ID_SP2RUN,0.024671462588835267,0.024671462588835267,0.020956025172052757,0.020956025172052757,0.01932434883627791,0.01932434883627791
ID_ZU20XJ,0.024269419095693807,0.024269419095693807,0.014707234375562196,0.014707234375562196,0.017866759973168115,0.017866759973168115
ID_H6JGLH,0.02449371861970057,0.02449371861970057,0.01935230551549404,0.01935230551549404,0.01757166207321531,0.01757166207321531
ID_8IHXOY,0.02430125609028152,0.02430125609028152,0.016837853817432146,0.016837853817432146,0.018647312412834686,0.018647312412834686
ID_4VK4NE,0.024248715161946394,0.024248715161946394,0.01372846366380081,0.01372846366380081,0.01710003688548478,0.01710003688548478
ID_I71IWR,0.024426651800096323,0.024426651800096323,0.021006804635958307,0.021006804635958307,0.021661239733809245,0.021661239733809245
ID_C368SW,0.02510402408737378,0.02510402408737378,0.021301105769529163,0.021301105769529163,0.0177144900554651,0.0177144900554651
ID_VT6L20,0.024280552156534106,0.024280552156534106,0.013879206550034532,0.013879206550034532,0.01710003688548478,0.01710003688548478
ID_6XBTY9,0.024269419095693807,0.024269419095693807,0.023181678710190348,0.023181678710190348,0.019067837112436887,0.019067837112436887
ID_UIEG1P,0.024248715161946394,0.024248715161946394,0.014599081293616888,0.014599081293616888,0.015198985886267618,0.015198985886267618
ID_9HR4BX,0.024269419095693807,0.024269419095693807,0.014844298382556551,0.014844298382556551,0.018212225034697348,0.018212225034697348
ID_OPWJP4,0.024328849909266065,0.024328849909266065,0.022717148018415314,0.022717148018415314,0.019300325663552786,0.019300325663552786
ID_1KUZ5C,0.045516532657980106,0.045516532657980106,0.03713812880804718,0.03713812880804718,0.05922490216425254,0.05922490216425254
ID_KBW7CU,0.0382757959500538,0.0382757959500538,0.024048789966202452,0.024048789966202452,0.02696658575528261,0.02696658575528261
ID_2ILIQY,0.024248715161946394,0.024248715161946394,0.030053486034480197,0.030053486034480197,0.0379952405686437,0.0379952405686437
ID_KFS68B,0.02430125609028152,0.02430125609028152,0.01554449294600213,0.01554449294600213,0.018212225034697348,0.018212225034697348
ID_8P12DQ,0.02565943308150125,0.02565943308150125,0.01687087038029319,0.01687087038029319,0.01656511304013756,0.01656511304013756
ID_J3426Q,0.024248715161946394,0.024248715161946394,0.030053486034480197,0.030053486034480197,0.0379952405686437,0.0379952405686437
ID_2TM2XS,0.02449371861970057,0.02449371861970057,0.019848941498055266,0.019848941498055266,0.017338347743149723,0.017338347743149723
ID_8CHBZO,0.02510402408737378,0.02510402408737378,0.021301105769529163,0.021301105769529163,0.0177144900554651,0.0177144900554651
ID_F6CFLR,0.024776568972684623,0.024776568972684623,0.0221487446512556,0.0221487446512556,0.025578594418631237,0.025578594418631237
ID_WEUPHB,0.024248715161946394,0.024248715161946394,0.020640085225311286,0.020640085225311286,0.031836720803591304,0.031836720803591304
ID_T9CUR2,0.024248715161946394,0.024248715161946394,0.014196693224419474,0.014196693224419474,0.016058057536754232,0.016058057536754232
ID_6NT1J7,0.024269419095693807,0.024269419095693807,0.023934556982246353,0.023934556982246353,0.019233465171763157,0.019233465171763157
ID_5XJZ15,0.024269419095693807,0.024269419095693807,0.02071662853529872,0.02071662853529872,0.02326475817267671,0.02326475817267671
ID_4C75NZ,0.024248715161946394,0.024248715161946394,0.030053486034480197,0.030053486034480197,0.0379952405686437,0.0379952405686437
ID_4I22LB,0.024248715161946394,0.024248715161946394,0.02256600430477322,0.02256600430477322,0.015963453431418417,0.015963453431418417
ID_71ANPU,0.024248715161946394,0.024248715161946394,0.015128326441889937,0.015128326441889937,0.015888716894679585,0.015888716894679585
ID_TLRRWX,0.024248715161946394,0.024248715161946394,0.030053486034480197,0.030053486034480197,0.0379952405686437,0.0379952405686437
ID_11MWYB,0.02430125609028152,0.02430125609028152,0.013874172436172495,0.013874172436172495,0.01684726017689466,0.01684726017689466
ID_ZJYYTF,0.024269419095693807,0.024269419095693807,0.01771865198152972,0.01771865198152972,0.02419287460737239,0.02419287460737239
ID_XS5IZB,0.024248715161946394,0.024248715161946394,0.014861268130636596,0.014861268130636596,0.016309111380834324,0.016309111380834324
ID_OAMCTD,0.024269419095693807,0.024269419095693807,0.02289869339661258,0.02289869339661258,0.022252654708389042,0.022252654708389042
ID_VZ2BA0,0.024269419095693807,0.024269419095693807,0.02071662853529872,0.02071662853529872,0.02326475817267671,0.02326475817267671
ID_OUFL3R,0.024426651800096323,0.024426651800096323,0.021006804635958307,0.021006804635958307,0.021661239733809245,0.021661239733809245
ID_C9JHEM,0.024489475444097405,0.024489475444097405,0.027093355739463094,0.027093355739463094,0.019611657576987275,0.019611657576987275
ID_ZULTCR,0.02490092106378163,0.02490092106378163,0.01914241756081063,0.01914241756081063,0.04685327909283862,0.04685327909283862
ID_0M1QAK,0.024258094305501646,0.024258094305501646,0.019809652501921255,0.019809652501921255,0.024107682631048347,0.024107682631048347
ID_22EOFV,0.024258094305501646,0.024258094305501646,0.02151118251475072,0.02151118251475072,0.023097076260304453,0.023097076260304453
ID_CC1868,0.05502041812160588,0.05502041812160588,0.014969398537889506,0.014969398537889506,0.02388085622793006,0.02388085622793006
ID_RRHEAY,0.02490092106378163,0.02490092106378163,0.01914241756081063,0.01914241756081063,0.04685327909283862,0.04685327909283862
ID_312RLJ,0.02478292441038598,0.02478292441038598,0.02050970429919533,0.02050970429919533,0.0508738734289262,0.0508738734289262
ID_FW5MN2,0.05698998017742998,0.05698998017742998,0.017176224971915906,0.017176224971915906,0.024921042238249914,0.024921042238249914
ID_UJT70Q,0.02431475652763453,0.02431475652763453,0.013544303567494911,0.013544303567494911,0.015413444558103617,0.015413444558103617
ID_T6DWM5,0.024258094305501646,0.024258094305501646,0.01757106061402937,0.01757106061402937,0.025354127614925205,0.025354127614925205
ID_P35RKU,0.024258094305501646,0.024258094305501646,0.019809652501921255,0.019809652501921255,0.024107682631048347,0.024107682631048347
ID_0LNF2H,0.024471989232037045,0.024471989232037045,0.013711559462725634,0.013711559462725634,0.01499017531992933,0.01499017531992933
ID_FE89WN,0.024258094305501646,0.024258094305501646,0.019809652501921255,0.019809652501921255,0.024107682631048347,0.024107682631048347
ID_FNIMWZ,0.02431475652763453,0.02431475652763453,0.013544303567494911,0.013544303567494911,0.015413444558103617,0.015413444558103617
ID_MRNN7B,0.024258094305501646,0.024258094305501646,0.017667938014280914,0.017667938014280914,0.019976099244362718,0.019976099244362718
ID_J8YA05,0.024471989232037045,0.024471989232037045,0.014948215805516463,0.014948215805516463,0.016914787465349065,0.016914787465349065
ID_6NXJX5,0.024258094305501646,0.024258094305501646,0.017667938014280914,0.017667938014280914,0.019976099244362718,0.019976099244362718
ID_BJV0W6,0.05570039875399667,0.05570039875399667,0.016830947310815466,0.016830947310815466,0.023958334434630076,0.023958334434630076
ID_8L1YW7,0.02490092106378163,0.02490092106378163,0.01914241756081063,0.01914241756081063,0.04685327909283862,0.04685327909283862
ID_XJPLJC,0.024258094305501646,0.024258094305501646,0.019809652501921255,0.019809652501921255,0.024107682631048347,0.024107682631048347
ID_R652CL,0.02478292441038598,0.02478292441038598,0.02050970429919533,0.02050970429919533,0.0508738734289262,0.0508738734289262
ID_E69JOD,0.024258094305501646,0.024258094305501646,0.017196861573792604,0.017196861573792604,0.02122703314467709,0.02122703314467709
ID_CZS6OU,0.024258094305501646,0.024258094305501646,0.02131414889927932,0.02131414889927932,0.023625771422472783,0.023625771422472783
ID_GRQZ05,0.02478292441038598,0.02478292441038598,0.02050970429919533,0.02050970429919533,0.0508738734289262,0.0508738734289262
ID_Y0BSPY,0.024258094305501646,0.024258094305501646,0.02131414889927932,0.02131414889927932,0.023625771422472783,0.023625771422472783
ID_K2JIN9,0.024258094305501646,0.024258094305501646,0.017196861573792604,0.017196861573792604,0.02122703314467709,0.02122703314467709
ID_FUI65H,0.056156707112334996,0.056156707112334996,0.01461847542357652,0.01461847542357652,0.022679682281606925,0.022679682281606925
ID_95L18T,0.024258094305501646,0.024258094305501646,0.016685520852113733,0.016685520852113733,0.021002023353784833,0.021002023353784833
ID_LP5DMO,0.05698998017742998,0.05698998017742998,0.017176224971915906,0.017176224971915906,0.024921042238249914,0.024921042238249914
ID_DMJWXV,0.024258094305501646,0.024258094305501646,0.01688964169133947,0.01688964169133947,0.021627269583967716,0.021627269583967716
ID_DQP3PY,0.024258094305501646,0.024258094305501646,0.017169561546492577,0.017169561546492577,0.02122703314467709,0.02122703314467709
ID_PV90XU,0.024589985885432694,0.024589985885432694,0.017701122161325102,0.017701122161325102,0.049541844210385454,0.049541844210385454
ID_3105ME,0.02490092106378163,0.02490092106378163,0.01914241756081063,0.01914241756081063,0.04685327909283862,0.04685327909283862
ID_YQQHQ3,0.024258094305501646,0.024258094305501646,0.016932274472585006,0.016932274472585006,0.02087603322968468,0.02087603322968468
ID_V44WY3,0.024258094305501646,0.024258094305501646,0.016932274472585006,0.016932274472585006,0.02087603322968468,0.02087603322968468
ID_UCO85D,0.024258094305501646,0.024258094305501646,0.017196861573792604,0.017196861573792604,0.02122703314467709,0.02122703314467709
ID_1XHBUV,0.024258094305501646,0.024258094305501646,0.017613547718602515,0.017613547718602515,0.022378413751616595,0.022378413751616595
ID_6HMBCZ,0.024471989232037045,0.024471989232037045,0.013711559462725634,0.013711559462725634,0.01499017531992933,0.01499017531992933
ID_3AFMQB,0.02431475652763453,0.02431475652763453,0.013544303567494911,0.013544303567494911,0.015413444558103617,0.015413444558103617
ID_0HGHQZ,0.024258094305501646,0.024258094305501646,0.016932274472585006,0.016932274472585006,0.02087603322968468,0.02087603322968468
ID_86OGKU,0.024471989232037045,0.024471989232037045,0.019655830153309115,0.019655830153309115,0.040601821673331547,0.040601821673331547
ID_CIAW5T,0.024258094305501646,0.024258094305501646,0.02123949368723088,0.02123949368723088,0.022726069547289833,0.022726069547289833
ID_SPZWF2,0.02490092106378163,0.02490092106378163,0.01914241756081063,0.01914241756081063,0.04685327909283862,0.04685327909283862
ID_PHOPIB,0.024499583051021595,0.024499583051021595,0.014390999393420655,0.014390999393420655,0.017077391903085295,0.017077391903085295
ID_MNZEHD,0.024258094305501646,0.024258094305501646,0.017924534611715524,0.017924534611715524,0.02218086217863675,0.02218086217863675
ID_797ML8,0.024258094305501646,0.024258094305501646,0.017924534611715524,0.017924534611715524,0.02218086217863675,0.02218086217863675
ID_BYU5HD,0.024258094305501646,0.024258094305501646,0.016932274472585006,0.016932274472585006,0.02087603322968468,0.02087603322968468
ID_RXCEKJ,0.02478292441038598,0.02478292441038598,0.02050970429919533,0.02050970429919533,0.0508738734289262,0.0508738734289262
ID_ELSO35,0.024499583051021595,0.024499583051021595,0.014390999393420655,0.014390999393420655,0.017077391903085295,0.017077391903085295
ID_VINNFK,0.024258094305501646,0.024258094305501646,0.016932274472585006,0.016932274472585006,0.02087603322968468,0.02087603322968468
ID_N6DOKU,0.024258094305501646,0.024258094305501646,0.016932274472585006,0.016932274472585006,0.02087603322968468,0.02087603322968468
ID_0EFT4F,0.02490092106378163,0.02490092106378163,0.01914241756081063,0.01914241756081063,0.04685327909283862,0.04685327909283862
ID_XKQHVP,0.024258094305501646,0.024258094305501646,0.017820379123143083,0.017820379123143083,0.024778919185082845,0.024778919185082845
ID_SU4Q41,0.024471989232037045,0.024471989232037045,0.016262254347062834,0.016262254347062834,0.019241501312454876,0.019241501312454876
ID_D11XF1,0.02478292441038598,0.02478292441038598,0.02050970429919533,0.02050970429919533,0.0508738734289262,0.0508738734289262
ID_P86BG6,0.024258094305501646,0.024258094305501646,0.017169561546492577,0.017169561546492577,0.02122703314467709,0.02122703314467709
ID_PADGJY,0.02490092106378163,0.02490092106378163,0.01914241756081063,0.01914241756081063,0.04685327909283862,0.04685327909283862
ID_7PYROJ,0.024258094305501646,0.024258094305501646,0.01771019775224362,0.01771019775224362,0.022725866346297724,0.022725866346297724
ID_4ZP64K,0.024258094305501646,0.024258094305501646,0.019141158960202062,0.019141158960202062,0.020923086219424507,0.020923086219424507
ID_6UI50R,0.024258094305501646,0.024258094305501646,0.017169561546492577,0.017169561546492577,0.02122703314467709,0.02122703314467709
ID_0CQMTS,0.024258094305501646,0.024258094305501646,0.016932274472585006,0.016932274472585006,0.02087603322968468,0.02087603322968468
ID_GWHZQX,0.024258094305501646,0.024258094305501646,0.016932274472585006,0.016932274472585006,0.02087603322968468,0.02087603322968468
ID_75RX5W,0.024471989232037045,0.024471989232037045,0.016262254347062834,0.016262254347062834,0.019241501312454876,0.019241501312454876
ID_O9HFAP,0.024258094305501646,0.024258094305501646,0.01757106061402937,0.01757106061402937,0.025354127614925205,0.025354127614925205
ID_Y6EXY9,0.024258094305501646,0.024258094305501646,0.017924534611715524,0.017924534611715524,0.02218086217863675,0.02218086217863675
ID_G0KUFV,0.05630685726248515,0.05630685726248515,0.015323295005850366,0.015323295005850366,0.021338607986918032,0.021338607986918032
ID_4U98W5,0.02431475652763453,0.02431475652763453,0.013544303567494911,0.013544303567494911,0.015413444558103617,0.015413444558103617
ID_M6LH16,0.024258094305501646,0.024258094305501646,0.019809652501921255,0.019809652501921255,0.024107682631048347,0.024107682631048347
ID_IBYOA8,0.02431475652763453,0.02431475652763453,0.013544303567494911,0.013544303567494911,0.015413444558103617,0.015413444558103617
ID_JCS18T,0.02478292441038598,0.02478292441038598,0.02050970429919533,0.02050970429919533,0.0508738734289262,0.0508738734289262
ID_PDAYPC,0.024258094305501646,0.024258094305501646,0.019141158960202062,0.019141158960202062,0.020923086219424507,0.020923086219424507
ID_6MSHHO,0.024258094305501646,0.024258094305501646,0.019809652501921255,0.019809652501921255,0.024107682631048347,0.024107682631048347
ID_KXJDXJ,0.02490092106378163,0.02490092106378163,0.01914241756081063,0.01914241756081063,0.04685327909283862,0.04685327909283862
ID_X06P29,0.02431475652763453,0.02431475652763453,0.013544303567494911,0.013544303567494911,0.015413444558103617,0.015413444558103617
ID_SU0E3L,0.024258094305501646,0.024258094305501646,0.017169561546492577,0.017169561546492577,0.02122703314467709,0.02122703314467709
ID_86RCT1,0.02434235034661908,0.02434235034661908,0.014541587595615735,0.014541587595615735,0.018744529570190967,0.018744529570190967
ID_BHSPH0,0.024258094305501646,0.024258094305501646,0.017169561546492577,0.017169561546492577,0.02122703314467709,0.02122703314467709
ID_BSI555,0.024258094305501646,0.024258094305501646,0.016932274472585006,0.016932274472585006,0.02087603322968468,0.02087603322968468
ID_AJZY4W,0.024258094305501646,0.024258094305501646,0.02131414889927932,0.02131414889927932,0.023625771422472783,0.023625771422472783
ID_5JVBFT,0.024258094305501646,0.024258094305501646,0.017613547718602515,0.017613547718602515,0.022378413751616595,0.022378413751616595
ID_KOBTYW,0.05698998017742998,0.05698998017742998,0.017176224971915906,0.017176224971915906,0.024921042238249914,0.024921042238249914
ID_5O17MO,0.02478292441038598,0.02478292441038598,0.02050970429919533,0.02050970429919533,0.0508738734289262,0.0508738734289262
ID_K11Q5X,0.024258094305501646,0.024258094305501646,0.01729084356149878,0.01729084356149878,0.019329167593054787,0.019329167593054787
ID_G7GY5M,0.024258094305501646,0.024258094305501646,0.016685520852113733,0.016685520852113733,0.021002023353784833,0.021002023353784833
ID_WKHNNC,0.024258094305501646,0.024258094305501646,0.01797873225061735,0.01797873225061735,0.024778919185082845,0.024778919185082845
ID_VJ5MEA,0.024258094305501646,0.024258094305501646,0.01688964169133947,0.01688964169133947,0.021627269583967716,0.021627269583967716
ID_Y8KTAQ,0.02427879823924906,0.02427879823924906,0.16072965285463894,0.16072965285463894,0.1529353168222744,0.1529353168222744
ID_9AT8CS,0.02427879823924906,0.02427879823924906,0.11034531327581153,0.11034531327581153,0.13313928931214047,0.13313928931214047
ID_1UYUHI,0.02427879823924906,0.02427879823924906,0.11034531327581153,0.11034531327581153,0.13313928931214047,0.13313928931214047
ID_IW1QYO,0.02427879823924906,0.02427879823924906,0.10969286899613058,0.10969286899613058,0.11529873618418839,0.11529873618418839
ID_C4MM2J,0.02427879823924906,0.02427879823924906,0.10969286899613058,0.10969286899613058,0.11529873618418839,0.11529873618418839
ID_HFZ0HI,0.02427879823924906,0.02427879823924906,0.14766492900144984,0.14766492900144984,0.14389854099090207,0.14389854099090207
ID_ZV17K7,0.02427879823924906,0.02427879823924906,0.10969286899613058,0.10969286899613058,0.11529873618418839,0.11529873618418839
ID_4I93LT,0.02427879823924906,0.02427879823924906,0.14766492900144984,0.14766492900144984,0.14389854099090207,0.14389854099090207
ID_RIUVLU,0.02427879823924906,0.02427879823924906,0.16037172702388075,0.16037172702388075,0.12660953966442945,0.12660953966442945
ID_GMAXQ3,0.02427879823924906,0.02427879823924906,0.16072965285463894,0.16072965285463894,0.1529353168222744,0.1529353168222744
ID_30V9V7,0.02427879823924906,0.02427879823924906,0.14766492900144984,0.14766492900144984,0.14389854099090207,0.14389854099090207
ID_00D47V,0.02427879823924906,0.02427879823924906,0.14783522355466178,0.14783522355466178,0.12486877628363006,0.12486877628363006
ID_COCODS,0.02427879823924906,0.02427879823924906,0.16072965285463894,0.16072965285463894,0.1529353168222744,0.1529353168222744
ID_HR5HVM,0.02427879823924906,0.02427879823924906,0.11034531327581153,0.11034531327581153,0.13313928931214047,0.13313928931214047
ID_WGYIZG,0.02427879823924906,0.02427879823924906,0.10522886064754287,0.10522886064754287,0.1425162512618778,0.1425162512618778
ID_O5CFG3,0.02427879823924906,0.02427879823924906,0.16072965285463894,0.16072965285463894,0.1529353168222744,0.1529353168222744
ID_U0K12F,0.02427879823924906,0.02427879823924906,0.14783522355466178,0.14783522355466178,0.12486877628363006,0.12486877628363006
ID_VRYVS7,0.02427879823924906,0.02427879823924906,0.16072965285463894,0.16072965285463894,0.1529353168222744,0.1529353168222744
ID_G4MECV,0.02427879823924906,0.02427879823924906,0.14783522355466178,0.14783522355466178,0.12486877628363006,0.12486877628363006
ID_OXEA7H,0.02427879823924906,0.02427879823924906,0.16037172702388075,0.16037172702388075,0.12660953966442945,0.12660953966442945
ID_DH682H,0.02427879823924906,0.02427879823924906,0.10522886064754287,0.10522886064754287,0.1425162512618778,0.1425162512618778
ID_4ZJ6HT,0.02427879823924906,0.02427879823924906,0.16072965285463894,0.16072965285463894,0.1529353168222744,0.1529353168222744
ID_1619HA,0.02427879823924906,0.02427879823924906,0.16072965285463894,0.16072965285463894,0.1529353168222744,0.1529353168222744
ID_A66ERH,0.02427879823924906,0.02427879823924906,0.14766492900144984,0.14766492900144984,0.14389854099090207,0.14389854099090207
ID_SRS330,0.02427879823924906,0.02427879823924906,0.16072965285463894,0.16072965285463894,0.1529353168222744,0.1529353168222744
ID_3D2WF7,0.02427879823924906,0.02427879823924906,0.16037172702388075,0.16037172702388075,0.12660953966442945,0.12660953966442945
ID_X8YETU,0.02427879823924906,0.02427879823924906,0.11034531327581153,0.11034531327581153,0.13313928931214047,0.13313928931214047
ID_PQ0W7T,0.02427879823924906,0.02427879823924906,0.14766492900144984,0.14766492900144984,0.14389854099090207,0.14389854099090207
ID_SO28RE,0.02427879823924906,0.02427879823924906,0.16072965285463894,0.16072965285463894,0.1529353168222744,0.1529353168222744
ID_JFSXTY,0.02427879823924906,0.02427879823924906,0.14766492900144984,0.14766492900144984,0.14389854099090207,0.14389854099090207
ID_RPQFKB,0.02427879823924906,0.02427879823924906,0.16072965285463894,0.16072965285463894,0.1529353168222744,0.1529353168222744
ID_EV4Z1I,0.02427879823924906,0.02427879823924906,0.16072965285463894,0.16072965285463894,0.1529353168222744,0.1529353168222744
ID_B9T63O,0.02427879823924906,0.02427879823924906,0.16072965285463894,0.16072965285463894,0.1529353168222744,0.1529353168222744
ID_VLJU6A,0.02427879823924906,0.02427879823924906,0.14766492900144984,0.14766492900144984,0.14389854099090207,0.14389854099090207
ID_FKK9MW,0.02427879823924906,0.02427879823924906,0.11034531327581153,0.11034531327581153,0.13313928931214047,0.13313928931214047
ID_RVEFZ9,0.02427879823924906,0.02427879823924906,0.14783522355466178,0.14783522355466178,0.12486877628363006,0.12486877628363006
ID_VQ4UCJ,0.02427879823924906,0.02427879823924906,0.14766492900144984,0.14766492900144984,0.14389854099090207,0.14389854099090207
ID_2R7V3V,0.02427879823924906,0.02427879823924906,0.16072965285463894,0.16072965285463894,0.1529353168222744,0.1529353168222744
ID_K8P06C,0.02427879823924906,0.02427879823924906,0.14766492900144984,0.14766492900144984,0.14389854099090207,0.14389854099090207
ID_6T87EC,0.02427879823924906,0.02427879823924906,0.16072965285463894,0.16072965285463894,0.1529353168222744,0.1529353168222744
ID_45LBG7,0.02427879823924906,0.02427879823924906,0.10522886064754287,0.10522886064754287,0.1425162512618778,0.1425162512618778
ID_O1ZMUJ,0.02427879823924906,0.02427879823924906,0.10969286899613058,0.10969286899613058,0.11529873618418839,0.11529873618418839
ID_REIL7X,0.02427879823924906,0.02427879823924906,0.11034531327581153,0.11034531327581153,0.13313928931214047,0.13313928931214047
ID_TLNC9J,0.02427879823924906,0.02427879823924906,0.14783522355466178,0.14783522355466178,0.12486877628363006,0.12486877628363006
ID_F5NEVH,0.02427879823924906,0.02427879823924906,0.10522886064754287,0.10522886064754287,0.1425162512618778,0.1425162512618778
ID_7OQTQ4,0.02427879823924906,0.02427879823924906,0.11034531327581153,0.11034531327581153,0.13313928931214047,0.13313928931214047
ID_UPPGOC,0.02427879823924906,0.02427879823924906,0.10522886064754287,0.10522886064754287,0.1425162512618778,0.1425162512618778
ID_WRR93C,0.02427879823924906,0.02427879823924906,0.14766492900144984,0.14766492900144984,0.14389854099090207,0.14389854099090207
ID_UJ3S2W,0.02427879823924906,0.02427879823924906,0.11034531327581153,0.11034531327581153,0.13313928931214047,0.13313928931214047
ID_W3HZK9,0.02427879823924906,0.02427879823924906,0.10522886064754287,0.10522886064754287,0.1425162512618778,0.1425162512618778
ID_EYK26U,0.02427879823924906,0.02427879823924906,0.10522886064754287,0.10522886064754287,0.1425162512618778,0.1425162512618778
ID_4KT11I,0.02427879823924906,0.02427879823924906,0.14766492900144984,0.14766492900144984,0.14389854099090207,0.14389854099090207
ID_16FUTF,0.02427879823924906,0.02427879823924906,0.16072965285463894,0.16072965285463894,0.1529353168222744,0.1529353168222744
ID_KO4YXJ,0.02427879823924906,0.02427879823924906,0.16072965285463894,0.16072965285463894,0.1529353168222744,0.1529353168222744
ID_WWKLVE,0.02427879823924906,0.02427879823924906,0.10472468927672217,0.10472468927672217,0.11617518068038822,0.11617518068038822
ID_QY3MHP,0.02427879823924906,0.02427879823924906,0.10522886064754287,0.10522886064754287,0.1425162512618778,0.1425162512618778
ID_INQA11,0.024436565391187354,0.024436565391187354,0.013466103595970448,0.013466103595970448,0.018504029294276702,0.018504029294276702
ID_S2ISZ6,0.024436565391187354,0.024436565391187354,0.013466103595970448,0.013466103595970448,0.018504029294276702,0.018504029294276702
ID_A5YCBL,0.02427630898093094,0.02427630898093094,0.013436341691208543,0.013436341691208543,0.018504029294276702,0.018504029294276702
ID_LUMWXR,0.024248715161946394,0.024248715161946394,0.013436341691208543,0.013436341691208543,0.018430007243078445,0.018430007243078445
ID_EP24JU,0.05297772501660772,0.05297772501660772,0.04193268066865994,0.04193268066865994,0.06794369873439465,0.06794369873439465
ID_SL31EO,0.060816319170873157,0.060816319170873157,0.056505216765195945,0.056505216765195945,0.08130005216622047,0.08130005216622047
ID_I52U1R,0.5452189281656984,0.5452189281656984,0.46239720066419565,0.46239720066419565,0.5198576849805178,0.5198576849805178
ID_11K6P1,0.06079825677350041,0.06079825677350041,0.055393232449227794,0.055393232449227794,0.07984246554734352,0.07984246554734352
ID_9MROM2,0.024297012914678354,0.024297012914678354,0.013436341691208543,0.013436341691208543,0.02005079860315577,0.02005079860315577
ID_MXJE6Z,0.06079825677350041,0.06079825677350041,0.055393232449227794,0.055393232449227794,0.07984246554734352,0.07984246554734352
ID_HXOTEN,0.05565207787793289,0.05565207787793289,0.05109301475077996,0.05109301475077996,0.07534036338542907,0.07534036338542907
ID_3GRDZX,0.024248715161946394,0.024248715161946394,0.013466103595970448,0.013466103595970448,0.018430007243078445,0.018430007243078445
ID_QUV2SL,0.0534371394842334,0.0534371394842334,0.04932141955748982,0.04932141955748982,0.07276475426016712,0.07276475426016712
ID_XVD7XJ,0.024436565391187354,0.024436565391187354,0.013456143769064333,0.013456143769064333,0.01985991403321005,0.01985991403321005
ID_D4H6PR,0.06079825677350041,0.06079825677350041,0.055393232449227794,0.055393232449227794,0.07984246554734352,0.07984246554734352
ID_P50S8V,0.5452189281656984,0.5452189281656984,0.46239720066419565,0.46239720066419565,0.5198576849805178,0.5198576849805178
ID_B1P8NI,0.5826876254913108,0.5826876254913108,0.48296121761410904,0.48296121761410904,0.5487988296469091,0.5487988296469091
ID_VHAKMG,0.500490587453028,0.500490587453028,0.45407772906125604,0.45407772906125604,0.5603131818242871,0.5603131818242871
ID_P1BZK5,0.05497578864881526,0.05497578864881526,0.05369837550097768,0.05369837550097768,0.126282771544312,0.126282771544312
ID_1VFWEO,0.4335480428074537,0.4335480428074537,0.340541031667056,0.340541031667056,0.39881228182213513,0.39881228182213513
ID_DS7LOZ,0.02427630898093094,0.02427630898093094,0.013436341691208543,0.013436341691208543,0.018504029294276702,0.018504029294276702
ID_3PM5TY,0.024248715161946394,0.024248715161946394,0.013466103595970448,0.013466103595970448,0.018430007243078445,0.018430007243078445
ID_ACVINX,0.05060847781434441,0.05060847781434441,0.040205216444079414,0.040205216444079414,0.06465911720835889,0.06465911720835889
ID_N9WXLE,0.05565207787793289,0.05565207787793289,0.05109301475077996,0.05109301475077996,0.07534036338542907,0.07534036338542907
ID_HOZEHI,0.5452189281656984,0.5452189281656984,0.46239720066419565,0.46239720066419565,0.5198576849805178,0.5198576849805178
ID_ACNM6Y,0.05306521254548709,0.05306521254548709,0.044541739658796015,0.044541739658796015,0.07125739088708943,0.07125739088708943
ID_4E94FT,0.02427630898093094,0.02427630898093094,0.013436341691208543,0.013436341691208543,0.018504029294276702,0.018504029294276702
ID_PCOVC8,0.5452189281656984,0.5452189281656984,0.46239720066419565,0.46239720066419565,0.5198576849805178,0.5198576849805178
ID_Q9IZA8,0.02427630898093094,0.02427630898093094,0.013436341691208543,0.013436341691208543,0.018504029294276702,0.018504029294276702
ID_PBDHXZ,0.05565207787793289,0.05565207787793289,0.05109301475077996,0.05109301475077996,0.07534036338542907,0.07534036338542907
ID_CY8HQK,0.05565207787793289,0.05565207787793289,0.05109301475077996,0.05109301475077996,0.07534036338542907,0.07534036338542907
ID_SPCMX9,0.024436565391187354,0.024436565391187354,0.013456143769064333,0.013456143769064333,0.01985991403321005,0.01985991403321005
ID_T242K8,0.024436565391187354,0.024436565391187354,0.013466103595970448,0.013466103595970448,0.018504029294276702,0.018504029294276702
ID_3B5N8K,0.05565207787793289,0.05565207787793289,0.05109301475077996,0.05109301475077996,0.07534036338542907,0.07534036338542907
ID_5GKAF9,0.024436565391187354,0.024436565391187354,0.013456143769064333,0.013456143769064333,0.01985991403321005,0.01985991403321005
ID_KTCVZC,0.02427630898093094,0.02427630898093094,0.013436341691208543,0.013436341691208543,0.018504029294276702,0.018504029294276702
ID_T2WXE1,0.02427630898093094,0.02427630898093094,0.013436341691208543,0.013436341691208543,0.018504029294276702,0.018504029294276702
ID_6QKMNI,0.05060847781434441,0.05060847781434441,0.040205216444079414,0.040205216444079414,0.06465911720835889,0.06465911720835889
ID_3FZUIO,0.05565207787793289,0.05565207787793289,0.05109301475077996,0.05109301475077996,0.07534036338542907,0.07534036338542907
ID_O00R2A,0.5452189281656984,0.5452189281656984,0.46239720066419565,0.46239720066419565,0.5198576849805178,0.5198576849805178
ID_XJTAL7,0.02430814597551865,0.02430814597551865,0.013466103595970448,0.013466103595970448,0.01985991403321005,0.01985991403321005
ID_NT0QPX,0.5160409947458293,0.5160409947458293,0.48133345649772064,0.48133345649772064,0.5863291897118408,0.5863291897118408
ID_UQ658O,0.05565207787793289,0.05565207787793289,0.05109301475077996,0.05109301475077996,0.07534036338542907,0.07534036338542907
ID_ZKA4ZO,0.060816319170873157,0.060816319170873157,0.056505216765195945,0.056505216765195945,0.08130005216622047,0.08130005216622047
ID_F7RSFR,0.024436565391187354,0.024436565391187354,0.013456143769064333,0.013456143769064333,0.01985991403321005,0.01985991403321005
ID_2R52MU,0.05565207787793289,0.05565207787793289,0.05109301475077996,0.05109301475077996,0.07534036338542907,0.07534036338542907
ID_134UJF,0.02430814597551865,0.02430814597551865,0.013466103595970448,0.013466103595970448,0.01985991403321005,0.01985991403321005
ID_UX404U,0.024248715161946394,0.024248715161946394,0.013466103595970448,0.013466103595970448,0.019788074952750277,0.019788074952750277
ID_MRF8HI,0.5452189281656984,0.5452189281656984,0.46239720066419565,0.46239720066419565,0.5198576849805178,0.5198576849805178
ID_FPUZW4,0.024436565391187354,0.024436565391187354,0.013456143769064333,0.013456143769064333,0.01985991403321005,0.01985991403321005
ID_J55FHB,0.05297772501660772,0.05297772501660772,0.04193268066865994,0.04193268066865994,0.06794369873439465,0.06794369873439465
ID_NUI7QC,0.05306521254548709,0.05306521254548709,0.044541739658796015,0.044541739658796015,0.07125739088708943,0.07125739088708943
ID_PAH8E7,0.024248715161946394,0.024248715161946394,0.013466103595970448,0.013466103595970448,0.019788074952750277,0.019788074952750277
ID_NPER5O,0.024436565391187354,0.024436565391187354,0.013456143769064333,0.013456143769064333,0.01985991403321005,0.01985991403321005
ID_SXC6H6,0.5452189281656984,0.5452189281656984,0.46239720066419565,0.46239720066419565,0.5198576849805178,0.5198576849805178
ID_9ECTWS,0.5452189281656984,0.5452189281656984,0.46239720066419565,0.46239720066419565,0.5198576849805178,0.5198576849805178
ID_BJ7D96,0.024248715161946394,0.024248715161946394,0.013436341691208543,0.013436341691208543,0.018430007243078445,0.018430007243078445
ID_YSS4R7,0.024436565391187354,0.024436565391187354,0.013456143769064333,0.013456143769064333,0.01985991403321005,0.01985991403321005
ID_HKTMZS,0.02427630898093094,0.02427630898093094,0.013436341691208543,0.013436341691208543,0.019788074952750277,0.019788074952750277
ID_BMNQKP,0.0534371394842334,0.0534371394842334,0.04932141955748982,0.04932141955748982,0.07276475426016712,0.07276475426016712
ID_6SD288,0.05060847781434441,0.05060847781434441,0.040205216444079414,0.040205216444079414,0.06465911720835889,0.06465911720835889
ID_VCUVSI,0.2831610937029766,0.2831610937029766,0.36322119694699,0.36322119694699,0.3458574263411288,0.3458574263411288
ID_1E6RRT,0.0534371394842334,0.0534371394842334,0.04932141955748982,0.04932141955748982,0.07276475426016712,0.07276475426016712
ID_QWHDJ6,0.4779605033473866,0.4779605033473866,0.4500827136842865,0.4500827136842865,0.5565163172854659,0.5565163172854659
ID_7A81Z0,0.0534371394842334,0.0534371394842334,0.04932141955748982,0.04932141955748982,0.07276475426016712,0.07276475426016712
ID_V1IGD1,0.024436565391187354,0.024436565391187354,0.013456143769064333,0.013456143769064333,0.01985991403321005,0.01985991403321005
ID_KGJM6D,0.024248715161946394,0.024248715161946394,0.013436341691208543,0.013436341691208543,0.018448341775651647,0.018448341775651647
ID_PB7GWB,0.024248715161946394,0.024248715161946394,0.013466103595970448,0.013466103595970448,0.018430007243078445,0.018430007243078445
ID_RU0BM2,0.024248715161946394,0.024248715161946394,0.013436341691208543,0.013436341691208543,0.018430007243078445,0.018430007243078445
ID_KQBP25,0.02427630898093094,0.02427630898093094,0.013436341691208543,0.013436341691208543,0.018504029294276702,0.018504029294276702
ID_S12YPO,0.5452189281656984,0.5452189281656984,0.46239720066419565,0.46239720066419565,0.5198576849805178,0.5198576849805178
ID_4STW9Z,0.4234334294810636,0.4234334294810636,0.41583972290118565,0.41583972290118565,0.48506181213615457,0.48506181213615457
ID_3HJ5U2,0.5173038962180166,0.5173038962180166,0.4817374883526106,0.4817374883526106,0.5863291897118408,0.5863291897118408
ID_IWBR0X,0.5100885742249841,0.5100885742249841,0.45825694092872055,0.45825694092872055,0.5659909194918574,0.5659909194918574
ID_F702MM,0.024436565391187354,0.024436565391187354,0.013466103595970448,0.013466103595970448,0.018504029294276702,0.018504029294276702
ID_P3UTGI,0.02427630898093094,0.02427630898093094,0.013436341691208543,0.013436341691208543,0.018504029294276702,0.018504029294276702
ID_Z5BDVD,0.05497046561445011,0.05497046561445011,0.056624244819443864,0.056624244819443864,0.11852333840491078,0.11852333840491078
ID_POLQ33,0.25329364347674665,0.25329364347674665,0.2902372369367227,0.2902372369367227,0.32570516516576675,0.32570516516576675
ID_00FGHV,0.22378849286973063,0.22378849286973063,0.2697450995457326,0.2697450995457326,0.3332667406950546,0.3332667406950546
ID_YDQNRI,0.2967303353202906,0.2967303353202906,0.21497862026526823,0.21497862026526823,0.31691544566382807,0.31691544566382807
ID_GD1YS3,0.2425533529732312,0.2425533529732312,0.18731848162123932,0.18731848162123932,0.16004174312416403,0.16004174312416403
ID_KQNHNN,0.2967303353202906,0.2967303353202906,0.21497862026526823,0.21497862026526823,0.31691544566382807,0.31691544566382807
ID_R4SVZT,0.20537770325779392,0.20537770325779392,0.15298474935671055,0.15298474935671055,0.16211642392356673,0.16211642392356673
ID_ANQ3L6,0.2244855298754343,0.2244855298754343,0.1817903156134557,0.1817903156134557,0.163966822620247,0.163966822620247
ID_GGDIMC,0.16701761196913112,0.16701761196913112,0.1414876201748437,0.1414876201748437,0.1461889359569705,0.1461889359569705
ID_DA5QKQ,0.024248715161946394,0.024248715161946394,0.013409041663908515,0.013409041663908515,0.013420098297498899,0.013420098297498899
ID_ENU5TU,0.024248715161946394,0.024248715161946394,0.013409041663908515,0.013409041663908515,0.01337620893467369,0.01337620893467369
ID_IJNDAU,0.024248715161946394,0.024248715161946394,0.01353950364241063,0.01353950364241063,0.013466084722507338,0.013466084722507338
ID_QNWUIA,0.025311763943969664,0.025311763943969664,0.022359927415501087,0.022359927415501087,0.017086331441418315,0.017086331441418315
ID_0WNG6D,0.024248715161946394,0.024248715161946394,0.015606598318277527,0.015606598318277527,0.018382018925662835,0.018382018925662835
ID_8EX44U,0.024297012914678354,0.024297012914678354,0.018192166390991117,0.018192166390991117,0.020950949929826018,0.020950949929826018
ID_92PU7R,0.024248715161946394,0.024248715161946394,0.015606598318277527,0.015606598318277527,0.018382018925662835,0.018382018925662835
ID_N2FZUH,0.024248715161946394,0.024248715161946394,0.017909131976067156,0.017909131976067156,0.014533112003556399,0.014533112003556399
ID_90OLRU,0.024248715161946394,0.024248715161946394,0.017909131976067156,0.017909131976067156,0.014533112003556399,0.014533112003556399
ID_XZY8MP,0.024248715161946394,0.024248715161946394,0.015606598318277527,0.015606598318277527,0.018382018925662835,0.018382018925662835
ID_HAAT76,0.024248715161946394,0.024248715161946394,0.018715104290465263,0.018715104290465263,0.04105534139605392,0.04105534139605392
ID_U088B7,0.024248715161946394,0.024248715161946394,0.0140350694434629,0.0140350694434629,0.014715584588821277,0.014715584588821277
ID_Q8URMK,0.02597129362192796,0.02597129362192796,0.02498768838929783,0.02498768838929783,0.02036147599654817,0.02036147599654817
ID_GS2DIL,0.041393069898577675,0.041393069898577675,0.030329721068392847,0.030329721068392847,0.07457352787322576,0.07457352787322576
ID_C5THPI,0.025446169828576767,0.025446169828576767,0.019362592736093406,0.019362592736093406,0.021662376825691762,0.021662376825691762
ID_JP5OOL,0.02503337313095035,0.02503337313095035,0.01970591055703256,0.01970591055703256,0.021256562755044103,0.021256562755044103
ID_PX9PLQ,0.04373649198551319,0.04373649198551319,0.048187663176884124,0.048187663176884124,0.13414330167303923,0.13414330167303923
ID_7330RT,0.024248715161946394,0.024248715161946394,0.015606598318277527,0.015606598318277527,0.018382018925662835,0.018382018925662835
ID_O33VRI,0.025311763943969664,0.025311763943969664,0.022359927415501087,0.022359927415501087,0.017086331441418315,0.017086331441418315
ID_YF2V6H,0.027206254322590634,0.027206254322590634,0.02256598965155477,0.02256598965155477,0.017202869734043353,0.017202869734043353
ID_Q7ZF74,0.025446169828576767,0.025446169828576767,0.019362592736093406,0.019362592736093406,0.021662376825691762,0.021662376825691762
ID_8J8ZIO,0.03599985602863445,0.03599985602863445,0.06700975664812962,0.06700975664812962,0.1039963089019914,0.1039963089019914
ID_60GJ5S,0.024248715161946394,0.024248715161946394,0.017692685612512735,0.017692685612512735,0.015176407566052267,0.015176407566052267
ID_2OUBT5,0.024248715161946394,0.024248715161946394,0.0140350694434629,0.0140350694434629,0.014715584588821277,0.014715584588821277
ID_12WOGA,0.02597129362192796,0.02597129362192796,0.02498768838929783,0.02498768838929783,0.02036147599654817,0.02036147599654817
ID_ZWFCLM,0.025446169828576767,0.025446169828576767,0.019362592736093406,0.019362592736093406,0.021662376825691762,0.021662376825691762
ID_VGMTRR,0.024248715161946394,0.024248715161946394,0.013409041663908515,0.013409041663908515,0.013420098297498899,0.013420098297498899
ID_5YECKD,0.025311763943969664,0.025311763943969664,0.022359927415501087,0.022359927415501087,0.017086331441418315,0.017086331441418315
ID_2149G2,0.024248715161946394,0.024248715161946394,0.015606598318277527,0.015606598318277527,0.018382018925662835,0.018382018925662835
ID_KIDIEK,0.024248715161946394,0.024248715161946394,0.013793447069988187,0.013793447069988187,0.019877847197595215,0.019877847197595215
ID_5KFOE3,0.025025732298288896,0.025025732298288896,0.023949285643004792,0.023949285643004792,0.019237856790520515,0.019237856790520515
ID_CJJFN7,0.024248715161946394,0.024248715161946394,0.018715104290465263,0.018715104290465263,0.04105534139605392,0.04105534139605392
ID_KMFM96,0.025311763943969664,0.025311763943969664,0.022359927415501087,0.022359927415501087,0.017086331441418315,0.017086331441418315
ID_XK9L0I,0.024248715161946394,0.024248715161946394,0.018226407018511977,0.018226407018511977,0.0149600658161127,0.0149600658161127
ID_06TUVJ,0.025446169828576767,0.025446169828576767,0.019362592736093406,0.019362592736093406,0.021662376825691762,0.021662376825691762
ID_XHG003,0.025446169828576767,0.025446169828576767,0.019362592736093406,0.019362592736093406,0.021662376825691762,0.021662376825691762
ID_NX5RVU,0.0250302308483963,0.0250302308483963,0.019690235304582433,0.019690235304582433,0.026772475432013065,0.026772475432013065
ID_9TQ75E,0.025311763943969664,0.025311763943969664,0.022359927415501087,0.022359927415501087,0.017086331441418315,0.017086331441418315
ID_N7FKWB,0.024248715161946394,0.024248715161946394,0.013409041663908515,0.013409041663908515,0.01337620893467369,0.01337620893467369
ID_6YYGIZ,0.04192217042767821,0.04192217042767821,0.030078888587014144,0.030078888587014144,0.09090034276679355,0.09090034276679355
ID_2FSC9D,0.024890760834449303,0.024890760834449303,0.01826574928212786,0.01826574928212786,0.02162408890480947,0.02162408890480947
ID_SJQSN7,0.024248715161946394,0.024248715161946394,0.013409041663908515,0.013409041663908515,0.013420098297498899,0.013420098297498899
ID_1D43WK,0.024248715161946394,0.024248715161946394,0.0140350694434629,0.0140350694434629,0.014715584588821277,0.014715584588821277
ID_UPPKDE,0.024248715161946394,0.024248715161946394,0.013409041663908515,0.013409041663908515,0.013420098297498899,0.013420098297498899
ID_WLOGY7,0.024248715161946394,0.024248715161946394,0.014154797368859542,0.014154797368859542,0.01417020893891835,0.01417020893891835
ID_6IE66T,0.024408971572202804,0.024408971572202804,0.020609813787549877,0.020609813787549877,0.017498314623714886,0.017498314623714886
ID_JLGA9S,0.024248715161946394,0.024248715161946394,0.013315616056433886,0.013315616056433886,0.013626110566661862,0.013626110566661862
ID_AWHF2K,0.0250302308483963,0.0250302308483963,0.019595166691539673,0.019595166691539673,0.025608490752553007,0.025608490752553007
ID_UHB821,0.025446169828576767,0.025446169828576767,0.019362592736093406,0.019362592736093406,0.021662376825691762,0.021662376825691762
ID_I1RLPK,0.025025732298288896,0.025025732298288896,0.023949285643004792,0.023949285643004792,0.019237856790520515,0.019237856790520515
ID_FZ714I,0.025311763943969664,0.025311763943969664,0.022359927415501087,0.022359927415501087,0.017086331441418315,0.017086331441418315
ID_BW2KFV,0.024248715161946394,0.024248715161946394,0.018715104290465263,0.018715104290465263,0.04114122604962877,0.04114122604962877
ID_WZ4ZLP,0.024248715161946394,0.024248715161946394,0.015606598318277527,0.015606598318277527,0.018382018925662835,0.018382018925662835
ID_A804C8,0.025311763943969664,0.025311763943969664,0.022359927415501087,0.022359927415501087,0.017086331441418315,0.017086331441418315
ID_O0SAC9,0.024248715161946394,0.024248715161946394,0.01806884475814591,0.01806884475814591,0.014909294741078315,0.014909294741078315
ID_2FZGUI,0.025311763943969664,0.025311763943969664,0.022359927415501087,0.022359927415501087,0.017086331441418315,0.017086331441418315
ID_048GQG,0.025311763943969664,0.025311763943969664,0.022359927415501087,0.022359927415501087,0.017086331441418315,0.017086331441418315
ID_J1UM6R,0.024269419095693807,0.024269419095693807,0.013781864499881072,0.013781864499881072,0.014481727266904415,0.014481727266904415
ID_T5VKMK,0.024248715161946394,0.024248715161946394,0.0139263851827637,0.0139263851827637,0.013595494326858876,0.013595494326858876
ID_0BYJ5N,0.024248715161946394,0.024248715161946394,0.013647943441070579,0.013647943441070579,0.014469677015904531,0.014469677015904531
ID_K8ESYM,0.024248715161946394,0.024248715161946394,0.01331364226491279,0.01331364226491279,0.012655626154943053,0.012655626154943053
ID_KNY5YG,0.024248715161946394,0.024248715161946394,0.013537158930028681,0.013537158930028681,0.013519589270393909,0.013519589270393909
ID_D2DLCV,0.024248715161946394,0.024248715161946394,0.013549065828334955,0.013549065828334955,0.013532790108944641,0.013532790108944641
ID_UYNICE,0.024248715161946394,0.024248715161946394,0.013618181536308675,0.013618181536308675,0.014558718166491885,0.014558718166491885
ID_G60X6Z,0.024248715161946394,0.024248715161946394,0.017849770994507144,0.017849770994507144,0.014754575159262193,0.014754575159262193
ID_HSPNIW,0.024507951475212283,0.024507951475212283,0.03046857732263636,0.03046857732263636,0.018449992971532218,0.018449992971532218
ID_5VE34C,0.024248715161946394,0.024248715161946394,0.013521765801034927,0.013521765801034927,0.013460951028484871,0.013460951028484871
ID_1UIH4F,0.024269419095693807,0.024269419095693807,0.013608408408210485,0.013608408408210485,0.016156389832663386,0.016156389832663386
ID_J6NXSU,0.024248715161946394,0.024248715161946394,0.017849770994507144,0.017849770994507144,0.014754575159262193,0.014754575159262193
ID_VBT4T1,0.024269419095693807,0.024269419095693807,0.01377882791301148,0.01377882791301148,0.01538870198639666,0.01538870198639666
ID_3A48N3,0.024248715161946394,0.024248715161946394,0.013537158930028681,0.013537158930028681,0.014612689169347002,0.014612689169347002
ID_8JDABW,0.024248715161946394,0.024248715161946394,0.013411540103906956,0.013411540103906956,0.013745039219495898,0.013745039219495898
ID_RXFZLF,0.024248715161946394,0.024248715161946394,0.01377882791301148,0.01377882791301148,0.013459248380262212,0.013459248380262212
ID_VFFFGX,0.024248715161946394,0.024248715161946394,0.01344130200866886,0.01344130200866886,0.013648075888700996,0.013648075888700996
ID_NFHSAZ,0.024248715161946394,0.024248715161946394,0.0139263851827637,0.0139263851827637,0.013595494326858876,0.013595494326858876
ID_7ZY0NG,0.024248715161946394,0.024248715161946394,0.013521765801034927,0.013521765801034927,0.013460951028484871,0.013460951028484871
ID_8QIBCL,0.024248715161946394,0.024248715161946394,0.017550474447571164,0.017550474447571164,0.014882816020752296,0.014882816020752296
ID_MNWT6P,0.024248715161946394,0.024248715161946394,0.0139263851827637,0.0139263851827637,0.013595494326858876,0.013595494326858876
ID_S8PJBH,0.024269419095693807,0.024269419095693807,0.014303694903603574,0.014303694903603574,0.017003179258428296,0.017003179258428296
ID_GSOEX8,0.024248715161946394,0.024248715161946394,0.013521765801034927,0.013521765801034927,0.013460951028484871,0.013460951028484871
ID_65S4A3,0.024248715161946394,0.024248715161946394,0.01377882791301148,0.01377882791301148,0.013459248380262212,0.013459248380262212
ID_01C6IY,0.024248715161946394,0.024248715161946394,0.013343404169674696,0.013343404169674696,0.012473543349684285,0.012473543349684285
ID_4QEIOH,0.024248715161946394,0.024248715161946394,0.013521765801034927,0.013521765801034927,0.013460951028484871,0.013460951028484871
ID_KQAT5X,0.024248715161946394,0.024248715161946394,0.01377882791301148,0.01377882791301148,0.013459248380262212,0.013459248380262212
ID_FHFMAM,0.024248715161946394,0.024248715161946394,0.013613665311539088,0.013613665311539088,0.013530607138206155,0.013530607138206155
ID_16IYHJ,0.03329137464518668,0.03329137464518668,0.02988481552082566,0.02988481552082566,0.10642314284208548,0.10642314284208548
ID_S2R9OO,0.024248715161946394,0.024248715161946394,0.013537158930028681,0.013537158930028681,0.013519589270393909,0.013519589270393909
ID_1YPD87,0.024248715161946394,0.024248715161946394,0.01331364226491279,0.01331364226491279,0.012655626154943053,0.012655626154943053
ID_IZPAAG,0.024248715161946394,0.024248715161946394,0.017849770994507144,0.017849770994507144,0.014754575159262193,0.014754575159262193
ID_LU1WVW,0.024248715161946394,0.024248715161946394,0.013568156262695181,0.013568156262695181,0.013473516936830214,0.013473516936830214
ID_JYWA52,0.024248715161946394,0.024248715161946394,0.01343880356867042,0.01343880356867042,0.013355575881800082,0.013355575881800082
ID_DAAUON,0.024248715161946394,0.024248715161946394,0.013356055765893706,0.013356055765893706,0.012583220843412202,0.012583220843412202
ID_63MA7T,0.024248715161946394,0.024248715161946394,0.013549065828334955,0.013549065828334955,0.013532790108944641,0.013532790108944641
ID_WPMWMW,0.024269419095693807,0.024269419095693807,0.016437088196224647,0.016437088196224647,0.02564597532329915,0.02564597532329915
ID_XWS3E2,0.024297012914678354,0.024297012914678354,0.015020227179464378,0.015020227179464378,0.01602252269339825,0.01602252269339825
ID_RQW2NY,0.024248715161946394,0.024248715161946394,0.017849770994507144,0.017849770994507144,0.014754575159262193,0.014754575159262193
ID_CF06U6,0.024269419095693807,0.024269419095693807,0.014733152775456311,0.014733152775456311,0.017833796390440408,0.017833796390440408
ID_K9GCJZ,0.024248715161946394,0.024248715161946394,0.01344130200866886,0.01344130200866886,0.013648075888700996,0.013648075888700996
ID_UDX6J6,0.024248715161946394,0.024248715161946394,0.013521765801034927,0.013521765801034927,0.013460951028484871,0.013460951028484871
ID_YEK3N6,0.024248715161946394,0.024248715161946394,0.013568156262695181,0.013568156262695181,0.013473516936830214,0.013473516936830214
ID_RZMYEA,0.024248715161946394,0.024248715161946394,0.013521765801034927,0.013521765801034927,0.013460951028484871,0.013460951028484871
ID_KGBQSU,0.024248715161946394,0.024248715161946394,0.013411540103906956,0.013411540103906956,0.013745039219495898,0.013745039219495898
ID_ANMF9T,0.024248715161946394,0.024248715161946394,0.013521765801034927,0.013521765801034927,0.013460951028484871,0.013460951028484871
ID_12IR7V,0.024248715161946394,0.024248715161946394,0.018999161942301484,0.018999161942301484,0.014810977026699614,0.014810977026699614
ID_7L6OKC,0.024248715161946394,0.024248715161946394,0.013537158930028681,0.013537158930028681,0.013519589270393909,0.013519589270393909
ID_L18EB0,0.024248715161946394,0.024248715161946394,0.01344130200866886,0.01344130200866886,0.013621123482197262,0.013621123482197262
ID_KS8ESR,0.024248715161946394,0.024248715161946394,0.013618181536308675,0.013618181536308675,0.014558718166491885,0.014558718166491885
ID_MGLJCN,0.024248715161946394,0.024248715161946394,0.01351546367779732,0.01351546367779732,0.013420098297498899,0.013420098297498899
ID_K6VD1U,0.024248715161946394,0.024248715161946394,0.013537158930028681,0.013537158930028681,0.013519589270393909,0.013519589270393909
ID_NBOI6E,0.024248715161946394,0.024248715161946394,0.013549065828334955,0.013549065828334955,0.013532790108944641,0.013532790108944641
ID_295N8V,0.024248715161946394,0.024248715161946394,0.014482371543039267,0.014482371543039267,0.014415823275426221,0.014415823275426221
ID_8GVR4A,0.024248715161946394,0.024248715161946394,0.0139263851827637,0.0139263851827637,0.013595494326858876,0.013595494326858876
ID_92ZY5Y,0.024248715161946394,0.024248715161946394,0.013613665311539088,0.013613665311539088,0.013530607138206155,0.013530607138206155
ID_UOTTW5,0.024248715161946394,0.024248715161946394,0.0139263851827637,0.0139263851827637,0.013595494326858876,0.013595494326858876
ID_NUS824,0.02427630898093094,0.02427630898093094,0.014090726662410229,0.014090726662410229,0.017483909513845347,0.017483909513845347
ID_6M47S2,0.024248715161946394,0.024248715161946394,0.0139263851827637,0.0139263851827637,0.013595494326858876,0.013595494326858876
ID_QU3QNZ,0.024248715161946394,0.024248715161946394,0.013645327835992208,0.013645327835992208,0.013586294656831211,0.013586294656831211
ID_V0BREC,0.024248715161946394,0.024248715161946394,0.013618181536308675,0.013618181536308675,0.014558718166491885,0.014558718166491885
ID_A6QKLH,0.024248715161946394,0.024248715161946394,0.013618181536308675,0.013618181536308675,0.014558718166491885,0.014558718166491885
ID_210G9G,0.024248715161946394,0.024248715161946394,0.013754029952051128,0.013754029952051128,0.013956858633716901,0.013956858633716901
ID_9RATZ5,0.024248715161946394,0.024248715161946394,0.01331364226491279,0.01331364226491279,0.01306946476171307,0.01306946476171307
ID_B0QCIA,0.024248715161946394,0.024248715161946394,0.013645327835992208,0.013645327835992208,0.013586294656831211,0.013586294656831211
ID_EPSM9H,0.024248715161946394,0.024248715161946394,0.01331364226491279,0.01331364226491279,0.01269429591519054,0.01269429591519054
ID_36E2M8,0.024248715161946394,0.024248715161946394,0.013568156262695181,0.013568156262695181,0.013473516936830214,0.013473516936830214
ID_XJB20Q,0.024248715161946394,0.024248715161946394,0.013568156262695181,0.013568156262695181,0.013473516936830214,0.013473516936830214
ID_V6J8WF,0.024248715161946394,0.024248715161946394,0.018566457262244665,0.018566457262244665,0.015902329605825296,0.015902329605825296
ID_B8PE1F,0.02427630898093094,0.02427630898093094,0.014085701284250522,0.014085701284250522,0.017483909513845347,0.017483909513845347
ID_D3HW6G,0.024248715161946394,0.024248715161946394,0.013549065828334955,0.013549065828334955,0.013532790108944641,0.013532790108944641
ID_8L8UWY,0.024248715161946394,0.024248715161946394,0.013521765801034927,0.013521765801034927,0.013460951028484871,0.013460951028484871
ID_C4XYDR,0.024248715161946394,0.024248715161946394,0.013754026325709892,0.013754026325709892,0.013523655246399107,0.013523655246399107
ID_9ZHQSC,0.024248715161946394,0.024248715161946394,0.013825481264274464,0.013825481264274464,0.01745291542244323,0.01745291542244323
ID_VV6B0Z,0.02526067127670993,0.02526067127670993,0.02404674792705696,0.02404674792705696,0.022386386892273156,0.022386386892273156
ID_LJ3UDV,0.030621584906554134,0.030621584906554134,0.02658607748484665,0.02658607748484665,0.026718893127427434,0.026718893127427434
ID_SMRPHF,0.024489106319522475,0.024489106319522475,0.019180864372928923,0.019180864372928923,0.02194398799542619,0.02194398799542619
ID_8P2W83,0.025274493695467127,0.025274493695467127,0.02367731173421174,0.02367731173421174,0.02149582982172482,0.02149582982172482
ID_9AOX8N,0.024489106319522475,0.024489106319522475,0.019180864372928923,0.019180864372928923,0.02194398799542619,0.02194398799542619
ID_0V4XZ0,0.024489106319522475,0.024489106319522475,0.017980654271796823,0.017980654271796823,0.02012891506803335,0.02012891506803335
ID_71YN0L,0.028976023384732163,0.028976023384732163,0.03517125908874221,0.03517125908874221,0.028192694087778282,0.028192694087778282
ID_BSCWO5,0.08041319299550566,0.08041319299550566,0.06166123512772032,0.06166123512772032,0.04416110619208563,0.04416110619208563
ID_1CJ5FO,0.0759444453688456,0.0759444453688456,0.06462947548842735,0.06462947548842735,0.04239455465874842,0.04239455465874842
ID_L620RV,0.07909453104786039,0.07909453104786039,0.05658856402145014,0.05658856402145014,0.04450053746866548,0.04450053746866548
ID_XQT8TW,0.07851912829965194,0.07851912829965194,0.0559705563779472,0.0559705563779472,0.04483702956758297,0.04483702956758297
ID_N5ZN4G,0.07909453104786039,0.07909453104786039,0.05658856402145014,0.05658856402145014,0.04450053746866548,0.04450053746866548
ID_V12YNL,0.08041319299550566,0.08041319299550566,0.06166123512772032,0.06166123512772032,0.04416110619208563,0.04416110619208563
ID_A3DNUK,0.08041319299550566,0.08041319299550566,0.06166123512772032,0.06166123512772032,0.04416110619208563,0.04416110619208563
ID_5B3NF6,0.08041319299550566,0.08041319299550566,0.06166123512772032,0.06166123512772032,0.04416110619208563,0.04416110619208563
ID_41NZ9C,0.08041319299550566,0.08041319299550566,0.06166123512772032,0.06166123512772032,0.04416110619208563,0.04416110619208563
ID_JDHBFC,0.08041319299550566,0.08041319299550566,0.06166123512772032,0.06166123512772032,0.04416110619208563,0.04416110619208563
ID_IY9L9I,0.11683573006563443,0.11683573006563443,0.1324773944629571,0.1324773944629571,0.09569833973117566,0.09569833973117566
ID_U2SJ08,0.024269419095693807,0.024269419095693807,0.014171469446277968,0.014171469446277968,0.021435278713578403,0.021435278713578403
ID_ESM8N8,0.10162391236810564,0.10162391236810564,0.06145096632997521,0.06145096632997521,0.12473108336489007,0.12473108336489007
ID_Y8LOYK,0.04900243120980027,0.04900243120980027,0.05415779628614464,0.05415779628614464,0.046498171397484585,0.046498171397484585
ID_B7XTJ9,0.0752109579154306,0.0752109579154306,0.05540760694027646,0.05540760694027646,0.036530259255212,0.036530259255212
ID_KE6EOH,0.024248715161946394,0.024248715161946394,0.013419117396303245,0.013419117396303245,0.014145479662452816,0.014145479662452816
ID_ZOEHP1,0.0752109579154306,0.0752109579154306,0.05540760694027646,0.05540760694027646,0.036530259255212,0.036530259255212
ID_OF19CG,0.08041319299550566,0.08041319299550566,0.06166123512772032,0.06166123512772032,0.04416110619208563,0.04416110619208563
ID_YUT4M4,0.08041319299550566,0.08041319299550566,0.06166123512772032,0.06166123512772032,0.04416110619208563,0.04416110619208563
ID_CWUZQ1,0.0759444453688456,0.0759444453688456,0.06462947548842735,0.06462947548842735,0.04239455465874842,0.04239455465874842
ID_6FWUC1,0.0759444453688456,0.0759444453688456,0.06462947548842735,0.06462947548842735,0.04239455465874842,0.04239455465874842
ID_4AWIOL,0.07851912829965194,0.07851912829965194,0.0559705563779472,0.0559705563779472,0.04483702956758297,0.04483702956758297
ID_MSJYWZ,0.024269419095693807,0.024269419095693807,0.013419117396303245,0.013419117396303245,0.01402706640016744,0.01402706640016744
ID_N9NW32,0.08041319299550566,0.08041319299550566,0.06166123512772032,0.06166123512772032,0.04416110619208563,0.04416110619208563
ID_STP6PQ,0.09118891674789187,0.09118891674789187,0.09444256887377926,0.09444256887377926,0.08878509707934717,0.08878509707934717
ID_2Q1AXB,0.08041319299550566,0.08041319299550566,0.06166123512772032,0.06166123512772032,0.04416110619208563,0.04416110619208563
ID_X8CXRN,0.08041319299550566,0.08041319299550566,0.06166123512772032,0.06166123512772032,0.04416110619208563,0.04416110619208563
ID_ZEJHY1,0.08041319299550566,0.08041319299550566,0.06166123512772032,0.06166123512772032,0.04416110619208563,0.04416110619208563
ID_JT0RBZ,0.07851912829965194,0.07851912829965194,0.0559705563779472,0.0559705563779472,0.04483702956758297,0.04483702956758297
ID_GXNTBL,0.041862259429293884,0.041862259429293884,0.05885109478740096,0.05885109478740096,0.04605240227296678,0.04605240227296678
ID_I4N3U4,0.07909453104786039,0.07909453104786039,0.05658856402145014,0.05658856402145014,0.04450053746866548,0.04450053746866548
ID_CFDN0Q,0.3521163097240062,0.3521163097240062,0.287868564474945,0.287868564474945,0.22903779128669324,0.22903779128669324
ID_6SL7FX,0.10139810864434981,0.10139810864434981,0.0650978736275951,0.0650978736275951,0.06557558037362458,0.06557558037362458
ID_D4UOPR,0.03986199967052127,0.03986199967052127,0.04934892740375435,0.04934892740375435,0.06028434517741167,0.06028434517741167
ID_V2FWTM,0.029128489474022072,0.029128489474022072,0.047571337785104036,0.047571337785104036,0.04821020114080457,0.04821020114080457
ID_XR61KW,0.3794782201193937,0.3794782201193937,0.38174591030183386,0.38174591030183386,0.35377772889759274,0.35377772889759274
ID_0LJATN,0.10139810864434981,0.10139810864434981,0.0650978736275951,0.0650978736275951,0.06557558037362458,0.06557558037362458
ID_81ZCO6,0.02818539483225354,0.02818539483225354,0.039636177530155574,0.039636177530155574,0.04166058368546418,0.04166058368546418
ID_T74SPZ,0.10139810864434981,0.10139810864434981,0.0650978736275951,0.0650978736275951,0.06557558037362458,0.06557558037362458
ID_2Q0H2I,0.024248715161946394,0.024248715161946394,0.013655629430625458,0.013655629430625458,0.016248165562078747,0.016248165562078747
ID_XZC1XA,0.024248715161946394,0.024248715161946394,0.013949004773076572,0.013949004773076572,0.014507560234255064,0.014507560234255064
ID_9EVQEO,0.3794782201193937,0.3794782201193937,0.38174591030183386,0.38174591030183386,0.35377772889759274,0.35377772889759274
ID_TBMDR7,0.051659238395458856,0.051659238395458856,0.06354158724723293,0.06354158724723293,0.0644485799553782,0.0644485799553782
ID_PX3V1E,0.024248715161946394,0.024248715161946394,0.013660271085832535,0.013660271085832535,0.018536112917481674,0.018536112917481674
ID_GFNMAQ,0.024248715161946394,0.024248715161946394,0.013597679942398994,0.013597679942398994,0.018281181255821115,0.018281181255821115
ID_4IKKFX,0.02589858027467143,0.02589858027467143,0.021628638343777665,0.021628638343777665,0.02176942589301173,0.02176942589301173
ID_PXX6LX,0.051659238395458856,0.051659238395458856,0.06354158724723293,0.06354158724723293,0.0644485799553782,0.0644485799553782
ID_9Y7QYI,0.10139810864434981,0.10139810864434981,0.0650978736275951,0.0650978736275951,0.06557558037362458,0.06557558037362458
ID_NCMGQO,0.02589858027467143,0.02589858027467143,0.020476043573523207,0.020476043573523207,0.019516399050630698,0.019516399050630698
ID_L1RS7T,0.051659238395458856,0.051659238395458856,0.06354158724723293,0.06354158724723293,0.0644485799553782,0.0644485799553782
ID_UBNAI1,0.10139810864434981,0.10139810864434981,0.0650978736275951,0.0650978736275951,0.06557558037362458,0.06557558037362458
ID_ZLFFSD,0.02589858027467143,0.02589858027467143,0.021628638343777665,0.021628638343777665,0.02176942589301173,0.02176942589301173
ID_89E64C,0.10139810864434981,0.10139810864434981,0.0650978736275951,0.0650978736275951,0.06557558037362458,0.06557558037362458
ID_ZGKPYC,0.3794782201193937,0.3794782201193937,0.38174591030183386,0.38174591030183386,0.35377772889759274,0.35377772889759274
ID_TQ2SKG,0.02589858027467143,0.02589858027467143,0.021628638343777665,0.021628638343777665,0.02176942589301173,0.02176942589301173
ID_SYXTO4,0.024248715161946394,0.024248715161946394,0.013854234703615029,0.013854234703615029,0.01937241298917205,0.01937241298917205
ID_4OJFGR,0.02589858027467143,0.02589858027467143,0.020476043573523207,0.020476043573523207,0.019516399050630698,0.019516399050630698
ID_RSKO1F,0.10139810864434981,0.10139810864434981,0.0650978736275951,0.0650978736275951,0.06557558037362458,0.06557558037362458
ID_H8UYPI,0.024248715161946394,0.024248715161946394,0.013854234703615029,0.013854234703615029,0.01937241298917205,0.01937241298917205
ID_8GEYYG,0.3794782201193937,0.3794782201193937,0.38174591030183386,0.38174591030183386,0.35377772889759274,0.35377772889759274
ID_P2D00R,0.03916409642704576,0.03916409642704576,0.05237655299898949,0.05237655299898949,0.04821210795401553,0.04821210795401553
ID_90GUIW,0.03986199967052127,0.03986199967052127,0.04934892740375435,0.04934892740375435,0.06028434517741167,0.06028434517741167
ID_T3J7SY,0.024248715161946394,0.024248715161946394,0.013597679942398994,0.013597679942398994,0.018281181255821115,0.018281181255821115
ID_2V5UEE,0.024248715161946394,0.024248715161946394,0.013655629430625458,0.013655629430625458,0.016248165562078747,0.016248165562078747
ID_E9CUC6,0.029128489474022072,0.029128489474022072,0.047571337785104036,0.047571337785104036,0.04821020114080457,0.04821020114080457
ID_5R7WSC,0.042422743890650615,0.042422743890650615,0.10227209385160504,0.10227209385160504,0.03435363291687371,0.03435363291687371
ID_OF67ZH,0.08805997000425882,0.08805997000425882,0.054041007324659406,0.054041007324659406,0.050060939460474164,0.050060939460474164
ID_0ZINW1,0.028267777307388827,0.028267777307388827,0.035261213846692306,0.035261213846692306,0.040648687053733604,0.040648687053733604
ID_XCZR6Z,0.10139810864434981,0.10139810864434981,0.0650978736275951,0.0650978736275951,0.06557558037362458,0.06557558037362458
ID_3J6JIM,0.042422743890650615,0.042422743890650615,0.10227209385160504,0.10227209385160504,0.03435363291687371,0.03435363291687371
ID_0KVUYB,0.10139810864434981,0.10139810864434981,0.0650978736275951,0.0650978736275951,0.06557558037362458,0.06557558037362458
ID_31AGWA,0.10139810864434981,0.10139810864434981,0.0650978736275951,0.0650978736275951,0.06557558037362458,0.06557558037362458
ID_JOHIEH,0.0387242018462409,0.0387242018462409,0.044050288680652055,0.044050288680652055,0.0507241497728836,0.0507241497728836
ID_SY5ACF,0.024269419095693807,0.024269419095693807,0.013579755787925932,0.013579755787925932,0.016327519828719685,0.016327519828719685
ID_51HR8B,0.029128489474022072,0.029128489474022072,0.047571337785104036,0.047571337785104036,0.04821020114080457,0.04821020114080457
ID_FBOIDY,0.029128489474022072,0.029128489474022072,0.047571337785104036,0.047571337785104036,0.04821020114080457,0.04821020114080457
ID_KXXYIZ,0.02589858027467143,0.02589858027467143,0.020476043573523207,0.020476043573523207,0.019516399050630698,0.019516399050630698
ID_7JDECQ,0.024269419095693807,0.024269419095693807,0.013579755787925932,0.013579755787925932,0.016327519828719685,0.016327519828719685
ID_ZNDJO0,0.042422743890650615,0.042422743890650615,0.10227209385160504,0.10227209385160504,0.03435363291687371,0.03435363291687371
ID_NO00XI,0.10139810864434981,0.10139810864434981,0.0650978736275951,0.0650978736275951,0.06557558037362458,0.06557558037362458
ID_MXVMHB,0.042422743890650615,0.042422743890650615,0.10227209385160504,0.10227209385160504,0.03435363291687371,0.03435363291687371
ID_47X9RR,0.06834288940906158,0.06834288940906158,0.07019673073906553,0.07019673073906553,0.13193785941818315,0.13193785941818315
ID_875Q3P,0.051659238395458856,0.051659238395458856,0.06354158724723293,0.06354158724723293,0.0644485799553782,0.0644485799553782
ID_0CP43G,0.024248715161946394,0.024248715161946394,0.013466103595970448,0.013466103595970448,0.01580083257239201,0.01580083257239201
ID_BLCTDI,0.024297012914678354,0.024297012914678354,0.01405928197574508,0.01405928197574508,0.01647369196429877,0.01647369196429877
ID_V7NFWN,0.024248715161946394,0.024248715161946394,0.013854234703615029,0.013854234703615029,0.01937241298917205,0.01937241298917205
ID_RZH309,0.03986199967052127,0.03986199967052127,0.04934892740375435,0.04934892740375435,0.06028434517741167,0.06028434517741167
ID_MKWIN3,0.10139810864434981,0.10139810864434981,0.0650978736275951,0.0650978736275951,0.06557558037362458,0.06557558037362458
ID_M5QVXA,0.02440594786634891,0.02440594786634891,0.014099648097878219,0.014099648097878219,0.016397363680234124,0.016397363680234124
ID_KEMXON,0.04087460082942249,0.04087460082942249,0.09512076862277363,0.09512076862277363,0.032807282444602924,0.032807282444602924
ID_UF64U6,0.051659238395458856,0.051659238395458856,0.06354158724723293,0.06354158724723293,0.0644485799553782,0.0644485799553782
ID_390VSL,0.03986199967052127,0.03986199967052127,0.04934892740375435,0.04934892740375435,0.06028434517741167,0.06028434517741167
ID_E1PRPX,0.024248715161946394,0.024248715161946394,0.014069063852083386,0.014069063852083386,0.019098139974714594,0.019098139974714594
ID_4XBB4P,0.02589858027467143,0.02589858027467143,0.021628638343777665,0.021628638343777665,0.02176942589301173,0.02176942589301173
ID_FDZWH6,0.02651409966959358,0.02651409966959358,0.0440476444572747,0.0440476444572747,0.026144446839579928,0.026144446839579928
ID_CYGOO8,0.024269419095693807,0.024269419095693807,0.013579755787925932,0.013579755787925932,0.016327519828719685,0.016327519828719685
ID_7ILHH1,0.09056453616081855,0.09056453616081855,0.06595274014301925,0.06595274014301925,0.06694993180660738,0.06694993180660738
ID_3J4B56,0.051659238395458856,0.051659238395458856,0.06354158724723293,0.06354158724723293,0.0644485799553782,0.0644485799553782
ID_Y5SQ1L,0.02818539483225354,0.02818539483225354,0.039636177530155574,0.039636177530155574,0.04166058368546418,0.04166058368546418
ID_LIBKDI,0.024297012914678354,0.024297012914678354,0.01416853537489601,0.01416853537489601,0.01771635195809032,0.01771635195809032
ID_6S3LGU,0.024248715161946394,0.024248715161946394,0.013949004773076572,0.013949004773076572,0.014507560234255064,0.014507560234255064
ID_CCL3L7,0.024269419095693807,0.024269419095693807,0.015199918416802396,0.015199918416802396,0.019990919962354425,0.019990919962354425
ID_N51IQT,0.051659238395458856,0.051659238395458856,0.06354158724723293,0.06354158724723293,0.0644485799553782,0.0644485799553782
ID_KVRLKK,0.02589858027467143,0.02589858027467143,0.038805416656214106,0.038805416656214106,0.023666440839955873,0.023666440839955873
ID_NH7ABP,0.024248715161946394,0.024248715161946394,0.013466103595970448,0.013466103595970448,0.01767963864849172,0.01767963864849172
ID_VTBHST,0.02818539483225354,0.02818539483225354,0.039636177530155574,0.039636177530155574,0.04166058368546418,0.04166058368546418
ID_4KV1ZV,0.024297012914678354,0.024297012914678354,0.01416853537489601,0.01416853537489601,0.01771635195809032,0.01771635195809032
ID_5Z1DAT,0.10139810864434981,0.10139810864434981,0.0650978736275951,0.0650978736275951,0.06557558037362458,0.06557558037362458
ID_ZXQRP1,0.024248715161946394,0.024248715161946394,0.013854234703615029,0.013854234703615029,0.01937241298917205,0.01937241298917205
ID_16O9TG,0.029128489474022072,0.029128489474022072,0.047571337785104036,0.047571337785104036,0.04821020114080457,0.04821020114080457
ID_86Z5BT,0.029128489474022072,0.029128489474022072,0.047571337785104036,0.047571337785104036,0.04821020114080457,0.04821020114080457
ID_02VGAQ,0.042422743890650615,0.042422743890650615,0.10227209385160504,0.10227209385160504,0.03435363291687371,0.03435363291687371
ID_7UZ111,0.029128489474022072,0.029128489474022072,0.047571337785104036,0.047571337785104036,0.04821020114080457,0.04821020114080457
ID_2X5YMF,0.024269419095693807,0.024269419095693807,0.013579755787925932,0.013579755787925932,0.016327519828719685,0.016327519828719685
ID_PPMQQ3,0.024297012914678354,0.024297012914678354,0.01405928197574508,0.01405928197574508,0.01647369196429877,0.01647369196429877
ID_IR01XD,0.02589858027467143,0.02589858027467143,0.021628638343777665,0.021628638343777665,0.02176942589301173,0.02176942589301173
ID_GEWJ3P,0.0387242018462409,0.0387242018462409,0.044050288680652055,0.044050288680652055,0.0507241497728836,0.0507241497728836
ID_H3GX6C,0.042422743890650615,0.042422743890650615,0.10227209385160504,0.10227209385160504,0.03435363291687371,0.03435363291687371
ID_DJ6NAP,0.042422743890650615,0.042422743890650615,0.10227209385160504,0.10227209385160504,0.03435363291687371,0.03435363291687371
ID_QLXTHH,0.10139810864434981,0.10139810864434981,0.0650978736275951,0.0650978736275951,0.06557558037362458,0.06557558037362458
ID_E1CQQL,0.04139496096745621,0.04139496096745621,0.08960272042351132,0.08960272042351132,0.028527392769831024,0.028527392769831024
ID_1LB0SW,0.02440594786634891,0.02440594786634891,0.014099648097878219,0.014099648097878219,0.016397363680234124,0.016397363680234124
ID_LRT2RR,0.029128489474022072,0.029128489474022072,0.047571337785104036,0.047571337785104036,0.04821020114080457,0.04821020114080457
ID_4OCPML,0.029128489474022072,0.029128489474022072,0.047571337785104036,0.047571337785104036,0.04821020114080457,0.04821020114080457
ID_3PPVTQ,0.024297012914678354,0.024297012914678354,0.01416853537489601,0.01416853537489601,0.01771635195809032,0.01771635195809032
ID_OHA3B2,0.024248715161946394,0.024248715161946394,0.013655629430625458,0.013655629430625458,0.016248165562078747,0.016248165562078747
ID_X2EZX0,0.029128489474022072,0.029128489474022072,0.047571337785104036,0.047571337785104036,0.04821020114080457,0.04821020114080457
ID_N7CKJM,0.10139810864434981,0.10139810864434981,0.0650978736275951,0.0650978736275951,0.06557558037362458,0.06557558037362458
ID_ED5XL6,0.024269419095693807,0.024269419095693807,0.013579755787925932,0.013579755787925932,0.016327519828719685,0.016327519828719685
ID_UPMG2P,0.10139810864434981,0.10139810864434981,0.0650978736275951,0.0650978736275951,0.06557558037362458,0.06557558037362458
ID_I8ZJUM,0.024248715161946394,0.024248715161946394,0.01347613958711109,0.01347613958711109,0.01437481008413231,0.01437481008413231
ID_T01X1E,0.02445424561908087,0.02445424561908087,0.01440854361882089,0.01440854361882089,0.01917476783993452,0.01917476783993452
ID_TX3T1U,0.024248715161946394,0.024248715161946394,0.013854234703615029,0.013854234703615029,0.01937241298917205,0.01937241298917205
ID_BK85LX,0.024248715161946394,0.024248715161946394,0.013655629430625458,0.013655629430625458,0.016248165562078747,0.016248165562078747
ID_I3EHXO,0.02440594786634891,0.02440594786634891,0.014169662148155427,0.014169662148155427,0.018979775266635246,0.018979775266635246
ID_S6GDVH,0.03986199967052127,0.03986199967052127,0.04934892740375435,0.04934892740375435,0.06028434517741167,0.06028434517741167
ID_Q29IAO,0.024248715161946394,0.024248715161946394,0.013597679942398994,0.013597679942398994,0.018281181255821115,0.018281181255821115
ID_CM5IWG,0.024248715161946394,0.024248715161946394,0.013854234703615029,0.013854234703615029,0.01937241298917205,0.01937241298917205
ID_Y0V2PI,0.024269419095693807,0.024269419095693807,0.013579755787925932,0.013579755787925932,0.016327519828719685,0.016327519828719685
ID_9QINRQ,0.051659238395458856,0.051659238395458856,0.06354158724723293,0.06354158724723293,0.0644485799553782,0.0644485799553782
ID_JFKDW9,0.10139810864434981,0.10139810864434981,0.0650978736275951,0.0650978736275951,0.06557558037362458,0.06557558037362458
ID_GO0M2G,0.10139810864434981,0.10139810864434981,0.0650978736275951,0.0650978736275951,0.06557558037362458,0.06557558037362458
ID_PIGI7K,0.024248715161946394,0.024248715161946394,0.013655629430625458,0.013655629430625458,0.016248165562078747,0.016248165562078747
ID_IJXCEY,0.024248715161946394,0.024248715161946394,0.013854234703615029,0.013854234703615029,0.01937241298917205,0.01937241298917205
ID_VI4U4R,0.02818539483225354,0.02818539483225354,0.039636177530155574,0.039636177530155574,0.04166058368546418,0.04166058368546418
ID_258MZC,0.024297012914678354,0.024297012914678354,0.01416853537489601,0.01416853537489601,0.01771635195809032,0.01771635195809032
ID_H18RCQ,0.024248715161946394,0.024248715161946394,0.013466103595970448,0.013466103595970448,0.01767963864849172,0.01767963864849172
ID_07BV8U,0.02651409966959358,0.02651409966959358,0.0440476444572747,0.0440476444572747,0.026144446839579928,0.026144446839579928
ID_VZICF1,0.024248715161946394,0.024248715161946394,0.013854234703615029,0.013854234703615029,0.01937241298917205,0.01937241298917205
ID_WRL982,0.024297012914678354,0.024297012914678354,0.01416853537489601,0.01416853537489601,0.01771635195809032,0.01771635195809032
ID_9YG2KN,0.10139810864434981,0.10139810864434981,0.0650978736275951,0.0650978736275951,0.06557558037362458,0.06557558037362458
ID_KERY7T,0.34051391524149544,0.34051391524149544,0.32599664594729116,0.32599664594729116,0.3176889331452144,0.3176889331452144
ID_SZCEKW,0.024248715161946394,0.024248715161946394,0.013854234703615029,0.013854234703615029,0.01937241298917205,0.01937241298917205
ID_6O5TR9,0.042422743890650615,0.042422743890650615,0.10227209385160504,0.10227209385160504,0.03435363291687371,0.03435363291687371
ID_2VWEN3,0.10139810864434981,0.10139810864434981,0.0650978736275951,0.0650978736275951,0.06557558037362458,0.06557558037362458
ID_390114,0.024248715161946394,0.024248715161946394,0.013854234703615029,0.013854234703615029,0.01937241298917205,0.01937241298917205
ID_414HOK,0.024269419095693807,0.024269419095693807,0.013793347463080334,0.013793347463080334,0.017655359479434873,0.017655359479434873
ID_OM9I7H,0.1924876393932484,0.1924876393932484,0.23307521246639742,0.23307521246639742,0.1514085584587667,0.1514085584587667
ID_UAFWJ8,0.0256513186939687,0.0256513186939687,0.015938983657275075,0.015938983657275075,0.020603645296861657,0.020603645296861657
ID_JEO0RE,0.02561670893293109,0.02561670893293109,0.014411049719876582,0.014411049719876582,0.019675481087419896,0.019675481087419896
ID_2FK7L8,0.024248715161946394,0.024248715161946394,0.025467739942148127,0.025467739942148127,0.03640024836083342,0.03640024836083342
ID_BR0ZVK,0.024248715161946394,0.024248715161946394,0.025467739942148127,0.025467739942148127,0.03640024836083342,0.03640024836083342
ID_4XW3SG,0.02430125609028152,0.02430125609028152,0.01468792804318209,0.01468792804318209,0.017790800640809453,0.017790800640809453
ID_ND0JUF,0.028837868380018946,0.028837868380018946,0.027831326784654456,0.027831326784654456,0.08768640724763055,0.08768640724763055
ID_LRK0VM,0.025787147002318617,0.025787147002318617,0.024907840371950145,0.024907840371950145,0.08456413348900593,0.08456413348900593
ID_F9LL3S,0.02489202842825422,0.02489202842825422,0.014075829135530965,0.014075829135530965,0.017922176221824952,0.017922176221824952
ID_QYNGUD,0.025787147002318617,0.025787147002318617,0.024077626074127292,0.024077626074127292,0.08591003513626314,0.08591003513626314
ID_RZE5NT,0.024269419095693807,0.024269419095693807,0.014017121734114771,0.014017121734114771,0.017294570273288557,0.017294570273288557
ID_Y3XGHG,0.024269419095693807,0.024269419095693807,0.014017121734114771,0.014017121734114771,0.017294570273288557,0.017294570273288557
ID_PAN2FG,0.02430125609028152,0.02430125609028152,0.01468792804318209,0.01468792804318209,0.017790800640809453,0.017790800640809453
ID_E1VE1N,0.02433615249576054,0.02433615249576054,0.014015598265170202,0.014015598265170202,0.019468282520592888,0.019468282520592888
ID_V9V15D,0.02585388040238535,0.02585388040238535,0.023731275708201903,0.023731275708201903,0.12154969640390148,0.12154969640390148
ID_6LSQM7,0.024248715161946394,0.024248715161946394,0.022325615019177413,0.022325615019177413,0.01920681181212098,0.01920681181212098
ID_O5CMPP,0.025555960366082386,0.025555960366082386,0.018973838776740876,0.018973838776740876,0.01770893736797659,0.01770893736797659
ID_7UEYP5,0.024248715161946394,0.024248715161946394,0.034896314974233025,0.034896314974233025,0.03490397662547593,0.03490397662547593
ID_GE4M9Q,0.024269419095693807,0.024269419095693807,0.023819137285012754,0.023819137285012754,0.021419953284448838,0.021419953284448838
ID_V2I3KR,0.0260262941954888,0.0260262941954888,0.018226692770310193,0.018226692770310193,0.022277249639081606,0.022277249639081606
ID_O59IL2,0.02585388040238535,0.02585388040238535,0.024324565620837645,0.024324565620837645,0.11205241971593613,0.11205241971593613
ID_2RX566,0.024361056028428706,0.024361056028428706,0.014545266061364267,0.014545266061364267,0.019596688446190356,0.019596688446190356
ID_3TZG4C,0.025755967978170383,0.025755967978170383,0.015932395196796748,0.015932395196796748,0.019787607878895767,0.019787607878895767
ID_QB7IZK,0.024269419095693807,0.024269419095693807,0.014017121734114771,0.014017121734114771,0.017294570273288557,0.017294570273288557
ID_XCQ47J,0.024248715161946394,0.024248715161946394,0.016311619468686724,0.016311619468686724,0.02440675879104963,0.02440675879104963
ID_GEIU3Q,0.02712507331869485,0.02712507331869485,0.02391242546545926,0.02391242546545926,0.06533963234899262,0.06533963234899262
ID_BAJPY0,0.0252530594491751,0.0252530594491751,0.11076250405443579,0.11076250405443579,0.14815781191175886,0.14815781191175886
ID_BSVNKG,0.024870864903589786,0.024870864903589786,0.02871128542245352,0.02871128542245352,0.0272960208146792,0.0272960208146792
ID_QM4O2S,0.024248715161946394,0.024248715161946394,0.025748303333062675,0.025748303333062675,0.03473227417988968,0.03473227417988968
ID_ZB10X6,0.02430125609028152,0.02430125609028152,0.01468792804318209,0.01468792804318209,0.017790800640809453,0.017790800640809453
ID_VLOALM,0.3461456376456595,0.3461456376456595,0.4134743187096104,0.4134743187096104,0.36445533782598033,0.36445533782598033
ID_CG3L2H,0.024361056028428706,0.024361056028428706,0.014805822244156852,0.014805822244156852,0.02052000341063876,0.02052000341063876
ID_VAG0Q5,0.025787147002318617,0.025787147002318617,0.024077626074127292,0.024077626074127292,0.08591003513626314,0.08591003513626314
ID_7J1S3Y,0.025283740466971703,0.025283740466971703,0.014684389425498233,0.014684389425498233,0.025574344079620673,0.025574344079620673
ID_JW1LBC,0.02585388040238535,0.02585388040238535,0.023731275708201903,0.023731275708201903,0.12139896427642517,0.12139896427642517
ID_083PSL,0.024248715161946394,0.024248715161946394,0.022325615019177413,0.022325615019177413,0.01920681181212098,0.01920681181212098
ID_EALA41,0.025787147002318617,0.025787147002318617,0.024077626074127292,0.024077626074127292,0.08591003513626314,0.08591003513626314
ID_3ZIHQR,0.024315448562013127,0.024315448562013127,0.013816992992180631,0.013816992992180631,0.019535242348978427,0.019535242348978427
ID_F5HANJ,0.025787147002318617,0.025787147002318617,0.02068324202573481,0.02068324202573481,0.07620985413222574,0.07620985413222574
ID_DHARBL,0.02561670893293109,0.02561670893293109,0.014411049719876582,0.014411049719876582,0.019675481087419896,0.019675481087419896
ID_H3K94A,0.02561670893293109,0.02561670893293109,0.014411049719876582,0.014411049719876582,0.019675481087419896,0.019675481087419896
ID_BV33ZV,0.024248715161946394,0.024248715161946394,0.025748303333062675,0.025748303333062675,0.03473227417988968,0.03473227417988968
ID_GOSZ8L,0.024248715161946394,0.024248715161946394,0.01442587699688715,0.01442587699688715,0.01900964507176534,0.01900964507176534
ID_S9JF8F,0.02585388040238535,0.02585388040238535,0.024324565620837645,0.024324565620837645,0.11205241971593613,0.11205241971593613
ID_UOLBI5,0.024772384975277433,0.024772384975277433,0.02102023489051722,0.02102023489051722,0.020872759123842434,0.020872759123842434
ID_K3PNUV,0.024269419095693807,0.024269419095693807,0.02602725446322429,0.02602725446322429,0.0237989838054418,0.0237989838054418
ID_ANWYJ9,0.024269419095693807,0.024269419095693807,0.023819137285012754,0.023819137285012754,0.021419953284448838,0.021419953284448838
ID_AMSE7R,0.02430125609028152,0.02430125609028152,0.01468792804318209,0.01468792804318209,0.017790800640809453,0.017790800640809453
ID_I88AP8,0.024772384975277433,0.024772384975277433,0.020660609598989178,0.020660609598989178,0.020821299567905825,0.020821299567905825
ID_NWA3L6,0.024269419095693807,0.024269419095693807,0.013991461903792426,0.013991461903792426,0.016555850055969865,0.016555850055969865
ID_BEJ4NZ,0.056037046807034044,0.056037046807034044,0.030135999533134134,0.030135999533134134,0.129580043805178,0.129580043805178
ID_QW38O7,0.02572616648156798,0.02572616648156798,0.01636572522809201,0.01636572522809201,0.02044193924236294,0.02044193924236294
ID_0BO03Q,0.025787147002318617,0.025787147002318617,0.024907840371950145,0.024907840371950145,0.08474497681870423,0.08474497681870423
ID_CKOUOI,0.02712507331869485,0.02712507331869485,0.02391242546545926,0.02391242546545926,0.06533963234899262,0.06533963234899262
ID_LB4MOB,0.024248715161946394,0.024248715161946394,0.022325615019177413,0.022325615019177413,0.01920681181212098,0.01920681181212098
ID_M3EGOP,0.025787147002318617,0.025787147002318617,0.02310494027647769,0.02310494027647769,0.09129762025286564,0.09129762025286564
ID_3DR3OC,0.02491925312266384,0.02491925312266384,0.015942853312838318,0.015942853312838318,0.01964734109581541,0.01964734109581541
ID_CII7S2,0.024248715161946394,0.024248715161946394,0.02072828277963551,0.02072828277963551,0.03324110549759508,0.03324110549759508
ID_PS36LP,0.024248715161946394,0.024248715161946394,0.025748303333062675,0.025748303333062675,0.03473227417988968,0.03473227417988968
ID_UMATGZ,0.02561670893293109,0.02561670893293109,0.014411049719876582,0.014411049719876582,0.019675481087419896,0.019675481087419896
ID_RZXWDX,0.024248715161946394,0.024248715161946394,0.022479963252397987,0.022479963252397987,0.019152167078235218,0.019152167078235218
ID_MBP2SR,0.024269419095693807,0.024269419095693807,0.023819137285012754,0.023819137285012754,0.021419953284448838,0.021419953284448838
ID_26D5YY,0.024248715161946394,0.024248715161946394,0.013755070687819832,0.013755070687819832,0.017556053346577758,0.017556053346577758
ID_F7H73Q,0.02430125609028152,0.02430125609028152,0.01468792804318209,0.01468792804318209,0.017790800640809453,0.017790800640809453
ID_W4PRR2,0.024248715161946394,0.024248715161946394,0.013755070687819832,0.013755070687819832,0.017556053346577758,0.017556053346577758
ID_UY4Z5F,0.024269419095693807,0.024269419095693807,0.023819137285012754,0.023819137285012754,0.021419953284448838,0.021419953284448838
ID_Y8KQBZ,0.02585388040238535,0.02585388040238535,0.021001037485888857,0.021001037485888857,0.09737134460861133,0.09737134460861133
ID_QVEUCL,0.02585388040238535,0.02585388040238535,0.024324565620837645,0.024324565620837645,0.11205241971593613,0.11205241971593613
ID_4ZRHI7,0.029067371387299732,0.029067371387299732,0.027831326784654456,0.027831326784654456,0.08768640724763055,0.08768640724763055
ID_WLTHN7,0.025787147002318617,0.025787147002318617,0.024907840371950145,0.024907840371950145,0.08456256500568048,0.08456256500568048
ID_1FYJNL,0.02472182954178847,0.02472182954178847,0.026744671202341107,0.026744671202341107,0.02868261132695179,0.02868261132695179
ID_D9L64Q,0.02561670893293109,0.02561670893293109,0.014411049719876582,0.014411049719876582,0.019675481087419896,0.019675481087419896
ID_86WW5J,0.024850160969842376,0.024850160969842376,0.036771671387285675,0.036771671387285675,0.03590047659163063,0.03590047659163063
ID_7Y6T5F,0.02749155096536798,0.02749155096536798,0.023406665066596565,0.023406665066596565,0.08734279244703835,0.08734279244703835
ID_H6BCXL,0.024297012914678354,0.024297012914678354,0.014066045664496008,0.014066045664496008,0.020393762922701703,0.020393762922701703
ID_HWUQNT,0.025850738119831303,0.025850738119831303,0.022800406693965283,0.022800406693965283,0.021292802868341117,0.021292802868341117
ID_42K0G3,0.02561670893293109,0.02561670893293109,0.014411049719876582,0.014411049719876582,0.019675481087419896,0.019675481087419896
ID_RJA1CY,0.024870864903589786,0.024870864903589786,0.02871128542245352,0.02871128542245352,0.0272960208146792,0.0272960208146792
ID_KUD6LS,0.02433615249576054,0.02433615249576054,0.014015598265170202,0.014015598265170202,0.019468282520592888,0.019468282520592888
ID_YF4XAS,0.02585388040238535,0.02585388040238535,0.024324565620837645,0.024324565620837645,0.11205241971593613,0.11205241971593613
ID_9L5QZW,0.024269419095693807,0.024269419095693807,0.02616620379759974,0.02616620379759974,0.02646784603786552,0.02646784603786552
ID_PKRBWM,0.02489202842825422,0.02489202842825422,0.014075829135530965,0.014075829135530965,0.017922176221824952,0.017922176221824952
ID_KV5X78,0.024664669493356148,0.024664669493356148,0.018354916840233878,0.018354916840233878,0.017032087289304998,0.017032087289304998
ID_K05FSC,0.024248715161946394,0.024248715161946394,0.03475704083122151,0.03475704083122151,0.0400947013909782,0.0400947013909782
ID_VKADHX,0.02524663638387483,0.02524663638387483,0.11996661400852014,0.11996661400852014,0.18748255337098513,0.18748255337098513
ID_FJ9WOU,0.02979669583013468,0.02979669583013468,0.026983373120438844,0.026983373120438844,0.06357595478010777,0.06357595478010777
ID_42T9XM,0.02430125609028152,0.02430125609028152,0.01468792804318209,0.01468792804318209,0.017790800640809453,0.017790800640809453
ID_9ZLKG2,0.024315448562013127,0.024315448562013127,0.013787480762154188,0.013787480762154188,0.018581732164141617,0.018581732164141617
ID_HXOU9G,0.02585388040238535,0.02585388040238535,0.024324565620837645,0.024324565620837645,0.11205241971593613,0.11205241971593613
ID_WB4AC6,0.02572616648156798,0.02572616648156798,0.01636572522809201,0.01636572522809201,0.02044193924236294,0.02044193924236294
ID_I62XI1,0.025310227501387516,0.025310227501387516,0.01544765779761425,0.01544765779761425,0.018196843144197165,0.018196843144197165
ID_3ZWI9L,0.024248715161946394,0.024248715161946394,0.02044213853574097,0.02044213853574097,0.03631471337290152,0.03631471337290152
ID_3SR2CY,0.02585388040238535,0.02585388040238535,0.024324565620837645,0.024324565620837645,0.11205241971593613,0.11205241971593613
ID_ZBZKT1,0.02433615249576054,0.02433615249576054,0.014015598265170202,0.014015598265170202,0.019468282520592888,0.019468282520592888
ID_O4VQ7G,0.024248715161946394,0.024248715161946394,0.013755070687819832,0.013755070687819832,0.017556053346577758,0.017556053346577758
ID_N744FI,0.024361056028428706,0.024361056028428706,0.014545266061364267,0.014545266061364267,0.019596688446190356,0.019596688446190356
ID_TV8IEH,0.024248715161946394,0.024248715161946394,0.025748303333062675,0.025748303333062675,0.03473227417988968,0.03473227417988968
ID_NMAF4Q,0.02561670893293109,0.02561670893293109,0.014411049719876582,0.014411049719876582,0.019675481087419896,0.019675481087419896
ID_K2ZCCX,0.024248715161946394,0.024248715161946394,0.013593106080035722,0.013593106080035722,0.017990318369825207,0.017990318369825207
ID_R18GZ6,0.024248715161946394,0.024248715161946394,0.04013861507168609,0.04013861507168609,0.03593371418521412,0.03593371418521412
ID_IFP722,0.024329219033840995,0.024329219033840995,0.014434013226897148,0.014434013226897148,0.019095818903607117,0.019095818903607117
ID_IR8CDY,0.02684722039135651,0.02684722039135651,0.02179903576326399,0.02179903576326399,0.05688826687986529,0.05688826687986529
ID_Z2I4JV,0.02561670893293109,0.02561670893293109,0.014411049719876582,0.014411049719876582,0.019675481087419896,0.019675481087419896
ID_6KEY2P,0.024248715161946394,0.024248715161946394,0.013593106080035722,0.013593106080035722,0.017990318369825207,0.017990318369825207
ID_5S0DH2,0.024248715161946394,0.024248715161946394,0.025748303333062675,0.025748303333062675,0.03473227417988968,0.03473227417988968
ID_XNJ95S,0.02430125609028152,0.02430125609028152,0.01468792804318209,0.01468792804318209,0.017790800640809453,0.017790800640809453
ID_H6CCOD,0.024269419095693807,0.024269419095693807,0.013852947317527115,0.013852947317527115,0.021786752687586994,0.021786752687586994
ID_WQCUST,0.025787147002318617,0.025787147002318617,0.024077626074127292,0.024077626074127292,0.08591003513626314,0.08591003513626314
ID_T75BT1,0.024636015351752017,0.024636015351752017,0.014040973330236623,0.014040973330236623,0.016295893690109694,0.016295893690109694
ID_XS9OXI,0.0243808860747666,0.0243808860747666,0.032475287360935225,0.032475287360935225,0.022801525893061173,0.022801525893061173
ID_EA1206,0.0243808860747666,0.0243808860747666,0.027513456140984757,0.027513456140984757,0.02236135487098019,0.02236135487098019
ID_YH37JO,0.024258094305501646,0.024258094305501646,0.016798152957122024,0.016798152957122024,0.03255967897050028,0.03255967897050028
ID_B8H7AK,0.0243808860747666,0.0243808860747666,0.027513456140984757,0.027513456140984757,0.02236135487098019,0.02236135487098019
ID_C09NJ3,0.024710628627838818,0.024710628627838818,0.025416498904307114,0.025416498904307114,0.022453900450463533,0.022453900450463533
ID_0P1U7I,0.024258094305501646,0.024258094305501646,0.03222932968738212,0.03222932968738212,0.02125408010041883,0.02125408010041883
ID_KJZGN2,0.0243808860747666,0.0243808860747666,0.032475287360935225,0.032475287360935225,0.022801525893061173,0.022801525893061173
ID_XBCJ33,0.0243808860747666,0.0243808860747666,0.032475287360935225,0.032475287360935225,0.022801525893061173,0.022801525893061173
ID_QPKPCR,0.0243808860747666,0.0243808860747666,0.028741025618889988,0.028741025618889988,0.024039167272085698,0.024039167272085698
ID_GAOAHL,0.024600057063366543,0.024600057063366543,0.022755536727477516,0.022755536727477516,0.018179195255408905,0.018179195255408905
ID_9KT6CB,0.0243808860747666,0.0243808860747666,0.0286023730695738,0.0286023730695738,0.023374264220826595,0.023374264220826595
ID_KUJ9FC,0.02453332366329981,0.02453332366329981,0.02464862544466311,0.02464862544466311,0.021867302929021296,0.021867302929021296
ID_I81UCW,0.0243808860747666,0.0243808860747666,0.028741025618889988,0.028741025618889988,0.024039167272085698,0.024039167272085698
ID_GB2SDS,0.024600057063366543,0.024600057063366543,0.022755536727477516,0.022755536727477516,0.018179195255408905,0.018179195255408905
ID_X9A4JH,0.024258094305501646,0.024258094305501646,0.028467321498581864,0.028467321498581864,0.01989542553145825,0.01989542553145825
ID_RTGELG,0.02451801869835637,0.02451801869835637,0.013750614127744837,0.013750614127744837,0.016044784949019467,0.016044784949019467
ID_HNXAGO,0.024258094305501646,0.024258094305501646,0.0273981051481509,0.0273981051481509,0.020455371230202402,0.020455371230202402
ID_5FC3QJ,0.0243808860747666,0.0243808860747666,0.01822888639453565,0.01822888639453565,0.04152027055347096,0.04152027055347096
ID_CWTFLH,0.024258094305501646,0.024258094305501646,0.03222932968738212,0.03222932968738212,0.02125408010041883,0.02125408010041883
ID_B38JUX,0.024258094305501646,0.024258094305501646,0.018277623726547003,0.018277623726547003,0.041386440721048044,0.041386440721048044
ID_UH1KTJ,0.024258094305501646,0.024258094305501646,0.018277623726547003,0.018277623726547003,0.041386440721048044,0.041386440721048044
ID_5LLHBD,0.02441532700990416,0.02441532700990416,0.013737802812015901,0.013737802812015901,0.015418759534984176,0.015418759534984176
ID_3YY9DP,0.02441532700990416,0.02441532700990416,0.013737802812015901,0.013737802812015901,0.015418759534984176,0.015418759534984176
ID_744ERE,0.02451801869835637,0.02451801869835637,0.013750614127744837,0.013750614127744837,0.016044784949019467,0.016044784949019467
ID_QV8YW3,0.024577449511928626,0.024577449511928626,0.013675877817748452,0.013675877817748452,0.01759689999711673,0.01759689999711673
ID_G5ERJR,0.024258094305501646,0.024258094305501646,0.028319969314063772,0.028319969314063772,0.019627831949389732,0.019627831949389732
ID_MNB1L3,0.024600057063366543,0.024600057063366543,0.022755536727477516,0.022755536727477516,0.018179195255408905,0.018179195255408905
ID_B84S8R,0.0243808860747666,0.0243808860747666,0.032475287360935225,0.032475287360935225,0.022801525893061173,0.022801525893061173
ID_VI1CDO,0.024577449511928626,0.024577449511928626,0.014397270699335154,0.014397270699335154,0.02205645180494395,0.02205645180494395
ID_31K8SP,0.0243808860747666,0.0243808860747666,0.032475287360935225,0.032475287360935225,0.022801525893061173,0.022801525893061173
ID_3F8T7O,0.024258094305501646,0.024258094305501646,0.015788914891618256,0.015788914891618256,0.016080560633504774,0.016080560633504774
ID_RW3Q5J,0.024258094305501646,0.024258094305501646,0.028319969314063772,0.028319969314063772,0.019627831949389732,0.019627831949389732
ID_T3FYEA,0.024258094305501646,0.024258094305501646,0.018277623726547003,0.018277623726547003,0.041386440721048044,0.041386440721048044
ID_OZU9F0,0.024258094305501646,0.024258094305501646,0.018326083164985078,0.018326083164985078,0.04326812303681996,0.04326812303681996
ID_JLNANL,0.02441532700990416,0.02441532700990416,0.022322754481405367,0.022322754481405367,0.017608172442099994,0.017608172442099994
ID_09QFQF,0.024258094305501646,0.024258094305501646,0.028467321498581864,0.028467321498581864,0.01989542553145825,0.01989542553145825
ID_CJR13W,0.02441532700990416,0.02441532700990416,0.022322754481405367,0.022322754481405367,0.017608172442099994,0.017608172442099994
ID_1U5ABT,0.024258094305501646,0.024258094305501646,0.028467321498581864,0.028467321498581864,0.01989542553145825,0.01989542553145825
ID_J3WB2P,0.02459263197444317,0.02459263197444317,0.024837319403682064,0.024837319403682064,0.020038192771955975,0.020038192771955975
ID_CYJMO0,0.024442920828888708,0.024442920828888708,0.013603989661550315,0.013603989661550315,0.01791044418973001,0.01791044418973001
ID_RIZD06,0.0243808860747666,0.0243808860747666,0.032475287360935225,0.032475287360935225,0.022801525893061173,0.022801525893061173
ID_K565PV,0.024258094305501646,0.024258094305501646,0.028467321498581864,0.028467321498581864,0.01989542553145825,0.01989542553145825
ID_KGPDZS,0.024258094305501646,0.024258094305501646,0.028319969314063772,0.028319969314063772,0.019627831949389732,0.019627831949389732
ID_PD7IH8,0.0243808860747666,0.0243808860747666,0.0286023730695738,0.0286023730695738,0.023374264220826595,0.023374264220826595
ID_FM7JHM,0.0243808860747666,0.0243808860747666,0.028741025618889988,0.028741025618889988,0.024039167272085698,0.024039167272085698
ID_JKUDBT,0.024258094305501646,0.024258094305501646,0.018277623726547003,0.018277623726547003,0.041386440721048044,0.041386440721048044
ID_ZSTDRG,0.024258094305501646,0.024258094305501646,0.028319969314063772,0.028319969314063772,0.019627831949389732,0.019627831949389732
ID_WM2OCW,0.0243808860747666,0.0243808860747666,0.032475287360935225,0.032475287360935225,0.022801525893061173,0.022801525893061173
ID_V2VKWX,0.024258094305501646,0.024258094305501646,0.028467321498581864,0.028467321498581864,0.01989542553145825,0.01989542553145825
ID_Z0V4IF,0.02453332366329981,0.02453332366329981,0.02464862544466311,0.02464862544466311,0.021867302929021296,0.021867302929021296
ID_ZKWY5H,0.024258094305501646,0.024258094305501646,0.018277623726547003,0.018277623726547003,0.041386440721048044,0.041386440721048044
ID_Y92YDT,0.02451801869835637,0.02451801869835637,0.013750614127744837,0.013750614127744837,0.016044784949019467,0.016044784949019467
ID_SUKNX3,0.02441532700990416,0.02441532700990416,0.013737802812015901,0.013737802812015901,0.015418759534984176,0.015418759534984176
ID_UQ2MN7,0.024258094305501646,0.024258094305501646,0.028467321498581864,0.028467321498581864,0.01989542553145825,0.01989542553145825
ID_R4B5Y3,0.0243808860747666,0.0243808860747666,0.01822888639453565,0.01822888639453565,0.04152027055347096,0.04152027055347096
ID_5FIQN2,0.02441532700990416,0.02441532700990416,0.013737802812015901,0.013737802812015901,0.015418759534984176,0.015418759534984176
ID_CK7R8V,0.024442920828888708,0.024442920828888708,0.013603989661550315,0.013603989661550315,0.01791044418973001,0.01791044418973001
ID_9CKT1G,0.02429405259388712,0.02429405259388712,0.030000862154869266,0.030000862154869266,0.043123981294226336,0.043123981294226336
ID_OP7PVS,0.0243808860747666,0.0243808860747666,0.028741025618889988,0.028741025618889988,0.024039167272085698,0.024039167272085698
ID_E958NN,0.0243808860747666,0.0243808860747666,0.028741025618889988,0.028741025618889988,0.024039167272085698,0.024039167272085698
ID_DEFSVV,0.02453332366329981,0.02453332366329981,0.02464862544466311,0.02464862544466311,0.021867302929021296,0.021867302929021296
ID_BKDCXA,0.024577449511928626,0.024577449511928626,0.013675877817748452,0.013675877817748452,0.01759689999711673,0.01759689999711673
ID_I0OGOO,0.0243808860747666,0.0243808860747666,0.032475287360935225,0.032475287360935225,0.022801525893061173,0.022801525893061173
ID_5A0PRD,0.0243808860747666,0.0243808860747666,0.028741025618889988,0.028741025618889988,0.024039167272085698,0.024039167272085698
ID_KEK3CV,0.0243808860747666,0.0243808860747666,0.0286023730695738,0.0286023730695738,0.023374264220826595,0.023374264220826595
ID_G5CBCM,0.02453332366329981,0.02453332366329981,0.02464862544466311,0.02464862544466311,0.021867302929021296,0.021867302929021296
ID_6K7MP9,0.024577449511928626,0.024577449511928626,0.013675877817748452,0.013675877817748452,0.01759689999711673,0.01759689999711673
ID_9972R1,0.02441532700990416,0.02441532700990416,0.013737802812015901,0.013737802812015901,0.015418759534984176,0.015418759534984176
ID_PNK92C,0.024297012914678354,0.024297012914678354,0.014023510876687179,0.014023510876687179,0.018736532058437446,0.018736532058437446
ID_W39B3I,0.024248715161946394,0.024248715161946394,0.014023510876687179,0.014023510876687179,0.018539517255985002,0.018539517255985002
ID_HD9ID6,0.024297012914678354,0.024297012914678354,0.014023510876687179,0.014023510876687179,0.018736532058437446,0.018736532058437446
ID_BN91DN,0.024297012914678354,0.024297012914678354,0.014023510876687179,0.014023510876687179,0.018736532058437446,0.018736532058437446
ID_3GOCN3,0.5054271976260327,0.5054271976260327,0.4179044410238404,0.4179044410238404,0.5328482991631212,0.5328482991631212
ID_ET6KNZ,0.4577661732054312,0.4577661732054312,0.3602588614410099,0.3602588614410099,0.43942853466588794,0.43942853466588794
ID_OTOWTK,0.02427630898093094,0.02427630898093094,0.0141347637111543,0.0141347637111543,0.02038658480695126,0.02038658480695126
ID_WX5YV9,0.024297012914678354,0.024297012914678354,0.014023510876687179,0.014023510876687179,0.018736532058437446,0.018736532058437446
ID_BKG1JJ,0.024248715161946394,0.024248715161946394,0.014023510876687179,0.014023510876687179,0.02001599822794221,0.02001599822794221
ID_N7EE5X,0.4649163011555678,0.4649163011555678,0.3774478038056337,0.3774478038056337,0.5322243336388736,0.5322243336388736
ID_3HJF2B,0.4653490174399324,0.4653490174399324,0.33513569951652317,0.33513569951652317,0.3966214122735221,0.3966214122735221
ID_L77EMA,0.024297012914678354,0.024297012914678354,0.014023510876687179,0.014023510876687179,0.018736532058437446,0.018736532058437446
ID_UONM6Q,0.024248715161946394,0.024248715161946394,0.014023510876687179,0.014023510876687179,0.018539517255985002,0.018539517255985002
ID_ZCOCP7,0.024297012914678354,0.024297012914678354,0.014023510876687179,0.014023510876687179,0.018962957308701664,0.018962957308701664
ID_9HPWEF,0.4653490174399324,0.4653490174399324,0.33513569951652317,0.33513569951652317,0.3966214122735221,0.3966214122735221
ID_48PTGW,0.024297012914678354,0.024297012914678354,0.014023510876687179,0.014023510876687179,0.018736532058437446,0.018736532058437446
ID_GSHF7X,0.024297012914678354,0.024297012914678354,0.014023510876687179,0.014023510876687179,0.018736532058437446,0.018736532058437446
ID_72DBE5,0.02427630898093094,0.02427630898093094,0.0141347637111543,0.0141347637111543,0.02038658480695126,0.02038658480695126
ID_H8FI6N,0.024297012914678354,0.024297012914678354,0.014023510876687179,0.014023510876687179,0.018736532058437446,0.018736532058437446
ID_897NU8,0.024297012914678354,0.024297012914678354,0.014023510876687179,0.014023510876687179,0.018736532058437446,0.018736532058437446
ID_PS57CR,0.024248715161946394,0.024248715161946394,0.014023510876687179,0.014023510876687179,0.018539517255985002,0.018539517255985002
ID_VLC084,0.024297012914678354,0.024297012914678354,0.014023510876687179,0.014023510876687179,0.018736532058437446,0.018736532058437446
ID_0TQQFQ,0.024297012914678354,0.024297012914678354,0.014023510876687179,0.014023510876687179,0.018736532058437446,0.018736532058437446
ID_E94KOM,0.4579527952235803,0.4579527952235803,0.3571236891531606,0.3571236891531606,0.4971393740807351,0.4971393740807351
ID_DBOXYC,0.024297012914678354,0.024297012914678354,0.014023510876687179,0.014023510876687179,0.018736532058437446,0.018736532058437446
ID_Z8WJLG,0.024297012914678354,0.024297012914678354,0.014023510876687179,0.014023510876687179,0.018736532058437446,0.018736532058437446
ID_D7H9P4,0.02427630898093094,0.02427630898093094,0.0141347637111543,0.0141347637111543,0.02038658480695126,0.02038658480695126
ID_HNBXAQ,0.024297012914678354,0.024297012914678354,0.014023510876687179,0.014023510876687179,0.018736532058437446,0.018736532058437446
ID_T0YIRE,0.024297012914678354,0.024297012914678354,0.014023510876687179,0.014023510876687179,0.018736532058437446,0.018736532058437446
ID_9PTBA8,0.4653490174399324,0.4653490174399324,0.33513569951652317,0.33513569951652317,0.3966214122735221,0.3966214122735221
ID_7GNPFS,0.41819809970817023,0.41819809970817023,0.2409952846579685,0.2409952846579685,0.3358357698763794,0.3358357698763794
ID_LDL582,0.024297012914678354,0.024297012914678354,0.014023510876687179,0.014023510876687179,0.018736532058437446,0.018736532058437446
ID_QDFKYG,0.02739716437182364,0.02739716437182364,0.02118166310072212,0.02118166310072212,0.01763415777775376,0.01763415777775376
ID_E9HXCI,0.027256956697882834,0.027256956697882834,0.02220621082835097,0.02220621082835097,0.018750593317804293,0.018750593317804293
ID_VXNUAB,0.02739716437182364,0.02739716437182364,0.02118166310072212,0.02118166310072212,0.01763415777775376,0.01763415777775376
ID_7X3ANU,0.025468756598967364,0.025468756598967364,0.021554802295106753,0.021554802295106753,0.019033256547280178,0.019033256547280178
ID_JHEJ6C,0.024328849909266065,0.024328849909266065,0.019750589672262796,0.019750589672262796,0.02168838176619791,0.02168838176619791
ID_PQEFSA,0.027394022089269592,0.027394022089269592,0.020812808844815702,0.020812808844815702,0.016816911336403572,0.016816911336403572
ID_74362O,0.024297012914678354,0.024297012914678354,0.017454668913495144,0.017454668913495144,0.014494680615692115,0.014494680615692115
ID_ZYEPM4,0.024328849909266065,0.024328849909266065,0.019750589672262796,0.019750589672262796,0.02168838176619791,0.02168838176619791
ID_NO41LI,0.02430814597551865,0.02430814597551865,0.019176366745267258,0.019176366745267258,0.017729535154535764,0.017729535154535764
ID_A1BP0L,0.02739716437182364,0.02739716437182364,0.02118166310072212,0.02118166310072212,0.01763415777775376,0.01763415777775376
ID_833EID,0.025161087051767717,0.025161087051767717,0.01934315376313842,0.01934315376313842,0.025240506459073338,0.025240506459073338
ID_QVFOVQ,0.024269419095693807,0.024269419095693807,0.014313333645087089,0.014313333645087089,0.014036264533481934,0.014036264533481934
ID_E8JXTE,0.16747213577521536,0.16747213577521536,0.11738358124650225,0.11738358124650225,0.21932083235149846,0.21932083235149846
ID_SW35TS,0.024297012914678354,0.024297012914678354,0.019169359150090312,0.019169359150090312,0.016953405494943074,0.016953405494943074
ID_UE2F8Y,0.027394022089269592,0.027394022089269592,0.020812808844815702,0.020812808844815702,0.016816911336403572,0.016816911336403572
ID_EW9NJ2,0.024297012914678354,0.024297012914678354,0.019169359150090312,0.019169359150090312,0.016953405494943074,0.016953405494943074
ID_J6FHL2,0.025161087051767717,0.025161087051767717,0.01934315376313842,0.01934315376313842,0.025240506459073338,0.025240506459073338
ID_UGEC57,0.024542113162190543,0.024542113162190543,0.015733713619594962,0.015733713619594962,0.01687753234204133,0.01687753234204133
ID_VSQBO6,0.024248715161946394,0.024248715161946394,0.017890605984747888,0.017890605984747888,0.016817530341379092,0.016817530341379092
ID_UVXMIM,0.04649965634026829,0.04649965634026829,0.03913193056410107,0.03913193056410107,0.15049251295142504,0.15049251295142504
ID_T058KG,0.024248715161946394,0.024248715161946394,0.013416413024827559,0.013416413024827559,0.01387244299115838,0.01387244299115838
ID_VACRZA,0.024248715161946394,0.024248715161946394,0.013385005611706661,0.013385005611706661,0.013524610684487993,0.013524610684487993
ID_Y56MW9,0.024248715161946394,0.024248715161946394,0.01410514370254649,0.01410514370254649,0.015213999091600693,0.015213999091600693
ID_0DPIA8,0.024269419095693807,0.024269419095693807,0.01338157544638533,0.01338157544638533,0.013671615185383318,0.013671615185383318
ID_3U9J6G,0.024248715161946394,0.024248715161946394,0.013319915614988655,0.013319915614988655,0.013409523762178402,0.013409523762178402
ID_EUSZBN,0.024269419095693807,0.024269419095693807,0.01338157544638533,0.01338157544638533,0.013671615185383318,0.013671615185383318
ID_9E5OMC,0.024248715161946394,0.024248715161946394,0.013385005611706661,0.013385005611706661,0.013524610684487993,0.013524610684487993
ID_3R6KBU,0.024333462209444157,0.024333462209444157,0.014264846871526184,0.014264846871526184,0.015134599098568858,0.015134599098568858
ID_4TGSZ9,0.024248715161946394,0.024248715161946394,0.01405358942843658,0.01405358942843658,0.01614159034111439,0.01614159034111439
ID_NX8EEE,0.02427630898093094,0.02427630898093094,0.013639518655068586,0.013639518655068586,0.01416396935502701,0.01416396935502701
ID_RWKSD3,0.024248715161946394,0.024248715161946394,0.013859343210918081,0.013859343210918081,0.013595464653765342,0.013595464653765342
ID_7X97V1,0.024248715161946394,0.024248715161946394,0.013821890027397482,0.013821890027397482,0.013613954346339534,0.013613954346339534
ID_2AFQRA,0.024248715161946394,0.024248715161946394,0.013143196672254474,0.013143196672254474,0.014919451695985244,0.014919451695985244
ID_Q1RU6X,0.024248715161946394,0.024248715161946394,0.01405358942843658,0.01405358942843658,0.01614159034111439,0.01614159034111439
ID_YC254M,0.024248715161946394,0.024248715161946394,0.013526313527660897,0.013526313527660897,0.013906927185703348,0.013906927185703348
ID_UNWPJB,0.024248715161946394,0.024248715161946394,0.013319915614988655,0.013319915614988655,0.013409523762178402,0.013409523762178402
ID_B660BU,0.024248715161946394,0.024248715161946394,0.013204856503651148,0.013204856503651148,0.015253774583219065,0.015253774583219065
ID_4ORCRP,0.024248715161946394,0.024248715161946394,0.013143196672254474,0.013143196672254474,0.014919451695985244,0.014919451695985244
ID_YFLCSJ,0.024269419095693807,0.024269419095693807,0.01338157544638533,0.01338157544638533,0.013671615185383318,0.013671615185383318
ID_733Z0L,0.024248715161946394,0.024248715161946394,0.013416413024827559,0.013416413024827559,0.013681867628767675,0.013681867628767675
ID_KB7EEN,0.024248715161946394,0.024248715161946394,0.013319915614988655,0.013319915614988655,0.013409523762178402,0.013409523762178402
ID_066CHB,0.024248715161946394,0.024248715161946394,0.013666794747816366,0.013666794747816366,0.014349979021857154,0.014349979021857154
ID_BEU1N6,0.024248715161946394,0.024248715161946394,0.01338451509819279,0.01338451509819279,0.013409523762178402,0.013409523762178402
ID_C8R4WH,0.024248715161946394,0.024248715161946394,0.013175094598889242,0.013175094598889242,0.015174170384341582,0.015174170384341582
ID_PI3I2J,0.024248715161946394,0.024248715161946394,0.013143196672254474,0.013143196672254474,0.014919451695985244,0.014919451695985244
ID_9PMVYR,0.024248715161946394,0.024248715161946394,0.013175094598889242,0.013175094598889242,0.015174170384341582,0.015174170384341582
ID_Q7EXXO,0.024248715161946394,0.024248715161946394,0.013175094598889242,0.013175094598889242,0.015174170384341582,0.015174170384341582
ID_CQKKBK,0.024248715161946394,0.024248715161946394,0.013385005611706661,0.013385005611706661,0.013524610684487993,0.013524610684487993
ID_9QR9WA,0.024248715161946394,0.024248715161946394,0.013526313527660897,0.013526313527660897,0.013906927185703348,0.013906927185703348
ID_FELSNU,0.024248715161946394,0.024248715161946394,0.013526313527660897,0.013526313527660897,0.013906927185703348,0.013906927185703348
ID_PNKANZ,0.024248715161946394,0.024248715161946394,0.013564305229712217,0.013564305229712217,0.013480919510146423,0.013480919510146423
ID_22JIZ1,0.024248715161946394,0.024248715161946394,0.013564305229712217,0.013564305229712217,0.013480919510146423,0.013480919510146423
ID_IRZOS2,0.03852392738742178,0.03852392738742178,0.027000286376638875,0.027000286376638875,0.029428962414069563,0.029428962414069563
ID_PHQQ0F,0.03717400931118797,0.03717400931118797,0.02449660897564496,0.02449660897564496,0.02625122171350317,0.02625122171350317
ID_IW2314,0.03907389681650602,0.03907389681650602,0.024209072230984976,0.024209072230984976,0.027552168215334273,0.027552168215334273
ID_8UX59T,0.024248715161946394,0.024248715161946394,0.013821890027397482,0.013821890027397482,0.013667303734225113,0.013667303734225113
ID_4VMFY1,0.024248715161946394,0.024248715161946394,0.013696886969822117,0.013696886969822117,0.01344775018993414,0.01344775018993414
ID_NAS5OH,0.024248715161946394,0.024248715161946394,0.013338198495424725,0.013338198495424725,0.013797040477270909,0.013797040477270909
ID_B5C6RJ,0.024248715161946394,0.024248715161946394,0.013143196672254474,0.013143196672254474,0.014919451695985244,0.014919451695985244
ID_PXCAKA,0.024248715161946394,0.024248715161946394,0.01410514370254649,0.01410514370254649,0.015213999091600693,0.015213999091600693
ID_T7JWJL,0.024248715161946394,0.024248715161946394,0.013821890027397482,0.013821890027397482,0.013667303734225113,0.013667303734225113
ID_Z40GIH,0.024248715161946394,0.024248715161946394,0.013859343210918081,0.013859343210918081,0.013595464653765342,0.013595464653765342
ID_7B6TSR,0.024248715161946394,0.024248715161946394,0.013319915614988655,0.013319915614988655,0.013409523762178402,0.013409523762178402
ID_T8UE85,0.024248715161946394,0.024248715161946394,0.01410514370254649,0.01410514370254649,0.015213999091600693,0.015213999091600693
ID_N2GA6J,0.024269419095693807,0.024269419095693807,0.01347347495688949,0.01347347495688949,0.013764946837462648,0.013764946837462648
ID_X7QNEK,0.024248715161946394,0.024248715161946394,0.01343880356867042,0.01343880356867042,0.014524841268018085,0.014524841268018085
ID_L03W0G,0.024248715161946394,0.024248715161946394,0.014066341050694396,0.014066341050694396,0.01360976288342688,0.01360976288342688
ID_5UDF18,0.024248715161946394,0.024248715161946394,0.013416413024827559,0.013416413024827559,0.01387244299115838,0.01387244299115838
ID_TT098H,0.024248715161946394,0.024248715161946394,0.013526313527660897,0.013526313527660897,0.013906927185703348,0.013906927185703348
ID_5QZP6R,0.024269419095693807,0.024269419095693807,0.013440828209007282,0.013440828209007282,0.013464559624102921,0.013464559624102921
ID_EH54DK,0.03957139550513353,0.03957139550513353,0.03107388282373748,0.03107388282373748,0.06998790362631123,0.06998790362631123
ID_PALW0Q,0.02427630898093094,0.02427630898093094,0.01344130200866886,0.01344130200866886,0.01375267321830296,0.01375267321830296
ID_KSA6SI,0.024248715161946394,0.024248715161946394,0.013416413024827559,0.013416413024827559,0.01387244299115838,0.01387244299115838
ID_YDQ1KZ,0.024248715161946394,0.024248715161946394,0.013859343210918081,0.013859343210918081,0.013595464653765342,0.013595464653765342
ID_7TRIGH,0.024248715161946394,0.024248715161946394,0.013175094598889242,0.013175094598889242,0.015174170384341582,0.015174170384341582
ID_T2KMPX,0.024248715161946394,0.024248715161946394,0.01338451509819279,0.01338451509819279,0.013409523762178402,0.013409523762178402
ID_W6H2GG,0.024248715161946394,0.024248715161946394,0.013143196672254474,0.013143196672254474,0.014919451695985244,0.014919451695985244
ID_CQOM1C,0.024269419095693807,0.024269419095693807,0.013414277002954694,0.013414277002954694,0.013671615185383318,0.013671615185383318
ID_V4PFS3,0.024248715161946394,0.024248715161946394,0.013899727856965147,0.013899727856965147,0.013527493691972028,0.013527493691972028
ID_7SSXA0,0.024248715161946394,0.024248715161946394,0.013526313527660897,0.013526313527660897,0.013906927185703348,0.013906927185703348
ID_904OMU,0.024248715161946394,0.024248715161946394,0.013175094598889242,0.013175094598889242,0.015174170384341582,0.015174170384341582
ID_UPD1SQ,0.024248715161946394,0.024248715161946394,0.013379168377610608,0.013379168377610608,0.013464559624102921,0.013464559624102921
ID_3BE6BK,0.024248715161946394,0.024248715161946394,0.01344130200866886,0.01344130200866886,0.014462659781069491,0.014462659781069491
ID_ROX1RX,0.024269419095693807,0.024269419095693807,0.01338157544638533,0.01338157544638533,0.013671615185383318,0.013671615185383318
ID_HJN7VE,0.024248715161946394,0.024248715161946394,0.013385005611706661,0.013385005611706661,0.013524610684487993,0.013524610684487993
ID_HQT8FR,0.03852392738742178,0.03852392738742178,0.027000286376638875,0.027000286376638875,0.029428962414069563,0.029428962414069563
ID_IT2HDM,0.024248715161946394,0.024248715161946394,0.013564305229712217,0.013564305229712217,0.013480919510146423,0.013480919510146423
ID_YNKD7B,0.039397522298902886,0.039397522298902886,0.028721306220676045,0.028721306220676045,0.029350457836312197,0.029350457836312197
ID_9QKC85,0.024248715161946394,0.024248715161946394,0.013379168377610608,0.013379168377610608,0.013464559624102921,0.013464559624102921
ID_QO4II7,0.024248715161946394,0.024248715161946394,0.013545708642141219,0.013545708642141219,0.014429820177442695,0.014429820177442695
ID_EXZ3UM,0.024248715161946394,0.024248715161946394,0.013575470546903124,0.013575470546903124,0.014357981096982924,0.014357981096982924
ID_REKC8W,0.024248715161946394,0.024248715161946394,0.01410514370254649,0.01410514370254649,0.015213999091600693,0.015213999091600693
ID_ATOZFV,0.024269419095693807,0.024269419095693807,0.013440828209007282,0.013440828209007282,0.013464559624102921,0.013464559624102921
ID_XUPA46,0.024248715161946394,0.024248715161946394,0.013783263553243701,0.013783263553243701,0.01409988547700812,0.01409988547700812
ID_BTIN8A,0.024269419095693807,0.024269419095693807,0.013440828209007282,0.013440828209007282,0.013464559624102921,0.013464559624102921
ID_4A8R3V,0.02427630898093094,0.02427630898093094,0.013509741737648724,0.013509741737648724,0.013734183525728768,0.013734183525728768
ID_QPZL6F,0.024248715161946394,0.024248715161946394,0.013175094598889242,0.013175094598889242,0.015174170384341582,0.015174170384341582
ID_45449H,0.024269419095693807,0.024269419095693807,0.01347347495688949,0.01347347495688949,0.013764946837462648,0.013764946837462648
ID_3QF1JY,0.024248715161946394,0.024248715161946394,0.013576956825931229,0.013576956825931229,0.013445098177204731,0.013445098177204731
ID_ZO8KHA,0.024248715161946394,0.024248715161946394,0.013534543324950311,0.013534543324950311,0.013480919510146423,0.013480919510146423
ID_K9PYT8,0.024248715161946394,0.024248715161946394,0.013385005611706661,0.013385005611706661,0.013524610684487993,0.013524610684487993
ID_QI8JG9,0.02427630898093094,0.02427630898093094,0.013509741737648724,0.013509741737648724,0.013734183525728768,0.013734183525728768
ID_QQTRMM,0.024248715161946394,0.024248715161946394,0.013385005611706661,0.013385005611706661,0.013524610684487993,0.013524610684487993
ID_TH808E,0.024248715161946394,0.024248715161946394,0.01410514370254649,0.01410514370254649,0.015213999091600693,0.015213999091600693
ID_LMWRAC,0.024248715161946394,0.024248715161946394,0.013385005611706661,0.013385005611706661,0.013524610684487993,0.013524610684487993
ID_AW91U7,0.024248715161946394,0.024248715161946394,0.013338198495424725,0.013338198495424725,0.013797040477270909,0.013797040477270909
ID_G90D2D,0.03957139550513353,0.03957139550513353,0.03107388282373748,0.03107388282373748,0.06998790362631123,0.06998790362631123
ID_RAVU77,0.024248715161946394,0.024248715161946394,0.013438366331545404,0.013438366331545404,0.01402904104669714,0.01402904104669714
ID_61GEC6,0.043106247506058896,0.043106247506058896,0.03687535940652671,0.03687535940652671,0.0421872129198123,0.0421872129198123
ID_MVNZ8F,0.039397522298902886,0.039397522298902886,0.028721306220676045,0.028721306220676045,0.029350457836312197,0.029350457836312197
ID_1QI418,0.024248715161946394,0.024248715161946394,0.01346812823630731,0.01346812823630731,0.014169272139812603,0.014169272139812603
ID_DQP75D,0.024248715161946394,0.024248715161946394,0.013175094598889242,0.013175094598889242,0.015174170384341582,0.015174170384341582
ID_TKOQON,0.024248715161946394,0.024248715161946394,0.013508945730655638,0.013508945730655638,0.014418843380736896,0.014418843380736896
ID_3HTFW1,0.03685129617284424,0.03685129617284424,0.028902049474017283,0.028902049474017283,0.027508417175722,0.027508417175722
ID_8KEJPH,0.024248715161946394,0.024248715161946394,0.013666794747816366,0.013666794747816366,0.014474399664159043,0.014474399664159043
ID_J8AEJ1,0.024248715161946394,0.024248715161946394,0.013379168377610608,0.013379168377610608,0.013464559624102921,0.013464559624102921
ID_ECH1M4,0.024248715161946394,0.024248715161946394,0.013438366331545404,0.013438366331545404,0.01402904104669714,0.01402904104669714
ID_D88GUO,0.024248715161946394,0.024248715161946394,0.013821890027397482,0.013821890027397482,0.013613954346339534,0.013613954346339534
ID_6U3FDV,0.024269419095693807,0.024269419095693807,0.013440828209007282,0.013440828209007282,0.013464559624102921,0.013464559624102921
ID_IITBB8,0.024269419095693807,0.024269419095693807,0.013440828209007282,0.013440828209007282,0.013464559624102921,0.013464559624102921
ID_1NH2JD,0.024248715161946394,0.024248715161946394,0.01338451509819279,0.01338451509819279,0.013409523762178402,0.013409523762178402
ID_83W49H,0.024248715161946394,0.024248715161946394,0.013175094598889242,0.013175094598889242,0.015174170384341582,0.015174170384341582
ID_W9M82U,0.024248715161946394,0.024248715161946394,0.01410514370254649,0.01410514370254649,0.015213999091600693,0.015213999091600693
ID_TJ3MK7,0.024248715161946394,0.024248715161946394,0.013355243706944755,0.013355243706944755,0.013413535612709655,0.013413535612709655
ID_45IHF3,0.024248715161946394,0.024248715161946394,0.014066341050694396,0.014066341050694396,0.01360976288342688,0.01360976288342688
ID_W9UTJU,0.024248715161946394,0.024248715161946394,0.013438366331545404,0.013438366331545404,0.01402904104669714,0.01402904104669714
ID_GFQSV3,0.024248715161946394,0.024248715161946394,0.013379168377610608,0.013379168377610608,0.013464559624102921,0.013464559624102921
ID_G8MQYI,0.024248715161946394,0.024248715161946394,0.013505901491872994,0.013505901491872994,0.013427414962259852,0.013427414962259852
ID_K9FWUG,0.02751696600851086,0.02751696600851086,0.03122191554388791,0.03122191554388791,0.032960386070294,0.032960386070294
ID_2CCRSP,0.024269419095693807,0.024269419095693807,0.013319915614988655,0.013319915614988655,0.013527937024463779,0.013527937024463779
ID_U1ST6M,0.024248715161946394,0.024248715161946394,0.013204856503651148,0.013204856503651148,0.014600069702340433,0.014600069702340433
ID_BIBW8E,0.024248715161946394,0.024248715161946394,0.013385005611706661,0.013385005611706661,0.013524610684487993,0.013524610684487993
ID_G1TRLN,0.024248715161946394,0.024248715161946394,0.01410514370254649,0.01410514370254649,0.015213999091600693,0.015213999091600693
ID_ZDCCE5,0.024248715161946394,0.024248715161946394,0.013355243706944755,0.013355243706944755,0.013413535612709655,0.013413535612709655
ID_GJ1X0Y,0.024248715161946394,0.024248715161946394,0.013754026325709892,0.013754026325709892,0.013466084722507338,0.013466084722507338
ID_6R8K2I,0.024248715161946394,0.024248715161946394,0.013564305229712217,0.013564305229712217,0.013480919510146423,0.013480919510146423
ID_SB5WMN,0.024248715161946394,0.024248715161946394,0.013821890027397482,0.013821890027397482,0.013613954346339534,0.013613954346339534
ID_IDNZZO,0.024248715161946394,0.024248715161946394,0.013438366331545404,0.013438366331545404,0.01402904104669714,0.01402904104669714
ID_1QOW1W,0.024269419095693807,0.024269419095693807,0.013440828209007282,0.013440828209007282,0.013464559624102921,0.013464559624102921
ID_8WP8VX,0.02427630898093094,0.02427630898093094,0.013534543324950311,0.013534543324950311,0.013480919510146423,0.013480919510146423
ID_XELVEF,0.024248715161946394,0.024248715161946394,0.01346812823630731,0.01346812823630731,0.013396786519648348,0.013396786519648348
ID_54OCQC,0.052718886611072366,0.052718886611072366,0.042219033006668474,0.042219033006668474,0.1465163035017481,0.1465163035017481
ID_8PAGNV,0.0438166889514026,0.0438166889514026,0.042653272686700085,0.042653272686700085,0.09430383364616086,0.09430383364616086
ID_GYR7IN,0.024328849909266065,0.024328849909266065,0.025517387131660324,0.025517387131660324,0.02508876147426878,0.02508876147426878
ID_FLBXIB,0.06375408753232505,0.06375408753232505,0.05577853750359519,0.05577853750359519,0.15463135401919237,0.15463135401919237
ID_5VQXP0,0.046325911659019677,0.046325911659019677,0.045939326651316434,0.045939326651316434,0.11957905089761134,0.11957905089761134
ID_C85QWY,0.18110639913013113,0.18110639913013113,0.30013359516329013,0.30013359516329013,0.28260948977734346,0.28260948977734346
ID_HMDPWN,0.024248715161946394,0.024248715161946394,0.013505901491872994,0.013505901491872994,0.015236245646690962,0.015236245646690962
ID_S213JS,0.024248715161946394,0.024248715161946394,0.013414001981368833,0.013414001981368833,0.014187801855077231,0.014187801855077231
ID_JJB0N9,0.18110639913013113,0.18110639913013113,0.30013359516329013,0.30013359516329013,0.28260948977734346,0.28260948977734346
ID_JI09Z4,0.024248715161946394,0.024248715161946394,0.013505901491872994,0.013505901491872994,0.015236245646690962,0.015236245646690962
ID_XQD518,0.027054353314932396,0.027054353314932396,0.07487204439592397,0.07487204439592397,0.036149284705724316,0.036149284705724316
ID_6WA8X2,0.024248715161946394,0.024248715161946394,0.013466103595970448,0.013466103595970448,0.013776396736371214,0.013776396736371214
ID_LV4Z3X,0.024269419095693807,0.024269419095693807,0.013568156262695181,0.013568156262695181,0.014628347427416035,0.014628347427416035
ID_HG6O68,0.024248715161946394,0.024248715161946394,0.013414001981368833,0.013414001981368833,0.014187801855077231,0.014187801855077231
ID_U5R2MX,0.024248715161946394,0.024248715161946394,0.013436341691208543,0.013436341691208543,0.014068160436639195,0.014068160436639195
ID_P91KWI,0.024248715161946394,0.024248715161946394,0.013505901491872994,0.013505901491872994,0.015236245646690962,0.015236245646690962
ID_1LR5GS,0.024248715161946394,0.024248715161946394,0.013505901491872994,0.013505901491872994,0.015236245646690962,0.015236245646690962
ID_4V99R0,0.024248715161946394,0.024248715161946394,0.013511016906807406,0.013511016906807406,0.013893277512765567,0.013893277512765567
ID_K7VOHK,0.37818929848037225,0.37818929848037225,0.3684302076572969,0.3684302076572969,0.3138718079673952,0.3138718079673952
ID_CW7BS0,0.027054353314932396,0.027054353314932396,0.07487204439592397,0.07487204439592397,0.036149284705724316,0.036149284705724316
ID_AFAB4R,0.024461978414870873,0.024461978414870873,0.013530703079174582,0.013530703079174582,0.013893277512765567,0.013893277512765567
ID_78AWWK,0.024248715161946394,0.024248715161946394,0.01344130200866886,0.01344130200866886,0.014367444297928262,0.014367444297928262
ID_STJEV5,0.024248715161946394,0.024248715161946394,0.013466103595970448,0.013466103595970448,0.013888133390714926,0.013888133390714926
ID_SNEFWM,0.024248715161946394,0.024248715161946394,0.013466103595970448,0.013466103595970448,0.01715077988372629,0.01715077988372629
ID_1Z5H24,0.024248715161946394,0.024248715161946394,0.013436341691208543,0.013436341691208543,0.013699391790831397,0.013699391790831397
ID_5Y7E9L,0.024248715161946394,0.024248715161946394,0.013466103595970448,0.013466103595970448,0.01715077988372629,0.01715077988372629
ID_SQPD1Y,0.024248715161946394,0.024248715161946394,0.013543354675393594,0.013543354675393594,0.014947826757668746,0.014947826757668746
ID_QGJOBR,0.024248715161946394,0.024248715161946394,0.013505901491872994,0.013505901491872994,0.015236245646690962,0.015236245646690962
ID_FK332O,0.024248715161946394,0.024248715161946394,0.013466103595970448,0.013466103595970448,0.01715077988372629,0.01715077988372629
ID_W4K932,0.024248715161946394,0.024248715161946394,0.013466103595970448,0.013466103595970448,0.013942119083418792,0.013942119083418792
ID_5C4970,0.024248715161946394,0.024248715161946394,0.013505901491872994,0.013505901491872994,0.015236245646690962,0.015236245646690962
ID_0QG01H,0.029448353153098555,0.029448353153098555,0.06991421392411175,0.06991421392411175,0.038477698241929814,0.038477698241929814
ID_E1URRC,0.024248715161946394,0.024248715161946394,0.013511016906807406,0.013511016906807406,0.013893277512765567,0.013893277512765567
ID_ND44I5,0.024248715161946394,0.024248715161946394,0.013419117396303245,0.013419117396303245,0.015179215863040336,0.015179215863040336
ID_MOKPZ9,0.024248715161946394,0.024248715161946394,0.013499705746508082,0.013499705746508082,0.014808665464288955,0.014808665464288955
ID_YKQU0Q,0.024248715161946394,0.024248715161946394,0.013466103595970448,0.013466103595970448,0.013776396736371214,0.013776396736371214
ID_20X7IL,0.024248715161946394,0.024248715161946394,0.013466103595970448,0.013466103595970448,0.013776396736371214,0.013776396736371214
ID_XNR8IL,0.029448353153098555,0.029448353153098555,0.06991421392411175,0.06991421392411175,0.038477698241929814,0.038477698241929814
ID_PKK3GF,0.024248715161946394,0.024248715161946394,0.013505901491872994,0.013505901491872994,0.015236245646690962,0.015236245646690962
ID_L8XKD7,0.024248715161946394,0.024248715161946394,0.013466103595970448,0.013466103595970448,0.013902794625118967,0.013902794625118967
ID_W6BRD9,0.024248715161946394,0.024248715161946394,0.013499705746508082,0.013499705746508082,0.014808665464288955,0.014808665464288955
ID_YR9NYE,0.024248715161946394,0.024248715161946394,0.013466103595970448,0.013466103595970448,0.013632718575451673,0.013632718575451673
ID_C9SGUI,0.024248715161946394,0.024248715161946394,0.013505901491872994,0.013505901491872994,0.015236245646690962,0.015236245646690962
ID_MTQKCA,0.024248715161946394,0.024248715161946394,0.013466103595970448,0.013466103595970448,0.014276338107966361,0.014276338107966361
ID_PVWOIW,0.024269419095693807,0.024269419095693807,0.013466103595970448,0.013466103595970448,0.017047600675466186,0.017047600675466186
ID_QE0PJR,0.024248715161946394,0.024248715161946394,0.013530703079174582,0.013530703079174582,0.015363506709161673,0.015363506709161673
ID_XFDKO4,0.024248715161946394,0.024248715161946394,0.013505901491872994,0.013505901491872994,0.015236245646690962,0.015236245646690962
ID_V3C88O,0.024248715161946394,0.024248715161946394,0.013499705746508082,0.013499705746508082,0.014775178348343902,0.014775178348343902
ID_HW2F25,0.024248715161946394,0.024248715161946394,0.013564305229712217,0.013564305229712217,0.013817217296299608,0.013817217296299608
ID_02IJBN,0.024248715161946394,0.024248715161946394,0.013564305229712217,0.013564305229712217,0.013817217296299608,0.013817217296299608
ID_N3R2G6,0.024248715161946394,0.024248715161946394,0.013511016906807406,0.013511016906807406,0.013893277512765567,0.013893277512765567
ID_MPKREV,0.024248715161946394,0.024248715161946394,0.013505901491872994,0.013505901491872994,0.015236245646690962,0.015236245646690962
ID_4NOKI6,0.024248715161946394,0.024248715161946394,0.013466103595970448,0.013466103595970448,0.013776396736371214,0.013776396736371214
ID_0UNLYT,0.024248715161946394,0.024248715161946394,0.01344130200866886,0.01344130200866886,0.015845205166120892,0.015845205166120892
ID_TYEL0C,0.024248715161946394,0.024248715161946394,0.013466103595970448,0.013466103595970448,0.013811933339071995,0.013811933339071995
ID_FEV7BL,0.024248715161946394,0.024248715161946394,0.013466103595970448,0.013466103595970448,0.013811933339071995,0.013811933339071995
ID_X1R31L,0.024248715161946394,0.024248715161946394,0.013414001981368833,0.013414001981368833,0.014187801855077231,0.014187801855077231
ID_XOOML1,0.029591820004826234,0.029591820004826234,0.056507313288270404,0.056507313288270404,0.04787235767634114,0.04787235767634114
ID_UHO4EX,0.024248715161946394,0.024248715161946394,0.013505901491872994,0.013505901491872994,0.015236245646690962,0.015236245646690962
ID_FREVOR,0.024248715161946394,0.024248715161946394,0.013499705746508082,0.013499705746508082,0.014808665464288955,0.014808665464288955
ID_KB7C08,0.024248715161946394,0.024248715161946394,0.013466103595970448,0.013466103595970448,0.013781680693598825,0.013781680693598825
ID_PTA13J,0.024248715161946394,0.024248715161946394,0.013466103595970448,0.013466103595970448,0.013776396736371214,0.013776396736371214
ID_PE2XKW,0.024248715161946394,0.024248715161946394,0.013505901491872994,0.013505901491872994,0.015236245646690962,0.015236245646690962
ID_D4AGS1,0.024248715161946394,0.024248715161946394,0.013505901491872994,0.013505901491872994,0.015236245646690962,0.015236245646690962
ID_8NHTDF,0.17373018571834667,0.17373018571834667,0.29783216791709166,0.29783216791709166,0.2803906005724211,0.2803906005724211
ID_HL6L8P,0.024248715161946394,0.024248715161946394,0.013466103595970448,0.013466103595970448,0.013781680693598825,0.013781680693598825
ID_2LQ63Z,0.024248715161946394,0.024248715161946394,0.013511016906807406,0.013511016906807406,0.013893277512765567,0.013893277512765567
ID_MRS220,0.024248715161946394,0.024248715161946394,0.013505901491872994,0.013505901491872994,0.015236245646690962,0.015236245646690962
ID_ZAG8Y6,0.029448353153098555,0.029448353153098555,0.06991421392411175,0.06991421392411175,0.038477698241929814,0.038477698241929814
ID_F9LA3J,0.28653645752270845,0.28653645752270845,0.35898757846497775,0.35898757846497775,0.453026281945789,0.453026281945789
ID_Y9DABF,0.03681688107434079,0.03681688107434079,0.047391504214707156,0.047391504214707156,0.04133146941287802,0.04133146941287802
ID_V3AI5Z,0.22487323522569455,0.22487323522569455,0.28605720573373045,0.28605720573373045,0.31004706217060757,0.31004706217060757
ID_88JV6U,0.03681688107434079,0.03681688107434079,0.047391504214707156,0.047391504214707156,0.04133146941287802,0.04133146941287802
ID_RNX724,0.025512903228643503,0.025512903228643503,0.028961679083610338,0.028961679083610338,0.02362219246505832,0.02362219246505832
ID_HGRAVW,0.025512903228643503,0.025512903228643503,0.028961679083610338,0.028961679083610338,0.02362219246505832,0.02362219246505832
ID_CJRB1K,0.03695145269271763,0.03695145269271763,0.04663367759786271,0.04663367759786271,0.04139451045312603,0.04139451045312603
ID_PTSP80,0.03953238149838318,0.03953238149838318,0.03347396168483656,0.03347396168483656,0.038264103765532825,0.038264103765532825
ID_9EAVDN,0.03953238149838318,0.03953238149838318,0.03347396168483656,0.03347396168483656,0.038264103765532825,0.038264103765532825
ID_YM45P0,0.03695145269271763,0.03695145269271763,0.04663367759786271,0.04663367759786271,0.04139451045312603,0.04139451045312603
ID_01A97D,0.03953238149838318,0.03953238149838318,0.03347396168483656,0.03347396168483656,0.038264103765532825,0.038264103765532825
ID_A1ECJZ,0.03953238149838318,0.03953238149838318,0.03347396168483656,0.03347396168483656,0.038264103765532825,0.038264103765532825
ID_JOQSKL,0.027850502539733424,0.027850502539733424,0.03802777423337109,0.03802777423337109,0.03178186440750397,0.03178186440750397
ID_C5CLUE,0.09341579953119028,0.09341579953119028,0.05791256103920497,0.05791256103920497,0.08580553561454764,0.08580553561454764
ID_0C8KZH,0.3558768366294932,0.3558768366294932,0.3592543993239433,0.3592543993239433,0.43384717663296785,0.43384717663296785
ID_YHO3I2,0.03681688107434079,0.03681688107434079,0.047391504214707156,0.047391504214707156,0.04133146941287802,0.04133146941287802
ID_AHK206,0.02430125609028152,0.02430125609028152,0.01359759715067459,0.01359759715067459,0.01564973452999348,0.01564973452999348
ID_ERLXBG,0.024328849909266065,0.024328849909266065,0.013448106834004624,0.013448106834004624,0.015592164006101715,0.015592164006101715
ID_3HL2C9,0.024248715161946394,0.024248715161946394,0.028366071948877185,0.028366071948877185,0.023563386617652553,0.023563386617652553
ID_5VE6UT,0.024248715161946394,0.024248715161946394,0.016341604180259157,0.016341604180259157,0.03384052601500129,0.03384052601500129
ID_3E2WXH,0.02430125609028152,0.02430125609028152,0.01359759715067459,0.01359759715067459,0.01564973452999348,0.01564973452999348
ID_1BWM6H,0.02430125609028152,0.02430125609028152,0.01359759715067459,0.01359759715067459,0.01564973452999348,0.01564973452999348
ID_NQVDII,0.02430125609028152,0.02430125609028152,0.01359759715067459,0.01359759715067459,0.01564973452999348,0.01564973452999348
ID_9MXZMG,0.024248715161946394,0.024248715161946394,0.028366071948877185,0.028366071948877185,0.023563386617652553,0.023563386617652553
ID_LVAH3V,0.024269419095693807,0.024269419095693807,0.013448500282225398,0.013448500282225398,0.016882394268212315,0.016882394268212315
ID_QA38KR,0.02430125609028152,0.02430125609028152,0.01359759715067459,0.01359759715067459,0.01564973452999348,0.01564973452999348
ID_QUPBR5,0.02430125609028152,0.02430125609028152,0.01359759715067459,0.01359759715067459,0.01564973452999348,0.01564973452999348
ID_7DOD5R,0.024248715161946394,0.024248715161946394,0.03307390603999294,0.03307390603999294,0.02242097175247997,0.02242097175247997
ID_VNBIPS,0.024248715161946394,0.024248715161946394,0.028366071948877185,0.028366071948877185,0.023563386617652553,0.023563386617652553
ID_6P7N3B,0.026694128435452335,0.026694128435452335,0.02221066182365587,0.02221066182365587,0.03425547202032597,0.03425547202032597
ID_ZO2QTR,0.024328849909266065,0.024328849909266065,0.013852787586296583,0.013852787586296583,0.01950826193194576,0.01950826193194576
ID_FYU27B,0.024248715161946394,0.024248715161946394,0.028366071948877185,0.028366071948877185,0.023563386617652553,0.023563386617652553
ID_DBX7DS,0.024269419095693807,0.024269419095693807,0.014189336044942843,0.014189336044942843,0.02196027162617949,0.02196027162617949
ID_W5VGS0,0.024248715161946394,0.024248715161946394,0.03304284081661653,0.03304284081661653,0.026058013893519583,0.026058013893519583
ID_DF3WU7,0.024248715161946394,0.024248715161946394,0.028366071948877185,0.028366071948877185,0.023563386617652553,0.023563386617652553
ID_I2M4VZ,0.03504904612364496,0.03504904612364496,0.019121879526733693,0.019121879526733693,0.018421018558791927,0.018421018558791927
ID_ERFJWP,0.024269419095693807,0.024269419095693807,0.014189336044942843,0.014189336044942843,0.02196027162617949,0.02196027162617949
ID_9P61Y7,0.024248715161946394,0.024248715161946394,0.014656251245707387,0.014656251245707387,0.016594371154791374,0.016594371154791374
ID_BF8224,0.02427630898093094,0.02427630898093094,0.013766719062696862,0.013766719062696862,0.016410373882327075,0.016410373882327075
ID_KNHULM,0.024328849909266065,0.024328849909266065,0.013448106834004624,0.013448106834004624,0.015592164006101715,0.015592164006101715
ID_WZ8Q7B,0.024248715161946394,0.024248715161946394,0.028366071948877185,0.028366071948877185,0.023563386617652553,0.023563386617652553
ID_D9GW24,0.024248715161946394,0.024248715161946394,0.014871371421141682,0.014871371421141682,0.01775294867503611,0.01775294867503611
ID_R6P82I,0.025434413735447137,0.025434413735447137,0.018798538468791565,0.018798538468791565,0.0287657743237855,0.0287657743237855
ID_OEPZP1,0.024269419095693807,0.024269419095693807,0.014189336044942843,0.014189336044942843,0.02196027162617949,0.02196027162617949
ID_AWGISG,0.02430125609028152,0.02430125609028152,0.01359759715067459,0.01359759715067459,0.01564973452999348,0.01564973452999348
ID_U5TTSQ,0.024328849909266065,0.024328849909266065,0.013448106834004624,0.013448106834004624,0.015592164006101715,0.015592164006101715
ID_58G5VW,0.024248715161946394,0.024248715161946394,0.01447660679093282,0.01447660679093282,0.024225260113368736,0.024225260113368736
ID_D53KBD,0.024433541685333456,0.024433541685333456,0.013766719062696862,0.013766719062696862,0.01582976515508523,0.01582976515508523
ID_L5XIHQ,0.02427630898093094,0.02427630898093094,0.01352814122662713,0.01352814122662713,0.016377948460796595,0.016377948460796595
ID_QJGRN9,0.024328849909266065,0.024328849909266065,0.013852787586296583,0.013852787586296583,0.01950826193194576,0.01950826193194576
ID_ANC2EL,0.02430125609028152,0.02430125609028152,0.014046806733242127,0.014046806733242127,0.025061229450558463,0.025061229450558463
ID_UND8Q0,0.024269419095693807,0.024269419095693807,0.014189336044942843,0.014189336044942843,0.02196027162617949,0.02196027162617949
ID_ZAKPQT,0.024269419095693807,0.024269419095693807,0.014189336044942843,0.014189336044942843,0.02196027162617949,0.02196027162617949
ID_V44OGQ,0.024269419095693807,0.024269419095693807,0.014189336044942843,0.014189336044942843,0.02196027162617949,0.02196027162617949
ID_RXMSOV,0.02427630898093094,0.02427630898093094,0.013452575616005855,0.013452575616005855,0.015463428131403447,0.015463428131403447
ID_RD8R38,0.02427630898093094,0.02427630898093094,0.01343681702571389,0.01343681702571389,0.01579733973355475,0.01579733973355475
ID_HPEF5S,0.02427630898093094,0.02427630898093094,0.01343681702571389,0.01343681702571389,0.01579733973355475,0.01579733973355475
ID_NY1UNI,0.02427630898093094,0.02427630898093094,0.01343681702571389,0.01343681702571389,0.01579733973355475,0.01579733973355475
ID_GS6HXS,0.026594413335737234,0.026594413335737234,0.01886947843105804,0.01886947843105804,0.030268942054871767,0.030268942054871767
ID_CPYKMJ,0.02427630898093094,0.02427630898093094,0.01343681702571389,0.01343681702571389,0.01579733973355475,0.01579733973355475
ID_V6RK3N,0.024269419095693807,0.024269419095693807,0.014189336044942843,0.014189336044942843,0.02196027162617949,0.02196027162617949
ID_VHNKKG,0.02430125609028152,0.02430125609028152,0.01359759715067459,0.01359759715067459,0.01564973452999348,0.01564973452999348
ID_912IN5,0.024328849909266065,0.024328849909266065,0.013448106834004624,0.013448106834004624,0.015592164006101715,0.015592164006101715
ID_XJ8UQJ,0.02430125609028152,0.02430125609028152,0.01359759715067459,0.01359759715067459,0.01564973452999348,0.01564973452999348
ID_SLUC5Z,0.024269419095693807,0.024269419095693807,0.014189336044942843,0.014189336044942843,0.02196027162617949,0.02196027162617949
ID_B3GS6V,0.024248715161946394,0.024248715161946394,0.03307390603999294,0.03307390603999294,0.02242097175247997,0.02242097175247997
ID_HCZVFD,0.024248715161946394,0.024248715161946394,0.03307390603999294,0.03307390603999294,0.02242097175247997,0.02242097175247997
ID_11LXBP,0.024328849909266065,0.024328849909266065,0.013852787586296583,0.013852787586296583,0.01950826193194576,0.01950826193194576
ID_943TOK,0.02427630898093094,0.02427630898093094,0.013766719062696862,0.013766719062696862,0.016410373882327075,0.016410373882327075
ID_98OF3U,0.02430125609028152,0.02430125609028152,0.01359759715067459,0.01359759715067459,0.01564973452999348,0.01564973452999348
ID_AIQRMM,0.024269419095693807,0.024269419095693807,0.014189336044942843,0.014189336044942843,0.02196027162617949,0.02196027162617949
ID_8AKZAI,0.026694128435452335,0.026694128435452335,0.022387731323434534,0.022387731323434534,0.032653294751473175,0.032653294751473175
ID_3ERPGD,0.024269419095693807,0.024269419095693807,0.014189336044942843,0.014189336044942843,0.02196027162617949,0.02196027162617949
ID_9N2BZ0,0.024248715161946394,0.024248715161946394,0.03307390603999294,0.03307390603999294,0.02242097175247997,0.02242097175247997
ID_ELGE1U,0.024248715161946394,0.024248715161946394,0.03307390603999294,0.03307390603999294,0.02242097175247997,0.02242097175247997
ID_NSSWZI,0.024269419095693807,0.024269419095693807,0.014189336044942843,0.014189336044942843,0.02196027162617949,0.02196027162617949
ID_RI54E7,0.024328849909266065,0.024328849909266065,0.013852787586296583,0.013852787586296583,0.01950826193194576,0.01950826193194576
ID_7E6BAM,0.024248715161946394,0.024248715161946394,0.028366071948877185,0.028366071948877185,0.023563386617652553,0.023563386617652553
ID_8T01EV,0.024328849909266065,0.024328849909266065,0.013976539951013469,0.013976539951013469,0.01593502481051831,0.01593502481051831
ID_XQNM9U,0.024248715161946394,0.024248715161946394,0.028366071948877185,0.028366071948877185,0.023563386617652553,0.023563386617652553
ID_5T9X89,0.024328849909266065,0.024328849909266065,0.013448106834004624,0.013448106834004624,0.015592164006101715,0.015592164006101715
ID_UNCSDQ,0.04358347686678117,0.04358347686678117,0.02860017157104102,0.02860017157104102,0.019276847893381306,0.019276847893381306
ID_NN5TUZ,0.025434413735447137,0.025434413735447137,0.018798538468791565,0.018798538468791565,0.0287657743237855,0.0287657743237855
ID_VRS6GC,0.20875194771849534,0.20875194771849534,0.27097593754992355,0.27097593754992355,0.4169277042322856,0.4169277042322856
ID_13DMQK,0.024328849909266065,0.024328849909266065,0.013889032381204315,0.013889032381204315,0.019659083899956985,0.019659083899956985
ID_ZP9WX2,0.024328849909266065,0.024328849909266065,0.013448106834004624,0.013448106834004624,0.015592164006101715,0.015592164006101715
ID_1I109E,0.024248715161946394,0.024248715161946394,0.028366071948877185,0.028366071948877185,0.023563386617652553,0.023563386617652553
ID_VSSJY6,0.02427630898093094,0.02427630898093094,0.01352814122662713,0.01352814122662713,0.016377948460796595,0.016377948460796595
ID_IEMM1P,0.024248715161946394,0.024248715161946394,0.01447660679093282,0.01447660679093282,0.024225260113368736,0.024225260113368736
ID_1ZVAM5,0.024248715161946394,0.024248715161946394,0.01447660679093282,0.01447660679093282,0.024225260113368736,0.024225260113368736
ID_YOQAQP,0.024328849909266065,0.024328849909266065,0.013448106834004624,0.013448106834004624,0.015592164006101715,0.015592164006101715
ID_ZHA6W2,0.024248715161946394,0.024248715161946394,0.013674068958353783,0.013674068958353783,0.0161331924538406,0.0161331924538406
ID_F3ZEOL,0.024248715161946394,0.024248715161946394,0.028366071948877185,0.028366071948877185,0.023563386617652553,0.023563386617652553
ID_4LITIF,0.024248715161946394,0.024248715161946394,0.028366071948877185,0.028366071948877185,0.023563386617652553,0.023563386617652553
ID_5ETGVM,0.024328849909266065,0.024328849909266065,0.014502031563044674,0.014502031563044674,0.018685724553617694,0.018685724553617694
ID_PQC182,0.025434413735447137,0.025434413735447137,0.018798538468791565,0.018798538468791565,0.0287657743237855,0.0287657743237855
ID_CS57AE,0.024269419095693807,0.024269419095693807,0.014189336044942843,0.014189336044942843,0.02196027162617949,0.02196027162617949
ID_9DOYYB,0.024248715161946394,0.024248715161946394,0.03307390603999294,0.03307390603999294,0.02242097175247997,0.02242097175247997
ID_3L5YZU,0.024328849909266065,0.024328849909266065,0.013448106834004624,0.013448106834004624,0.015592164006101715,0.015592164006101715
ID_6XOCO5,0.025434413735447137,0.025434413735447137,0.018798538468791565,0.018798538468791565,0.0287657743237855,0.0287657743237855
ID_9X5DUT,0.02430125609028152,0.02430125609028152,0.01359759715067459,0.01359759715067459,0.01564973452999348,0.01564973452999348
ID_SH20YB,0.024248715161946394,0.024248715161946394,0.016012892579615495,0.016012892579615495,0.024867351209832876,0.024867351209832876
ID_FHGVV9,0.024269419095693807,0.024269419095693807,0.014189336044942843,0.014189336044942843,0.02196027162617949,0.02196027162617949
ID_L4O697,0.02430125609028152,0.02430125609028152,0.01359759715067459,0.01359759715067459,0.01564973452999348,0.01564973452999348
ID_FC6AVA,0.024248715161946394,0.024248715161946394,0.01456580926571882,0.01456580926571882,0.024355205811655397,0.024355205811655397
ID_IX1XZE,0.024248715161946394,0.024248715161946394,0.014602801936789435,0.014602801936789435,0.01765720292908103,0.01765720292908103
ID_WLB3OY,0.024328849909266065,0.024328849909266065,0.013448106834004624,0.013448106834004624,0.015592164006101715,0.015592164006101715
ID_IVGM81,0.024248715161946394,0.024248715161946394,0.03307390603999294,0.03307390603999294,0.02242097175247997,0.02242097175247997
ID_OU57VU,0.14512358359501293,0.14512358359501293,0.21190003051304582,0.21190003051304582,0.21244948012454462,0.21244948012454462
ID_5ESG41,0.02430125609028152,0.02430125609028152,0.01359759715067459,0.01359759715067459,0.01564973452999348,0.01564973452999348
ID_J8UC33,0.024248715161946394,0.024248715161946394,0.018234232399289414,0.018234232399289414,0.024936656599551785,0.024936656599551785
ID_RZTGRM,0.024248715161946394,0.024248715161946394,0.028960414581970587,0.028960414581970587,0.025081341602316815,0.025081341602316815
ID_X20N3V,0.02483911837534417,0.02483911837534417,0.025720382733327683,0.025720382733327683,0.028527882979858376,0.028527882979858376
ID_FJEDHF,0.024248715161946394,0.024248715161946394,0.0367579242159634,0.0367579242159634,0.057000582688848986,0.057000582688848986
ID_SJE34O,0.024248715161946394,0.024248715161946394,0.014292827771818947,0.014292827771818947,0.017365312778870955,0.017365312778870955
ID_RZ9Y4F,0.024489106319522475,0.024489106319522475,0.028191467129032498,0.028191467129032498,0.07994706646609998,0.07994706646609998
ID_RS03YH,0.024248715161946394,0.024248715161946394,0.022214327744153786,0.022214327744153786,0.021156863716104146,0.021156863716104146
ID_T3ZPB4,0.024248715161946394,0.024248715161946394,0.015068364659060465,0.015068364659060465,0.01903831370571145,0.01903831370571145
ID_BKMKQW,0.024248715161946394,0.024248715161946394,0.015235042273163725,0.015235042273163725,0.01854102159243764,0.01854102159243764
ID_VR1KM6,0.024248715161946394,0.024248715161946394,0.04562046493326664,0.04562046493326664,0.06435629079757287,0.06435629079757287
ID_SVZ7XA,0.024248715161946394,0.024248715161946394,0.018234232399289414,0.018234232399289414,0.024936656599551785,0.024936656599551785
ID_FXZJ9P,0.025117847434530462,0.025117847434530462,0.03445317302310189,0.03445317302310189,0.02046615435182083,0.02046615435182083
ID_KNMLWQ,0.02468896822519402,0.02468896822519402,0.030535990534580996,0.030535990534580996,0.026340214422108234,0.026340214422108234
ID_IKARHH,0.02440594786634891,0.02440594786634891,0.01757903999814703,0.01757903999814703,0.02373043926762176,0.02373043926762176
ID_EG3WG1,0.024248715161946394,0.024248715161946394,0.0367579242159634,0.0367579242159634,0.057000582688848986,0.057000582688848986
ID_5YP67S,0.024248715161946394,0.024248715161946394,0.018234232399289414,0.018234232399289414,0.024936656599551785,0.024936656599551785
ID_KHCER6,0.024248715161946394,0.024248715161946394,0.0367579242159634,0.0367579242159634,0.057000582688848986,0.057000582688848986
ID_LB1ZVJ,0.024248715161946394,0.024248715161946394,0.018234232399289414,0.018234232399289414,0.024936656599551785,0.024936656599551785
ID_HXW1NS,0.024248715161946394,0.024248715161946394,0.01503842072670044,0.01503842072670044,0.018722913987112524,0.018722913987112524
ID_025265,0.025676575437846343,0.025676575437846343,0.026647982837762034,0.026647982837762034,0.09042342777133466,0.09042342777133466
ID_TUZVTJ,0.024248715161946394,0.024248715161946394,0.03312853378096593,0.03312853378096593,0.055093527794944086,0.055093527794944086
ID_8412IY,0.024248715161946394,0.024248715161946394,0.014850458407425961,0.014850458407425961,0.01998201765212565,0.01998201765212565
ID_YS28JJ,0.024248715161946394,0.024248715161946394,0.03312853378096593,0.03312853378096593,0.055093527794944086,0.055093527794944086
ID_KV57PL,0.025676575437846343,0.025676575437846343,0.026647982837762034,0.026647982837762034,0.09042342777133466,0.09042342777133466
ID_R7MUTH,0.02483911837534417,0.02483911837534417,0.025720382733327683,0.025720382733327683,0.028527882979858376,0.028527882979858376
ID_7W8OTR,0.025117847434530462,0.025117847434530462,0.03445317302310189,0.03445317302310189,0.02046615435182083,0.02046615435182083
ID_RLR27L,0.024248715161946394,0.024248715161946394,0.015026715223321977,0.015026715223321977,0.017728158930837984,0.017728158930837984
ID_K810PX,0.025117847434530462,0.025117847434530462,0.03445317302310189,0.03445317302310189,0.02046615435182083,0.02046615435182083
ID_IV0V7P,0.024248715161946394,0.024248715161946394,0.03657674964221046,0.03657674964221046,0.061174990123629626,0.061174990123629626
ID_JWVELH,0.024248715161946394,0.024248715161946394,0.015068364659060465,0.015068364659060465,0.01903831370571145,0.01903831370571145
ID_YK437J,0.024248715161946394,0.024248715161946394,0.022674596313924645,0.022674596313924645,0.021639828638857262,0.021639828638857262
ID_M8HQOP,0.024248715161946394,0.024248715161946394,0.015068364659060465,0.015068364659060465,0.01903831370571145,0.01903831370571145
ID_P53TGF,0.024248715161946394,0.024248715161946394,0.015120887348372962,0.015120887348372962,0.018514978429422502,0.018514978429422502
ID_0GMSEZ,0.025117847434530462,0.025117847434530462,0.03445317302310189,0.03445317302310189,0.02046615435182083,0.02046615435182083
ID_O8GCOX,0.024248715161946394,0.024248715161946394,0.022772298974424367,0.022772298974424367,0.020839886330889196,0.020839886330889196
ID_IZ6LA1,0.024248715161946394,0.024248715161946394,0.029786612412693696,0.029786612412693696,0.022306815066460085,0.022306815066460085
ID_BTYO7S,0.024248715161946394,0.024248715161946394,0.03220917406347798,0.03220917406347798,0.02238725361272142,0.02238725361272142
ID_C4SULL,0.024248715161946394,0.024248715161946394,0.022674596313924645,0.022674596313924645,0.021639828638857262,0.021639828638857262
ID_78O60N,0.024248715161946394,0.024248715161946394,0.02630132014948012,0.02630132014948012,0.03701671743716485,0.03701671743716485
ID_5PJW4M,0.025117847434530462,0.025117847434530462,0.03445317302310189,0.03445317302310189,0.02046615435182083,0.02046615435182083
ID_QW7JWQ,0.024248715161946394,0.024248715161946394,0.015695553061391018,0.015695553061391018,0.019640274862919162,0.019640274862919162
ID_6FCK76,0.024248715161946394,0.024248715161946394,0.03171816995759122,0.03171816995759122,0.021468797770400786,0.021468797770400786
ID_J5T35I,0.024248715161946394,0.024248715161946394,0.047026624632912455,0.047026624632912455,0.058469554312537295,0.058469554312537295
ID_FIKPR0,0.024248715161946394,0.024248715161946394,0.015235042273163725,0.015235042273163725,0.01854102159243764,0.01854102159243764
ID_U4XVP2,0.024248715161946394,0.024248715161946394,0.03098154015000472,0.03098154015000472,0.02498026330544212,0.02498026330544212
ID_5DLUXE,0.02427630898093094,0.02427630898093094,0.023875675785791677,0.023875675785791677,0.03377614676440961,0.03377614676440961
ID_X86LHN,0.024248715161946394,0.024248715161946394,0.016384020097721372,0.016384020097721372,0.03318562531038632,0.03318562531038632
ID_14Q6RD,0.025117847434530462,0.025117847434530462,0.03445317302310189,0.03445317302310189,0.02046615435182083,0.02046615435182083
ID_2X0LF9,0.024248715161946394,0.024248715161946394,0.0148479094879693,0.0148479094879693,0.017676833265941754,0.017676833265941754
ID_PZT1O4,0.024248715161946394,0.024248715161946394,0.029786612412693696,0.029786612412693696,0.022306815066460085,0.022306815066460085
ID_T0VXOC,0.024248715161946394,0.024248715161946394,0.0313080645571598,0.0313080645571598,0.025719273081576392,0.025719273081576392
ID_B8SSFI,0.024248715161946394,0.024248715161946394,0.018234232399289414,0.018234232399289414,0.024936656599551785,0.024936656599551785
ID_2P5Y4J,0.02483911837534417,0.02483911837534417,0.025720382733327683,0.025720382733327683,0.028527882979858376,0.028527882979858376
ID_X3NJBT,0.0243514068503986,0.0243514068503986,0.02395616546148027,0.02395616546148027,0.021473060344425234,0.021473060344425234
ID_KVD9F9,0.024248715161946394,0.024248715161946394,0.022104862141974116,0.022104862141974116,0.021594444160215397,0.021594444160215397
ID_IT07FQ,0.024248715161946394,0.024248715161946394,0.03014047087971078,0.03014047087971078,0.022336665055800457,0.022336665055800457
ID_USJ774,0.024248715161946394,0.024248715161946394,0.022694278190353214,0.022694278190353214,0.018702691162639524,0.018702691162639524
ID_88K33G,0.024248715161946394,0.024248715161946394,0.016384020097721372,0.016384020097721372,0.03318562531038632,0.03318562531038632
ID_QY83BU,0.024248715161946394,0.024248715161946394,0.03386655941530909,0.03386655941530909,0.06570753058648858,0.06570753058648858
ID_UF7243,0.025676575437846343,0.025676575437846343,0.026647982837762034,0.026647982837762034,0.09042342777133466,0.09042342777133466
ID_B6RUJE,0.025117847434530462,0.025117847434530462,0.03445317302310189,0.03445317302310189,0.02046615435182083,0.02046615435182083
ID_KVI6CR,0.02457109407422727,0.02457109407422727,0.03445317302310189,0.03445317302310189,0.022897986613883113,0.022897986613883113
ID_TCPBQ5,0.024248715161946394,0.024248715161946394,0.022674596313924645,0.022674596313924645,0.021639828638857262,0.021639828638857262
ID_0A3D61,0.02483911837534417,0.02483911837534417,0.025720382733327683,0.025720382733327683,0.028527882979858376,0.028527882979858376
ID_IUNS0S,0.025117847434530462,0.025117847434530462,0.03445317302310189,0.03445317302310189,0.02046615435182083,0.02046615435182083
ID_BAL7PW,0.025117847434530462,0.025117847434530462,0.03445317302310189,0.03445317302310189,0.02046615435182083,0.02046615435182083
ID_HIBJMU,0.024248715161946394,0.024248715161946394,0.014821868096240389,0.014821868096240389,0.019560139040139275,0.019560139040139275
ID_YA57G5,0.025676575437846343,0.025676575437846343,0.026647982837762034,0.026647982837762034,0.09042342777133466,0.09042342777133466
ID_TP1FM0,0.024248715161946394,0.024248715161946394,0.022674596313924645,0.022674596313924645,0.021639828638857262,0.021639828638857262
ID_NEHNAT,0.0243514068503986,0.0243514068503986,0.01628458882188954,0.01628458882188954,0.019586151936459843,0.019586151936459843
ID_GJ6EAI,0.025117847434530462,0.025117847434530462,0.03445317302310189,0.03445317302310189,0.02046615435182083,0.02046615435182083
ID_0CIEHB,0.024248715161946394,0.024248715161946394,0.014850458407425961,0.014850458407425961,0.01998201765212565,0.01998201765212565
ID_7Y89QF,0.0243514068503986,0.0243514068503986,0.01628458882188954,0.01628458882188954,0.019586151936459843,0.019586151936459843
ID_6T0VAE,0.024347135198170684,0.024347135198170684,0.0332075821650419,0.0332075821650419,0.025291576828214098,0.025291576828214098
ID_IKW38H,0.024248715161946394,0.024248715161946394,0.03700919546941766,0.03700919546941766,0.04137818040715915,0.04137818040715915
ID_ZML7ZV,0.024248715161946394,0.024248715161946394,0.014821868096240389,0.014821868096240389,0.019560139040139275,0.019560139040139275
ID_5UAGTH,0.024248715161946394,0.024248715161946394,0.0367579242159634,0.0367579242159634,0.057000582688848986,0.057000582688848986
ID_YKM2IB,0.02483911837534417,0.02483911837534417,0.025720382733327683,0.025720382733327683,0.028527882979858376,0.028527882979858376
ID_RNJTWY,0.024248715161946394,0.024248715161946394,0.022694278190353214,0.022694278190353214,0.018702691162639524,0.018702691162639524
ID_A33GZ8,0.025117847434530462,0.025117847434530462,0.03445317302310189,0.03445317302310189,0.02046615435182083,0.02046615435182083
ID_LO3Q82,0.0243514068503986,0.0243514068503986,0.02395616546148027,0.02395616546148027,0.021473060344425234,0.021473060344425234
ID_1QHERL,0.024248715161946394,0.024248715161946394,0.015068364659060465,0.015068364659060465,0.01903831370571145,0.01903831370571145
ID_LG9GE0,0.025117847434530462,0.025117847434530462,0.03445317302310189,0.03445317302310189,0.02046615435182083,0.02046615435182083
ID_VNZ3QZ,0.02452871181493761,0.02452871181493761,0.029374115628438967,0.029374115628438967,0.025297326176649572,0.025297326176649572
ID_LIDJSX,0.025117847434530462,0.025117847434530462,0.03445317302310189,0.03445317302310189,0.02046615435182083,0.02046615435182083
ID_KNMCFG,0.025117847434530462,0.025117847434530462,0.03445317302310189,0.03445317302310189,0.02046615435182083,0.02046615435182083
ID_GG3PR8,0.024248715161946394,0.024248715161946394,0.016384020097721372,0.016384020097721372,0.03318562531038632,0.03318562531038632
ID_5NP8O2,0.024248715161946394,0.024248715161946394,0.029786612412693696,0.029786612412693696,0.022306815066460085,0.022306815066460085
ID_RGOMLT,0.024248715161946394,0.024248715161946394,0.023648403976432992,0.023648403976432992,0.03753498514011529,0.03753498514011529
ID_P5VG1W,0.024248715161946394,0.024248715161946394,0.03171816995759122,0.03171816995759122,0.021468797770400786,0.021468797770400786
ID_0MM662,0.025117847434530462,0.025117847434530462,0.03445317302310189,0.03445317302310189,0.02046615435182083,0.02046615435182083
ID_J5Y7PU,0.024248715161946394,0.024248715161946394,0.022674596313924645,0.022674596313924645,0.021639828638857262,0.021639828638857262
ID_ZEHDY0,0.024248715161946394,0.024248715161946394,0.047026624632912455,0.047026624632912455,0.058469554312537295,0.058469554312537295
ID_RIZO46,0.024248715161946394,0.024248715161946394,0.03700919546941766,0.03700919546941766,0.04137818040715915,0.04137818040715915
ID_QSKCAZ,0.025117847434530462,0.025117847434530462,0.03445317302310189,0.03445317302310189,0.02046615435182083,0.02046615435182083
ID_JKMK9T,0.024248715161946394,0.024248715161946394,0.015068364659060465,0.015068364659060465,0.01903831370571145,0.01903831370571145
ID_3C2BK1,0.025117847434530462,0.025117847434530462,0.03445317302310189,0.03445317302310189,0.02046615435182083,0.02046615435182083
ID_86AMRV,0.025117847434530462,0.025117847434530462,0.03445317302310189,0.03445317302310189,0.02046615435182083,0.02046615435182083
ID_KKMWCT,0.024248715161946394,0.024248715161946394,0.018234232399289414,0.018234232399289414,0.024936656599551785,0.024936656599551785
ID_KFTO2Q,0.025117847434530462,0.025117847434530462,0.03445317302310189,0.03445317302310189,0.02046615435182083,0.02046615435182083
ID_C9EOF9,0.025117847434530462,0.025117847434530462,0.03445317302310189,0.03445317302310189,0.02046615435182083,0.02046615435182083
ID_VCCV99,0.025117847434530462,0.025117847434530462,0.03445317302310189,0.03445317302310189,0.02046615435182083,0.02046615435182083
ID_11L375,0.02468896822519402,0.02468896822519402,0.030535990534580996,0.030535990534580996,0.026340214422108234,0.026340214422108234
ID_Z0ZX8Q,0.024416684864546803,0.024416684864546803,0.024028673610462202,0.024028673610462202,0.026255580222361543,0.026255580222361543
ID_0XYW8F,0.025117847434530462,0.025117847434530462,0.03445317302310189,0.03445317302310189,0.02046615435182083,0.02046615435182083
ID_0221N3,0.025117847434530462,0.025117847434530462,0.03445317302310189,0.03445317302310189,0.02046615435182083,0.02046615435182083
ID_X5LN7Q,0.0243514068503986,0.0243514068503986,0.03118679082950626,0.03118679082950626,0.023003764407033545,0.023003764407033545
ID_TN8FUY,0.024248715161946394,0.024248715161946394,0.01503842072670044,0.01503842072670044,0.018722913987112524,0.018722913987112524
ID_3S3Q6C,0.024248715161946394,0.024248715161946394,0.022674596313924645,0.022674596313924645,0.021639828638857262,0.021639828638857262
ID_TQK7PN,0.024248715161946394,0.024248715161946394,0.029786612412693696,0.029786612412693696,0.022306815066460085,0.022306815066460085
ID_026QJO,0.02483911837534417,0.02483911837534417,0.025720382733327683,0.025720382733327683,0.028527882979858376,0.028527882979858376
ID_GI6XEF,0.025117847434530462,0.025117847434530462,0.03445317302310189,0.03445317302310189,0.02046615435182083,0.02046615435182083
ID_KQKFQH,0.024248715161946394,0.024248715161946394,0.014292827771818947,0.014292827771818947,0.017365312778870955,0.017365312778870955
ID_569S5F,0.025117847434530462,0.025117847434530462,0.03445317302310189,0.03445317302310189,0.02046615435182083,0.02046615435182083
ID_087YXO,0.025117847434530462,0.025117847434530462,0.03445317302310189,0.03445317302310189,0.02046615435182083,0.02046615435182083
ID_GHFIYF,0.02452871181493761,0.02452871181493761,0.03144281881220617,0.03144281881220617,0.025984722237089093,0.025984722237089093
ID_M2VJSV,0.02483911837534417,0.02483911837534417,0.025720382733327683,0.025720382733327683,0.028527882979858376,0.028527882979858376
ID_J41EOZ,0.024248715161946394,0.024248715161946394,0.03700919546941766,0.03700919546941766,0.04137818040715915,0.04137818040715915
ID_L9AYVK,0.024248715161946394,0.024248715161946394,0.018234232399289414,0.018234232399289414,0.024936656599551785,0.024936656599551785
ID_7LRO3G,0.025117847434530462,0.025117847434530462,0.03445317302310189,0.03445317302310189,0.02046615435182083,0.02046615435182083
ID_6FXFJ0,0.025676575437846343,0.025676575437846343,0.026647982837762034,0.026647982837762034,0.09042342777133466,0.09042342777133466
ID_99UIDN,0.3083032514794397,0.3083032514794397,0.3236325348034647,0.3236325348034647,0.38966937543389957,0.38966937543389957
ID_9ZXQCO,0.17364317407209762,0.17364317407209762,0.29802505777702243,0.29802505777702243,0.4636269663638035,0.4636269663638035
ID_KEVQ52,0.24343288347586045,0.24343288347586045,0.2397632051682096,0.2397632051682096,0.4333309438797469,0.4333309438797469
ID_4OHGZ7,0.27424717259812614,0.27424717259812614,0.26798204237284545,0.26798204237284545,0.22070737422253575,0.22070737422253575
ID_BTUU06,0.22485860409424283,0.22485860409424283,0.26107692171995417,0.26107692171995417,0.21635435550511642,0.21635435550511642
ID_G7Z3UK,0.2565897123397246,0.2565897123397246,0.2725674273535048,0.2725674273535048,0.23074785381473675,0.23074785381473675
ID_E5C3ZB,0.25041878232240156,0.25041878232240156,0.33522174025003426,0.33522174025003426,0.5537410146718513,0.5537410146718513
ID_EPH6A9,0.309865293403772,0.309865293403772,0.3181368303511278,0.3181368303511278,0.34050451191029574,0.34050451191029574
ID_Z0SOKW,0.23928468950454995,0.23928468950454995,0.3059052691405343,0.3059052691405343,0.38390497023398057,0.38390497023398057
ID_WNJ45A,0.3096821421613243,0.3096821421613243,0.4090143548402094,0.4090143548402094,0.4348416411843577,0.4348416411843577
ID_4E33DR,0.29679325637105475,0.29679325637105475,0.2511596585813126,0.2511596585813126,0.28467852980603103,0.28467852980603103
ID_NHY4V0,0.2986733340705784,0.2986733340705784,0.40389827551625007,0.40389827551625007,0.5797170249520962,0.5797170249520962
ID_NNBK1Y,0.2995801649225901,0.2995801649225901,0.3408677839761178,0.3408677839761178,0.3465484853833409,0.3465484853833409
ID_CV1BRR,0.4042773892404809,0.4042773892404809,0.4160557667758602,0.4160557667758602,0.42315208959806033,0.42315208959806033
ID_X70RUE,0.28646196225681464,0.28646196225681464,0.3079148256796078,0.3079148256796078,0.5522925481162018,0.5522925481162018
ID_ZYKJPD,0.4015759473777608,0.4015759473777608,0.3762238823498048,0.3762238823498048,0.4745179152798066,0.4745179152798066
ID_RFKV4T,0.252284282663851,0.252284282663851,0.3373688468588307,0.3373688468588307,0.5760660517197795,0.5760660517197795
ID_46V35V,0.27381956296615895,0.27381956296615895,0.31199374085209913,0.31199374085209913,0.6044559824015094,0.6044559824015094
ID_HXFJXO,0.2502518215357694,0.2502518215357694,0.28068202367959394,0.28068202367959394,0.3998214597946286,0.3998214597946286
ID_766C2X,0.22476326790974052,0.22476326790974052,0.32621478159584155,0.32621478159584155,0.30905100574337036,0.30905100574337036
ID_B522KP,0.5054881450346793,0.5054881450346793,0.4620370352421408,0.4620370352421408,0.436201807437559,0.436201807437559
ID_NNZRQ5,0.024248715161946394,0.024248715161946394,0.01790554088840748,0.01790554088840748,0.017358283016451086,0.017358283016451086
ID_6REZPV,0.024269419095693807,0.024269419095693807,0.017376057685434366,0.017376057685434366,0.014336076247252019,0.014336076247252019
ID_0B522U,0.024269419095693807,0.024269419095693807,0.013866776911499283,0.013866776911499283,0.014597303983310637,0.014597303983310637
ID_YDE5FQ,0.024328849909266065,0.024328849909266065,0.019177532732394045,0.019177532732394045,0.01981377573452855,0.01981377573452855
ID_QPQC3A,0.024248715161946394,0.024248715161946394,0.013527676358208897,0.013527676358208897,0.013414525928309128,0.013414525928309128
ID_QFC5OG,0.024248715161946394,0.024248715161946394,0.01782088263897665,0.01782088263897665,0.01525691838997039,0.01525691838997039
ID_RDR60H,0.024328849909266065,0.024328849909266065,0.01915682743210066,0.01915682743210066,0.026783159013812494,0.026783159013812494
ID_MIR1LK,0.024248715161946394,0.024248715161946394,0.01790554088840748,0.01790554088840748,0.017358283016451086,0.017358283016451086
ID_I3HT44,0.024248715161946394,0.024248715161946394,0.0140973507136837,0.0140973507136837,0.01372655178112506,0.01372655178112506
ID_OUCMMB,0.029828554389553365,0.029828554389553365,0.03201242523102831,0.03201242523102831,0.03402099351769233,0.03402099351769233
ID_K1OC1B,0.024248715161946394,0.024248715161946394,0.01782088263897665,0.01782088263897665,0.01525691838997039,0.01525691838997039
ID_KZ62H4,0.024248715161946394,0.024248715161946394,0.013466103595970448,0.013466103595970448,0.015244690802201973,0.015244690802201973
ID_UMT74G,0.024269419095693807,0.024269419095693807,0.013866776911499283,0.013866776911499283,0.014597303983310637,0.014597303983310637
ID_N8VDI6,0.024269419095693807,0.024269419095693807,0.017523614955186586,0.017523614955186586,0.014686190224170321,0.014686190224170321
ID_E2CZGL,0.024248715161946394,0.024248715161946394,0.014038971489465351,0.014038971489465351,0.013809630989820033,0.013809630989820033
ID_WFD1TM,0.024248715161946394,0.024248715161946394,0.01790554088840748,0.01790554088840748,0.017358283016451086,0.017358283016451086
ID_RNAW7W,0.024248715161946394,0.024248715161946394,0.01712604162029047,0.01712604162029047,0.0142651601528367,0.0142651601528367
ID_BD754O,0.02427630898093094,0.02427630898093094,0.01930974616554525,0.01930974616554525,0.017773322380064266,0.017773322380064266
ID_HAG65N,0.024248715161946394,0.024248715161946394,0.013527676358208897,0.013527676358208897,0.013414525928309128,0.013414525928309128
ID_92CEAO,0.024248715161946394,0.024248715161946394,0.01343880356867042,0.01343880356867042,0.01801360355930052,0.01801360355930052
ID_MO5XSX,0.024248715161946394,0.024248715161946394,0.014038971489465351,0.014038971489465351,0.013809630989820033,0.013809630989820033
ID_WDQMGW,0.024248715161946394,0.024248715161946394,0.013869253716772749,0.013869253716772749,0.013485558531139584,0.013485558531139584
ID_NCVJVG,0.024248715161946394,0.024248715161946394,0.014038971489465351,0.014038971489465351,0.013809630989820033,0.013809630989820033
ID_SE5AT9,0.06737796093508208,0.06737796093508208,0.04298299206548622,0.04298299206548622,0.13418915287337593,0.13418915287337593
ID_452A1U,0.024248715161946394,0.024248715161946394,0.013527676358208897,0.013527676358208897,0.013414525928309128,0.013414525928309128
ID_WY389E,0.024269419095693807,0.024269419095693807,0.013866776911499283,0.013866776911499283,0.014597303983310637,0.014597303983310637
ID_Z5G2VW,0.024269419095693807,0.024269419095693807,0.014068542298722385,0.014068542298722385,0.01544559870551936,0.01544559870551936
ID_8QW09D,0.024248715161946394,0.024248715161946394,0.01350635574148575,0.01350635574148575,0.02087948674703429,0.02087948674703429
ID_9W65RB,0.024248715161946394,0.024248715161946394,0.01790554088840748,0.01790554088840748,0.017358283016451086,0.017358283016451086
ID_IAR1TC,0.024580354274042742,0.024580354274042742,0.019578722258631234,0.019578722258631234,0.021755995871942768,0.021755995871942768
ID_2PVFDX,0.024248715161946394,0.024248715161946394,0.017161535002135103,0.017161535002135103,0.014262534888662736,0.014262534888662736
ID_T5TMGO,0.23282617004314551,0.23282617004314551,0.10306946489048723,0.10306946489048723,0.23658326861380685,0.23658326861380685
ID_IIJINI,0.024269419095693807,0.024269419095693807,0.013866776911499283,0.013866776911499283,0.014597303983310637,0.014597303983310637
ID_JYRV1A,0.026192021694171546,0.026192021694171546,0.019788984091222973,0.019788984091222973,0.02131594826067522,0.02131594826067522
ID_BRIWDT,0.024269419095693807,0.024269419095693807,0.013866776911499283,0.013866776911499283,0.014597303983310637,0.014597303983310637
ID_KVYYM5,0.02427630898093094,0.02427630898093094,0.01887376435012335,0.01887376435012335,0.014797336255975764,0.014797336255975764
ID_FMLX4W,0.024328849909266065,0.024328849909266065,0.01778931119223446,0.01778931119223446,0.019394703943503552,0.019394703943503552
ID_UX47K8,0.024248715161946394,0.024248715161946394,0.014038971489465351,0.014038971489465351,0.013809630989820033,0.013809630989820033
ID_QRS3Q0,0.024248715161946394,0.024248715161946394,0.01712604162029047,0.01712604162029047,0.0142651601528367,0.0142651601528367
ID_UU46AR,0.024248715161946394,0.024248715161946394,0.014038971489465351,0.014038971489465351,0.013809630989820033,0.013809630989820033
ID_FVZ6BG,0.024248715161946394,0.024248715161946394,0.014038971489465351,0.014038971489465351,0.013809630989820033,0.013809630989820033
ID_APXA0T,0.024269419095693807,0.024269419095693807,0.017376057685434366,0.017376057685434366,0.014336076247252019,0.014336076247252019
ID_JAUDVH,0.024248715161946394,0.024248715161946394,0.01712604162029047,0.01712604162029047,0.014262534888662736,0.014262534888662736
ID_78D5FE,0.024269419095693807,0.024269419095693807,0.013866776911499283,0.013866776911499283,0.014597303983310637,0.014597303983310637
ID_ZEPE89,0.024248715161946394,0.024248715161946394,0.01712604162029047,0.01712604162029047,0.014262534888662736,0.014262534888662736
ID_EGC3FR,0.024269419095693807,0.024269419095693807,0.013866776911499283,0.013866776911499283,0.014597303983310637,0.014597303983310637
ID_5VF785,0.024248715161946394,0.024248715161946394,0.013466103595970448,0.013466103595970448,0.01746942464475253,0.01746942464475253
ID_AFNCWF,0.024269419095693807,0.024269419095693807,0.017523614955186586,0.017523614955186586,0.014686190224170321,0.014686190224170321
ID_NO738V,0.024269419095693807,0.024269419095693807,0.017523614955186586,0.017523614955186586,0.014686190224170321,0.014686190224170321
ID_T24610,0.024248715161946394,0.024248715161946394,0.013869253716772749,0.013869253716772749,0.013485558531139584,0.013485558531139584
ID_B6UXCI,0.05095452723368002,0.05095452723368002,0.07222686219941246,0.07222686219941246,0.12054055773516328,0.12054055773516328
ID_G17P84,0.024269419095693807,0.024269419095693807,0.013931376394703418,0.013931376394703418,0.017588142028218318,0.017588142028218318
ID_I8PCQM,0.024269419095693807,0.024269419095693807,0.013866776911499283,0.013866776911499283,0.014597303983310637,0.014597303983310637
ID_LK2JX0,0.024248715161946394,0.024248715161946394,0.014038971489465351,0.014038971489465351,0.013809630989820033,0.013809630989820033
ID_A2QCM8,0.024269419095693807,0.024269419095693807,0.013853671065667515,0.013853671065667515,0.014465643044120152,0.014465643044120152
ID_B7QGQV,0.024269419095693807,0.024269419095693807,0.013759309677701476,0.013759309677701476,0.014314821076108928,0.014314821076108928
ID_NX6J76,0.024248715161946394,0.024248715161946394,0.013527676358208897,0.013527676358208897,0.013414525928309128,0.013414525928309128
ID_2L8F6L,0.024248715161946394,0.024248715161946394,0.013813414886947739,0.013813414886947739,0.026316183605746647,0.026316183605746647
ID_RNO3VS,0.024248715161946394,0.024248715161946394,0.013527676358208897,0.013527676358208897,0.013414525928309128,0.013414525928309128
ID_WNRVPK,0.024269419095693807,0.024269419095693807,0.017376057685434366,0.017376057685434366,0.014336076247252019,0.014336076247252019
ID_R6NB1B,0.024269419095693807,0.024269419095693807,0.013853671065667515,0.013853671065667515,0.014465643044120152,0.014465643044120152
ID_64SW9F,0.024248715161946394,0.024248715161946394,0.013316104142374668,0.013316104142374668,0.012389258291352357,0.012389258291352357
ID_4GDTVN,0.024248715161946394,0.024248715161946394,0.013527676358208897,0.013527676358208897,0.013414525928309128,0.013414525928309128
ID_TDEU9C,0.024248715161946394,0.024248715161946394,0.013624456723444716,0.013624456723444716,0.01600031181724377,0.01600031181724377
ID_SJVVC9,0.024248715161946394,0.024248715161946394,0.01782088263897665,0.01782088263897665,0.01525691838997039,0.01525691838997039
ID_25Z5FR,0.024248715161946394,0.024248715161946394,0.013527676358208897,0.013527676358208897,0.013414525928309128,0.013414525928309128
ID_L34AJW,0.024269419095693807,0.024269419095693807,0.017523614955186586,0.017523614955186586,0.014686190224170321,0.014686190224170321
ID_ZOSYAP,0.024269419095693807,0.024269419095693807,0.013759309677701476,0.013759309677701476,0.014314821076108928,0.014314821076108928
ID_CI0346,0.024248715161946394,0.024248715161946394,0.014038971489465351,0.014038971489465351,0.013809630989820033,0.013809630989820033
ID_VGEYOE,0.024248715161946394,0.024248715161946394,0.019140924506724784,0.019140924506724784,0.014555031280655478,0.014555031280655478
ID_O9X1LL,0.024248715161946394,0.024248715161946394,0.01790554088840748,0.01790554088840748,0.017358283016451086,0.017358283016451086
ID_M5NPEN,0.024269419095693807,0.024269419095693807,0.013866776911499283,0.013866776911499283,0.014597303983310637,0.014597303983310637
ID_YD2GMW,0.024248715161946394,0.024248715161946394,0.01331364226491279,0.01331364226491279,0.012315585298351892,0.012315585298351892
ID_ETCHDH,0.02427630898093094,0.02427630898093094,0.01887376435012335,0.01887376435012335,0.014797336255975764,0.014797336255975764
ID_J78U93,0.024248715161946394,0.024248715161946394,0.014038971489465351,0.014038971489465351,0.013809630989820033,0.013809630989820033
ID_5A0ZN0,0.024248715161946394,0.024248715161946394,0.01790554088840748,0.01790554088840748,0.017358283016451086,0.017358283016451086
ID_CY607Z,0.024248715161946394,0.024248715161946394,0.01782088263897665,0.01782088263897665,0.01525691838997039,0.01525691838997039
ID_KXY99G,0.024248715161946394,0.024248715161946394,0.01790554088840748,0.01790554088840748,0.017358283016451086,0.017358283016451086
ID_TJMU1U,0.024248715161946394,0.024248715161946394,0.017161535002135103,0.017161535002135103,0.014262534888662736,0.014262534888662736
ID_987N4I,0.024248715161946394,0.024248715161946394,0.017161535002135103,0.017161535002135103,0.014262534888662736,0.014262534888662736
ID_MV3Y4E,0.31255774470977443,0.31255774470977443,0.29782124682009664,0.29782124682009664,0.35355041119846276,0.35355041119846276
ID_G4C6ER,0.26211453066693435,0.26211453066693435,0.27836540134733356,0.27836540134733356,0.39841980550715994,0.39841980550715994
ID_QJEGY8,0.26211453066693435,0.26211453066693435,0.27836540134733356,0.27836540134733356,0.39841980550715994,0.39841980550715994
ID_F3SZAG,0.29281329810734585,0.29281329810734585,0.3151004771256252,0.3151004771256252,0.4657530488371109,0.4657530488371109
ID_SDLCZW,0.2337310343983943,0.2337310343983943,0.19270589841405492,0.19270589841405492,0.3065848069915522,0.3065848069915522
ID_8AQIX3,0.2337310343983943,0.2337310343983943,0.19270589841405492,0.19270589841405492,0.3065848069915522,0.3065848069915522
ID_CZ9O4I,0.31255774470977443,0.31255774470977443,0.29782124682009664,0.29782124682009664,0.35355041119846276,0.35355041119846276
ID_3J4A5T,0.024248715161946394,0.024248715161946394,0.013443326649005721,0.013443326649005721,0.013619641713394675,0.013619641713394675
ID_4PIPGN,0.2337310343983943,0.2337310343983943,0.1921914650536541,0.1921914650536541,0.3177967992971382,0.3177967992971382
ID_SVI077,0.26209791190652754,0.26209791190652754,0.27755460036506313,0.27755460036506313,0.3748514223386532,0.3748514223386532
ID_PCP2DX,0.2973291889900265,0.2973291889900265,0.29688012877353387,0.29688012877353387,0.33275354005485214,0.33275354005485214
ID_NHGKW9,0.2689881786529484,0.2689881786529484,0.26126228755061287,0.26126228755061287,0.3559868221886535,0.3559868221886535
ID_PJLFLZ,0.2636061969528738,0.2636061969528738,0.26548567469229534,0.26548567469229534,0.4355079501434487,0.4355079501434487
ID_UEI7E1,0.2689881786529484,0.2689881786529484,0.26126228755061287,0.26126228755061287,0.3559868221886535,0.3559868221886535
ID_6Q3C3P,0.31726567747629547,0.31726567747629547,0.2856323316129421,0.2856323316129421,0.47016219834705586,0.47016219834705586
ID_748PIZ,0.024248715161946394,0.024248715161946394,0.013530703079174582,0.013530703079174582,0.013519589270393909,0.013519589270393909
ID_05V8OI,0.024248715161946394,0.024248715161946394,0.013728733042573233,0.013728733042573233,0.014533855314142136,0.014533855314142136
ID_PB8UGU,0.024248715161946394,0.024248715161946394,0.014100343289773819,0.014100343289773819,0.014651470203289847,0.014651470203289847
ID_18BEK3,0.05063640936957688,0.05063640936957688,0.053224781853361706,0.053224781853361706,0.07205885860377476,0.07205885860377476
ID_AKH3DX,0.024248715161946394,0.024248715161946394,0.013728733042573233,0.013728733042573233,0.014533855314142136,0.014533855314142136
ID_PG1ZJ9,0.024248715161946394,0.024248715161946394,0.013530703079174582,0.013530703079174582,0.013638002532679286,0.013638002532679286
ID_U2N5AM,0.060540463812780054,0.060540463812780054,0.05790467799278237,0.05790467799278237,0.13485976081359174,0.13485976081359174
ID_ONDIOU,0.024248715161946394,0.024248715161946394,0.013728733042573233,0.013728733042573233,0.014533855314142136,0.014533855314142136
ID_8O0VLW,0.024248715161946394,0.024248715161946394,0.013567394791382784,0.013567394791382784,0.013383987522239672,0.013383987522239672
ID_24IP3N,0.024248715161946394,0.024248715161946394,0.01377882791301148,0.01377882791301148,0.013555607017911987,0.013555607017911987
ID_X9HSZT,0.024248715161946394,0.024248715161946394,0.014120676658867865,0.014120676658867865,0.013566163452219514,0.013566163452219514
ID_DEHJ7B,0.024248715161946394,0.024248715161946394,0.013530703079174582,0.013530703079174582,0.013519589270393909,0.013519589270393909
ID_V9REXI,0.024248715161946394,0.024248715161946394,0.013384240076606928,0.013384240076606928,0.013354225384910136,0.013354225384910136
ID_Q0JIB7,0.024248715161946394,0.024248715161946394,0.013530127769583662,0.013530127769583662,0.01393503472372871,0.01393503472372871
ID_4Q4645,0.058665304997781775,0.058665304997781775,0.05741839720102119,0.05741839720102119,0.13475900922537654,0.13475900922537654
ID_ZKTVQN,0.024248715161946394,0.024248715161946394,0.013530703079174582,0.013530703079174582,0.013519589270393909,0.013519589270393909
ID_HHOTC8,0.024248715161946394,0.024248715161946394,0.013754026325709892,0.013754026325709892,0.013394245642047569,0.013394245642047569
ID_2VK1VV,0.024248715161946394,0.024248715161946394,0.013530703079174582,0.013530703079174582,0.013519589270393909,0.013519589270393909
ID_1LR1PB,0.024248715161946394,0.024248715161946394,0.013567394791382784,0.013567394791382784,0.013383987522239672,0.013383987522239672
ID_UFG3WK,0.024248715161946394,0.024248715161946394,0.013474904159206495,0.013474904159206495,0.013394245642047569,0.013394245642047569
ID_30POCS,0.024248715161946394,0.024248715161946394,0.013934084257531147,0.013934084257531147,0.013555125873094691,0.013555125873094691
ID_O1JBTD,0.024248715161946394,0.024248715161946394,0.01343880356867042,0.01343880356867042,0.013427414962259852,0.013427414962259852
ID_L28R04,0.024248715161946394,0.024248715161946394,0.013728733042573233,0.013728733042573233,0.014533855314142136,0.014533855314142136
ID_4XQIY8,0.024248715161946394,0.024248715161946394,0.013728733042573233,0.013728733042573233,0.014533855314142136,0.014533855314142136
ID_6YKZ60,0.024248715161946394,0.024248715161946394,0.013384240076606928,0.013384240076606928,0.013354225384910136,0.013354225384910136
ID_SR4OPG,0.024248715161946394,0.024248715161946394,0.013835128373761012,0.013835128373761012,0.01342265728248716,0.01342265728248716
ID_7Y58VC,0.024248715161946394,0.024248715161946394,0.013567394791382784,0.013567394791382784,0.013383987522239672,0.013383987522239672
ID_MIGRJM,0.024248715161946394,0.024248715161946394,0.013474904159206495,0.013474904159206495,0.013394245642047569,0.013394245642047569
ID_MBHYWK,0.024248715161946394,0.024248715161946394,0.013728733042573233,0.013728733042573233,0.014533855314142136,0.014533855314142136
ID_R1RKC8,0.024248715161946394,0.024248715161946394,0.013567394791382784,0.013567394791382784,0.013383987522239672,0.013383987522239672
ID_042DMN,0.024248715161946394,0.024248715161946394,0.022516199765545468,0.022516199765545468,0.015053297791056679,0.015053297791056679
ID_76QVHP,0.024248715161946394,0.024248715161946394,0.013728733042573233,0.013728733042573233,0.014533855314142136,0.014533855314142136
ID_M7ZQB5,0.05063640936957688,0.05063640936957688,0.053224781853361706,0.053224781853361706,0.07205885860377476,0.07205885860377476
ID_EVURSU,0.024248715161946394,0.024248715161946394,0.013728733042573233,0.013728733042573233,0.014533855314142136,0.014533855314142136
ID_BR285V,0.070602917157911,0.070602917157911,0.07873163056200773,0.07873163056200773,0.14967819548851827,0.14967819548851827
ID_24TLS4,0.07395135983663184,0.07395135983663184,0.0830463526853907,0.0830463526853907,0.2504623951112113,0.2504623951112113
ID_J10FQO,0.024248715161946394,0.024248715161946394,0.013728733042573233,0.013728733042573233,0.014533855314142136,0.014533855314142136
ID_UPIF9C,0.024248715161946394,0.024248715161946394,0.013474904159206495,0.013474904159206495,0.013394245642047569,0.013394245642047569
ID_J2UW6P,0.024248715161946394,0.024248715161946394,0.014024946391761406,0.014024946391761406,0.013638002532679286,0.013638002532679286
ID_FECS1U,0.024248715161946394,0.024248715161946394,0.013728733042573233,0.013728733042573233,0.014533855314142136,0.014533855314142136
ID_ZLJNIO,0.024248715161946394,0.024248715161946394,0.013728733042573233,0.013728733042573233,0.014533855314142136,0.014533855314142136
ID_HM6F95,0.024248715161946394,0.024248715161946394,0.013530703079174582,0.013530703079174582,0.013519589270393909,0.013519589270393909
ID_S17LP1,0.024248715161946394,0.024248715161946394,0.013728733042573233,0.013728733042573233,0.014533855314142136,0.014533855314142136
ID_01FXDQ,0.024248715161946394,0.024248715161946394,0.013466103595970448,0.013466103595970448,0.013638002532679286,0.013638002532679286
ID_3IPYPF,0.024248715161946394,0.024248715161946394,0.013597679942398994,0.013597679942398994,0.014673133842547339,0.014673133842547339
ID_YWE7MS,0.024248715161946394,0.024248715161946394,0.013728733042573233,0.013728733042573233,0.014533855314142136,0.014533855314142136
ID_TCB67J,0.024248715161946394,0.024248715161946394,0.013530703079174582,0.013530703079174582,0.013519589270393909,0.013519589270393909
ID_XD9SHW,0.024248715161946394,0.024248715161946394,0.013530703079174582,0.013530703079174582,0.013519589270393909,0.013519589270393909
ID_3TL22U,0.024248715161946394,0.024248715161946394,0.013995491661054382,0.013995491661054382,0.01379813176886914,0.01379813176886914
ID_I19UPL,0.05063640936957688,0.05063640936957688,0.053224781853361706,0.053224781853361706,0.07205885860377476,0.07205885860377476
ID_29ISKS,0.024248715161946394,0.024248715161946394,0.013567394791382784,0.013567394791382784,0.013383987522239672,0.013383987522239672
ID_JGCMOM,0.024248715161946394,0.024248715161946394,0.01337214422782795,0.01337214422782795,0.013355575881800082,0.013355575881800082
ID_71UMTJ,0.08010248099971465,0.08010248099971465,0.09017391227687603,0.09017391227687603,0.11740960325812827,0.11740960325812827
ID_54K01O,0.024248715161946394,0.024248715161946394,0.013530127769583662,0.013530127769583662,0.01393503472372871,0.01393503472372871
ID_1YO3DO,0.024248715161946394,0.024248715161946394,0.013384240076606928,0.013384240076606928,0.013354225384910136,0.013354225384910136
ID_27PFIW,0.024248715161946394,0.024248715161946394,0.013466103595970448,0.013466103595970448,0.013638002532679286,0.013638002532679286
ID_BKVJQA,0.024248715161946394,0.024248715161946394,0.013530703079174582,0.013530703079174582,0.013519589270393909,0.013519589270393909
ID_PUB0ZI,0.024248715161946394,0.024248715161946394,0.013474904159206495,0.013474904159206495,0.013394245642047569,0.013394245642047569
ID_V6SMN3,0.024248715161946394,0.024248715161946394,0.013728733042573233,0.013728733042573233,0.014533855314142136,0.014533855314142136
ID_0ZOFHK,0.024248715161946394,0.024248715161946394,0.013466103595970448,0.013466103595970448,0.013638002532679286,0.013638002532679286
ID_M94TW1,0.024248715161946394,0.024248715161946394,0.01344130200866886,0.01344130200866886,0.01346665095357842,0.01346665095357842
ID_C823SH,0.024248715161946394,0.024248715161946394,0.013466103595970448,0.013466103595970448,0.013638002532679286,0.013638002532679286
ID_SC50OJ,0.024248715161946394,0.024248715161946394,0.013409041663908515,0.013409041663908515,0.013398256078807675,0.013398256078807675
ID_YAUV4R,0.024248715161946394,0.024248715161946394,0.013723688393655713,0.013723688393655713,0.013759950249614414,0.013759950249614414
ID_IOMDD3,0.024248715161946394,0.024248715161946394,0.013567394791382784,0.013567394791382784,0.013383987522239672,0.013383987522239672
ID_HE3Y73,0.061657225553457554,0.061657225553457554,0.10996450774077966,0.10996450774077966,0.17584901941189662,0.17584901941189662
ID_CAWMEQ,0.024248715161946394,0.024248715161946394,0.013728733042573233,0.013728733042573233,0.014533855314142136,0.014533855314142136
ID_81IJ38,0.024248715161946394,0.024248715161946394,0.013916313822081477,0.013916313822081477,0.013741080489910072,0.013741080489910072
ID_QFUX50,0.024248715161946394,0.024248715161946394,0.013401381437340888,0.013401381437340888,0.013413146405691849,0.013413146405691849
ID_U13QTT,0.024248715161946394,0.024248715161946394,0.013519969103017594,0.013519969103017594,0.013538490034038191,0.013538490034038191
ID_UEDSUL,0.024248715161946394,0.024248715161946394,0.013680907699901884,0.013680907699901884,0.013413146405691849,0.013413146405691849
ID_0TWM69,0.024248715161946394,0.024248715161946394,0.013428644902104353,0.013428644902104353,0.013413146405691849,0.013413146405691849
ID_CTIYZN,0.024248715161946394,0.024248715161946394,0.013620399291587074,0.013620399291587074,0.013577159794285677,0.013577159794285677
ID_5CERRE,0.024248715161946394,0.024248715161946394,0.013519969103017594,0.013519969103017594,0.013538490034038191,0.013538490034038191
ID_KC1ZNC,0.024248715161946394,0.024248715161946394,0.013620399291587074,0.013620399291587074,0.013577159794285677,0.013577159794285677
ID_8Q3LRH,0.024248715161946394,0.024248715161946394,0.013586216142212478,0.013586216142212478,0.013577159794285677,0.013577159794285677
ID_9CDLA5,0.03432150048143678,0.03432150048143678,0.03539504064545403,0.03539504064545403,0.04912041696286566,0.04912041696286566
ID_7HDOB8,0.024248715161946394,0.024248715161946394,0.013692109054712942,0.013692109054712942,0.013367074072128156,0.013367074072128156
ID_6B1SIE,0.024248715161946394,0.024248715161946394,0.013643608243997777,0.013643608243997777,0.013766489150986373,0.013766489150986373
ID_DVVRGO,0.024248715161946394,0.024248715161946394,0.013401381437340888,0.013401381437340888,0.013383987522239672,0.013383987522239672
ID_2QTOY9,0.024248715161946394,0.024248715161946394,0.013547269130317622,0.013547269130317622,0.013883050068119891,0.013883050068119891
ID_41UVG1,0.024248715161946394,0.024248715161946394,0.013465130036537331,0.013465130036537331,0.013413146405691849,0.013413146405691849
ID_8XSPVV,0.024248715161946394,0.024248715161946394,0.013547269130317622,0.013547269130317622,0.013883050068119891,0.013883050068119891
ID_8DRNO4,0.024248715161946394,0.024248715161946394,0.013426183024642475,0.013426183024642475,0.013496538002613086,0.013496538002613086
ID_IHC0B4,0.024248715161946394,0.024248715161946394,0.013519969103017594,0.013519969103017594,0.013577159794285677,0.013577159794285677
ID_UPSVCG,0.024248715161946394,0.024248715161946394,0.015137028221480973,0.015137028221480973,0.015476887975657508,0.015476887975657508
ID_V1EWHV,0.024248715161946394,0.024248715161946394,0.013428644902104353,0.013428644902104353,0.013413146405691849,0.013413146405691849
ID_EDRP5J,0.024248715161946394,0.024248715161946394,0.013683406139900323,0.013683406139900323,0.013472462441755944,0.013472462441755944
ID_6ZT49S,0.024248715161946394,0.024248715161946394,0.013680907699901884,0.013680907699901884,0.013413146405691849,0.013413146405691849
ID_688DSZ,0.024248715161946394,0.024248715161946394,0.01375818300899466,0.01375818300899466,0.013809307094620901,0.013809307094620901
ID_KTRS8U,0.024248715161946394,0.024248715161946394,0.013643608243997777,0.013643608243997777,0.013766489150986373,0.013766489150986373
ID_HAVFMX,0.024248715161946394,0.024248715161946394,0.014200767967997803,0.014200767967997803,0.014330961449502869,0.014330961449502869
ID_4OHSTT,0.024248715161946394,0.024248715161946394,0.015285671203681487,0.015285671203681487,0.0157521088909834,0.0157521088909834
ID_D14DB2,0.024248715161946394,0.024248715161946394,0.013946075726843381,0.013946075726843381,0.01378858071452147,0.01378858071452147
ID_DMKQ4R,0.024248715161946394,0.024248715161946394,0.014132982668085572,0.014132982668085572,0.013975362122880884,0.013975362122880884
ID_9EU6JS,0.024248715161946394,0.024248715161946394,0.013630546758561604,0.013630546758561604,0.013480889165008102,0.013480889165008102
ID_UPM0YG,0.024248715161946394,0.024248715161946394,0.013630546758561604,0.013630546758561604,0.013480889165008102,0.013480889165008102
ID_V86OOM,0.024248715161946394,0.024248715161946394,0.013933123608628105,0.013933123608628105,0.01359139800571536,0.01359139800571536
ID_FQ80WS,0.024248715161946394,0.024248715161946394,0.013843351902265476,0.013843351902265476,0.013950792827436144,0.013950792827436144
ID_RDEBO6,0.024248715161946394,0.024248715161946394,0.013843351902265476,0.013843351902265476,0.013888334780195844,0.013888334780195844
ID_NC8O5T,0.04829145274767457,0.04829145274767457,0.05123080129712246,0.05123080129712246,0.08554485640494573,0.08554485640494573
ID_HDPRVI,0.024248715161946394,0.024248715161946394,0.013519969103017594,0.013519969103017594,0.013538490034038191,0.013538490034038191
ID_N9EYVU,0.024248715161946394,0.024248715161946394,0.013586216142212478,0.013586216142212478,0.013577159794285677,0.013577159794285677
ID_JI8Q5T,0.024248715161946394,0.024248715161946394,0.013586216142212478,0.013586216142212478,0.013577159794285677,0.013577159794285677
ID_34Y9DR,0.024248715161946394,0.024248715161946394,0.01422806799529783,0.01422806799529783,0.014154576886501206,0.014154576886501206
ID_E8WY7K,0.024248715161946394,0.024248715161946394,0.013621053720654707,0.013621053720654707,0.013756288673522587,0.013756288673522587
ID_RW510L,0.024248715161946394,0.024248715161946394,0.013620399291587074,0.013620399291587074,0.013538490034038191,0.013538490034038191
ID_1H0I48,0.024248715161946394,0.024248715161946394,0.013519969103017594,0.013519969103017594,0.013656903296323566,0.013656903296323566
ID_EGA5JQ,0.024248715161946394,0.024248715161946394,0.013688812471245261,0.013688812471245261,0.014038226574436749,0.014038226574436749
ID_OTN1F3,0.024248715161946394,0.024248715161946394,0.013428644902104353,0.013428644902104353,0.013739371907200352,0.013739371907200352
ID_QDACDO,0.024248715161946394,0.024248715161946394,0.013499313185911927,0.013499313185911927,0.013413146405691849,0.013413146405691849
ID_ZEMQI5,0.024248715161946394,0.024248715161946394,0.014023636175471716,0.014023636175471716,0.013809307094620901,0.013809307094620901
ID_63M4X7,0.024248715161946394,0.024248715161946394,0.013401381437340888,0.013401381437340888,0.013383987522239672,0.013383987522239672
ID_KR841V,0.024248715161946394,0.024248715161946394,0.013680907699901884,0.013680907699901884,0.013413146405691849,0.013413146405691849
ID_WR0XZG,0.03034533078466491,0.03034533078466491,0.042020985990433905,0.042020985990433905,0.047944826332915094,0.047944826332915094
ID_Z70N5M,0.024248715161946394,0.024248715161946394,0.013401381437340888,0.013401381437340888,0.013413146405691849,0.013413146405691849
ID_PVJLRL,0.024248715161946394,0.024248715161946394,0.013428644902104353,0.013428644902104353,0.013437492070126242,0.013437492070126242
ID_7EDQMR,0.024248715161946394,0.024248715161946394,0.013903361703866201,0.013903361703866201,0.013434816831444407,0.013434816831444407
ID_BU5Z0R,0.024248715161946394,0.024248715161946394,0.013688812471245261,0.013688812471245261,0.014038226574436749,0.014038226574436749
ID_8MRLEX,0.024248715161946394,0.024248715161946394,0.013428644902104353,0.013428644902104353,0.013739371907200352,0.013739371907200352
ID_8JEWLP,0.024248715161946394,0.024248715161946394,0.013428644902104353,0.013428644902104353,0.013413146405691849,0.013413146405691849
ID_CSVCR9,0.024248715161946394,0.024248715161946394,0.014200767967997803,0.014200767967997803,0.014449374711788246,0.014449374711788246
ID_J8IE72,0.024248715161946394,0.024248715161946394,0.01422806799529783,0.01422806799529783,0.014154576886501206,0.014154576886501206
ID_U9P7FY,0.024248715161946394,0.024248715161946394,0.013499313185911927,0.013499313185911927,0.013413146405691849,0.013413146405691849
ID_WSV31O,0.024248715161946394,0.024248715161946394,0.01370820772720191,0.01370820772720191,0.013944095355623878,0.013944095355623878
ID_BBFEO3,0.024248715161946394,0.024248715161946394,0.013465130036537331,0.013465130036537331,0.013413146405691849,0.013413146405691849
ID_4LQISD,0.03432150048143678,0.03432150048143678,0.03539504064545403,0.03539504064545403,0.04912041696286566,0.04912041696286566
ID_N7X5SU,0.024248715161946394,0.024248715161946394,0.013903361703866201,0.013903361703866201,0.013434816831444407,0.013434816831444407
ID_CO0M1V,0.03454871240046659,0.03454871240046659,0.03622896949619445,0.03622896949619445,0.04949557720834897,0.04949557720834897
ID_1TX26Q,0.024248715161946394,0.024248715161946394,0.013519969103017594,0.013519969103017594,0.013413146405691849,0.013413146405691849
ID_YBOUBP,0.024248715161946394,0.024248715161946394,0.013426183024642475,0.013426183024642475,0.013523655246399107,0.013523655246399107
ID_TY7PYV,0.024248715161946394,0.024248715161946394,0.013688812471245261,0.013688812471245261,0.014038226574436749,0.014038226574436749
ID_GFJBOO,0.024248715161946394,0.024248715161946394,0.013903361703866201,0.013903361703866201,0.013434816831444407,0.013434816831444407
ID_0QIEVZ,0.024248715161946394,0.024248715161946394,0.013499313185911927,0.013499313185911927,0.013413146405691849,0.013413146405691849
ID_W7HMMW,0.024248715161946394,0.024248715161946394,0.013494891941299237,0.013494891941299237,0.013451816165939337,0.013451816165939337
ID_2KKV8S,0.09926968849255322,0.09926968849255322,0.08578260075876423,0.08578260075876423,0.19230208237741223,0.19230208237741223
ID_XPJCQ1,0.024248715161946394,0.024248715161946394,0.013933123608628105,0.013933123608628105,0.01359139800571536,0.01359139800571536
ID_8VQ82J,0.024248715161946394,0.024248715161946394,0.013680907699901884,0.013680907699901884,0.013413146405691849,0.013413146405691849
ID_7YOW0E,0.024248715161946394,0.024248715161946394,0.014198306090535925,0.014198306090535925,0.014328919809836714,0.014328919809836714
ID_LNZ9ED,0.024248715161946394,0.024248715161946394,0.013688812471245261,0.013688812471245261,0.014038226574436749,0.014038226574436749
ID_7M8G3A,0.024248715161946394,0.024248715161946394,0.013426183024642475,0.013426183024642475,0.013523655246399107,0.013523655246399107
ID_REY7Y4,0.024248715161946394,0.024248715161946394,0.013538535772223555,0.013538535772223555,0.013421708199671081,0.013421708199671081
ID_Y4B4O7,0.024248715161946394,0.024248715161946394,0.013688812471245261,0.013688812471245261,0.014038226574436749,0.014038226574436749
ID_71E57J,0.024248715161946394,0.024248715161946394,0.013428644902104353,0.013428644902104353,0.013739371907200352,0.013739371907200352
ID_YS77QO,0.024248715161946394,0.024248715161946394,0.013519969103017594,0.013519969103017594,0.013538490034038191,0.013538490034038191
ID_VP4TIY,0.024248715161946394,0.024248715161946394,0.013401381437340888,0.013401381437340888,0.013413146405691849,0.013413146405691849
ID_0ZSP1X,0.024248715161946394,0.024248715161946394,0.013903361703866201,0.013903361703866201,0.013434816831444407,0.013434816831444407
ID_EQ3DBB,0.024248715161946394,0.024248715161946394,0.013499313185911927,0.013499313185911927,0.013413146405691849,0.013413146405691849
ID_H173PI,0.024248715161946394,0.024248715161946394,0.013529075090673833,0.013529075090673833,0.01348498548615162,0.01348498548615162
ID_DP48N0,0.024248715161946394,0.024248715161946394,0.013428644902104353,0.013428644902104353,0.013739371907200352,0.013739371907200352
ID_NTGPZG,0.03272551237800693,0.03272551237800693,0.03490583428103026,0.03490583428103026,0.04074725699348229,0.04074725699348229
ID_R4BZEG,0.024248715161946394,0.024248715161946394,0.013499313185911927,0.013499313185911927,0.013413146405691849,0.013413146405691849
ID_F4C1ZX,0.024248715161946394,0.024248715161946394,0.013688812471245261,0.013688812471245261,0.014038226574436749,0.014038226574436749
ID_AR4HAO,0.024248715161946394,0.024248715161946394,0.013620399291587074,0.013620399291587074,0.013577159794285677,0.013577159794285677
ID_TJAXJ8,0.031246922004419905,0.031246922004419905,0.03315961110220433,0.03315961110220433,0.05295082983923699,0.05295082983923699
ID_TMKXE2,0.024248715161946394,0.024248715161946394,0.01359625213335312,0.01359625213335312,0.013794958433770075,0.013794958433770075
ID_XO28FQ,0.024248715161946394,0.024248715161946394,0.013499313185911927,0.013499313185911927,0.013413146405691849,0.013413146405691849
ID_UG6RWR,0.024248715161946394,0.024248715161946394,0.013688812471245261,0.013688812471245261,0.014038226574436749,0.014038226574436749
ID_MH9N99,0.024248715161946394,0.024248715161946394,0.013499313185911927,0.013499313185911927,0.013413146405691849,0.013413146405691849
ID_ZWWJ7W,0.024248715161946394,0.024248715161946394,0.013946075726843381,0.013946075726843381,0.01378858071452147,0.01378858071452147
ID_UVRWGM,0.024248715161946394,0.024248715161946394,0.013547269130317622,0.013547269130317622,0.013455826602699443,0.013455826602699443
ID_XKPJF3,0.024248715161946394,0.024248715161946394,0.013933123608628105,0.013933123608628105,0.01359139800571536,0.01359139800571536
ID_B66QBT,0.024248715161946394,0.024248715161946394,0.014198306090535925,0.014198306090535925,0.014328919809836714,0.014328919809836714
ID_868CQL,0.024248715161946394,0.024248715161946394,0.013529075090673833,0.013529075090673833,0.01348498548615162,0.01348498548615162
ID_PKPLAW,0.024248715161946394,0.024248715161946394,0.013529075090673833,0.013529075090673833,0.01348498548615162,0.01348498548615162
ID_Q3035H,0.024248715161946394,0.024248715161946394,0.013650815625416613,0.013650815625416613,0.013986329430136925,0.013986329430136925
ID_Z5AMC6,0.024248715161946394,0.024248715161946394,0.013688812471245261,0.013688812471245261,0.014038226574436749,0.014038226574436749
ID_W0DZUH,0.024248715161946394,0.024248715161946394,0.013903361703866201,0.013903361703866201,0.013434816831444407,0.013434816831444407
ID_HY51VX,0.024248715161946394,0.024248715161946394,0.013697918458901498,0.013697918458901498,0.013606232793354442,0.013606232793354442
ID_GOGWE0,0.024248715161946394,0.024248715161946394,0.013933123608628105,0.013933123608628105,0.01359139800571536,0.01359139800571536
ID_56RYGV,0.030184012180796253,0.030184012180796253,0.034389242630624935,0.034389242630624935,0.04249636077452281,0.04249636077452281
ID_S94Q2Y,0.024248715161946394,0.024248715161946394,0.013428644902104353,0.013428644902104353,0.013413146405691849,0.013413146405691849
ID_YZ2N8C,0.024248715161946394,0.024248715161946394,0.013499313185911927,0.013499313185911927,0.013413146405691849,0.013413146405691849
ID_UGRWIB,0.024248715161946394,0.024248715161946394,0.013586216142212478,0.013586216142212478,0.013577159794285677,0.013577159794285677
ID_N80HPR,0.024248715161946394,0.024248715161946394,0.013465130036537331,0.013465130036537331,0.013413146405691849,0.013413146405691849
ID_3CW0MI,0.024248715161946394,0.024248715161946394,0.013401381437340888,0.013401381437340888,0.013413146405691849,0.013413146405691849
ID_HDCRX0,0.024248715161946394,0.024248715161946394,0.014193884845923235,0.014193884845923235,0.014428295585432155,0.014428295585432155
ID_044W19,0.024248715161946394,0.024248715161946394,0.013428644902104353,0.013428644902104353,0.013739371907200352,0.013739371907200352
ID_R67PHH,0.024248715161946394,0.024248715161946394,0.013843351902265476,0.013843351902265476,0.013950792827436144,0.013950792827436144
ID_TIOYYB,0.024248715161946394,0.024248715161946394,0.013843351902265476,0.013843351902265476,0.013950792827436144,0.013950792827436144
ID_6AVKC3,0.024248715161946394,0.024248715161946394,0.013428644902104353,0.013428644902104353,0.013739371907200352,0.013739371907200352
ID_BEGWIW,0.024248715161946394,0.024248715161946394,0.013426183024642475,0.013426183024642475,0.013523655246399107,0.013523655246399107
ID_9NJBM8,0.024248715161946394,0.024248715161946394,0.013650815625416613,0.013650815625416613,0.013986329430136925,0.013986329430136925
ID_4C1Q9A,0.024248715161946394,0.024248715161946394,0.013650815625416613,0.013650815625416613,0.013986329430136925,0.013986329430136925
ID_8VXM2R,0.024248715161946394,0.024248715161946394,0.013562677241211466,0.013562677241211466,0.013538490034038191,0.013538490034038191
ID_Q617Y8,0.024248715161946394,0.024248715161946394,0.013688812471245261,0.013688812471245261,0.014038226574436749,0.014038226574436749
ID_DT00FS,0.03088904617872025,0.03088904617872025,0.0331899983302409,0.0331899983302409,0.11014041280708392,0.11014041280708392
ID_A9SOTW,0.024248715161946394,0.024248715161946394,0.013562677241211466,0.013562677241211466,0.013538490034038191,0.013538490034038191
ID_DYWKN3,0.024248715161946394,0.024248715161946394,0.013688812471245261,0.013688812471245261,0.014038226574436749,0.014038226574436749
ID_T5W7V2,0.031246922004419905,0.031246922004419905,0.03315961110220433,0.03315961110220433,0.05295082983923699,0.05295082983923699
ID_OYJ407,0.030184012180796253,0.030184012180796253,0.034389242630624935,0.034389242630624935,0.04249636077452281,0.04249636077452281
ID_4APUQG,0.024248715161946394,0.024248715161946394,0.013843351902265476,0.013843351902265476,0.013950792827436144,0.013950792827436144
ID_8X42H1,0.024248715161946394,0.024248715161946394,0.013643608243997777,0.013643608243997777,0.013766489150986373,0.013766489150986373
ID_QQLIOB,0.024248715161946394,0.024248715161946394,0.01364547076405939,0.01364547076405939,0.013778851013258694,0.013778851013258694
ID_49V07R,0.024248715161946394,0.024248715161946394,0.013650815625416613,0.013650815625416613,0.013986329430136925,0.013986329430136925
ID_LW7SED,0.024248715161946394,0.024248715161946394,0.013650815625416613,0.013650815625416613,0.013986329430136925,0.013986329430136925
ID_8ZC0YJ,0.024248715161946394,0.024248715161946394,0.013692109054712942,0.013692109054712942,0.013367074072128156,0.013367074072128156
ID_BLJHKO,0.032024669913595816,0.032024669913595816,0.03564186149465311,0.03564186149465311,0.04243356024121308,0.04243356024121308
ID_4YQQ0B,0.024248715161946394,0.024248715161946394,0.013401381437340888,0.013401381437340888,0.013383987522239672,0.013383987522239672
ID_YUWGLN,0.024248715161946394,0.024248715161946394,0.0135849855996539,0.0135849855996539,0.013427414962259852,0.013427414962259852
ID_D31ZVW,0.03272551237800693,0.03272551237800693,0.03490583428103026,0.03490583428103026,0.04074725699348229,0.04074725699348229
ID_P1YZ4X,0.024248715161946394,0.024248715161946394,0.013499313185911927,0.013499313185911927,0.013413146405691849,0.013413146405691849
ID_23SIGG,0.024297012914678354,0.024297012914678354,0.014385301493406015,0.014385301493406015,0.020803976621652714,0.020803976621652714
ID_AIAL8Y,0.045005949209994484,0.045005949209994484,0.05279399585644133,0.05279399585644133,0.055155717911983246,0.055155717911983246
ID_TA7IDX,0.024248715161946394,0.024248715161946394,0.013529075090673833,0.013529075090673833,0.01348498548615162,0.01348498548615162
ID_K4V6T1,0.024248715161946394,0.024248715161946394,0.013494891941299237,0.013494891941299237,0.013505320713825906,0.013505320713825906
ID_SFRXLD,0.024248715161946394,0.024248715161946394,0.013688812471245261,0.013688812471245261,0.014038226574436749,0.014038226574436749
ID_GI1C93,0.024248715161946394,0.024248715161946394,0.013465130036537331,0.013465130036537331,0.013413146405691849,0.013413146405691849
ID_WMD60I,0.024248715161946394,0.024248715161946394,0.013688812471245261,0.013688812471245261,0.014038226574436749,0.014038226574436749
ID_HADVCG,0.024248715161946394,0.024248715161946394,0.013620399291587074,0.013620399291587074,0.013577159794285677,0.013577159794285677
ID_IB0RDU,0.024248715161946394,0.024248715161946394,0.013465130036537331,0.013465130036537331,0.013413146405691849,0.013413146405691849
ID_QVH6R4,0.024248715161946394,0.024248715161946394,0.013688812471245261,0.013688812471245261,0.014038226574436749,0.014038226574436749
ID_C7RAXJ,0.024248715161946394,0.024248715161946394,0.013428644902104353,0.013428644902104353,0.013739371907200352,0.013739371907200352
ID_P2MHXW,0.024248715161946394,0.024248715161946394,0.013843351902265476,0.013843351902265476,0.013950792827436144,0.013950792827436144
ID_YT67RP,0.024248715161946394,0.024248715161946394,0.013562677241211466,0.013562677241211466,0.013538490034038191,0.013538490034038191
ID_G0I7ZK,0.024248715161946394,0.024248715161946394,0.013650815625416613,0.013650815625416613,0.013986329430136925,0.013986329430136925
ID_A43PS9,0.08278655709135697,0.08278655709135697,0.07915711891120003,0.07915711891120003,0.18534076827688856,0.18534076827688856
ID_04V1AG,0.03132194991133177,0.03132194991133177,0.016692707184583565,0.016692707184583565,0.018260434931322334,0.018260434931322334
ID_6KEAHS,0.024248715161946394,0.024248715161946394,0.013494891941299237,0.013494891941299237,0.013451816165939337,0.013451816165939337
ID_HTMQPW,0.024248715161946394,0.024248715161946394,0.013843351902265476,0.013843351902265476,0.013950792827436144,0.013950792827436144
ID_XF0297,0.024248715161946394,0.024248715161946394,0.013871640431953481,0.013871640431953481,0.013644902553601929,0.013644902553601929
ID_D9F7JY,0.024248715161946394,0.024248715161946394,0.013843351902265476,0.013843351902265476,0.013888334780195844,0.013888334780195844
ID_7M63MY,0.024248715161946394,0.024248715161946394,0.013630546758561604,0.013630546758561604,0.013480889165008102,0.013480889165008102
ID_ASOI1C,0.024248715161946394,0.024248715161946394,0.01451316218705417,0.01451316218705417,0.01396316695478923,0.01396316695478923
ID_QWK1QC,0.03454871240046659,0.03454871240046659,0.03622896949619445,0.03622896949619445,0.04949557720834897,0.04949557720834897
ID_K9FTZZ,0.024248715161946394,0.024248715161946394,0.013643608243997777,0.013643608243997777,0.013766489150986373,0.013766489150986373
ID_H8TZYV,0.024248715161946394,0.024248715161946394,0.013946075726843381,0.013946075726843381,0.01378858071452147,0.01378858071452147
ID_EMRQ4T,0.024248715161946394,0.024248715161946394,0.013494891941299237,0.013494891941299237,0.013505320713825906,0.013505320713825906
ID_HFVMM8,0.024248715161946394,0.024248715161946394,0.013428644902104353,0.013428644902104353,0.013739371907200352,0.013739371907200352
ID_3240TG,0.045005949209994484,0.045005949209994484,0.05279399585644133,0.05279399585644133,0.055155717911983246,0.055155717911983246
ID_YC9T6R,0.024248715161946394,0.024248715161946394,0.013871640431953481,0.013871640431953481,0.013644902553601929,0.013644902553601929
ID_QMXHOW,0.024248715161946394,0.024248715161946394,0.013562677241211466,0.013562677241211466,0.013538490034038191,0.013538490034038191
ID_49CDQ6,0.024248715161946394,0.024248715161946394,0.013499313185911927,0.013499313185911927,0.013413146405691849,0.013413146405691849
ID_5GE0S1,0.024248715161946394,0.024248715161946394,0.013499313185911927,0.013499313185911927,0.013413146405691849,0.013413146405691849
ID_OMU4UR,0.024248715161946394,0.024248715161946394,0.013995279572933663,0.013995279572933663,0.014010898725581667,0.014010898725581667
ID_G44DHO,0.024248715161946394,0.024248715161946394,0.013499313185911927,0.013499313185911927,0.013413146405691849,0.013413146405691849
ID_JU8JNI,0.024248715161946394,0.024248715161946394,0.013586216142212478,0.013586216142212478,0.013577159794285677,0.013577159794285677
ID_1C4G5E,0.024248715161946394,0.024248715161946394,0.0135849855996539,0.0135849855996539,0.013427414962259852,0.013427414962259852
ID_IWBKMP,0.024248715161946394,0.024248715161946394,0.013519969103017594,0.013519969103017594,0.013538490034038191,0.013538490034038191
ID_VKBJCE,0.024248715161946394,0.024248715161946394,0.013499313185911927,0.013499313185911927,0.013413146405691849,0.013413146405691849
ID_3H40OX,0.024248715161946394,0.024248715161946394,0.013995279572933663,0.013995279572933663,0.014010898725581667,0.014010898725581667
ID_8F3PFC,0.024248715161946394,0.024248715161946394,0.013650815625416613,0.013650815625416613,0.013986329430136925,0.013986329430136925
ID_F4HS1L,0.024248715161946394,0.024248715161946394,0.013680907699901884,0.013680907699901884,0.013413146405691849,0.013413146405691849
ID_BZWK10,0.024248715161946394,0.024248715161946394,0.013426183024642475,0.013426183024642475,0.013523655246399107,0.013523655246399107
ID_EEW8DG,0.024248715161946394,0.024248715161946394,0.013843351902265476,0.013843351902265476,0.013950792827436144,0.013950792827436144
ID_HTIWJ2,0.024248715161946394,0.024248715161946394,0.013650815625416613,0.013650815625416613,0.013986329430136925,0.013986329430136925
ID_ZCM6MI,0.024248715161946394,0.024248715161946394,0.013933123608628105,0.013933123608628105,0.01359139800571536,0.01359139800571536
ID_RMH9OL,0.024248715161946394,0.024248715161946394,0.013650815625416613,0.013650815625416613,0.013986329430136925,0.013986329430136925
ID_2TX4D4,0.024248715161946394,0.024248715161946394,0.013428644902104353,0.013428644902104353,0.013413146405691849,0.013413146405691849
ID_7D7P9D,0.024248715161946394,0.024248715161946394,0.013529075090673833,0.013529075090673833,0.01348498548615162,0.01348498548615162
ID_C43FWU,0.024248715161946394,0.024248715161946394,0.013559734564815155,0.013559734564815155,0.013383987522239672,0.013383987522239672
ID_42P9TZ,0.024248715161946394,0.024248715161946394,0.013643608243997777,0.013643608243997777,0.013766489150986373,0.013766489150986373
ID_NCE574,0.024248715161946394,0.024248715161946394,0.013465130036537331,0.013465130036537331,0.013413146405691849,0.013413146405691849
ID_ZJBV7B,0.024248715161946394,0.024248715161946394,0.013562677241211466,0.013562677241211466,0.013538490034038191,0.013538490034038191
ID_2IW233,0.024248715161946394,0.024248715161946394,0.013688812471245261,0.013688812471245261,0.014038226574436749,0.014038226574436749
ID_GQWO42,0.024248715161946394,0.024248715161946394,0.013933123608628105,0.013933123608628105,0.01359139800571536,0.01359139800571536
ID_R6M083,0.024248715161946394,0.024248715161946394,0.013688812471245261,0.013688812471245261,0.014038226574436749,0.014038226574436749
ID_TLY302,0.024248715161946394,0.024248715161946394,0.013428644902104353,0.013428644902104353,0.013413146405691849,0.013413146405691849
ID_LT6OU6,0.024248715161946394,0.024248715161946394,0.013680820670490302,0.013680820670490302,0.01365966583924595,0.01365966583924595
ID_0F7RHU,0.05083156529378842,0.05083156529378842,0.07546294827817038,0.07546294827817038,0.12334580250111293,0.12334580250111293
ID_EDMKFB,0.026710707937013675,0.026710707937013675,0.01956481665985424,0.01956481665985424,0.05060769766359202,0.05060769766359202
ID_25FHZZ,0.027242218123301284,0.027242218123301284,0.022072196316441917,0.022072196316441917,0.054695220155615835,0.054695220155615835
ID_1VP0UC,0.024269419095693807,0.024269419095693807,0.023595855484667572,0.023595855484667572,0.03169760905447831,0.03169760905447831
ID_MQ3635,0.024269419095693807,0.024269419095693807,0.014740574475825241,0.014740574475825241,0.02429177016044688,0.02429177016044688
ID_RHFPED,0.024269419095693807,0.024269419095693807,0.018878669233689034,0.018878669233689034,0.025503643105846283,0.025503643105846283
ID_RHJPOV,0.02426708407802223,0.02426708407802223,0.04570435078110144,0.04570435078110144,0.04158119046218193,0.04158119046218193
ID_8F379N,0.024269419095693807,0.024269419095693807,0.025393298256277928,0.025393298256277928,0.05827125576827161,0.05827125576827161
ID_LVX4OV,0.2221030141439707,0.2221030141439707,0.24376138855296248,0.24376138855296248,0.2668423822482012,0.2668423822482012
ID_H5M15A,0.024607419475084914,0.024607419475084914,0.01566930421148066,0.01566930421148066,0.037559897448683405,0.037559897448683405
ID_LEWKQY,0.024269419095693807,0.024269419095693807,0.014824666030136933,0.014824666030136933,0.02931289834183973,0.02931289834183973
ID_DY6IPH,0.22420253207274315,0.22420253207274315,0.2515554738162623,0.2515554738162623,0.2771792983394598,0.2771792983394598
ID_E4DAHN,0.02426708407802223,0.02426708407802223,0.04570435078110144,0.04570435078110144,0.04158119046218193,0.04158119046218193
ID_Z2FP8D,0.024248715161946394,0.024248715161946394,0.01832815300980194,0.01832815300980194,0.019070303504891337,0.019070303504891337
ID_3MQ2M6,0.02426708407802223,0.02426708407802223,0.02304190446678933,0.02304190446678933,0.032140728122290546,0.032140728122290546
ID_44QD5W,0.027242218123301284,0.027242218123301284,0.022072196316441917,0.022072196316441917,0.054695220155615835,0.054695220155615835
ID_41T2UA,0.02426708407802223,0.02426708407802223,0.04530893278230608,0.04530893278230608,0.04273053261610497,0.04273053261610497
ID_WKIX11,0.024248715161946394,0.024248715161946394,0.01832815300980194,0.01832815300980194,0.019070303504891337,0.019070303504891337
ID_LM76KQ,0.02426708407802223,0.02426708407802223,0.04570435078110144,0.04570435078110144,0.04158119046218193,0.04158119046218193
ID_0YXFYC,0.02426708407802223,0.02426708407802223,0.019993596631777064,0.019993596631777064,0.034006136781532526,0.034006136781532526
ID_WYY6XC,0.02446188162511286,0.02446188162511286,0.014458696093442594,0.014458696093442594,0.026227857160131332,0.026227857160131332
ID_1QBGM5,0.024248715161946394,0.024248715161946394,0.03992577312257801,0.03992577312257801,0.028867654479314577,0.028867654479314577
ID_L8X1MO,0.029169249539572638,0.029169249539572638,0.022616753368220038,0.022616753368220038,0.060932154285932585,0.060932154285932585
ID_Z8OE4O,0.027242218123301284,0.027242218123301284,0.022072196316441917,0.022072196316441917,0.054695220155615835,0.054695220155615835
ID_PFTRFZ,0.02426708407802223,0.02426708407802223,0.02361439196536336,0.02361439196536336,0.03353296818619338,0.03353296818619338
ID_WFLX1D,0.02426708407802223,0.02426708407802223,0.04570435078110144,0.04570435078110144,0.04158119046218193,0.04158119046218193
ID_3M1E7H,0.02430537738407928,0.02430537738407928,0.01735162157425134,0.01735162157425134,0.03471929607815052,0.03471929607815052
ID_QBGS5I,0.024248715161946394,0.024248715161946394,0.03992577312257801,0.03992577312257801,0.028867654479314577,0.028867654479314577
ID_YQA4VN,0.024248715161946394,0.024248715161946394,0.013910507952453001,0.013910507952453001,0.022134533628927536,0.022134533628927536
ID_F0GA7T,0.02426708407802223,0.02426708407802223,0.02304190446678933,0.02304190446678933,0.032140728122290546,0.032140728122290546
ID_HZO9J4,0.024248715161946394,0.024248715161946394,0.01832815300980194,0.01832815300980194,0.019070303504891337,0.019070303504891337
ID_ARK4JP,0.024248715161946394,0.024248715161946394,0.014323695888487425,0.014323695888487425,0.022058092118532692,0.022058092118532692
ID_A8N019,0.02703992604400956,0.02703992604400956,0.03587323193811063,0.03587323193811063,0.05782892466123689,0.05782892466123689
ID_62960A,0.02426708407802223,0.02426708407802223,0.04570435078110144,0.04570435078110144,0.04158119046218193,0.04158119046218193
ID_B8VYG3,0.02426708407802223,0.02426708407802223,0.02361439196536336,0.02361439196536336,0.03353296818619338,0.03353296818619338
ID_DUQWFQ,0.024425074260782415,0.024425074260782415,0.015079358271291355,0.015079358271291355,0.028518957669258372,0.028518957669258372
ID_S27JQO,0.024329219033840995,0.024329219033840995,0.014410136381862403,0.014410136381862403,0.024129474994020315,0.024129474994020315
ID_473RDP,0.024269419095693807,0.024269419095693807,0.020529941995941336,0.020529941995941336,0.08277308113480371,0.08277308113480371
ID_Z1D6V7,0.02703992604400956,0.02703992604400956,0.03587323193811063,0.03587323193811063,0.05782892466123689,0.05782892466123689
ID_YXCK0F,0.024248715161946394,0.024248715161946394,0.022470721122340536,0.022470721122340536,0.023292219699797306,0.023292219699797306
ID_KJ3TCA,0.02426708407802223,0.02426708407802223,0.04530893278230608,0.04530893278230608,0.04273053261610497,0.04273053261610497
ID_7Q07MF,0.024248715161946394,0.024248715161946394,0.022658688660997697,0.022658688660997697,0.022850578013380807,0.022850578013380807
ID_WO830L,0.02426708407802223,0.02426708407802223,0.02361439196536336,0.02361439196536336,0.03353296818619338,0.03353296818619338
ID_JD38LC,0.029169249539572638,0.029169249539572638,0.022616753368220038,0.022616753368220038,0.060932154285932585,0.060932154285932585
ID_4A6IYY,0.024248715161946394,0.024248715161946394,0.013862245865925762,0.013862245865925762,0.020828668060242993,0.020828668060242993
ID_75SAQ1,0.024269419095693807,0.024269419095693807,0.01434132901214743,0.01434132901214743,0.023605063457150712,0.023605063457150712
ID_5OFBIB,0.02426708407802223,0.02426708407802223,0.02361439196536336,0.02361439196536336,0.03353296818619338,0.03353296818619338
ID_ALY7ZZ,0.02426708407802223,0.02426708407802223,0.02361439196536336,0.02361439196536336,0.03353296818619338,0.03353296818619338
ID_00SYAM,0.024248715161946394,0.024248715161946394,0.022658688660997697,0.022658688660997697,0.022850578013380807,0.022850578013380807
ID_RNR77F,0.02426708407802223,0.02426708407802223,0.019993596631777064,0.019993596631777064,0.034006136781532526,0.034006136781532526
ID_ANWPH8,0.02426708407802223,0.02426708407802223,0.04570435078110144,0.04570435078110144,0.04158119046218193,0.04158119046218193
ID_U2WF21,0.024269419095693807,0.024269419095693807,0.01550712082813968,0.01550712082813968,0.030824760382638615,0.030824760382638615
ID_IC7OWJ,0.024269419095693807,0.024269419095693807,0.02035287249616267,0.02035287249616267,0.08211667743906546,0.08211667743906546
ID_5AS1RL,0.02426708407802223,0.02426708407802223,0.019993596631777064,0.019993596631777064,0.034006136781532526,0.034006136781532526
ID_2T7D9G,0.02430537738407928,0.02430537738407928,0.01735162157425134,0.01735162157425134,0.03471929607815052,0.03471929607815052
ID_HJ5KUJ,0.02426708407802223,0.02426708407802223,0.04570435078110144,0.04570435078110144,0.04158119046218193,0.04158119046218193
ID_3GOFCW,0.024248715161946394,0.024248715161946394,0.01832815300980194,0.01832815300980194,0.019070303504891337,0.019070303504891337
ID_7O1I32,0.024269419095693807,0.024269419095693807,0.014824666030136933,0.014824666030136933,0.02931289834183973,0.02931289834183973
ID_WYA35N,0.02744332025205798,0.02744332025205798,0.04201864354633689,0.04201864354633689,0.07848257029689318,0.07848257029689318
ID_W5DHJ2,0.02426708407802223,0.02426708407802223,0.02361439196536336,0.02361439196536336,0.03353296818619338,0.03353296818619338
ID_T05X66,0.02426708407802223,0.02426708407802223,0.04530893278230608,0.04530893278230608,0.04273053261610497,0.04273053261610497
ID_CRM4RV,0.2221030141439707,0.2221030141439707,0.24376138855296248,0.24376138855296248,0.2668423822482012,0.2668423822482012
ID_ITNBRH,0.027242218123301284,0.027242218123301284,0.022072196316441917,0.022072196316441917,0.054695220155615835,0.054695220155615835
ID_UYPZ03,0.027242218123301284,0.027242218123301284,0.022072196316441917,0.022072196316441917,0.054695220155615835,0.054695220155615835
ID_PNZ4JF,0.024248715161946394,0.024248715161946394,0.014093719138257993,0.014093719138257993,0.02098980636934354,0.02098980636934354
ID_F91RCT,0.024248715161946394,0.024248715161946394,0.03992577312257801,0.03992577312257801,0.028867654479314577,0.028867654479314577
ID_3XSANB,0.02426708407802223,0.02426708407802223,0.02361439196536336,0.02361439196536336,0.03353296818619338,0.03353296818619338
ID_6J7QV5,0.024248715161946394,0.024248715161946394,0.01832815300980194,0.01832815300980194,0.019070303504891337,0.019070303504891337
ID_P30MQ0,0.024269419095693807,0.024269419095693807,0.023595855484667572,0.023595855484667572,0.03169760905447831,0.03169760905447831
ID_JST03I,0.02426708407802223,0.02426708407802223,0.02361439196536336,0.02361439196536336,0.03353296818619338,0.03353296818619338
ID_Z94PSF,0.02426708407802223,0.02426708407802223,0.02361439196536336,0.02361439196536336,0.03353296818619338,0.03353296818619338
ID_OJ2LYR,0.024607419475084914,0.024607419475084914,0.015611548589803296,0.015611548589803296,0.0377435346824851,0.0377435346824851
ID_GZ2CK3,0.024248715161946394,0.024248715161946394,0.018430205676526673,0.018430205676526673,0.0168564943770259,0.0168564943770259
ID_KNUO6I,0.024248715161946394,0.024248715161946394,0.043794762923662564,0.043794762923662564,0.058560628235822386,0.058560628235822386
ID_DOW1PY,0.024248715161946394,0.024248715161946394,0.013361632807703491,0.013361632807703491,0.02615771721750775,0.02615771721750775
ID_HWML2X,0.024248715161946394,0.024248715161946394,0.027089942118279236,0.027089942118279236,0.05200787246933479,0.05200787246933479
ID_EVIF8F,0.024248715161946394,0.024248715161946394,0.03351996081460154,0.03351996081460154,0.04325680153827823,0.04325680153827823
ID_ENM2XK,0.024248715161946394,0.024248715161946394,0.04312443807039013,0.04312443807039013,0.04488598433861429,0.04488598433861429
ID_48WC8Z,0.024269419095693807,0.024269419095693807,0.019108117615966057,0.019108117615966057,0.021373150704289284,0.021373150704289284
ID_D326DS,0.024248715161946394,0.024248715161946394,0.013684430280948965,0.013684430280948965,0.02677885616962071,0.02677885616962071
ID_USYVL3,0.024248715161946394,0.024248715161946394,0.01666699483159722,0.01666699483159722,0.016924215798683213,0.016924215798683213
ID_5TKD3W,0.024248715161946394,0.024248715161946394,0.043794762923662564,0.043794762923662564,0.058560628235822386,0.058560628235822386
ID_0JC6LT,0.024269419095693807,0.024269419095693807,0.014151905179885061,0.014151905179885061,0.019407481070035527,0.019407481070035527
ID_INW8YA,0.024248715161946394,0.024248715161946394,0.019764389347717848,0.019764389347717848,0.021985240095132783,0.021985240095132783
ID_ICQGA8,0.024426651800096323,0.024426651800096323,0.01688977619357825,0.01688977619357825,0.016332774447124186,0.016332774447124186
ID_IWB0AZ,0.024248715161946394,0.024248715161946394,0.019764389347717848,0.019764389347717848,0.021985240095132783,0.021985240095132783
ID_GS6GIY,0.024248715161946394,0.024248715161946394,0.029536617788484987,0.029536617788484987,0.05908753119833355,0.05908753119833355
ID_YYMTTZ,0.024426651800096323,0.024426651800096323,0.01688977619357825,0.01688977619357825,0.016332774447124186,0.016332774447124186
ID_WNL2AW,0.024269419095693807,0.024269419095693807,0.013412812991931143,0.013412812991931143,0.020105362846393294,0.020105362846393294
ID_WIPE3M,0.024248715161946394,0.024248715161946394,0.04361024818512747,0.04361024818512747,0.04698140504116706,0.04698140504116706
ID_475RRJ,0.024248715161946394,0.024248715161946394,0.03361049284961063,0.03361049284961063,0.046276122319769075,0.046276122319769075
ID_78W3J6,0.024248715161946394,0.024248715161946394,0.01721112465086149,0.01721112465086149,0.019903582283114733,0.019903582283114733
ID_7I6AN6,0.02580846844330257,0.02580846844330257,0.01876344122172395,0.01876344122172395,0.06779320809551127,0.06779320809551127
ID_M32EDR,0.024269419095693807,0.024269419095693807,0.014013642234657788,0.014013642234657788,0.027970814773803768,0.027970814773803768
ID_9AIPRL,0.024269419095693807,0.024269419095693807,0.019108117615966057,0.019108117615966057,0.021373150704289284,0.021373150704289284
ID_LZ4OU6,0.024248715161946394,0.024248715161946394,0.013684430280948965,0.013684430280948965,0.027552267372853503,0.027552267372853503
ID_PR92PR,0.024248715161946394,0.024248715161946394,0.025366298090510914,0.025366298090510914,0.035122353519555644,0.035122353519555644
ID_6E3A6Z,0.024248715161946394,0.024248715161946394,0.04373778627006955,0.04373778627006955,0.0597156963308187,0.0597156963308187
ID_X41NOX,0.024248715161946394,0.024248715161946394,0.01666699483159722,0.01666699483159722,0.016924215798683213,0.016924215798683213
ID_FI825B,0.024269419095693807,0.024269419095693807,0.018292695621311052,0.018292695621311052,0.020517299308917197,0.020517299308917197
ID_89CEYW,0.024248715161946394,0.024248715161946394,0.01337244171071013,0.01337244171071013,0.027119352346020496,0.027119352346020496
ID_7BTHXK,0.024248715161946394,0.024248715161946394,0.027089942118279236,0.027089942118279236,0.05200787246933479,0.05200787246933479
ID_QZP05P,0.024269419095693807,0.024269419095693807,0.013940467766150998,0.013940467766150998,0.020876015431464924,0.020876015431464924
ID_PDTOSK,0.024248715161946394,0.024248715161946394,0.043794762923662564,0.043794762923662564,0.058560628235822386,0.058560628235822386
ID_JSWVHL,0.024248715161946394,0.024248715161946394,0.013361632807703491,0.013361632807703491,0.02615771721750775,0.02615771721750775
ID_0PDI5J,0.024248715161946394,0.024248715161946394,0.024208663254295094,0.024208663254295094,0.019850400001541528,0.019850400001541528
ID_B8EFZT,0.024426651800096323,0.024426651800096323,0.024312158204396733,0.024312158204396733,0.03129675908523468,0.03129675908523468
ID_2WABYN,0.024269419095693807,0.024269419095693807,0.013940467766150998,0.013940467766150998,0.020876015431464924,0.020876015431464924
ID_JG81AP,0.024248715161946394,0.024248715161946394,0.04373778627006955,0.04373778627006955,0.0597156963308187,0.0597156963308187
ID_HWS14O,0.024269419095693807,0.024269419095693807,0.013281117509796889,0.013281117509796889,0.018236511705336723,0.018236511705336723
ID_O4F4HX,0.024269419095693807,0.024269419095693807,0.013940467766150998,0.013940467766150998,0.020876015431464924,0.020876015431464924
ID_19G3H2,0.024269419095693807,0.024269419095693807,0.013281117509796889,0.013281117509796889,0.018236511705336723,0.018236511705336723
ID_DVT2Y2,0.024248715161946394,0.024248715161946394,0.026974245814932532,0.026974245814932532,0.020628342212926212,0.020628342212926212
ID_6R6JX6,0.024248715161946394,0.024248715161946394,0.01666699483159722,0.01666699483159722,0.016924215798683213,0.016924215798683213
ID_OWEKY6,0.024248715161946394,0.024248715161946394,0.04312443807039013,0.04312443807039013,0.04488598433861429,0.04488598433861429
ID_5CKDQ8,0.024248715161946394,0.024248715161946394,0.03351996081460154,0.03351996081460154,0.04325680153827823,0.04325680153827823
ID_OJSWXZ,0.024248715161946394,0.024248715161946394,0.04373778627006955,0.04373778627006955,0.0597156963308187,0.0597156963308187
ID_WH760F,0.024269419095693807,0.024269419095693807,0.013281117509796889,0.013281117509796889,0.018236511705336723,0.018236511705336723
ID_I2QI8W,0.024248715161946394,0.024248715161946394,0.026974245814932532,0.026974245814932532,0.020628342212926212,0.020628342212926212
ID_ZUZ5IB,0.024248715161946394,0.024248715161946394,0.043794762923662564,0.043794762923662564,0.058560628235822386,0.058560628235822386
ID_S21QRP,0.024269419095693807,0.024269419095693807,0.013940467766150998,0.013940467766150998,0.020876015431464924,0.020876015431464924
ID_NC0DIX,0.024269419095693807,0.024269419095693807,0.013281117509796889,0.013281117509796889,0.018236511705336723,0.018236511705336723
ID_R76V65,0.024269419095693807,0.024269419095693807,0.016615240806860016,0.016615240806860016,0.018588592676431953,0.018588592676431953
ID_HKYOVX,0.024269419095693807,0.024269419095693807,0.013940467766150998,0.013940467766150998,0.020876015431464924,0.020876015431464924
ID_EZT9L4,0.024248715161946394,0.024248715161946394,0.015292338966578134,0.015292338966578134,0.04606882728701535,0.04606882728701535
ID_I8C23T,0.024269419095693807,0.024269419095693807,0.013412812991931143,0.013412812991931143,0.020105362846393294,0.020105362846393294
ID_UCBT8P,0.024269419095693807,0.024269419095693807,0.013412812991931143,0.013412812991931143,0.020105362846393294,0.020105362846393294
ID_4EFHFH,0.024248715161946394,0.024248715161946394,0.02562388288819618,0.02562388288819618,0.03680842621003366,0.03680842621003366
ID_WJZODY,0.024248715161946394,0.024248715161946394,0.03351996081460154,0.03351996081460154,0.04325680153827823,0.04325680153827823
ID_5O4DK2,0.024248715161946394,0.024248715161946394,0.03351996081460154,0.03351996081460154,0.04325680153827823,0.04325680153827823
ID_1QQANC,0.024269419095693807,0.024269419095693807,0.013412812991931143,0.013412812991931143,0.020105362846393294,0.020105362846393294
ID_GW57CP,0.024248715161946394,0.024248715161946394,0.04361024818512747,0.04361024818512747,0.04698140504116706,0.04698140504116706
ID_V5IB8S,0.024248715161946394,0.024248715161946394,0.043794762923662564,0.043794762923662564,0.058560628235822386,0.058560628235822386
ID_6RK6HI,0.02580846844330257,0.02580846844330257,0.01876344122172395,0.01876344122172395,0.06779320809551127,0.06779320809551127
ID_WR3P0Q,0.024248715161946394,0.024248715161946394,0.019487275896244206,0.019487275896244206,0.019262395845050444,0.019262395845050444
ID_DHHPAZ,0.024248715161946394,0.024248715161946394,0.01666699483159722,0.01666699483159722,0.016924215798683213,0.016924215798683213
ID_0919CJ,0.024269419095693807,0.024269419095693807,0.013281117509796889,0.013281117509796889,0.018236511705336723,0.018236511705336723
ID_J841FF,0.024269419095693807,0.024269419095693807,0.013412812991931143,0.013412812991931143,0.020105362846393294,0.020105362846393294
ID_KL7CZ1,0.024269419095693807,0.024269419095693807,0.013412812991931143,0.013412812991931143,0.020105362846393294,0.020105362846393294
ID_N8STMV,0.024248715161946394,0.024248715161946394,0.01337244171071013,0.01337244171071013,0.027119352346020496,0.027119352346020496
ID_C1JCO4,0.024248715161946394,0.024248715161946394,0.04312443807039013,0.04312443807039013,0.04488598433861429,0.04488598433861429
ID_4KNGLU,0.024248715161946394,0.024248715161946394,0.04361024818512747,0.04361024818512747,0.04698140504116706,0.04698140504116706
ID_LJ63XA,0.024248715161946394,0.024248715161946394,0.043794762923662564,0.043794762923662564,0.058560628235822386,0.058560628235822386
ID_KI0M9B,0.024248715161946394,0.024248715161946394,0.01716048287863988,0.01716048287863988,0.01880491378028104,0.01880491378028104
ID_BMD6D9,0.024248715161946394,0.024248715161946394,0.019764389347717848,0.019764389347717848,0.021985240095132783,0.021985240095132783
ID_QSILOT,0.024248715161946394,0.024248715161946394,0.043794762923662564,0.043794762923662564,0.058560628235822386,0.058560628235822386
ID_K0TAT7,0.024269419095693807,0.024269419095693807,0.014373836061517556,0.014373836061517556,0.01931057394047736,0.01931057394047736
ID_ZM6SCU,0.024248715161946394,0.024248715161946394,0.043794762923662564,0.043794762923662564,0.058560628235822386,0.058560628235822386
ID_2EUTBC,0.024248715161946394,0.024248715161946394,0.026974245814932532,0.026974245814932532,0.020628342212926212,0.020628342212926212
ID_H4EEPQ,0.024248715161946394,0.024248715161946394,0.01402282226592683,0.01402282226592683,0.04604580097467163,0.04604580097467163
ID_GPGXMS,0.024248715161946394,0.024248715161946394,0.014148237711227564,0.014148237711227564,0.04462293533764481,0.04462293533764481
ID_OWB724,0.024426651800096323,0.024426651800096323,0.022480168278657196,0.022480168278657196,0.02718810614581919,0.02718810614581919
ID_8XK367,0.024248715161946394,0.024248715161946394,0.024208663254295094,0.024208663254295094,0.019850400001541528,0.019850400001541528
ID_11KV3S,0.024269419095693807,0.024269419095693807,0.013281117509796889,0.013281117509796889,0.018236511705336723,0.018236511705336723
ID_QWOZQ4,0.024269419095693807,0.024269419095693807,0.013412812991931143,0.013412812991931143,0.020105362846393294,0.020105362846393294
ID_F6BTEU,0.024248715161946394,0.024248715161946394,0.029536617788484987,0.029536617788484987,0.05908753119833355,0.05908753119833355
ID_WUQWL2,0.024248715161946394,0.024248715161946394,0.013686259577234374,0.013686259577234374,0.018427393315502024,0.018427393315502024
ID_2LDNB9,0.024269419095693807,0.024269419095693807,0.022644480658295735,0.022644480658295735,0.0368320567140187,0.0368320567140187
ID_CKGVN9,0.024248715161946394,0.024248715161946394,0.013686259577234374,0.013686259577234374,0.018427393315502024,0.018427393315502024
ID_BBB09D,0.024248715161946394,0.024248715161946394,0.020355384560422102,0.020355384560422102,0.04859463631475655,0.04859463631475655
ID_KF1S3W,0.025936182364119938,0.025936182364119938,0.01867975979479499,0.01867975979479499,0.06442975843947504,0.06442975843947504
ID_O79B2I,0.024269419095693807,0.024269419095693807,0.013412812991931143,0.013412812991931143,0.020105362846393294,0.020105362846393294
ID_VV9U6R,0.024248715161946394,0.024248715161946394,0.020355384560422102,0.020355384560422102,0.04859463631475655,0.04859463631475655
ID_YJYMCF,0.024426651800096323,0.024426651800096323,0.018390161508250624,0.018390161508250624,0.018234960513663228,0.018234960513663228
ID_JR89XU,0.024248715161946394,0.024248715161946394,0.03351996081460154,0.03351996081460154,0.04325680153827823,0.04325680153827823
ID_BKQMY3,0.024248715161946394,0.024248715161946394,0.043794762923662564,0.043794762923662564,0.058560628235822386,0.058560628235822386
ID_WGZT3N,0.024248715161946394,0.024248715161946394,0.026974245814932532,0.026974245814932532,0.020628342212926212,0.020628342212926212
ID_O53XSO,0.02440594786634891,0.02440594786634891,0.017566259107842652,0.017566259107842652,0.017201801646837014,0.017201801646837014
ID_4B4BTZ,0.024269419095693807,0.024269419095693807,0.013412812991931143,0.013412812991931143,0.020105362846393294,0.020105362846393294
ID_1UBHGG,0.024248715161946394,0.024248715161946394,0.04312443807039013,0.04312443807039013,0.04488598433861429,0.04488598433861429
ID_9TPR5H,0.024248715161946394,0.024248715161946394,0.03351996081460154,0.03351996081460154,0.04325680153827823,0.04325680153827823
ID_PHORWR,0.024269419095693807,0.024269419095693807,0.014151905179885061,0.014151905179885061,0.019407481070035527,0.019407481070035527
ID_8LZPFU,0.024248715161946394,0.024248715161946394,0.027336391968738247,0.027336391968738247,0.05710645218721157,0.05710645218721157
ID_EELQZS,0.024248715161946394,0.024248715161946394,0.04312443807039013,0.04312443807039013,0.04488598433861429,0.04488598433861429
ID_R92G3Q,0.024269419095693807,0.024269419095693807,0.013940467766150998,0.013940467766150998,0.020876015431464924,0.020876015431464924
ID_KT51IW,0.025936182364119938,0.025936182364119938,0.02088222251375044,0.02088222251375044,0.06476165799909342,0.06476165799909342
ID_Y5D83X,0.024248715161946394,0.024248715161946394,0.04361024818512747,0.04361024818512747,0.04698140504116706,0.04698140504116706
ID_NNYC99,0.024248715161946394,0.024248715161946394,0.027336391968738247,0.027336391968738247,0.05710645218721157,0.05710645218721157
ID_H7MJ3S,0.024248715161946394,0.024248715161946394,0.013684430280948965,0.013684430280948965,0.02677885616962071,0.02677885616962071
ID_CIHIWL,0.024248715161946394,0.024248715161946394,0.04361024818512747,0.04361024818512747,0.04698140504116706,0.04698140504116706
ID_ZYM82A,0.024248715161946394,0.024248715161946394,0.04361024818512747,0.04361024818512747,0.04698140504116706,0.04698140504116706
ID_HCCTFN,0.024248715161946394,0.024248715161946394,0.016483883085876453,0.016483883085876453,0.02351184178780927,0.02351184178780927
ID_71RVRZ,0.024269419095693807,0.024269419095693807,0.013412812991931143,0.013412812991931143,0.020105362846393294,0.020105362846393294
ID_PZHU8F,0.025787147002318617,0.025787147002318617,0.022431512447337237,0.022431512447337237,0.08154404459665954,0.08154404459665954
ID_1DWT84,0.024901971341219246,0.024901971341219246,0.08684409862502301,0.08684409862502301,0.16602011114921872,0.16602011114921872
ID_5I0I2K,0.024248715161946394,0.024248715161946394,0.04312443807039013,0.04312443807039013,0.04488598433861429,0.04488598433861429
ID_ZY3YB7,0.024269419095693807,0.024269419095693807,0.013940467766150998,0.013940467766150998,0.020876015431464924,0.020876015431464924
ID_OZV41J,0.024269419095693807,0.024269419095693807,0.013412812991931143,0.013412812991931143,0.020105362846393294,0.020105362846393294
ID_Q0SPQ2,0.024248715161946394,0.024248715161946394,0.043794762923662564,0.043794762923662564,0.058560628235822386,0.058560628235822386
ID_X5CALQ,0.024248715161946394,0.024248715161946394,0.013684430280948965,0.013684430280948965,0.027552267372853503,0.027552267372853503
ID_ZLSF1Q,0.024248715161946394,0.024248715161946394,0.01337244171071013,0.01337244171071013,0.027119352346020496,0.027119352346020496
ID_X0QGMF,0.024248715161946394,0.024248715161946394,0.03810916798738403,0.03810916798738403,0.06840353184335547,0.06840353184335547
ID_P3URU3,0.024248715161946394,0.024248715161946394,0.043794762923662564,0.043794762923662564,0.058560628235822386,0.058560628235822386
ID_WD7CSJ,0.024248715161946394,0.024248715161946394,0.024208663254295094,0.024208663254295094,0.019850400001541528,0.019850400001541528
ID_OP2YUN,0.024248715161946394,0.024248715161946394,0.016791921183048095,0.016791921183048095,0.019597038442223966,0.019597038442223966
ID_TS28A2,0.024248715161946394,0.024248715161946394,0.013684430280948965,0.013684430280948965,0.02677885616962071,0.02677885616962071
ID_EUSUFK,0.024248715161946394,0.024248715161946394,0.027336391968738247,0.027336391968738247,0.05710645218721157,0.05710645218721157
ID_VTZ497,0.025936182364119938,0.025936182364119938,0.02096484080783425,0.02096484080783425,0.06341128206678813,0.06341128206678813
ID_KJVX1G,0.024248715161946394,0.024248715161946394,0.01721112465086149,0.01721112465086149,0.019903582283114733,0.019903582283114733
ID_25E701,0.024426651800096323,0.024426651800096323,0.01688977619357825,0.01688977619357825,0.016332774447124186,0.016332774447124186
ID_U9FC9H,0.024269419095693807,0.024269419095693807,0.013412812991931143,0.013412812991931143,0.020105362846393294,0.020105362846393294
ID_0KWKO6,0.024269419095693807,0.024269419095693807,0.014151905179885061,0.014151905179885061,0.019407481070035527,0.019407481070035527
ID_NA80NQ,0.024248715161946394,0.024248715161946394,0.026974245814932532,0.026974245814932532,0.020628342212926212,0.020628342212926212
ID_SEZMK4,0.024269419095693807,0.024269419095693807,0.013412812991931143,0.013412812991931143,0.020105362846393294,0.020105362846393294
ID_EUISRV,0.0245481481548801,0.0245481481548801,0.015673450629331627,0.015673450629331627,0.036883654667631466,0.036883654667631466
ID_5XO6JY,0.024328849909266065,0.024328849909266065,0.013806337342671372,0.013806337342671372,0.02734584322318121,0.02734584322318121
ID_EK7ZWC,0.024328849909266065,0.024328849909266065,0.013806337342671372,0.013806337342671372,0.02734584322318121,0.02734584322318121
ID_V796K5,0.02441532700990416,0.02441532700990416,0.01642191520642936,0.01642191520642936,0.02353771692038583,0.02353771692038583
ID_Y827KG,0.02441532700990416,0.02441532700990416,0.01642191520642936,0.01642191520642936,0.02353771692038583,0.02353771692038583
ID_2HM4QW,0.02441532700990416,0.02441532700990416,0.01642191520642936,0.01642191520642936,0.02353771692038583,0.02353771692038583
ID_SCXJL3,0.02441532700990416,0.02441532700990416,0.01642191520642936,0.01642191520642936,0.02353771692038583,0.02353771692038583
ID_JZPTYE,0.024258094305501646,0.024258094305501646,0.01659224962899939,0.01659224962899939,0.02447482181774412,0.02447482181774412
ID_Q2IGYG,0.024258094305501646,0.024258094305501646,0.016310199864990667,0.016310199864990667,0.02129160274120348,0.02129160274120348
ID_M4NSBL,0.024258094305501646,0.024258094305501646,0.016310199864990667,0.016310199864990667,0.02129160274120348,0.02129160274120348
ID_ZEY77T,0.024258094305501646,0.024258094305501646,0.016310199864990667,0.016310199864990667,0.02129160274120348,0.02129160274120348
ID_0GZHJB,0.024258094305501646,0.024258094305501646,0.01659224962899939,0.01659224962899939,0.02447482181774412,0.02447482181774412
ID_O98AFI,0.02441532700990416,0.02441532700990416,0.01642191520642936,0.01642191520642936,0.02353771692038583,0.02353771692038583
ID_GTVZ8B,0.02441532700990416,0.02441532700990416,0.01642191520642936,0.01642191520642936,0.02353771692038583,0.02353771692038583
ID_TUWRO6,0.024258094305501646,0.024258094305501646,0.016310199864990667,0.016310199864990667,0.02129160274120348,0.02129160274120348
ID_53NI04,0.024258094305501646,0.024258094305501646,0.016310199864990667,0.016310199864990667,0.02129160274120348,0.02129160274120348
ID_G8ISGB,0.02441532700990416,0.02441532700990416,0.01642191520642936,0.01642191520642936,0.02353771692038583,0.02353771692038583
ID_NO0C5D,0.024258094305501646,0.024258094305501646,0.016310199864990667,0.016310199864990667,0.02129160274120348,0.02129160274120348
ID_HPAY1U,0.02441532700990416,0.02441532700990416,0.01642191520642936,0.01642191520642936,0.02353771692038583,0.02353771692038583
ID_VYY1I9,0.024258094305501646,0.024258094305501646,0.016310199864990667,0.016310199864990667,0.02129160274120348,0.02129160274120348
ID_05VYW1,0.024258094305501646,0.024258094305501646,0.016310199864990667,0.016310199864990667,0.02129160274120348,0.02129160274120348
ID_QMN5FR,0.024258094305501646,0.024258094305501646,0.01659224962899939,0.01659224962899939,0.02447482181774412,0.02447482181774412
ID_DTD1QY,0.024258094305501646,0.024258094305501646,0.01659224962899939,0.01659224962899939,0.02447482181774412,0.02447482181774412
ID_3HTURM,0.024258094305501646,0.024258094305501646,0.016310199864990667,0.016310199864990667,0.02129160274120348,0.02129160274120348
ID_58WL51,0.02441532700990416,0.02441532700990416,0.01654686685862874,0.01654686685862874,0.025843447388369505,0.025843447388369505
ID_EWS3VY,0.02441532700990416,0.02441532700990416,0.01654686685862874,0.01654686685862874,0.025843447388369505,0.025843447388369505
ID_WIZJEA,0.02441532700990416,0.02441532700990416,0.01642191520642936,0.01642191520642936,0.02353771692038583,0.02353771692038583
ID_3TOQ4O,0.024258094305501646,0.024258094305501646,0.016310199864990667,0.016310199864990667,0.02129160274120348,0.02129160274120348
ID_065SOK,0.5316033857647282,0.5316033857647282,0.4731570582676642,0.4731570582676642,0.5098371619419058,0.5098371619419058
ID_U016SO,0.5016269922384476,0.5016269922384476,0.5127764003471668,0.5127764003471668,0.56515975668124,0.56515975668124
ID_CNKSHK,0.5760707339512791,0.5760707339512791,0.5664114284017002,0.5664114284017002,0.5856317308607001,0.5856317308607001
ID_Z84N1L,0.5754543495497798,0.5754543495497798,0.5671950572223254,0.5671950572223254,0.5764526154289217,0.5764526154289217
ID_R0KEPU,0.5318103046509113,0.5318103046509113,0.4731786092353132,0.4731786092353132,0.5092214214845965,0.5092214214845965
ID_Y7BC44,0.48797938488919795,0.48797938488919795,0.4650363451155785,0.4650363451155785,0.5287931253737334,0.5287931253737334
ID_8TH4YE,0.5350853334032104,0.5350853334032104,0.47457292692953273,0.47457292692953273,0.5142906028492087,0.5142906028492087
ID_HRAQSM,0.024436565391187354,0.024436565391187354,0.01343880356867042,0.01343880356867042,0.01985991403321005,0.01985991403321005
ID_UZLDLE,0.02427630898093094,0.02427630898093094,0.013428843741764306,0.013428843741764306,0.019742002619186585,0.019742002619186585
ID_6IHIP0,0.024248715161946394,0.024248715161946394,0.013466103595970448,0.013466103595970448,0.019917484557101815,0.019917484557101815
ID_J0QHSL,0.024457269324934763,0.024457269324934763,0.013466103595970448,0.013466103595970448,0.01841020666405338,0.01841020666405338
ID_HBC5QX,0.02427630898093094,0.02427630898093094,0.013428843741764306,0.013428843741764306,0.019742002619186585,0.019742002619186585
ID_J3EJ0R,0.024436565391187354,0.024436565391187354,0.01343880356867042,0.01343880356867042,0.01985991403321005,0.01985991403321005
ID_HO7OER,0.024248715161946394,0.024248715161946394,0.013436341691208543,0.013436341691208543,0.01985991403321005,0.01985991403321005
ID_ZM023T,0.02427630898093094,0.02427630898093094,0.013428843741764306,0.013428843741764306,0.019788074952750277,0.019788074952750277
ID_1ANEBT,0.024436565391187354,0.024436565391187354,0.01343880356867042,0.01343880356867042,0.01985991403321005,0.01985991403321005
ID_OGR2VR,0.02427630898093094,0.02427630898093094,0.013428843741764306,0.013428843741764306,0.019788074952750277,0.019788074952750277
ID_9B87OV,0.43280604972828207,0.43280604972828207,0.42450700787511436,0.42450700787511436,0.41684574773583133,0.41684574773583133
ID_HJT0CJ,0.024436565391187354,0.024436565391187354,0.01343880356867042,0.01343880356867042,0.01985991403321005,0.01985991403321005
ID_775Y66,0.36177634166888,0.36177634166888,0.3596989807583715,0.3596989807583715,0.35774226604504233,0.35774226604504233
ID_Q04AX8,0.02427630898093094,0.02427630898093094,0.013428843741764306,0.013428843741764306,0.01833836758359361,0.01833836758359361
ID_VXCY4G,0.024436565391187354,0.024436565391187354,0.013530127769583662,0.013530127769583662,0.019917484557101815,0.019917484557101815
ID_SSO9SH,0.024436565391187354,0.024436565391187354,0.013530127769583662,0.013530127769583662,0.019917484557101815,0.019917484557101815
ID_RIZUYK,0.02427630898093094,0.02427630898093094,0.013428843741764306,0.013428843741764306,0.019742002619186585,0.019742002619186585
ID_S6WJDK,0.02427630898093094,0.02427630898093094,0.013428843741764306,0.013428843741764306,0.019742002619186585,0.019742002619186585
ID_K59VOO,0.024436565391187354,0.024436565391187354,0.01343880356867042,0.01343880356867042,0.01985991403321005,0.01985991403321005
ID_DHVX41,0.024248715161946394,0.024248715161946394,0.013466103595970448,0.013466103595970448,0.018282821396040882,0.018282821396040882
ID_GBOV5S,0.02427630898093094,0.02427630898093094,0.013428843741764306,0.013428843741764306,0.019788074952750277,0.019788074952750277
ID_06KAJU,0.3488024868734199,0.3488024868734199,0.39357241849466035,0.39357241849466035,0.3731184184386368,0.3731184184386368
ID_04DJLK,0.024248715161946394,0.024248715161946394,0.013466103595970448,0.013466103595970448,0.019917484557101815,0.019917484557101815
ID_I85AHY,0.024436565391187354,0.024436565391187354,0.01343880356867042,0.01343880356867042,0.01985991403321005,0.01985991403321005
ID_W5OFQ8,0.024436565391187354,0.024436565391187354,0.01343880356867042,0.01343880356867042,0.01985991403321005,0.01985991403321005
ID_ROZN49,0.024436565391187354,0.024436565391187354,0.013530127769583662,0.013530127769583662,0.019917484557101815,0.019917484557101815
ID_O99TDC,0.024436565391187354,0.024436565391187354,0.013530127769583662,0.013530127769583662,0.019917484557101815,0.019917484557101815
ID_9VAPA3,0.024457269324934763,0.024457269324934763,0.01355742779688369,0.01355742779688369,0.018528619926338755,0.018528619926338755
ID_9Q3QYV,0.02427630898093094,0.02427630898093094,0.013428843741764306,0.013428843741764306,0.019742002619186585,0.019742002619186585
ID_VCDH1M,0.02427630898093094,0.02427630898093094,0.013428843741764306,0.013428843741764306,0.019788074952750277,0.019788074952750277
ID_1UREW6,0.024436565391187354,0.024436565391187354,0.013530127769583662,0.013530127769583662,0.019917484557101815,0.019917484557101815
ID_NHXVVR,0.02427630898093094,0.02427630898093094,0.013428843741764306,0.013428843741764306,0.019788074952750277,0.019788074952750277
ID_HYYD9X,0.024248715161946394,0.024248715161946394,0.013466103595970448,0.013466103595970448,0.018282821396040882,0.018282821396040882
ID_S9EWZ6,0.024248715161946394,0.024248715161946394,0.013466103595970448,0.013466103595970448,0.018354660476500653,0.018354660476500653
ID_3OK7WP,0.024436565391187354,0.024436565391187354,0.01343880356867042,0.01343880356867042,0.01985991403321005,0.01985991403321005
ID_NZU26W,0.024436565391187354,0.024436565391187354,0.01343880356867042,0.01343880356867042,0.01985991403321005,0.01985991403321005
ID_QSKDPI,0.02427630898093094,0.02427630898093094,0.013428843741764306,0.013428843741764306,0.019788074952750277,0.019788074952750277
ID_AUEQB1,0.02427630898093094,0.02427630898093094,0.013428843741764306,0.013428843741764306,0.01833836758359361,0.01833836758359361
ID_1KJ6HF,0.024457269324934763,0.024457269324934763,0.01355742779688369,0.01355742779688369,0.018528619926338755,0.018528619926338755
ID_9T9YY4,0.024248715161946394,0.024248715161946394,0.013466103595970448,0.013466103595970448,0.018282821396040882,0.018282821396040882
ID_DCQ2HB,0.02427630898093094,0.02427630898093094,0.013428843741764306,0.013428843741764306,0.019788074952750277,0.019788074952750277
ID_ZNSKYP,0.02427630898093094,0.02427630898093094,0.013428843741764306,0.013428843741764306,0.019788074952750277,0.019788074952750277
ID_B97PWM,0.024248715161946394,0.024248715161946394,0.013466103595970448,0.013466103595970448,0.01985991403321005,0.01985991403321005
ID_SSTMBL,0.02427630898093094,0.02427630898093094,0.013428843741764306,0.013428843741764306,0.019788074952750277,0.019788074952750277
ID_UC68W2,0.024436565391187354,0.024436565391187354,0.01343880356867042,0.01343880356867042,0.01985991403321005,0.01985991403321005
ID_ABA2EL,0.02427630898093094,0.02427630898093094,0.013428843741764306,0.013428843741764306,0.019788074952750277,0.019788074952750277
ID_C2EX4C,0.02427630898093094,0.02427630898093094,0.013428843741764306,0.013428843741764306,0.019788074952750277,0.019788074952750277
ID_9A0ZFU,0.02427630898093094,0.02427630898093094,0.013428843741764306,0.013428843741764306,0.018292295250029917,0.018292295250029917
ID_1SUIYY,0.024436565391187354,0.024436565391187354,0.01343880356867042,0.01343880356867042,0.01985991403321005,0.01985991403321005
ID_OYD76O,0.02427630898093094,0.02427630898093094,0.013428843741764306,0.013428843741764306,0.019788074952750277,0.019788074952750277
ID_KB433X,0.024248715161946394,0.024248715161946394,0.013466103595970448,0.013466103595970448,0.01973457040486371,0.01973457040486371
ID_ZQLRCB,0.36485865136568135,0.36485865136568135,0.3600483901433718,0.3600483901433718,0.3601846632684924,0.3601846632684924
ID_B52MTK,0.02427630898093094,0.02427630898093094,0.013428843741764306,0.013428843741764306,0.019788074952750277,0.019788074952750277
ID_TH3FZH,0.02427630898093094,0.02427630898093094,0.013428843741764306,0.013428843741764306,0.019788074952750277,0.019788074952750277
ID_F6UFCA,0.02427630898093094,0.02427630898093094,0.013428843741764306,0.013428843741764306,0.019742002619186585,0.019742002619186585
ID_M460YA,0.024457269324934763,0.024457269324934763,0.01355742779688369,0.01355742779688369,0.018528619926338755,0.018528619926338755
ID_RGMKFC,0.02427630898093094,0.02427630898093094,0.013428843741764306,0.013428843741764306,0.019788074952750277,0.019788074952750277
ID_HYF240,0.024436565391187354,0.024436565391187354,0.01343880356867042,0.01343880356867042,0.01985991403321005,0.01985991403321005
ID_F4Z9QP,0.02427630898093094,0.02427630898093094,0.013428843741764306,0.013428843741764306,0.019788074952750277,0.019788074952750277
ID_NP3XTP,0.024436565391187354,0.024436565391187354,0.01343880356867042,0.01343880356867042,0.01985991403321005,0.01985991403321005
ID_4RB4RW,0.02427630898093094,0.02427630898093094,0.013428843741764306,0.013428843741764306,0.019788074952750277,0.019788074952750277
ID_28Y3QD,0.02427630898093094,0.02427630898093094,0.013428843741764306,0.013428843741764306,0.019788074952750277,0.019788074952750277
ID_8V1UTS,0.024436565391187354,0.024436565391187354,0.01343880356867042,0.01343880356867042,0.01985991403321005,0.01985991403321005
ID_Y3B64A,0.024436565391187354,0.024436565391187354,0.01343880356867042,0.01343880356867042,0.01985991403321005,0.01985991403321005
ID_U3CTLW,0.024489106319522475,0.024489106319522475,0.013775748210842455,0.013775748210842455,0.029705850378403294,0.029705850378403294
ID_HIYHM9,0.024436565391187354,0.024436565391187354,0.01343880356867042,0.01343880356867042,0.01985991403321005,0.01985991403321005
ID_0LI4KO,0.02427630898093094,0.02427630898093094,0.013428843741764306,0.013428843741764306,0.01833836758359361,0.01833836758359361
ID_WZY98V,0.02427630898093094,0.02427630898093094,0.013428843741764306,0.013428843741764306,0.019788074952750277,0.019788074952750277
ID_D3WNMR,0.02427630898093094,0.02427630898093094,0.013428843741764306,0.013428843741764306,0.019788074952750277,0.019788074952750277
ID_C4A9AI,0.024248715161946394,0.024248715161946394,0.013466103595970448,0.013466103595970448,0.01985991403321005,0.01985991403321005
ID_9DMQEB,0.026861242988650075,0.026861242988650075,0.03167889912312808,0.03167889912312808,0.060357865400990335,0.060357865400990335
ID_WYTA25,0.02697492888023584,0.02697492888023584,0.02045762787988356,0.02045762787988356,0.057888351620952225,0.057888351620952225
ID_ZJP4KO,0.02697492888023584,0.02697492888023584,0.02045762787988356,0.02045762787988356,0.057888351620952225,0.057888351620952225
ID_48E1RE,0.02697492888023584,0.02697492888023584,0.02045762787988356,0.02045762787988356,0.057888351620952225,0.057888351620952225
ID_2Q7ZYF,0.04081682506362988,0.04081682506362988,0.03709076924339351,0.03709076924339351,0.0814766150362573,0.0814766150362573
ID_M3E6DB,0.04081682506362988,0.04081682506362988,0.03709076924339351,0.03709076924339351,0.0814766150362573,0.0814766150362573
ID_RBQL63,0.026861242988650075,0.026861242988650075,0.03167889912312808,0.03167889912312808,0.060357865400990335,0.060357865400990335
ID_I06XZJ,0.02697492888023584,0.02697492888023584,0.02045762787988356,0.02045762787988356,0.057888351620952225,0.057888351620952225
ID_LHAJ16,0.0282084474047944,0.0282084474047944,0.020989185718150644,0.020989185718150644,0.05317870726555492,0.05317870726555492
ID_XRH4M1,0.04011257796308508,0.04011257796308508,0.030350980995100432,0.030350980995100432,0.031344691891591225,0.031344691891591225
ID_L6E64E,0.02697492888023584,0.02697492888023584,0.02045762787988356,0.02045762787988356,0.057888351620952225,0.057888351620952225
ID_9FOGDZ,0.047243595328438685,0.047243595328438685,0.03967448371048353,0.03967448371048353,0.06985240696658437,0.06985240696658437
ID_CQUX2K,0.042154022784025164,0.042154022784025164,0.03315182163898081,0.03315182163898081,0.033826730987588885,0.033826730987588885
ID_4VKQYU,0.029898435725967794,0.029898435725967794,0.020564606188187708,0.020564606188187708,0.061658585940107855,0.061658585940107855
ID_KNBOAS,0.028393670543308915,0.028393670543308915,0.02022190939752805,0.02022190939752805,0.05726663885186817,0.05726663885186817
ID_Y3QY4K,0.028397245760187165,0.028397245760187165,0.027896096073535888,0.027896096073535888,0.05526453174394116,0.05526453174394116
ID_UHZ22Y,0.04263664623670836,0.04263664623670836,0.030673731156143334,0.030673731156143334,0.030664007453448723,0.030664007453448723
ID_WVHSDA,0.04081682506362988,0.04081682506362988,0.03709076924339351,0.03709076924339351,0.0814766150362573,0.0814766150362573
ID_LDDHLU,0.047087021869859066,0.047087021869859066,0.030351675085248633,0.030351675085248633,0.07379161545736809,0.07379161545736809
ID_AGSGHY,0.02697492888023584,0.02697492888023584,0.02045762787988356,0.02045762787988356,0.057888351620952225,0.057888351620952225
ID_X2SDKG,0.044014285493457664,0.044014285493457664,0.02995966914482875,0.02995966914482875,0.07053598231277337,0.07053598231277337
ID_S90MML,0.0282084474047944,0.0282084474047944,0.021238928330729073,0.021238928330729073,0.052142736837194684,0.052142736837194684
ID_MG05UN,0.02697492888023584,0.02697492888023584,0.02045762787988356,0.02045762787988356,0.057888351620952225,0.057888351620952225
ID_O973KK,0.044014285493457664,0.044014285493457664,0.02995966914482875,0.02995966914482875,0.07053598231277337,0.07053598231277337
ID_ZPW7TK,0.02697492888023584,0.02697492888023584,0.02045762787988356,0.02045762787988356,0.057888351620952225,0.057888351620952225
ID_PJJ2OK,0.0282084474047944,0.0282084474047944,0.020989185718150644,0.020989185718150644,0.05317870726555492,0.05317870726555492
ID_KEZP3H,0.02697492888023584,0.02697492888023584,0.02045762787988356,0.02045762787988356,0.057888351620952225,0.057888351620952225
ID_82XV8F,0.029898435725967794,0.029898435725967794,0.020564606188187708,0.020564606188187708,0.061658585940107855,0.061658585940107855
ID_KHQLO9,0.032537978551710776,0.032537978551710776,0.028082321707636963,0.028082321707636963,0.06154351481675842,0.06154351481675842
ID_BOVGVS,0.03448825711516496,0.03448825711516496,0.029287543893638142,0.029287543893638142,0.025494643637124767,0.025494643637124767
ID_1FCLJQ,0.045375515934560004,0.045375515934560004,0.030161284508980157,0.030161284508980157,0.07536277155782466,0.07536277155782466
ID_MLL86Y,0.047243595328438685,0.047243595328438685,0.03967448371048353,0.03967448371048353,0.06985240696658437,0.06985240696658437
ID_HCWZN6,0.040628877710411876,0.040628877710411876,0.028977858079369853,0.028977858079369853,0.0617112604581839,0.0617112604581839
ID_607D9L,0.07190493580867784,0.07190493580867784,0.03967218815528717,0.03967218815528717,0.12450070744224473,0.12450070744224473
ID_7L24AW,0.02697492888023584,0.02697492888023584,0.02045762787988356,0.02045762787988356,0.057888351620952225,0.057888351620952225
ID_1I1DP1,0.0282084474047944,0.0282084474047944,0.020989185718150644,0.020989185718150644,0.05317870726555492,0.05317870726555492
ID_Q7IOB2,0.04782097119262789,0.04782097119262789,0.039794286977225465,0.039794286977225465,0.07663970367234263,0.07663970367234263
ID_S1PMMH,0.045375515934560004,0.045375515934560004,0.030161284508980157,0.030161284508980157,0.07536277155782466,0.07536277155782466
ID_0BCHBA,0.023235710341062497,0.023235710341062497,0.02645964492075112,0.02645964492075112,0.07264509445619068,0.07264509445619068
ID_7YF5AP,0.04972355119750756,0.04972355119750756,0.1828622370409421,0.1828622370409421,0.36839113715722904,0.36839113715722904
ID_MQJX8F,0.043514877044589576,0.043514877044589576,0.032697967331432785,0.032697967331432785,0.058012675024141966,0.058012675024141966
ID_SW0MA1,0.0445859608674008,0.0445859608674008,0.03140647059811847,0.03140647059811847,0.10514987770979693,0.10514987770979693
ID_1F0IDO,0.030457522033285046,0.030457522033285046,0.02833489901608212,0.02833489901608212,0.059214301117890784,0.059214301117890784
ID_ZCWDBM,0.029898435725967794,0.029898435725967794,0.020564606188187708,0.020564606188187708,0.061658585940107855,0.061658585940107855
ID_BYW2CL,0.041903773868478496,0.041903773868478496,0.035750677761150734,0.035750677761150734,0.0733859936089593,0.0733859936089593
ID_CGSEQY,0.030003059773437778,0.030003059773437778,0.02158162512138873,0.02158162512138873,0.0557532657261525,0.0557532657261525
ID_MM2BWN,0.028681170744978612,0.028681170744978612,0.02080032467054322,0.02080032467054322,0.06228029870919191,0.06228029870919191
ID_PR6GCS,0.04011257796308508,0.04011257796308508,0.030350980995100432,0.030350980995100432,0.031344691891591225,0.031344691891591225
ID_5T6WFW,0.028397245760187165,0.028397245760187165,0.027896096073535888,0.027896096073535888,0.05526453174394116,0.05526453174394116
ID_VT7750,0.029117592035097752,0.029117592035097752,0.025749968041604454,0.025749968041604454,0.05694801670766902,0.05694801670766902
ID_URURAN,0.028393670543308915,0.028393670543308915,0.02022190939752805,0.02022190939752805,0.05726663885186817,0.05726663885186817
ID_FQKEBR,0.028393670543308915,0.028393670543308915,0.02022190939752805,0.02022190939752805,0.05726663885186817,0.05726663885186817
ID_XC2X41,0.02979542484920609,0.02979542484920609,0.027863176254319125,0.027863176254319125,0.06970039650450778,0.06970039650450778
ID_T8SKEP,0.02697492888023584,0.02697492888023584,0.02045762787988356,0.02045762787988356,0.057888351620952225,0.057888351620952225
ID_ZD760Q,0.032270560047625976,0.032270560047625976,0.031288598404702904,0.031288598404702904,0.0730270440468514,0.0730270440468514
ID_ZDW4YS,0.02697492888023584,0.02697492888023584,0.02045762787988356,0.02045762787988356,0.057888351620952225,0.057888351620952225
ID_4SE3OH,0.04249464707074439,0.04249464707074439,0.030005770997638508,0.030005770997638508,0.06879411619325104,0.06879411619325104
ID_8ZJKZ8,0.0282084474047944,0.0282084474047944,0.021238928330729073,0.021238928330729073,0.052142736837194684,0.052142736837194684
ID_C0J4MJ,0.0282084474047944,0.0282084474047944,0.020989185718150644,0.020989185718150644,0.05317870726555492,0.05317870726555492
ID_OBWYEH,0.05827647370563208,0.05827647370563208,0.033561987419329836,0.033561987419329836,0.1260265615446604,0.1260265615446604
ID_RWRYQ1,0.04081682506362988,0.04081682506362988,0.03709076924339351,0.03709076924339351,0.0814766150362573,0.0814766150362573
ID_HIMNTK,0.042154022784025164,0.042154022784025164,0.03315182163898081,0.03315182163898081,0.033826730987588885,0.033826730987588885
ID_VHRU3S,0.02979542484920609,0.02979542484920609,0.027863176254319125,0.027863176254319125,0.06970039650450778,0.06970039650450778
ID_DUKW5I,0.02697492888023584,0.02697492888023584,0.02045762787988356,0.02045762787988356,0.057888351620952225,0.057888351620952225
ID_RGBU2B,0.0282084474047944,0.0282084474047944,0.021238928330729073,0.021238928330729073,0.052142736837194684,0.052142736837194684
ID_6OROO2,0.028393670543308915,0.028393670543308915,0.02022190939752805,0.02022190939752805,0.05726663885186817,0.05726663885186817
ID_E01AVW,0.02697492888023584,0.02697492888023584,0.02045762787988356,0.02045762787988356,0.057888351620952225,0.057888351620952225
ID_0G0M3Z,0.03599882098531483,0.03599882098531483,0.03731705303823129,0.03731705303823129,0.08079872844448122,0.08079872844448122
ID_75ZEAY,0.031306678814038834,0.031306678814038834,0.027577618927544525,0.027577618927544525,0.06429259637654969,0.06429259637654969
ID_OBGCTB,0.07208733882146534,0.07208733882146534,0.0415523363994805,0.0415523363994805,0.13093079330686344,0.13093079330686344
ID_BSI938,0.028681170744978612,0.028681170744978612,0.02080032467054322,0.02080032467054322,0.06228029870919191,0.06228029870919191
ID_OD3P35,0.0282084474047944,0.0282084474047944,0.021238928330729073,0.021238928330729073,0.052142736837194684,0.052142736837194684
ID_LPR3IG,0.04011257796308508,0.04011257796308508,0.030350980995100432,0.030350980995100432,0.031344691891591225,0.031344691891591225
ID_WW98MI,0.02427630898093094,0.02427630898093094,0.016214574255026516,0.016214574255026516,0.014158200347159075,0.014158200347159075
ID_LKUGYH,0.024328849909266065,0.024328849909266065,0.016834160823857313,0.016834160823857313,0.017735174528484606,0.017735174528484606
ID_8V3O49,0.024328849909266065,0.024328849909266065,0.016981718093609537,0.016981718093609537,0.017724711955789018,0.017724711955789018
ID_NGO91I,0.024248715161946394,0.024248715161946394,0.016344297638851348,0.016344297638851348,0.014353445236566684,0.014353445236566684
ID_3STNLD,0.02485101686163756,0.02485101686163756,0.013927973764295198,0.013927973764295198,0.022529821717749858,0.022529821717749858
ID_D2HYNU,0.024248715161946394,0.024248715161946394,0.01656630606939462,0.01656630606939462,0.014224462362702764,0.014224462362702764
ID_PSEHFM,0.02427630898093094,0.02427630898093094,0.016214574255026516,0.016214574255026516,0.014158200347159075,0.014158200347159075
ID_REZOW5,0.024248715161946394,0.024248715161946394,0.016906807160820214,0.016906807160820214,0.014597072459028977,0.014597072459028977
ID_S64QFC,0.024328849909266065,0.024328849909266065,0.02379727899557709,0.02379727899557709,0.04295113693850527,0.04295113693850527
ID_9O5TIS,0.024328849909266065,0.024328849909266065,0.016981718093609537,0.016981718093609537,0.017724711955789018,0.017724711955789018
ID_KFKH2L,0.024328849909266065,0.024328849909266065,0.016981718093609537,0.016981718093609537,0.017724711955789018,0.017724711955789018
ID_3F0GYV,0.024248715161946394,0.024248715161946394,0.01632893945452507,0.01632893945452507,0.014005747053096105,0.014005747053096105
ID_EPPMFG,0.02530669981462977,0.02530669981462977,0.01934198059926715,0.01934198059926715,0.022493712573607525,0.022493712573607525
ID_WPHAGI,0.024248715161946394,0.024248715161946394,0.01656630606939462,0.01656630606939462,0.014224462362702764,0.014224462362702764
ID_4Y0VT3,0.024297012914678354,0.024297012914678354,0.016560599141800983,0.016560599141800983,0.018026313299725264,0.018026313299725264
ID_WULH1Z,0.02427630898093094,0.02427630898093094,0.016214574255026516,0.016214574255026516,0.014158200347159075,0.014158200347159075
ID_E0WVVY,0.024248715161946394,0.024248715161946394,0.019319407672845616,0.019319407672845616,0.014419952625793401,0.014419952625793401
ID_0RYNOK,0.024248715161946394,0.024248715161946394,0.01632893945452507,0.01632893945452507,0.014005747053096105,0.014005747053096105
ID_WE8RKW,0.024248715161946394,0.024248715161946394,0.01656630606939462,0.01656630606939462,0.014224462362702764,0.014224462362702764
ID_XJJHEX,0.024248715161946394,0.024248715161946394,0.01656630606939462,0.01656630606939462,0.014224462362702764,0.014224462362702764
ID_E44382,0.024248715161946394,0.024248715161946394,0.019325085151370647,0.019325085151370647,0.014600076619411895,0.014600076619411895
ID_D4HUAW,0.024248715161946394,0.024248715161946394,0.016324933316685056,0.016324933316685056,0.014283827365029646,0.014283827365029646
ID_9BLHQS,0.024248715161946394,0.024248715161946394,0.01632893945452507,0.01632893945452507,0.014005747053096105,0.014005747053096105
ID_0PABFC,0.024328849909266065,0.024328849909266065,0.01721592746502349,0.01721592746502349,0.01819559027084487,0.01819559027084487
ID_V5A80P,0.024297012914678354,0.024297012914678354,0.018183920970397744,0.018183920970397744,0.015696764029394877,0.015696764029394877
ID_WLI35N,0.024248715161946394,0.024248715161946394,0.016344297638851348,0.016344297638851348,0.014353445236566684,0.014353445236566684
ID_CAKGEL,0.024248715161946394,0.024248715161946394,0.01716973182631989,0.01716973182631989,0.014913398198185098,0.014913398198185098
ID_L4EYKT,0.024297012914678354,0.024297012914678354,0.017107678896861177,0.017107678896861177,0.01821764363932129,0.01821764363932129
ID_BS8T6P,0.024248715161946394,0.024248715161946394,0.01656630606939462,0.01656630606939462,0.014224462362702764,0.014224462362702764
ID_Z43O7Z,0.024248715161946394,0.024248715161946394,0.016964744084643005,0.016964744084643005,0.014325907886184869,0.014325907886184869
ID_NUI8UC,0.024248715161946394,0.024248715161946394,0.017510153024257312,0.017510153024257312,0.014816058023454362,0.014816058023454362
ID_IT01YY,0.024248715161946394,0.024248715161946394,0.016344297638851348,0.016344297638851348,0.014353445236566684,0.014353445236566684
ID_PHKKLQ,0.024297012914678354,0.024297012914678354,0.02198447750563588,0.02198447750563588,0.016568759378731698,0.016568759378731698
ID_R8M8SS,0.18315446061484636,0.18315446061484636,0.09449338499048711,0.09449338499048711,0.22310336064275074,0.22310336064275074
ID_B6ZZ5P,0.024248715161946394,0.024248715161946394,0.017733196736551216,0.017733196736551216,0.015069090346720609,0.015069090346720609
ID_4IYAMD,0.024248715161946394,0.024248715161946394,0.01632893945452507,0.01632893945452507,0.014005747053096105,0.014005747053096105
ID_T6IF0T,0.024248715161946394,0.024248715161946394,0.016344297638851348,0.016344297638851348,0.014353445236566684,0.014353445236566684
ID_FB09FY,0.024248715161946394,0.024248715161946394,0.01632893945452507,0.01632893945452507,0.014005747053096105,0.014005747053096105
ID_MA8GLI,0.024297012914678354,0.024297012914678354,0.01665549472167621,0.01665549472167621,0.018128639730313725,0.018128639730313725
ID_IFIIGQ,0.024248715161946394,0.024248715161946394,0.01656630606939462,0.01656630606939462,0.014224462362702764,0.014224462362702764
ID_ZARKQN,0.024248715161946394,0.024248715161946394,0.016344297638851348,0.016344297638851348,0.014353445236566684,0.014353445236566684
ID_7DYR0J,0.024297012914678354,0.024297012914678354,0.017107678896861177,0.017107678896861177,0.01805214230693578,0.01805214230693578
ID_QVSE4F,0.024297012914678354,0.024297012914678354,0.02198447750563588,0.02198447750563588,0.016568759378731698,0.016568759378731698
ID_ZUVHL8,0.024248715161946394,0.024248715161946394,0.01656630606939462,0.01656630606939462,0.014224462362702764,0.014224462362702764
ID_6LI3EJ,0.024328849909266065,0.024328849909266065,0.01721592746502349,0.01721592746502349,0.01819559027084487,0.01819559027084487
ID_N8UK21,0.024328849909266065,0.024328849909266065,0.016834160823857313,0.016834160823857313,0.017735174528484606,0.017735174528484606
ID_W3KIQI,0.024248715161946394,0.024248715161946394,0.01632893945452507,0.01632893945452507,0.014005747053096105,0.014005747053096105
ID_L9IPGA,0.024248715161946394,0.024248715161946394,0.017510153024257312,0.017510153024257312,0.014816058023454362,0.014816058023454362
ID_LRLRQB,0.056133068014771845,0.056133068014771845,0.02838668742056077,0.02838668742056077,0.07459562389070802,0.07459562389070802
ID_Q5H34E,0.02427630898093094,0.02427630898093094,0.016214574255026516,0.016214574255026516,0.014158200347159075,0.014158200347159075
ID_TL6ULM,0.024328849909266065,0.024328849909266065,0.016981718093609537,0.016981718093609537,0.017724711955789018,0.017724711955789018
ID_BAHEHY,0.024248715161946394,0.024248715161946394,0.016344297638851348,0.016344297638851348,0.014353445236566684,0.014353445236566684
ID_IU4G95,0.024248715161946394,0.024248715161946394,0.01656630606939462,0.01656630606939462,0.014224462362702764,0.014224462362702764
ID_ABFR5T,0.024297012914678354,0.024297012914678354,0.028115518633898686,0.028115518633898686,0.023700820198372198,0.023700820198372198
ID_BXIN9D,0.024248715161946394,0.024248715161946394,0.01656630606939462,0.01656630606939462,0.014224462362702764,0.014224462362702764
ID_8FWX6I,0.02557388374939414,0.02557388374939414,0.015218418701749767,0.015218418701749767,0.02400278238584196,0.02400278238584196
ID_5UXMEN,0.024328849909266065,0.024328849909266065,0.017354580014339684,0.017354580014339684,0.01836109160323038,0.01836109160323038
ID_6ALABP,0.024248715161946394,0.024248715161946394,0.01656630606939462,0.01656630606939462,0.014224462362702764,0.014224462362702764
ID_YMZWV2,0.024248715161946394,0.024248715161946394,0.01632893945452507,0.01632893945452507,0.014005747053096105,0.014005747053096105
ID_CAXC7H,0.024926719122834774,0.024926719122834774,0.03255805295630588,0.03255805295630588,0.03757772187268164,0.03757772187268164
ID_JBLH5N,0.024248715161946394,0.024248715161946394,0.016324933316685056,0.016324933316685056,0.014425281598400654,0.014425281598400654
ID_F4L75C,0.02430125609028152,0.02430125609028152,0.020455284346593293,0.020455284346593293,0.015168818116113203,0.015168818116113203
ID_TBE38Z,0.024297012914678354,0.024297012914678354,0.017107678896861177,0.017107678896861177,0.01805214230693578,0.01805214230693578
ID_6GRKUL,0.024297012914678354,0.024297012914678354,0.017107678896861177,0.017107678896861177,0.01805214230693578,0.01805214230693578
ID_13GQDW,0.024248715161946394,0.024248715161946394,0.016344297638851348,0.016344297638851348,0.014353445236566684,0.014353445236566684
ID_KQCZIM,0.024248715161946394,0.024248715161946394,0.01656630606939462,0.01656630606939462,0.014224462362702764,0.014224462362702764
ID_KACN6Q,0.024248715161946394,0.024248715161946394,0.01632893945452507,0.01632893945452507,0.014005747053096105,0.014005747053096105
ID_LPBHAQ,0.024248715161946394,0.024248715161946394,0.016229439165002676,0.016229439165002676,0.017471557665968303,0.017471557665968303
ID_1S1KBW,0.024328849909266065,0.024328849909266065,0.01721592746502349,0.01721592746502349,0.01819559027084487,0.01819559027084487
ID_IUCQZS,0.024248715161946394,0.024248715161946394,0.01632893945452507,0.01632893945452507,0.014005747053096105,0.014005747053096105
ID_62NNPA,0.024328849909266065,0.024328849909266065,0.01721592746502349,0.01721592746502349,0.01819559027084487,0.01819559027084487
ID_V22VHT,0.024248715161946394,0.024248715161946394,0.017733196736551216,0.017733196736551216,0.015069090346720609,0.015069090346720609
ID_HG2OAS,0.024248715161946394,0.024248715161946394,0.016344297638851348,0.016344297638851348,0.014353445236566684,0.014353445236566684
ID_XEC1UB,0.02455727072707059,0.02455727072707059,0.028791488734310484,0.028791488734310484,0.02515339689117612,0.02515339689117612
ID_OYIYH6,0.024248715161946394,0.024248715161946394,0.016344297638851348,0.016344297638851348,0.014353445236566684,0.014353445236566684
ID_B87F80,0.024426651800096323,0.024426651800096323,0.014021096833887657,0.014021096833887657,0.014316672710828432,0.014316672710828432
ID_0GT5MY,0.024248715161946394,0.024248715161946394,0.015179488221072943,0.015179488221072943,0.014510270466837448,0.014510270466837448
ID_3542I1,0.34928955652829563,0.34928955652829563,0.31964993524925395,0.31964993524925395,0.45840343857557697,0.45840343857557697
ID_XIPX8S,0.024248715161946394,0.024248715161946394,0.013622423931923934,0.013622423931923934,0.013861376738753924,0.013861376738753924
ID_60GIV7,0.024248715161946394,0.024248715161946394,0.013622423931923934,0.013622423931923934,0.013861376738753924,0.013861376738753924
ID_K5QXSD,0.10866234994350092,0.10866234994350092,0.08456875649064984,0.08456875649064984,0.2545295537166562,0.2545295537166562
ID_IMWQJR,0.024426651800096323,0.024426651800096323,0.014021096833887657,0.014021096833887657,0.014316672710828432,0.014316672710828432
ID_YKDMVB,0.3059322293775526,0.3059322293775526,0.2727805430045089,0.2727805430045089,0.34217772798648033,0.34217772798648033
ID_DJLRHI,0.024248715161946394,0.024248715161946394,0.015196506349761957,0.015196506349761957,0.014859944336755408,0.014859944336755408
ID_AA0TBB,0.26686519307245476,0.26686519307245476,0.2497345229574871,0.2497345229574871,0.3426330871010578,0.3426330871010578
ID_QQILOV,0.024248715161946394,0.024248715161946394,0.013622423931923934,0.013622423931923934,0.013861376738753924,0.013861376738753924
ID_GU8TDA,0.024426651800096323,0.024426651800096323,0.014021096833887657,0.014021096833887657,0.014316672710828432,0.014316672710828432
ID_GYA6QV,0.3059322293775526,0.3059322293775526,0.2727805430045089,0.2727805430045089,0.34217772798648033,0.34217772798648033
ID_SR9UQ2,0.39999663027260385,0.39999663027260385,0.3296786445306327,0.3296786445306327,0.47020236234909213,0.47020236234909213
ID_MG1GRK,0.024426651800096323,0.024426651800096323,0.014021096833887657,0.014021096833887657,0.014316672710828432,0.014316672710828432
ID_E8MNFZ,0.024248715161946394,0.024248715161946394,0.013622423931923934,0.013622423931923934,0.013861376738753924,0.013861376738753924
ID_90ES1C,0.02440594786634891,0.02440594786634891,0.013894995815445598,0.013894995815445598,0.014112835054066753,0.014112835054066753
ID_SBTN25,0.024248715161946394,0.024248715161946394,0.015196506349761957,0.015196506349761957,0.014859944336755408,0.014859944336755408
ID_2IT3ZQ,0.35438921887255853,0.35438921887255853,0.33124138834144173,0.33124138834144173,0.48268891733372504,0.48268891733372504
ID_POM94C,0.34345631740426574,0.34345631740426574,0.34079679402106927,0.34079679402106927,0.42675825887629215,0.42675825887629215
ID_8WSJY9,0.31187331748272856,0.31187331748272856,0.3120629241218397,0.3120629241218397,0.415500635085199,0.415500635085199
ID_PISRX6,0.024248715161946394,0.024248715161946394,0.013622423931923934,0.013622423931923934,0.013861376738753924,0.013861376738753924
ID_Z548DO,0.024248715161946394,0.024248715161946394,0.013622423931923934,0.013622423931923934,0.013861376738753924,0.013861376738753924
ID_HN86UX,0.024248715161946394,0.024248715161946394,0.013622423931923934,0.013622423931923934,0.013861376738753924,0.013861376738753924
ID_ENZCKW,0.024248715161946394,0.024248715161946394,0.013622423931923934,0.013622423931923934,0.013861376738753924,0.013861376738753924
ID_NNXHZJ,0.024248715161946394,0.024248715161946394,0.013622423931923934,0.013622423931923934,0.013861376738753924,0.013861376738753924
ID_PWTIJ9,0.024248715161946394,0.024248715161946394,0.013622423931923934,0.013622423931923934,0.013861376738753924,0.013861376738753924
ID_Q2SMTQ,0.3201477314950291,0.3201477314950291,0.30135410257765577,0.30135410257765577,0.3817215172499566,0.3817215172499566
ID_3MCOUT,0.024248715161946394,0.024248715161946394,0.013622423931923934,0.013622423931923934,0.013861376738753924,0.013861376738753924
ID_G7Z1L3,0.39209091924620754,0.39209091924620754,0.3988194602162525,0.3988194602162525,0.4278840183947469,0.4278840183947469
ID_J5L7RD,0.024248715161946394,0.024248715161946394,0.013622423931923934,0.013622423931923934,0.013861376738753924,0.013861376738753924
ID_JXG6HY,0.03494896061081722,0.03494896061081722,0.022840793079071223,0.022840793079071223,0.0470418694910614,0.0470418694910614
ID_XLV5BF,0.024248715161946394,0.024248715161946394,0.013624456723444716,0.013624456723444716,0.013556173248983068,0.013556173248983068
ID_GBKQ4A,0.024297012914678354,0.024297012914678354,0.015379933031606341,0.015379933031606341,0.015280073381325357,0.015280073381325357
ID_0RNKFD,0.024269419095693807,0.024269419095693807,0.018631472570978642,0.018631472570978642,0.01962020316548672,0.01962020316548672
ID_RNZHE5,0.024297012914678354,0.024297012914678354,0.015379933031606341,0.015379933031606341,0.015280073381325357,0.015280073381325357
ID_O2NKGF,0.024297012914678354,0.024297012914678354,0.014835868617459511,0.014835868617459511,0.015163084953346343,0.015163084953346343
ID_RPS26Y,0.024269419095693807,0.024269419095693807,0.013655629430625458,0.013655629430625458,0.01362801232944284,0.01362801232944284
ID_K1CKSA,0.024248715161946394,0.024248715161946394,0.013605005412616758,0.013605005412616758,0.01379850224856708,0.01379850224856708
ID_K0MGYR,0.024269419095693807,0.024269419095693807,0.022697794433105857,0.022697794433105857,0.014776007449521063,0.014776007449521063
ID_U0SR28,0.024297012914678354,0.024297012914678354,0.01524020852421349,0.01524020852421349,0.015351168563103323,0.015351168563103323
ID_YDH96X,0.024269419095693807,0.024269419095693807,0.021667587709999322,0.021667587709999322,0.014388201211858208,0.014388201211858208
ID_YHP6IW,0.024248715161946394,0.024248715161946394,0.013655629430625458,0.013655629430625458,0.013674586511268445,0.013674586511268445
ID_IG1LYN,0.024269419095693807,0.024269419095693807,0.020491712291219752,0.020491712291219752,0.01422386123234864,0.01422386123234864
ID_T4NKV6,0.024248715161946394,0.024248715161946394,0.013655629430625458,0.013655629430625458,0.013674586511268445,0.013674586511268445
ID_6711DS,0.02427630898093094,0.02427630898093094,0.014804300847098049,0.014804300847098049,0.014803508259498926,0.014803508259498926
ID_FUJOIH,0.024248715161946394,0.024248715161946394,0.013655629430625458,0.013655629430625458,0.013674586511268445,0.013674586511268445
ID_Q1AOTZ,0.024297012914678354,0.024297012914678354,0.015379933031606341,0.015379933031606341,0.015280073381325357,0.015280073381325357
ID_ZM9CVR,0.024269419095693807,0.024269419095693807,0.013690662270410353,0.013690662270410353,0.013451760626694245,0.013451760626694245
ID_8AYBAW,0.024248715161946394,0.024248715161946394,0.013624456723444716,0.013624456723444716,0.013556173248983068,0.013556173248983068
ID_B1G5TP,0.02455727072707059,0.02455727072707059,0.02239322652207713,0.02239322652207713,0.03378193502894327,0.03378193502894327
ID_568IE8,0.024269419095693807,0.024269419095693807,0.021667587709999322,0.021667587709999322,0.014388201211858208,0.014388201211858208
ID_JOWST8,0.024248715161946394,0.024248715161946394,0.013624456723444716,0.013624456723444716,0.013556173248983068,0.013556173248983068
ID_FVI9F8,0.024248715161946394,0.024248715161946394,0.013624456723444716,0.013624456723444716,0.013556173248983068,0.013556173248983068
ID_74OIAW,0.024297012914678354,0.024297012914678354,0.015755031739563642,0.015755031739563642,0.015405194858378298,0.015405194858378298
ID_XMWVMP,0.024248715161946394,0.024248715161946394,0.013448993287427555,0.013448993287427555,0.013379921546234476,0.013379921546234476
ID_6TS54L,0.024297012914678354,0.024297012914678354,0.015755031739563642,0.015755031739563642,0.015405194858378298,0.015405194858378298
ID_8AII57,0.024248715161946394,0.024248715161946394,0.025197796227551007,0.025197796227551007,0.015645636932121548,0.015645636932121548
ID_RJS1VA,0.024248715161946394,0.024248715161946394,0.013605005412616758,0.013605005412616758,0.01379850224856708,0.01379850224856708
ID_DM8ZXW,0.024297012914678354,0.024297012914678354,0.015262891177287895,0.015262891177287895,0.016472847816454823,0.016472847816454823
ID_5CJYZP,0.10638512094549629,0.10638512094549629,0.07047067333447762,0.07047067333447762,0.07837563048341259,0.07837563048341259
ID_JBXMIO,0.024248715161946394,0.024248715161946394,0.013624456723444716,0.013624456723444716,0.013556173248983068,0.013556173248983068
ID_4TGOWM,0.024248715161946394,0.024248715161946394,0.013569860486598046,0.013569860486598046,0.013409080429686653,0.013409080429686653
ID_0RHXLP,0.024297012914678354,0.024297012914678354,0.015535887100157731,0.015535887100157731,0.015318743141572843,0.015318743141572843
ID_NA6WHB,0.024248715161946394,0.024248715161946394,0.013950667411831322,0.013950667411831322,0.013594843009230554,0.013594843009230554
ID_KKQ9JS,0.024269419095693807,0.024269419095693807,0.01343880356867042,0.01343880356867042,0.013400297718473831,0.013400297718473831
ID_KCZDMC,0.024248715161946394,0.024248715161946394,0.013605005412616758,0.013605005412616758,0.01379850224856708,0.01379850224856708
ID_JHKAO1,0.024248715161946394,0.024248715161946394,0.013605005412616758,0.013605005412616758,0.01379850224856708,0.01379850224856708
ID_EWRTK0,0.024248715161946394,0.024248715161946394,0.013655629430625458,0.013655629430625458,0.013674586511268445,0.013674586511268445
ID_D0XOZS,0.024297012914678354,0.024297012914678354,0.015755031739563642,0.015755031739563642,0.015405194858378298,0.015405194858378298
ID_I4CLRD,0.024248715161946394,0.024248715161946394,0.013569860486598046,0.013569860486598046,0.013409080429686653,0.013409080429686653
ID_5OGH64,0.024248715161946394,0.024248715161946394,0.013532407303077448,0.013532407303077448,0.013480919510146423,0.013480919510146423
ID_KA4RGT,0.024297012914678354,0.024297012914678354,0.015379933031606341,0.015379933031606341,0.015280073381325357,0.015280073381325357
ID_HK8NQI,0.024297012914678354,0.024297012914678354,0.015535887100157731,0.015535887100157731,0.015318743141572843,0.015318743141572843
ID_CZC128,0.024269419095693807,0.024269419095693807,0.013655629430625458,0.013655629430625458,0.01362801232944284,0.01362801232944284
ID_CFEXKG,0.10638512094549629,0.10638512094549629,0.07047067333447762,0.07047067333447762,0.07837563048341259,0.07837563048341259
ID_3UF9YW,0.024248715161946394,0.024248715161946394,0.013532407303077448,0.013532407303077448,0.013480919510146423,0.013480919510146423
ID_4T4T5J,0.024297012914678354,0.024297012914678354,0.015755031739563642,0.015755031739563642,0.015405194858378298,0.015405194858378298
ID_UZSIPN,0.024297012914678354,0.024297012914678354,0.015379933031606341,0.015379933031606341,0.015280073381325357,0.015280073381325357
ID_ZCSVH8,0.024248715161946394,0.024248715161946394,0.013624456723444716,0.013624456723444716,0.013556173248983068,0.013556173248983068
ID_BKIDXK,0.024248715161946394,0.024248715161946394,0.013605005412616758,0.013605005412616758,0.01379850224856708,0.01379850224856708
ID_5BWCPJ,0.024269419095693807,0.024269419095693807,0.01507563250447306,0.01507563250447306,0.014644708760106378,0.014644708760106378
ID_R372RI,0.024248715161946394,0.024248715161946394,0.024674444909027725,0.024674444909027725,0.014522405059905218,0.014522405059905218
ID_MWPK2X,0.024248715161946394,0.024248715161946394,0.025197796227551007,0.025197796227551007,0.015645636932121548,0.015645636932121548
ID_TZP781,0.024269419095693807,0.024269419095693807,0.01516343800747078,0.01516343800747078,0.013777562727481893,0.013777562727481893
ID_Q6P63K,0.024269419095693807,0.024269419095693807,0.01343880356867042,0.01343880356867042,0.013400297718473831,0.013400297718473831
ID_PFF9X5,0.024269419095693807,0.024269419095693807,0.022697794433105857,0.022697794433105857,0.014776007449521063,0.014776007449521063
ID_L4WIOX,0.024269419095693807,0.024269419095693807,0.013655629430625458,0.013655629430625458,0.01362801232944284,0.01362801232944284
ID_S9103X,0.024269419095693807,0.024269419095693807,0.013655629430625458,0.013655629430625458,0.01362801232944284,0.01362801232944284
ID_RI0O6J,0.024297012914678354,0.024297012914678354,0.01524020852421349,0.01524020852421349,0.015351168563103323,0.015351168563103323
ID_VLCS86,0.024248715161946394,0.024248715161946394,0.013670669783207655,0.013670669783207655,0.013816991941141273,0.013816991941141273
ID_ED3ISP,0.024248715161946394,0.024248715161946394,0.013655629430625458,0.013655629430625458,0.013674586511268445,0.013674586511268445
ID_KCI4WE,0.024248715161946394,0.024248715161946394,0.013624456723444716,0.013624456723444716,0.013556173248983068,0.013556173248983068
ID_M5X6WA,0.024269419095693807,0.024269419095693807,0.013655629430625458,0.013655629430625458,0.01362801232944284,0.01362801232944284
ID_22VI0T,0.024297012914678354,0.024297012914678354,0.014835868617459511,0.014835868617459511,0.015163084953346343,0.015163084953346343
ID_EJYLK4,0.024297012914678354,0.024297012914678354,0.015379933031606341,0.015379933031606341,0.015280073381325357,0.015280073381325357
ID_ILTCSC,0.024489106319522475,0.024489106319522475,0.019489210525879676,0.019489210525879676,0.015449828933024039,0.015449828933024039
ID_QOIH7K,0.06860246379547257,0.06860246379547257,0.0599767526274063,0.0599767526274063,0.08118710954640947,0.08118710954640947
ID_QOTY6K,0.024297012914678354,0.024297012914678354,0.015535887100157731,0.015535887100157731,0.015318743141572843,0.015318743141572843
ID_EJW3LT,0.024248715161946394,0.024248715161946394,0.013655629430625458,0.013655629430625458,0.013674586511268445,0.013674586511268445
ID_M8HQVC,0.024269419095693807,0.024269419095693807,0.021667587709999322,0.021667587709999322,0.014388201211858208,0.014388201211858208
ID_LU4HLB,0.024248715161946394,0.024248715161946394,0.023905563203988015,0.023905563203988015,0.014566344717863357,0.014566344717863357
ID_E88WHP,0.024269419095693807,0.024269419095693807,0.017305383408787088,0.017305383408787088,0.015220284997535609,0.015220284997535609
ID_P1L1VI,0.024248715161946394,0.024248715161946394,0.013624456723444716,0.013624456723444716,0.013556173248983068,0.013556173248983068
ID_LF7K1G,0.024297012914678354,0.024297012914678354,0.01524020852421349,0.01524020852421349,0.015351168563103323,0.015351168563103323
ID_HUF4P7,0.024297012914678354,0.024297012914678354,0.015535887100157731,0.015535887100157731,0.015318743141572843,0.015318743141572843
ID_64W76C,0.024269419095693807,0.024269419095693807,0.013655629430625458,0.013655629430625458,0.01362801232944284,0.01362801232944284
ID_6QJT3U,0.08356755323902672,0.08356755323902672,0.06423711796711316,0.06423711796711316,0.15714089096111986,0.15714089096111986
ID_OCC1JG,0.024248715161946394,0.024248715161946394,0.013655629430625458,0.013655629430625458,0.013674586511268445,0.013674586511268445
ID_XQBSGS,0.024248715161946394,0.024248715161946394,0.013655629430625458,0.013655629430625458,0.013674586511268445,0.013674586511268445
ID_RIH2IY,0.024297012914678354,0.024297012914678354,0.015379933031606341,0.015379933031606341,0.015280073381325357,0.015280073381325357
ID_K7P1AA,0.024248715161946394,0.024248715161946394,0.013655629430625458,0.013655629430625458,0.013674586511268445,0.013674586511268445
ID_3KN8NF,0.024269419095693807,0.024269419095693807,0.01507563250447306,0.01507563250447306,0.014644708760106378,0.014644708760106378
ID_ANX289,0.024269419095693807,0.024269419095693807,0.013655629430625458,0.013655629430625458,0.01362801232944284,0.01362801232944284
ID_I8VO8O,0.024248715161946394,0.024248715161946394,0.013624456723444716,0.013624456723444716,0.013439533709792399,0.013439533709792399
ID_V9S8P2,0.024248715161946394,0.024248715161946394,0.013655629430625458,0.013655629430625458,0.013674586511268445,0.013674586511268445
ID_OTNE3W,0.024248715161946394,0.024248715161946394,0.014658602959408214,0.014658602959408214,0.013891198304089542,0.013891198304089542
ID_0YXO2D,0.024297012914678354,0.024297012914678354,0.015379933031606341,0.015379933031606341,0.015280073381325357,0.015280073381325357
ID_87V10L,0.024248715161946394,0.024248715161946394,0.013670669783207655,0.013670669783207655,0.013816991941141273,0.013816991941141273
ID_CV5P86,0.024269419095693807,0.024269419095693807,0.013655629430625458,0.013655629430625458,0.01362801232944284,0.01362801232944284
ID_C8HFHN,0.024248715161946394,0.024248715161946394,0.013655629430625458,0.013655629430625458,0.013674586511268445,0.013674586511268445
ID_V7WQM1,0.024269419095693807,0.024269419095693807,0.013655629430625458,0.013655629430625458,0.01362801232944284,0.01362801232944284
ID_ULO27X,0.024269419095693807,0.024269419095693807,0.013661909906965315,0.013661909906965315,0.013610885288893265,0.013610885288893265
ID_NQ0HE6,0.06803499305643834,0.06803499305643834,0.06048848301558865,0.06048848301558865,0.0796639203541667,0.0796639203541667
ID_4EDUOF,0.024332971203063828,0.024332971203063828,0.018173259173108997,0.018173259173108997,0.03042277252815241,0.03042277252815241
ID_46O9EK,0.024248715161946394,0.024248715161946394,0.025197796227551007,0.025197796227551007,0.015645636932121548,0.015645636932121548
ID_2JRV0O,0.024297012914678354,0.024297012914678354,0.015379933031606341,0.015379933031606341,0.015280073381325357,0.015280073381325357
ID_4TY6TR,0.024297012914678354,0.024297012914678354,0.015379933031606341,0.015379933031606341,0.015280073381325357,0.015280073381325357
ID_XMQ25Y,0.11287415455667264,0.11287415455667264,0.07853295954739327,0.07853295954739327,0.10653746685079205,0.10653746685079205
ID_GBNTZ0,0.024297012914678354,0.024297012914678354,0.014835868617459511,0.014835868617459511,0.015163084953346343,0.015163084953346343
ID_Y99CP1,0.024248715161946394,0.024248715161946394,0.013569860486598046,0.013569860486598046,0.013409080429686653,0.013409080429686653
ID_ORVW1B,0.024269419095693807,0.024269419095693807,0.021667587709999322,0.021667587709999322,0.014388201211858208,0.014388201211858208
ID_WMO3QN,0.024269419095693807,0.024269419095693807,0.021667587709999322,0.021667587709999322,0.014388201211858208,0.014388201211858208
ID_28T7NF,0.024248715161946394,0.024248715161946394,0.01355742779688369,0.01355742779688369,0.013527493691972028,0.013527493691972028
ID_PXDYR8,0.024248715161946394,0.024248715161946394,0.013670669783207655,0.013670669783207655,0.013816991941141273,0.013816991941141273
ID_8RJBND,0.024248715161946394,0.024248715161946394,0.013466103595970448,0.013466103595970448,0.013328458638014061,0.013328458638014061
ID_DJU36N,0.024248715161946394,0.024248715161946394,0.013624456723444716,0.013624456723444716,0.013556173248983068,0.013556173248983068
ID_EVO7GL,0.024297012914678354,0.024297012914678354,0.015379933031606341,0.015379933031606341,0.015280073381325357,0.015280073381325357
ID_V1PMY3,0.024248715161946394,0.024248715161946394,0.013655629430625458,0.013655629430625458,0.013674586511268445,0.013674586511268445
ID_IK4PH0,0.024297012914678354,0.024297012914678354,0.015755031739563642,0.015755031739563642,0.015405194858378298,0.015405194858378298
ID_P86HSN,0.024297012914678354,0.024297012914678354,0.015379933031606341,0.015379933031606341,0.016229313077116506,0.016229313077116506
ID_6DDVP2,0.024269419095693807,0.024269419095693807,0.013655629430625458,0.013655629430625458,0.01362801232944284,0.01362801232944284
ID_9V09AE,0.024297012914678354,0.024297012914678354,0.01524020852421349,0.01524020852421349,0.015351168563103323,0.015351168563103323
ID_EL2RHW,0.024248715161946394,0.024248715161946394,0.013670669783207655,0.013670669783207655,0.013816991941141273,0.013816991941141273
ID_TDIL0H,0.024297012914678354,0.024297012914678354,0.021118989532167134,0.021118989532167134,0.01606106883762461,0.01606106883762461
ID_UEPV67,0.024894882128247062,0.024894882128247062,0.05038965464512392,0.05038965464512392,0.041752736024831406,0.041752736024831406
ID_MLFWEC,0.024926719122834774,0.024926719122834774,0.023134861516131186,0.023134861516131186,0.03931670018008898,0.03931670018008898
ID_Q8OTC2,0.024297012914678354,0.024297012914678354,0.015755031739563642,0.015755031739563642,0.015405194858378298,0.015405194858378298
ID_Q31MDT,0.024269419095693807,0.024269419095693807,0.01508872672297214,0.01508872672297214,0.013871547068781156,0.013871547068781156
ID_10D3G1,0.06860246379547257,0.06860246379547257,0.0599767526274063,0.0599767526274063,0.08118710954640947,0.08118710954640947
ID_RE7SCV,0.024269419095693807,0.024269419095693807,0.01343880356867042,0.01343880356867042,0.013400297718473831,0.013400297718473831
ID_K4Q8V0,0.024269419095693807,0.024269419095693807,0.01489079807941521,0.01489079807941521,0.014507805805246809,0.014507805805246809
ID_KCL7CV,0.024297012914678354,0.024297012914678354,0.015379933031606341,0.015379933031606341,0.015280073381325357,0.015280073381325357
ID_J05HUM,0.024248715161946394,0.024248715161946394,0.01377882791301148,0.01377882791301148,0.013480919510146423,0.013480919510146423
ID_LQCAHB,0.024269419095693807,0.024269419095693807,0.017305383408787088,0.017305383408787088,0.015220284997535609,0.015220284997535609
ID_CL4OVC,0.024297012914678354,0.024297012914678354,0.015755031739563642,0.015755031739563642,0.015405194858378298,0.015405194858378298
ID_8KA0CX,0.024269419095693807,0.024269419095693807,0.013655629430625458,0.013655629430625458,0.01362801232944284,0.01362801232944284
ID_3SOK7O,0.024297012914678354,0.024297012914678354,0.015535887100157731,0.015535887100157731,0.015318743141572843,0.015318743141572843
ID_2V1U3K,0.024297012914678354,0.024297012914678354,0.015262891177287895,0.015262891177287895,0.015523608120663673,0.015523608120663673
ID_GZEIYE,0.024248715161946394,0.024248715161946394,0.013655629430625458,0.013655629430625458,0.013674586511268445,0.013674586511268445
ID_WSG62Z,0.024248715161946394,0.024248715161946394,0.013532407303077448,0.013532407303077448,0.013480919510146423,0.013480919510146423
ID_AQLJD9,0.024297012914678354,0.024297012914678354,0.015379933031606341,0.015379933031606341,0.015280073381325357,0.015280073381325357
ID_2JBYR0,0.024248715161946394,0.024248715161946394,0.013655629430625458,0.013655629430625458,0.013674586511268445,0.013674586511268445
ID_HQG7S5,0.024269419095693807,0.024269419095693807,0.014376791904472193,0.014376791904472193,0.013638002532679286,0.013638002532679286
ID_J9X62N,0.024248715161946394,0.024248715161946394,0.01344130200866886,0.01344130200866886,0.013409080429686653,0.013409080429686653
ID_J30HVX,0.024248715161946394,0.024248715161946394,0.013569897132292924,0.013569897132292924,0.013392720543643152,0.013392720543643152
ID_8HCCLB,0.024269419095693807,0.024269419095693807,0.013499705746508082,0.013499705746508082,0.013355575881800082,0.013355575881800082
ID_K7TUMS,0.024269419095693807,0.024269419095693807,0.013466103595970448,0.013466103595970448,0.013996139336265707,0.013996139336265707
ID_2U0TW8,0.024248715161946394,0.024248715161946394,0.01343880356867042,0.01343880356867042,0.013413146405691849,0.013413146405691849
ID_5KMQFT,0.024248715161946394,0.024248715161946394,0.013384240076606928,0.013384240076606928,0.013326416998347905,0.013326416998347905
ID_QK8WP2,0.024248715161946394,0.024248715161946394,0.013414001981368833,0.013414001981368833,0.013409080429686653,0.013409080429686653
ID_O2QO7X,0.024248715161946394,0.024248715161946394,0.013601758413232816,0.013601758413232816,0.013768369608529174,0.013768369608529174
ID_ZQ48WV,0.024248715161946394,0.024248715161946394,0.013466103595970448,0.013466103595970448,0.013427414962259852,0.013427414962259852
ID_8HU32W,0.024248715161946394,0.024248715161946394,0.013676775246286745,0.013676775246286745,0.013388001303330562,0.013388001303330562
ID_4UJ6I0,0.024248715161946394,0.024248715161946394,0.01347613958711109,0.01347613958711109,0.013409080429686653,0.013409080429686653
ID_C45TQX,0.024248715161946394,0.024248715161946394,0.013414001981368833,0.013414001981368833,0.013355575881800082,0.013355575881800082
ID_6CNKK3,0.024248715161946394,0.024248715161946394,0.013624051920424686,0.013624051920424686,0.01352213014799469,0.01352213014799469
ID_3D6P1W,0.024248715161946394,0.024248715161946394,0.013384240076606928,0.013384240076606928,0.013326416998347905,0.013326416998347905
ID_W4LB98,0.024248715161946394,0.024248715161946394,0.01343880356867042,0.01343880356867042,0.013413146405691849,0.013413146405691849
ID_7S0G4C,0.024248715161946394,0.024248715161946394,0.013721765980949546,0.013721765980949546,0.013557380741006694,0.013557380741006694
ID_OOZHOC,0.024248715161946394,0.024248715161946394,0.01346812823630731,0.01346812823630731,0.013450291067534918,0.013450291067534918
ID_ANAD68,0.024248715161946394,0.024248715161946394,0.013751527885711452,0.013751527885711452,0.0135169372576645,0.0135169372576645
ID_ZYBEDD,0.024248715161946394,0.024248715161946394,0.013414001981368833,0.013414001981368833,0.013326416998347905,0.013326416998347905
ID_AZ8323,0.024248715161946394,0.024248715161946394,0.013564305229712217,0.013564305229712217,0.013545828224545229,0.013545828224545229
ID_PDZB8M,0.024248715161946394,0.024248715161946394,0.013469943841746178,0.013469943841746178,0.013734631279885052,0.013734631279885052
ID_N90VSA,0.024248715161946394,0.024248715161946394,0.013466103595970448,0.013466103595970448,0.013427414962259852,0.013427414962259852
ID_4IHET8,0.024269419095693807,0.024269419095693807,0.01350635574148575,0.01350635574148575,0.013610885288893265,0.013610885288893265
ID_2DZRF6,0.024248715161946394,0.024248715161946394,0.01344130200866886,0.01344130200866886,0.013409080429686653,0.013409080429686653
ID_DHD7VN,0.024248715161946394,0.024248715161946394,0.013601758413232816,0.013601758413232816,0.013409080429686653,0.013409080429686653
ID_9KA6N0,0.024248715161946394,0.024248715161946394,0.013443006232571726,0.013443006232571726,0.013355575881800082,0.013355575881800082
ID_39VHVT,0.024269419095693807,0.024269419095693807,0.013499705746508082,0.013499705746508082,0.013355575881800082,0.013355575881800082
ID_6M3VS9,0.024248715161946394,0.024248715161946394,0.013676775246286745,0.013676775246286745,0.013388001303330562,0.013388001303330562
ID_8BASDE,0.024269419095693807,0.024269419095693807,0.013499705746508082,0.013499705746508082,0.013355575881800082,0.013355575881800082
ID_L11QW6,0.024248715161946394,0.024248715161946394,0.013414001981368833,0.013414001981368833,0.013355575881800082,0.013355575881800082
ID_ZC52OO,0.024248715161946394,0.024248715161946394,0.013414001981368833,0.013414001981368833,0.013355575881800082,0.013355575881800082
ID_W4WHIW,0.024248715161946394,0.024248715161946394,0.013414001981368833,0.013414001981368833,0.013355575881800082,0.013355575881800082
ID_XSQ9IH,0.024248715161946394,0.024248715161946394,0.013466103595970448,0.013466103595970448,0.013606232793354442,0.013606232793354442
ID_1DUVNN,0.024248715161946394,0.024248715161946394,0.013466103595970448,0.013466103595970448,0.01348498548615162,0.01348498548615162
ID_1EP7ZJ,0.024248715161946394,0.024248715161946394,0.013805635325943191,0.013805635325943191,0.013730065705684713,0.013730065705684713
ID_EH58J1,0.024248715161946394,0.024248715161946394,0.013414001981368833,0.013414001981368833,0.013355575881800082,0.013355575881800082
ID_CTI20D,0.024248715161946394,0.024248715161946394,0.013414001981368833,0.013414001981368833,0.013355575881800082,0.013355575881800082
ID_0IB50G,0.024248715161946394,0.024248715161946394,0.013676775246286745,0.013676775246286745,0.013388001303330562,0.013388001303330562
ID_4NDO8O,0.024248715161946394,0.024248715161946394,0.013620018940317231,0.013620018940317231,0.013746756497973094,0.013746756497973094
ID_NSH0DU,0.024248715161946394,0.024248715161946394,0.01344130200866886,0.01344130200866886,0.013409080429686653,0.013409080429686653
ID_XXUVDP,0.024248715161946394,0.024248715161946394,0.013414001981368833,0.013414001981368833,0.013326416998347905,0.013326416998347905
ID_WUM26R,0.024269419095693807,0.024269419095693807,0.01350635574148575,0.01350635574148575,0.014139817497185247,0.014139817497185247
ID_JL9J80,0.024269419095693807,0.024269419095693807,0.013409404082034091,0.013409404082034091,0.013355575881800082,0.013355575881800082
ID_68D45A,0.024248715161946394,0.024248715161946394,0.013758057710210122,0.013758057710210122,0.013658226625224944,0.013658226625224944
ID_VYD2TV,0.024269419095693807,0.024269419095693807,0.013499705746508082,0.013499705746508082,0.013355575881800082,0.013355575881800082
ID_CIW99P,0.024248715161946394,0.024248715161946394,0.013466103595970448,0.013466103595970448,0.01348498548615162,0.01348498548615162
ID_D51DUQ,0.024248715161946394,0.024248715161946394,0.013676775246286745,0.013676775246286745,0.013388001303330562,0.013388001303330562
ID_3BGZSO,0.024248715161946394,0.024248715161946394,0.013676775246286745,0.013676775246286745,0.013388001303330562,0.013388001303330562
ID_2EPRTP,0.024248715161946394,0.024248715161946394,0.013384240076606928,0.013384240076606928,0.013337915188675978,0.013337915188675978
ID_XD3292,0.024248715161946394,0.024248715161946394,0.013384240076606928,0.013384240076606928,0.013337915188675978,0.013337915188675978
ID_NIFVOQ,0.024248715161946394,0.024248715161946394,0.013411540103906956,0.013411540103906956,0.01328034466478421,0.01328034466478421
ID_ZU5SYR,0.024248715161946394,0.024248715161946394,0.013676775246286745,0.013676775246286745,0.013388001303330562,0.013388001303330562
ID_Y4PE30,0.024248715161946394,0.024248715161946394,0.013466103595970448,0.013466103595970448,0.01336203101597288,0.01336203101597288
ID_T2OK2R,0.024248715161946394,0.024248715161946394,0.013624051920424686,0.013624051920424686,0.01352213014799469,0.01352213014799469
ID_SP8RIP,0.024248715161946394,0.024248715161946394,0.013414001981368833,0.013414001981368833,0.013355575881800082,0.013355575881800082
ID_VQ9S5D,0.024248715161946394,0.024248715161946394,0.013601758413232816,0.013601758413232816,0.013570441805551071,0.013570441805551071
ID_0JVF3K,0.024248715161946394,0.024248715161946394,0.01350635574148575,0.01350635574148575,0.013960432987258076,0.013960432987258076
ID_7KU1OB,0.024269419095693807,0.024269419095693807,0.01350635574148575,0.01350635574148575,0.014345489072427726,0.014345489072427726
ID_7UYLNU,0.024248715161946394,0.024248715161946394,0.013436341691208543,0.013436341691208543,0.013541934239727216,0.013541934239727216
ID_7YBJBN,0.024248715161946394,0.024248715161946394,0.013969501330275856,0.013969501330275856,0.014065402363219143,0.014065402363219143
ID_CLJ4A6,0.024248715161946394,0.024248715161946394,0.013414001981368833,0.013414001981368833,0.013409080429686653,0.013409080429686653
ID_USIVUY,0.024269419095693807,0.024269419095693807,0.013499705746508082,0.013499705746508082,0.013355575881800082,0.013355575881800082
ID_SWNDPS,0.024248715161946394,0.024248715161946394,0.01346812823630731,0.01346812823630731,0.013464559624102921,0.013464559624102921
ID_781KAZ,0.024248715161946394,0.024248715161946394,0.013414001981368833,0.013414001981368833,0.013326416998347905,0.013326416998347905
ID_QGCAPM,0.024248715161946394,0.024248715161946394,0.013478601464572967,0.013478601464572967,0.013409080429686653,0.013409080429686653
ID_BK64SS,0.024248715161946394,0.024248715161946394,0.013443006232571726,0.013443006232571726,0.013355575881800082,0.013355575881800082
ID_0HVBH9,0.024269419095693807,0.024269419095693807,0.013499705746508082,0.013499705746508082,0.013355575881800082,0.013355575881800082
ID_BAFM4T,0.024248715161946394,0.024248715161946394,0.013474904159206495,0.013474904159206495,0.013409080429686653,0.013409080429686653
ID_3R5UNN,0.024248715161946394,0.024248715161946394,0.013414001981368833,0.013414001981368833,0.013326416998347905,0.013326416998347905
ID_S09JZ1,0.024248715161946394,0.024248715161946394,0.01343880356867042,0.01343880356867042,0.013427414962259852,0.013427414962259852
ID_2Z02YG,0.024248715161946394,0.024248715161946394,0.013969501330275856,0.013969501330275856,0.014065402363219143,0.014065402363219143
ID_9NSFQV,0.024248715161946394,0.024248715161946394,0.01346812823630731,0.01346812823630731,0.013392720543643152,0.013392720543643152
ID_MP6MPH,0.024248715161946394,0.024248715161946394,0.013466103595970448,0.013466103595970448,0.01336203101597288,0.01336203101597288
ID_88VJLH,0.024248715161946394,0.024248715161946394,0.013466103595970448,0.013466103595970448,0.01336203101597288,0.01336203101597288
ID_I3EOVL,0.024248715161946394,0.024248715161946394,0.01350635574148575,0.01350635574148575,0.013960432987258076,0.013960432987258076
ID_TJIJM7,0.024248715161946394,0.024248715161946394,0.013466103595970448,0.013466103595970448,0.013421714753539926,0.013421714753539926
ID_3OB2PY,0.024248715161946394,0.024248715161946394,0.013443006232571726,0.013443006232571726,0.013355575881800082,0.013355575881800082
ID_IWPNJZ,0.024248715161946394,0.024248715161946394,0.013414001981368833,0.013414001981368833,0.013409080429686653,0.013409080429686653
ID_8NFKCL,0.024248715161946394,0.024248715161946394,0.013411066304245376,0.013411066304245376,0.013363561660190974,0.013363561660190974
ID_THH1UR,0.024248715161946394,0.024248715161946394,0.013466103595970448,0.013466103595970448,0.013552283358718026,0.013552283358718026
ID_DIGB5C,0.024248715161946394,0.024248715161946394,0.013758057710210122,0.013758057710210122,0.013658226625224944,0.013658226625224944
ID_RI8Y4C,0.024269419095693807,0.024269419095693807,0.013749066008249574,0.013749066008249574,0.013355575881800082,0.013355575881800082
ID_GGVJTH,0.024269419095693807,0.024269419095693807,0.01350635574148575,0.01350635574148575,0.013610885288893265,0.013610885288893265
ID_LOIPDR,0.024248715161946394,0.024248715161946394,0.013751527885711452,0.013751527885711452,0.0135169372576645,0.0135169372576645
ID_M9K91E,0.024269419095693807,0.024269419095693807,0.01350635574148575,0.01350635574148575,0.014139817497185247,0.014139817497185247
ID_2TZLAV,0.024248715161946394,0.024248715161946394,0.013466103595970448,0.013466103595970448,0.01336203101597288,0.01336203101597288
ID_1HUSLA,0.024248715161946394,0.024248715161946394,0.013466103595970448,0.013466103595970448,0.013427414962259852,0.013427414962259852
ID_I7R7TF,0.024248715161946394,0.024248715161946394,0.013515296994534555,0.013515296994534555,0.013363806969909586,0.013363806969909586
ID_V586YJ,0.024248715161946394,0.024248715161946394,0.01344130200866886,0.01344130200866886,0.013409080429686653,0.013409080429686653
ID_MXWQQ6,0.024248715161946394,0.024248715161946394,0.013440828209007282,0.013440828209007282,0.0134374423803169,0.0134374423803169
ID_VFMFNH,0.024269419095693807,0.024269419095693807,0.013499705746508082,0.013499705746508082,0.013355575881800082,0.013355575881800082
ID_745OT8,0.024248715161946394,0.024248715161946394,0.013676775246286745,0.013676775246286745,0.013388001303330562,0.013388001303330562
ID_N1RPR3,0.06565413931040585,0.06565413931040585,0.0775127171758712,0.0775127171758712,0.06864071932076804,0.06864071932076804
ID_34D3MN,0.024248715161946394,0.024248715161946394,0.01344130200866886,0.01344130200866886,0.013409080429686653,0.013409080429686653
ID_MSZ3TQ,0.024248715161946394,0.024248715161946394,0.013411066304245376,0.013411066304245376,0.013363561660190974,0.013363561660190974
ID_SB3Z4O,0.024248715161946394,0.024248715161946394,0.014386381995076384,0.014386381995076384,0.013820726238387655,0.013820726238387655
ID_4JJJZB,0.024248715161946394,0.024248715161946394,0.013601758413232816,0.013601758413232816,0.013409080429686653,0.013409080429686653
ID_IVHQHJ,0.024269419095693807,0.024269419095693807,0.01350635574148575,0.01350635574148575,0.013610885288893265,0.013610885288893265
ID_3XTXFX,0.024269419095693807,0.024269419095693807,0.013499705746508082,0.013499705746508082,0.013473989144085458,0.013473989144085458
ID_1DVLLY,0.024269419095693807,0.024269419095693807,0.01350635574148575,0.01350635574148575,0.014139817497185247,0.014139817497185247
ID_G7CMRV,0.024248715161946394,0.024248715161946394,0.013530703079174582,0.013530703079174582,0.013400700776220366,0.013400700776220366
ID_PBV8NL,0.024269419095693807,0.024269419095693807,0.013499705746508082,0.013499705746508082,0.013355575881800082,0.013355575881800082
ID_DO3ZD4,0.024248715161946394,0.024248715161946394,0.01343880356867042,0.01343880356867042,0.013427414962259852,0.013427414962259852
ID_BXFZX7,0.024248715161946394,0.024248715161946394,0.013440828209007282,0.013440828209007282,0.0134374423803169,0.0134374423803169
ID_K5JUQC,0.024248715161946394,0.024248715161946394,0.014476715541336631,0.014476715541336631,0.014173874970640134,0.014173874970640134
ID_JQIX21,0.024248715161946394,0.024248715161946394,0.013414001981368833,0.013414001981368833,0.013326416998347905,0.013326416998347905
ID_2ZX8MJ,0.024248715161946394,0.024248715161946394,0.013515296994534555,0.013515296994534555,0.013436925839055161,0.013436925839055161
ID_3WIPGV,0.024269419095693807,0.024269419095693807,0.013499705746508082,0.013499705746508082,0.013355575881800082,0.013355575881800082
ID_ISHX3X,0.024248715161946394,0.024248715161946394,0.013414001981368833,0.013414001981368833,0.013409080429686653,0.013409080429686653
ID_FBFZMG,0.024248715161946394,0.024248715161946394,0.013466103595970448,0.013466103595970448,0.013606232793354442,0.013606232793354442
ID_RHD6O4,0.024269419095693807,0.024269419095693807,0.013499705746508082,0.013499705746508082,0.013355575881800082,0.013355575881800082
ID_P6QK23,0.024248715161946394,0.024248715161946394,0.013676775246286745,0.013676775246286745,0.013388001303330562,0.013388001303330562
ID_8NS4P8,0.024248715161946394,0.024248715161946394,0.013414001981368833,0.013414001981368833,0.013409080429686653,0.013409080429686653
ID_YXAL4N,0.024248715161946394,0.024248715161946394,0.013751527885711452,0.013751527885711452,0.0135169372576645,0.0135169372576645
ID_FHRLXM,0.024248715161946394,0.024248715161946394,0.013676775246286745,0.013676775246286745,0.013388001303330562,0.013388001303330562
ID_4LDI6N,0.024248715161946394,0.024248715161946394,0.013414001981368833,0.013414001981368833,0.013326416998347905,0.013326416998347905
ID_U30UU9,0.024269419095693807,0.024269419095693807,0.01350635574148575,0.01350635574148575,0.013610885288893265,0.013610885288893265
ID_BIVVQ5,0.024248715161946394,0.024248715161946394,0.013440828209007282,0.013440828209007282,0.0134374423803169,0.0134374423803169
ID_V3FU4W,0.024269419095693807,0.024269419095693807,0.013499705746508082,0.013499705746508082,0.013355575881800082,0.013355575881800082
ID_ZBT2OF,0.024269419095693807,0.024269419095693807,0.013499705746508082,0.013499705746508082,0.013355575881800082,0.013355575881800082
ID_U2YCJS,0.024248715161946394,0.024248715161946394,0.013411066304245376,0.013411066304245376,0.013363561660190974,0.013363561660190974
ID_AR0M29,0.024248715161946394,0.024248715161946394,0.013414001981368833,0.013414001981368833,0.013409080429686653,0.013409080429686653
ID_KGELXP,0.024269419095693807,0.024269419095693807,0.013499705746508082,0.013499705746508082,0.013355575881800082,0.013355575881800082
ID_ICMGAL,0.024248715161946394,0.024248715161946394,0.013414001981368833,0.013414001981368833,0.013326416998347905,0.013326416998347905
ID_SATA0V,0.024248715161946394,0.024248715161946394,0.013414001981368833,0.013414001981368833,0.013480919510146423,0.013480919510146423
ID_KLG612,0.024248715161946394,0.024248715161946394,0.013466103595970448,0.013466103595970448,0.01348498548615162,0.01348498548615162
ID_0K6BDO,0.024248715161946394,0.024248715161946394,0.01374137472949088,0.01374137472949088,0.013778851013258694,0.013778851013258694
ID_3GMYTY,0.024248715161946394,0.024248715161946394,0.013676775246286745,0.013676775246286745,0.013388001303330562,0.013388001303330562
ID_75LBON,0.024248715161946394,0.024248715161946394,0.01344130200866886,0.01344130200866886,0.013409080429686653,0.013409080429686653
ID_2XFJZU,0.024248715161946394,0.024248715161946394,0.013569897132292924,0.013569897132292924,0.013392720543643152,0.013392720543643152
ID_DH1QTQ,0.024269419095693807,0.024269419095693807,0.013499705746508082,0.013499705746508082,0.013355575881800082,0.013355575881800082
ID_VCTNE2,0.024269419095693807,0.024269419095693807,0.013749066008249574,0.013749066008249574,0.013355575881800082,0.013355575881800082
ID_TQKOQ0,0.024248715161946394,0.024248715161946394,0.013414001981368833,0.013414001981368833,0.013326416998347905,0.013326416998347905
ID_O4VUD4,0.024248715161946394,0.024248715161946394,0.013676775246286745,0.013676775246286745,0.013388001303330562,0.013388001303330562
ID_5PJ9XO,0.024269419095693807,0.024269419095693807,0.01350635574148575,0.01350635574148575,0.014345489072427726,0.014345489072427726
ID_5BHS0I,0.024248715161946394,0.024248715161946394,0.01353950364241063,0.01353950364241063,0.013409080429686653,0.013409080429686653
ID_UED7H0,0.024248715161946394,0.024248715161946394,0.013414001981368833,0.013414001981368833,0.013355575881800082,0.013355575881800082
ID_7PNRDI,0.024248715161946394,0.024248715161946394,0.013414001981368833,0.013414001981368833,0.013326416998347905,0.013326416998347905
ID_XZXOS2,0.024248715161946394,0.024248715161946394,0.014329126621803898,0.014329126621803898,0.014191897450018148,0.014191897450018148
ID_GKDTYW,0.024248715161946394,0.024248715161946394,0.013564305229712217,0.013564305229712217,0.013480919510146423,0.013480919510146423
ID_XGKFJ2,0.024248715161946394,0.024248715161946394,0.013929249184760552,0.013929249184760552,0.013708286169596318,0.013708286169596318
ID_M0HTKQ,0.024248715161946394,0.024248715161946394,0.01344130200866886,0.01344130200866886,0.013409080429686653,0.013409080429686653
ID_LTDZIO,0.024248715161946394,0.024248715161946394,0.013478601464572967,0.013478601464572967,0.013409080429686653,0.013409080429686653
ID_GLYI5H,0.024269419095693807,0.024269419095693807,0.013499705746508082,0.013499705746508082,0.013355575881800082,0.013355575881800082
ID_8R5FFI,0.07593089960275398,0.07593089960275398,0.08029814553198711,0.08029814553198711,0.14517231583522303,0.14517231583522303
ID_T8RWY3,0.024248715161946394,0.024248715161946394,0.01344130200866886,0.01344130200866886,0.013409080429686653,0.013409080429686653
ID_YUMD4O,0.024269419095693807,0.024269419095693807,0.013499705746508082,0.013499705746508082,0.013355575881800082,0.013355575881800082
ID_V4CJKG,0.024248715161946394,0.024248715161946394,0.013676775246286745,0.013676775246286745,0.013388001303330562,0.013388001303330562
ID_PD844Y,0.024269419095693807,0.024269419095693807,0.013749066008249574,0.013749066008249574,0.013355575881800082,0.013355575881800082
ID_1FJE68,0.024248715161946394,0.024248715161946394,0.013414001981368833,0.013414001981368833,0.013326416998347905,0.013326416998347905
ID_RTAF36,0.024248715161946394,0.024248715161946394,0.01353950364241063,0.01353950364241063,0.013409080429686653,0.013409080429686653
ID_0Q0ASG,0.024269419095693807,0.024269419095693807,0.01350635574148575,0.01350635574148575,0.013646421891594046,0.013646421891594046
ID_WOQ9RN,0.024269419095693807,0.024269419095693807,0.013749066008249574,0.013749066008249574,0.013355575881800082,0.013355575881800082
ID_40HUN8,0.024248715161946394,0.024248715161946394,0.01350635574148575,0.01350635574148575,0.013960432987258076,0.013960432987258076
ID_KP9MAP,0.024248715161946394,0.024248715161946394,0.01347613958711109,0.01347613958711109,0.013409080429686653,0.013409080429686653
ID_9TOISM,0.024248715161946394,0.024248715161946394,0.013414001981368833,0.013414001981368833,0.013326416998347905,0.013326416998347905
ID_604ZNT,0.024269419095693807,0.024269419095693807,0.01350635574148575,0.01350635574148575,0.014139817497185247,0.014139817497185247
ID_R8L0ZF,0.024248715161946394,0.024248715161946394,0.013414001981368833,0.013414001981368833,0.013355575881800082,0.013355575881800082
ID_NEWEUH,0.024248715161946394,0.024248715161946394,0.013969501330275856,0.013969501330275856,0.014065402363219143,0.014065402363219143
ID_POEBAW,0.024248715161946394,0.024248715161946394,0.01374137472949088,0.01374137472949088,0.013778851013258694,0.013778851013258694
ID_M074K8,0.024248715161946394,0.024248715161946394,0.013466103595970448,0.013466103595970448,0.013552283358718026,0.013552283358718026
ID_A0HXDC,0.024248715161946394,0.024248715161946394,0.013676775246286745,0.013676775246286745,0.013388001303330562,0.013388001303330562
ID_SLG2I5,0.024248715161946394,0.024248715161946394,0.013969501330275856,0.013969501330275856,0.014065402363219143,0.014065402363219143
ID_0ZWEL6,0.024269419095693807,0.024269419095693807,0.013409404082034091,0.013409404082034091,0.013355575881800082,0.013355575881800082
ID_5W8IQ2,0.024248715161946394,0.024248715161946394,0.013440828209007282,0.013440828209007282,0.0134374423803169,0.0134374423803169
ID_X1JF4P,0.024248715161946394,0.024248715161946394,0.013599704582735855,0.013599704582735855,0.013819439880790789,0.013819439880790789
ID_OKPFDW,0.024248715161946394,0.024248715161946394,0.01343880356867042,0.01343880356867042,0.013427414962259852,0.013427414962259852
ID_BG41I8,0.024248715161946394,0.024248715161946394,0.013414001981368833,0.013414001981368833,0.013409080429686653,0.013409080429686653
ID_WLJAHR,0.024248715161946394,0.024248715161946394,0.013466103595970448,0.013466103595970448,0.01347029024041593,0.01347029024041593
ID_CWIW49,0.024248715161946394,0.024248715161946394,0.014329126621803898,0.014329126621803898,0.014191897450018148,0.014191897450018148
ID_KPIEP6,0.024248715161946394,0.024248715161946394,0.013440828209007282,0.013440828209007282,0.0134374423803169,0.0134374423803169
ID_BIPIY7,0.024248715161946394,0.024248715161946394,0.013466103595970448,0.013466103595970448,0.013552283358718026,0.013552283358718026
ID_OV4128,0.024248715161946394,0.024248715161946394,0.013676775246286745,0.013676775246286745,0.013388001303330562,0.013388001303330562
ID_KM14WW,0.024248715161946394,0.024248715161946394,0.013466103595970448,0.013466103595970448,0.013421714753539926,0.013421714753539926
ID_ZR9LL7,0.024248715161946394,0.024248715161946394,0.01344130200866886,0.01344130200866886,0.013409080429686653,0.013409080429686653
ID_MN7JHJ,0.024248715161946394,0.024248715161946394,0.013414001981368833,0.013414001981368833,0.013326416998347905,0.013326416998347905
ID_1YP6FS,0.024269419095693807,0.024269419095693807,0.013749066008249574,0.013749066008249574,0.013355575881800082,0.013355575881800082
ID_LY0FR7,0.024269419095693807,0.024269419095693807,0.013499705746508082,0.013499705746508082,0.013355575881800082,0.013355575881800082
ID_VA8YS0,0.024269419095693807,0.024269419095693807,0.013466103595970448,0.013466103595970448,0.013996139336265707,0.013996139336265707
ID_MGX9C4,0.024269419095693807,0.024269419095693807,0.013499705746508082,0.013499705746508082,0.013355575881800082,0.013355575881800082
ID_ODWSBV,0.024269419095693807,0.024269419095693807,0.013499705746508082,0.013499705746508082,0.013355575881800082,0.013355575881800082
ID_VIB8R6,0.024269419095693807,0.024269419095693807,0.013499705746508082,0.013499705746508082,0.013473989144085458,0.013473989144085458
ID_O3271L,0.024248715161946394,0.024248715161946394,0.013436341691208543,0.013436341691208543,0.013541934239727216,0.013541934239727216
ID_IA7XNG,0.024269419095693807,0.024269419095693807,0.013601758413232816,0.013601758413232816,0.01342027535205622,0.01342027535205622
ID_G5YFIJ,0.03573350806774673,0.03573350806774673,0.0490312756079616,0.0490312756079616,0.04335730220343058,0.04335730220343058
ID_8EA5ZH,0.03089881780008273,0.03089881780008273,0.04448949142489727,0.04448949142489727,0.03559392398191077,0.03559392398191077
ID_VUB2RU,0.03288237711439813,0.03288237711439813,0.04317410618537815,0.04317410618537815,0.034033712506972257,0.034033712506972257
ID_869AS8,0.03573350806774673,0.03573350806774673,0.0490312756079616,0.0490312756079616,0.04335730220343058,0.04335730220343058
ID_TIBN4U,0.03351042547115547,0.03351042547115547,0.044873856895254007,0.044873856895254007,0.0340813103286744,0.0340813103286744
ID_WQ3JF5,0.03089881780008273,0.03089881780008273,0.04448949142489727,0.04448949142489727,0.03559392398191077,0.03559392398191077
ID_5RBXPX,0.03351042547115547,0.03351042547115547,0.044873856895254007,0.044873856895254007,0.0340813103286744,0.0340813103286744
ID_5HD5ZA,0.03288237711439813,0.03288237711439813,0.04317410618537815,0.04317410618537815,0.034033712506972257,0.034033712506972257
ID_2S5VX6,0.03351042547115547,0.03351042547115547,0.044873856895254007,0.044873856895254007,0.0340813103286744,0.0340813103286744
ID_5A16YM,0.03288237711439813,0.03288237711439813,0.04317410618537815,0.04317410618537815,0.034033712506972257,0.034033712506972257
ID_9HWS96,0.03089881780008273,0.03089881780008273,0.04448949142489727,0.04448949142489727,0.03559392398191077,0.03559392398191077
ID_XSG0T2,0.03083170507722934,0.03083170507722934,0.04454068622486751,0.04454068622486751,0.03535835289250392,0.03535835289250392
ID_GKA6X5,0.03755878418660626,0.03755878418660626,0.048686509016507784,0.048686509016507784,0.041711465851126416,0.041711465851126416
ID_IADFLZ,0.03351042547115547,0.03351042547115547,0.044873856895254007,0.044873856895254007,0.0340813103286744,0.0340813103286744
ID_85I0GR,0.03083170507722934,0.03083170507722934,0.04454068622486751,0.04454068622486751,0.03535835289250392,0.03535835289250392
ID_MIJTEW,0.03089881780008273,0.03089881780008273,0.04448949142489727,0.04448949142489727,0.03559392398191077,0.03559392398191077
ID_B8BL0O,0.03083170507722934,0.03083170507722934,0.04454068622486751,0.04454068622486751,0.03535835289250392,0.03535835289250392
ID_QC1WRZ,0.03351042547115547,0.03351042547115547,0.044873856895254007,0.044873856895254007,0.0340813103286744,0.0340813103286744
ID_6UT7IC,0.03089881780008273,0.03089881780008273,0.04448949142489727,0.04448949142489727,0.03559392398191077,0.03559392398191077
ID_54JX22,0.03089881780008273,0.03089881780008273,0.04448949142489727,0.04448949142489727,0.03559392398191077,0.03559392398191077
ID_6TKU5R,0.03089881780008273,0.03089881780008273,0.04448949142489727,0.04448949142489727,0.03559392398191077,0.03559392398191077
ID_1JA2MK,0.03573350806774673,0.03573350806774673,0.0490312756079616,0.0490312756079616,0.04335730220343058,0.04335730220343058
ID_SJWY6D,0.03089881780008273,0.03089881780008273,0.04448949142489727,0.04448949142489727,0.03559392398191077,0.03559392398191077
ID_GIYG6G,0.03083170507722934,0.03083170507722934,0.04454068622486751,0.04454068622486751,0.03535835289250392,0.03535835289250392
ID_LJS85L,0.03089881780008273,0.03089881780008273,0.04448949142489727,0.04448949142489727,0.03559392398191077,0.03559392398191077
ID_TQNBDG,0.03351042547115547,0.03351042547115547,0.044873856895254007,0.044873856895254007,0.0340813103286744,0.0340813103286744
ID_XARP7Q,0.03351042547115547,0.03351042547115547,0.044873856895254007,0.044873856895254007,0.0340813103286744,0.0340813103286744
ID_BMEQA2,0.03351042547115547,0.03351042547115547,0.044873856895254007,0.044873856895254007,0.0340813103286744,0.0340813103286744
ID_O9717W,0.03089881780008273,0.03089881780008273,0.04448949142489727,0.04448949142489727,0.03559392398191077,0.03559392398191077
ID_7A9IEF,0.024269419095693807,0.024269419095693807,0.026008749221303553,0.026008749221303553,0.0500274368522312,0.0500274368522312
ID_YGG57K,0.024426651800096323,0.024426651800096323,0.019038690620439218,0.019038690620439218,0.03409324054428731,0.03409324054428731
ID_QI4XP9,0.024269419095693807,0.024269419095693807,0.026008749221303553,0.026008749221303553,0.0500274368522312,0.0500274368522312
ID_Q18N3W,0.024269419095693807,0.024269419095693807,0.014547842139912896,0.014547842139912896,0.050590095553791355,0.050590095553791355
ID_4VVCQH,0.024457269324934763,0.024457269324934763,0.01576007128286958,0.01576007128286958,0.056472334744531685,0.056472334744531685
ID_XE4IEV,0.024248715161946394,0.024248715161946394,0.020648196636408198,0.020648196636408198,0.11252796518580656,0.11252796518580656
ID_K3MAY0,0.024457269324934763,0.024457269324934763,0.015765096661029286,0.015765096661029286,0.05591677918897613,0.05591677918897613
ID_HW0LWU,0.024269419095693807,0.024269419095693807,0.015784291539005648,0.015784291539005648,0.03315659255793958,0.03315659255793958
ID_UCWQS1,0.024248715161946394,0.024248715161946394,0.0229026698245852,0.0229026698245852,0.0782786625333359,0.0782786625333359
ID_MZ5E9B,0.02440594786634891,0.02440594786634891,0.015642752944775164,0.015642752944775164,0.016799345502174254,0.016799345502174254
ID_C1K50D,0.06930940751797869,0.06930940751797869,0.1264976032252174,0.1264976032252174,0.09169816791756497,0.09169816791756497
ID_MC4KWW,0.28126540534002537,0.28126540534002537,0.19561674975422685,0.19561674975422685,0.31530828292356883,0.31530828292356883
ID_RH99WO,0.024269419095693807,0.024269419095693807,0.014264508437901443,0.014264508437901443,0.027428983812785468,0.027428983812785468
ID_744B0S,0.024445071139616997,0.024445071139616997,0.015424294897656073,0.015424294897656073,0.021461394414868766,0.021461394414868766
ID_G76EJJ,0.024248715161946394,0.024248715161946394,0.013544062027100175,0.013544062027100175,0.016782800769687172,0.016782800769687172
ID_W3FLE5,0.024458488794684034,0.024458488794684034,0.017016177321720338,0.017016177321720338,0.031238815486775196,0.031238815486775196
ID_EH2GC9,0.024269419095693807,0.024269419095693807,0.02561333122250819,0.02561333122250819,0.05131723635308517,0.05131723635308517
ID_VA32M2,0.024297012914678354,0.024297012914678354,0.02405991637062092,0.02405991637062092,0.059936890798772666,0.059936890798772666
ID_614OQG,0.06930940751797869,0.06930940751797869,0.1264976032252174,0.1264976032252174,0.09169816791756497,0.09169816791756497
ID_3XYEKG,0.024269419095693807,0.024269419095693807,0.015425258329599446,0.015425258329599446,0.03424620728049545,0.03424620728049545
ID_0NEH7M,0.02440594786634891,0.02440594786634891,0.015642752944775164,0.015642752944775164,0.016799345502174254,0.016799345502174254
ID_X56U7A,0.024458488794684034,0.024458488794684034,0.017016177321720338,0.017016177321720338,0.031238815486775196,0.031238815486775196
ID_LVGS8N,0.024458488794684034,0.024458488794684034,0.017016177321720338,0.017016177321720338,0.031238815486775196,0.031238815486775196
ID_8OM0HC,0.024458488794684034,0.024458488794684034,0.017016177321720338,0.017016177321720338,0.031238815486775196,0.031238815486775196
ID_ZF76R9,0.024248715161946394,0.024248715161946394,0.020648196636408198,0.020648196636408198,0.11252796518580656,0.11252796518580656
ID_38Z3AF,0.024269419095693807,0.024269419095693807,0.013530510966416588,0.013530510966416588,0.0180733295169494,0.0180733295169494
ID_MI871Y,0.024248715161946394,0.024248715161946394,0.013140013509145903,0.013140013509145903,0.016431532875334488,0.016431532875334488
ID_Z2O6G6,0.024248715161946394,0.024248715161946394,0.013140013509145903,0.013140013509145903,0.016431532875334488,0.016431532875334488
ID_N4NA0B,0.024269419095693807,0.024269419095693807,0.01435103409556579,0.01435103409556579,0.04274600221898471,0.04274600221898471
ID_CXGCMA,0.024248715161946394,0.024248715161946394,0.020648196636408198,0.020648196636408198,0.11252796518580656,0.11252796518580656
ID_S02NWF,0.024269419095693807,0.024269419095693807,0.026008749221303553,0.026008749221303553,0.0500274368522312,0.0500274368522312
ID_STYUQH,0.024269419095693807,0.024269419095693807,0.01384263112001943,0.01384263112001943,0.036851714397400176,0.036851714397400176
ID_OQ0NNL,0.024269419095693807,0.024269419095693807,0.01384263112001943,0.01384263112001943,0.036851714397400176,0.036851714397400176
ID_LMECJK,0.06930940751797869,0.06930940751797869,0.1264976032252174,0.1264976032252174,0.09169816791756497,0.09169816791756497
ID_D7R1NQ,0.024269419095693807,0.024269419095693807,0.01407912249663096,0.01407912249663096,0.02809639281450513,0.02809639281450513
ID_7XQ792,0.024248715161946394,0.024248715161946394,0.0229026698245852,0.0229026698245852,0.0782786625333359,0.0782786625333359
ID_U8RC44,0.024269419095693807,0.024269419095693807,0.013578775125488956,0.013578775125488956,0.04061413571324005,0.04061413571324005
ID_EBNFRL,0.037830549518926414,0.037830549518926414,0.01806150705751138,0.01806150705751138,0.0804011692403133,0.0804011692403133
ID_GKQ47Z,0.024269419095693807,0.024269419095693807,0.01384263112001943,0.01384263112001943,0.036851714397400176,0.036851714397400176
ID_YE5B6S,0.024248715161946394,0.024248715161946394,0.014932264041655662,0.014932264041655662,0.024654953216575546,0.024654953216575546
ID_W45VF7,0.024429675505950217,0.024429675505950217,0.015149480830861888,0.015149480830861888,0.04570457905809744,0.04570457905809744
ID_1RUKP4,0.02482671772069895,0.02482671772069895,0.01568549311134325,0.01568549311134325,0.03881649695736936,0.03881649695736936
ID_Q4TH3I,0.02440594786634891,0.02440594786634891,0.014865306107628422,0.014865306107628422,0.01717105307777148,0.01717105307777148
ID_DPVS20,0.024269419095693807,0.024269419095693807,0.02561333122250819,0.02561333122250819,0.05131723635308517,0.05131723635308517
ID_22KHLA,0.024426651800096323,0.024426651800096323,0.019038690620439218,0.019038690620439218,0.03409324054428731,0.03409324054428731
ID_S9QE4Q,0.024441906154734384,0.024441906154734384,0.016274582801837932,0.016274582801837932,0.030969660054916547,0.030969660054916547
ID_E7MX6C,0.024269419095693807,0.024269419095693807,0.015425258329599446,0.015425258329599446,0.03424620728049545,0.03424620728049545
ID_U3INRH,0.024426651800096323,0.024426651800096323,0.019038690620439218,0.019038690620439218,0.03409324054428731,0.03409324054428731
ID_DI7YTA,0.1356176699064183,0.1356176699064183,0.1983198485615418,0.1983198485615418,0.13508934197693825,0.13508934197693825
ID_RCOAWN,0.024269419095693807,0.024269419095693807,0.013478380357148777,0.013478380357148777,0.030021543367440638,0.030021543367440638
ID_Z1LRYM,0.024269419095693807,0.024269419095693807,0.02060570512371123,0.02060570512371123,0.029087978279256268,0.029087978279256268
ID_C2LJ70,0.024269419095693807,0.024269419095693807,0.025543188350176615,0.025543188350176615,0.04061473252757884,0.04061473252757884
ID_GIVEZ4,0.024269419095693807,0.024269419095693807,0.014013458126040063,0.014013458126040063,0.023616140250255827,0.023616140250255827
ID_ELDV2E,0.07947773183671716,0.07947773183671716,0.1356955034612443,0.1356955034612443,0.19804332701297148,0.19804332701297148
ID_2BSLWL,0.024269419095693807,0.024269419095693807,0.013578775125488956,0.013578775125488956,0.04061413571324005,0.04061413571324005
ID_SEXM8V,0.17683607259168002,0.17683607259168002,0.22611078416552696,0.22611078416552696,0.251209286719761,0.251209286719761
ID_MOIYPK,0.02646160406090436,0.02646160406090436,0.01888751720807233,0.01888751720807233,0.02610388185444744,0.02610388185444744
ID_G5NRPK,0.024426651800096323,0.024426651800096323,0.017757044367543197,0.017757044367543197,0.030062799915267432,0.030062799915267432
ID_JFVGSJ,0.024248715161946394,0.024248715161946394,0.020648196636408198,0.020648196636408198,0.11252796518580656,0.11252796518580656
ID_XWS7HQ,0.026691107068185144,0.026691107068185144,0.018894388991933624,0.018894388991933624,0.02603748880761016,0.02603748880761016
ID_4OYZV6,0.06199376689191464,0.06199376689191464,0.15382167960655518,0.15382167960655518,0.13143321952696493,0.13143321952696493
ID_01RP2A,0.024248715161946394,0.024248715161946394,0.0229026698245852,0.0229026698245852,0.0782786625333359,0.0782786625333359
ID_5PPY2G,0.024269419095693807,0.024269419095693807,0.026008749221303553,0.026008749221303553,0.0500274368522312,0.0500274368522312
ID_CSM246,0.024457269324934763,0.024457269324934763,0.015396112496455418,0.015396112496455418,0.055211862746030044,0.055211862746030044
ID_UJJ1IK,0.024269419095693807,0.024269419095693807,0.026008749221303553,0.026008749221303553,0.0500274368522312,0.0500274368522312
ID_XBI5K6,0.038369572133602065,0.038369572133602065,0.017733115920714672,0.017733115920714672,0.05556528731934728,0.05556528731934728
ID_WJ9PEO,0.024269419095693807,0.024269419095693807,0.026008749221303553,0.026008749221303553,0.0500274368522312,0.0500274368522312
ID_WY9EAI,0.024426651800096323,0.024426651800096323,0.019038690620439218,0.019038690620439218,0.03409324054428731,0.03409324054428731
ID_UR5OFA,0.024248715161946394,0.024248715161946394,0.020648196636408198,0.020648196636408198,0.11252796518580656,0.11252796518580656
ID_VXVK0E,0.024248715161946394,0.024248715161946394,0.020648196636408198,0.020648196636408198,0.11252796518580656,0.11252796518580656
ID_LKHDH9,0.024248715161946394,0.024248715161946394,0.01398939724870481,0.01398939724870481,0.03289172449030735,0.03289172449030735
ID_FS84JN,0.024269419095693807,0.024269419095693807,0.014264508437901443,0.014264508437901443,0.027428983812785468,0.027428983812785468
ID_Q08FAJ,0.024248715161946394,0.024248715161946394,0.022198718088074502,0.022198718088074502,0.03250029081320552,0.03250029081320552
ID_SRKWYT,0.024269419095693807,0.024269419095693807,0.026008749221303553,0.026008749221303553,0.0500274368522312,0.0500274368522312
ID_6ZEMZN,0.024248715161946394,0.024248715161946394,0.013292819569015334,0.013292819569015334,0.016133720415040034,0.016133720415040034
ID_0OW07A,0.024248715161946394,0.024248715161946394,0.0229026698245852,0.0229026698245852,0.0782786625333359,0.0782786625333359
ID_CI8CH1,0.024269419095693807,0.024269419095693807,0.013578775125488956,0.013578775125488956,0.04061413571324005,0.04061413571324005
ID_9FI442,0.024269419095693807,0.024269419095693807,0.026008749221303553,0.026008749221303553,0.0500274368522312,0.0500274368522312
ID_SO0DHO,0.024269419095693807,0.024269419095693807,0.01384263112001943,0.01384263112001943,0.036851714397400176,0.036851714397400176
ID_I3TWPN,0.024269419095693807,0.024269419095693807,0.01384263112001943,0.01384263112001943,0.036851714397400176,0.036851714397400176
ID_PRTLQO,0.02440594786634891,0.02440594786634891,0.014107627596319549,0.014107627596319549,0.015569021431217552,0.015569021431217552
ID_DLJ036,0.024248715161946394,0.024248715161946394,0.013292819569015334,0.013292819569015334,0.01631296943594649,0.01631296943594649
ID_1KRPQG,0.024269419095693807,0.024269419095693807,0.014013458126040063,0.014013458126040063,0.023616140250255827,0.023616140250255827
ID_ER9JGI,0.024269419095693807,0.024269419095693807,0.013578775125488956,0.013578775125488956,0.04061413571324005,0.04061413571324005
ID_URRD8K,0.024269419095693807,0.024269419095693807,0.02561333122250819,0.02561333122250819,0.05131723635308517,0.05131723635308517
ID_LLP2C0,0.024426651800096323,0.024426651800096323,0.019038690620439218,0.019038690620439218,0.03409324054428731,0.03409324054428731
ID_W15EIN,0.02585388040238535,0.02585388040238535,0.017224184115387103,0.017224184115387103,0.025728793105928523,0.025728793105928523
ID_CZ0VWL,0.024269419095693807,0.024269419095693807,0.013943364295095743,0.013943364295095743,0.018902050371983586,0.018902050371983586
ID_OEUEBT,0.024457269324934763,0.024457269324934763,0.015677406448635446,0.015677406448635446,0.05573926876618643,0.05573926876618643
ID_LXTW02,0.024269419095693807,0.024269419095693807,0.016094010219066604,0.016094010219066604,0.02222987127102747,0.02222987127102747
ID_N94SDP,0.024248715161946394,0.024248715161946394,0.022314900347318468,0.022314900347318468,0.0398263661209087,0.0398263661209087
ID_N0AWM0,0.024457269324934763,0.024457269324934763,0.015244930059810315,0.015244930059810315,0.03722898482710223,0.03722898482710223
ID_42NPIG,0.15863898914734945,0.15863898914734945,0.11749359957793054,0.11749359957793054,0.12316989420087777,0.12316989420087777
ID_NSS5HS,0.024269419095693807,0.024269419095693807,0.015784291539005648,0.015784291539005648,0.03315659255793958,0.03315659255793958
ID_ETVXZ7,0.024458488794684034,0.024458488794684034,0.017016177321720338,0.017016177321720338,0.031238815486775196,0.031238815486775196
ID_VEAIU7,0.024248715161946394,0.024248715161946394,0.013709065149552111,0.013709065149552111,0.01681793582097896,0.01681793582097896
ID_FJN84X,0.024269419095693807,0.024269419095693807,0.013478380357148777,0.013478380357148777,0.030021543367440638,0.030021543367440638
ID_HD7QTN,0.024269419095693807,0.024269419095693807,0.026008749221303553,0.026008749221303553,0.0500274368522312,0.0500274368522312
ID_NTR8YK,0.024248715161946394,0.024248715161946394,0.013140013509145903,0.013140013509145903,0.016431532875334488,0.016431532875334488
ID_9856FP,0.02440594786634891,0.02440594786634891,0.015580504703096524,0.015580504703096524,0.017912030282543547,0.017912030282543547
ID_69NK4X,0.024269419095693807,0.024269419095693807,0.026008749221303553,0.026008749221303553,0.0500274368522312,0.0500274368522312
ID_UVABGX,0.024269419095693807,0.024269419095693807,0.013478380357148777,0.013478380357148777,0.030021543367440638,0.030021543367440638
ID_S5C90U,0.28126540534002537,0.28126540534002537,0.19561674975422685,0.19561674975422685,0.31530828292356883,0.31530828292356883
ID_X0NOSD,0.02440594786634891,0.02440594786634891,0.014419195632092647,0.014419195632092647,0.015092860759468783,0.015092860759468783
ID_IJCE63,0.024429675505950217,0.024429675505950217,0.014602363078109061,0.014602363078109061,0.0252928116919199,0.0252928116919199
ID_ME1YJI,0.024269419095693807,0.024269419095693807,0.014264508437901443,0.014264508437901443,0.027428983812785468,0.027428983812785468
ID_CZIO8P,0.024269419095693807,0.024269419095693807,0.014163202546007647,0.014163202546007647,0.01779229739063387,0.01779229739063387
ID_GQKCKG,0.024269419095693807,0.024269419095693807,0.015425258329599446,0.015425258329599446,0.03424620728049545,0.03424620728049545
ID_CDDM41,0.024269419095693807,0.024269419095693807,0.013578775125488956,0.013578775125488956,0.0395558840886005,0.0395558840886005
ID_HOITR8,0.024269419095693807,0.024269419095693807,0.026008749221303553,0.026008749221303553,0.0500274368522312,0.0500274368522312
ID_MWGUUP,0.024269419095693807,0.024269419095693807,0.026008749221303553,0.026008749221303553,0.0500274368522312,0.0500274368522312
ID_TNZJLJ,0.024248715161946394,0.024248715161946394,0.020648196636408198,0.020648196636408198,0.11252796518580656,0.11252796518580656
ID_4RHCTV,0.024269419095693807,0.024269419095693807,0.013412542484989387,0.013412542484989387,0.01730052102052719,0.01730052102052719
ID_3D546N,0.024248715161946394,0.024248715161946394,0.016039765740076168,0.016039765740076168,0.019276164605429538,0.019276164605429538
ID_G3G8F2,0.02585388040238535,0.02585388040238535,0.01661920908908271,0.01661920908908271,0.02445749708177125,0.02445749708177125
ID_R3EVVT,0.03759054080928739,0.03759054080928739,0.01841901579519229,0.01841901579519229,0.08640548930055655,0.08640548930055655
ID_QEM6RQ,0.024297012914678354,0.024297012914678354,0.014108736745879735,0.014108736745879735,0.030124264849192884,0.030124264849192884
ID_NTVN8F,0.024248715161946394,0.024248715161946394,0.022281414298609397,0.022281414298609397,0.034418950123654285,0.034418950123654285
ID_AQTW5A,0.024248715161946394,0.024248715161946394,0.022281414298609397,0.022281414298609397,0.034418950123654285,0.034418950123654285
ID_2BK28V,0.024248715161946394,0.024248715161946394,0.022281414298609397,0.022281414298609397,0.034418950123654285,0.034418950123654285
ID_PXLHVB,0.024248715161946394,0.024248715161946394,0.022281414298609397,0.022281414298609397,0.034418950123654285,0.034418950123654285
ID_BTGNHS,0.024248715161946394,0.024248715161946394,0.022281414298609397,0.022281414298609397,0.034418950123654285,0.034418950123654285
ID_1T7417,0.024248715161946394,0.024248715161946394,0.020157098682394056,0.020157098682394056,0.048858294675650574,0.048858294675650574
ID_5IHZMO,0.024248715161946394,0.024248715161946394,0.022457940551361247,0.022457940551361247,0.03489301383149443,0.03489301383149443
ID_B1UDBV,0.024248715161946394,0.024248715161946394,0.022281414298609397,0.022281414298609397,0.034418950123654285,0.034418950123654285
ID_8HARO9,0.024248715161946394,0.024248715161946394,0.022281414298609397,0.022281414298609397,0.034418950123654285,0.034418950123654285
ID_SZOUS9,0.024248715161946394,0.024248715161946394,0.022457940551361247,0.022457940551361247,0.03489301383149443,0.03489301383149443
ID_BB770Y,0.024248715161946394,0.024248715161946394,0.022457940551361247,0.022457940551361247,0.03489301383149443,0.03489301383149443
ID_JUTR7C,0.024248715161946394,0.024248715161946394,0.022281414298609397,0.022281414298609397,0.034418950123654285,0.034418950123654285
ID_O1K46G,0.02485835831244357,0.02485835831244357,0.014519316749306151,0.014519316749306151,0.0185365011941974,0.0185365011941974
ID_IP98ON,0.024248715161946394,0.024248715161946394,0.022281414298609397,0.022281414298609397,0.034418950123654285,0.034418950123654285
ID_EXAG19,0.024248715161946394,0.024248715161946394,0.022281414298609397,0.022281414298609397,0.034418950123654285,0.034418950123654285
ID_9BDORD,0.024685944519340124,0.024685944519340124,0.013798610035659844,0.013798610035659844,0.017793348645085368,0.017793348645085368
ID_1T2JQX,0.024508639554801117,0.024508639554801117,0.015214310096585656,0.015214310096585656,0.020010824537291274,0.020010824537291274
ID_9EYMB0,0.024248715161946394,0.024248715161946394,0.022281414298609397,0.022281414298609397,0.034418950123654285,0.034418950123654285
ID_1HXO1D,0.024248715161946394,0.024248715161946394,0.020157098682394056,0.020157098682394056,0.048858294675650574,0.048858294675650574
ID_4TOC5J,0.024248715161946394,0.024248715161946394,0.022281414298609397,0.022281414298609397,0.034418950123654285,0.034418950123654285
ID_8IY1R3,0.024248715161946394,0.024248715161946394,0.022281414298609397,0.022281414298609397,0.034418950123654285,0.034418950123654285
ID_LYOJCT,0.024248715161946394,0.024248715161946394,0.022457940551361247,0.022457940551361247,0.03489301383149443,0.03489301383149443
ID_GN7SOH,0.024248715161946394,0.024248715161946394,0.022457940551361247,0.022457940551361247,0.03489301383149443,0.03489301383149443
ID_CBFIEN,0.024508639554801117,0.024508639554801117,0.015108393580479457,0.015108393580479457,0.019887861791635795,0.019887861791635795
ID_CLLIH7,0.024685944519340124,0.024685944519340124,0.01391640540065016,0.01391640540065016,0.01663496184962809,0.01663496184962809
ID_ZBZ0JX,0.024685944519340124,0.024685944519340124,0.01391640540065016,0.01391640540065016,0.01663496184962809,0.01663496184962809
ID_XCTTUN,0.024248715161946394,0.024248715161946394,0.022457940551361247,0.022457940551361247,0.03489301383149443,0.03489301383149443
ID_XPCFD0,0.024248715161946394,0.024248715161946394,0.022281414298609397,0.022281414298609397,0.034418950123654285,0.034418950123654285
ID_XLZ4P7,0.024248715161946394,0.024248715161946394,0.022457940551361247,0.022457940551361247,0.03489301383149443,0.03489301383149443
ID_JY1YPW,0.024248715161946394,0.024248715161946394,0.022281414298609397,0.022281414298609397,0.034418950123654285,0.034418950123654285
ID_ZTGLQD,0.024248715161946394,0.024248715161946394,0.022281414298609397,0.022281414298609397,0.034418950123654285,0.034418950123654285
ID_1QRN17,0.024248715161946394,0.024248715161946394,0.022457940551361247,0.022457940551361247,0.03489301383149443,0.03489301383149443
ID_2EA5JN,0.024248715161946394,0.024248715161946394,0.022281414298609397,0.022281414298609397,0.034418950123654285,0.034418950123654285
ID_MSKW1O,0.024508639554801117,0.024508639554801117,0.015108393580479457,0.015108393580479457,0.019887861791635795,0.019887861791635795
ID_2X1SZI,0.024248715161946394,0.024248715161946394,0.022281414298609397,0.022281414298609397,0.034418950123654285,0.034418950123654285
ID_5HSQYT,0.024248715161946394,0.024248715161946394,0.022457940551361247,0.022457940551361247,0.03489301383149443,0.03489301383149443
ID_3VOPJI,0.024441906154734384,0.024441906154734384,0.020739258360219587,0.020739258360219587,0.020526152917334246,0.020526152917334246
ID_71ZROQ,0.024248715161946394,0.024248715161946394,0.022457940551361247,0.022457940551361247,0.03489301383149443,0.03489301383149443
ID_IPWW84,0.024248715161946394,0.024248715161946394,0.022281414298609397,0.022281414298609397,0.034418950123654285,0.034418950123654285
ID_1WDZJ3,0.024248715161946394,0.024248715161946394,0.022281414298609397,0.022281414298609397,0.034418950123654285,0.034418950123654285
ID_X6FV99,0.025484167637530936,0.025484167637530936,0.016696896769661993,0.016696896769661993,0.017484187544412465,0.017484187544412465
ID_VM4SKC,0.025134769471195792,0.025134769471195792,0.016336624075296104,0.016336624075296104,0.017807158122600523,0.017807158122600523
ID_D785R6,0.025134769471195792,0.025134769471195792,0.016336624075296104,0.016336624075296104,0.017807158122600523,0.017807158122600523
ID_UWASJQ,0.025134769471195792,0.025134769471195792,0.016314647528067532,0.016314647528067532,0.016189912370888435,0.016189912370888435
ID_KOHT88,0.025484167637530936,0.025484167637530936,0.016696896769661993,0.016696896769661993,0.017484187544412465,0.017484187544412465
ID_OVJNUH,0.025484167637530936,0.025484167637530936,0.016696896769661993,0.016696896769661993,0.017484187544412465,0.017484187544412465
ID_G6R4XS,0.025134769471195792,0.025134769471195792,0.016314647528067532,0.016314647528067532,0.016189912370888435,0.016189912370888435
ID_KXVGAS,0.025484167637530936,0.025484167637530936,0.017293713518423855,0.017293713518423855,0.01600470727028628,0.01600470727028628
ID_RB8D8D,0.025134769471195792,0.025134769471195792,0.016314647528067532,0.016314647528067532,0.016189912370888435,0.016189912370888435
ID_X6E89R,0.025134769471195792,0.025134769471195792,0.016314647528067532,0.016314647528067532,0.016189912370888435,0.016189912370888435
ID_TA9PM5,0.025484167637530936,0.025484167637530936,0.016696896769661993,0.016696896769661993,0.017484187544412465,0.017484187544412465
ID_SU7MFU,0.025134769471195792,0.025134769471195792,0.016314647528067532,0.016314647528067532,0.016189912370888435,0.016189912370888435
ID_DMS7D1,0.02554926163326077,0.02554926163326077,0.01623728043452719,0.01623728043452719,0.01805670623030679,0.01805670623030679
ID_RUC06M,0.025134769471195792,0.025134769471195792,0.016314647528067532,0.016314647528067532,0.016189912370888435,0.016189912370888435
ID_11E7A7,0.025134769471195792,0.025134769471195792,0.016336624075296104,0.016336624075296104,0.017807158122600523,0.017807158122600523
ID_GJSBDX,0.025484167637530936,0.025484167637530936,0.016696896769661993,0.016696896769661993,0.017484187544412465,0.017484187544412465
ID_OK44US,0.025134769471195792,0.025134769471195792,0.016314647528067532,0.016314647528067532,0.016189912370888435,0.016189912370888435
ID_C8ZEBX,0.025134769471195792,0.025134769471195792,0.016145557931201874,0.016145557931201874,0.016574147611024867,0.016574147611024867
ID_J34RHZ,0.025134769471195792,0.025134769471195792,0.016314647528067532,0.016314647528067532,0.016189912370888435,0.016189912370888435
ID_A2Q37K,0.025134769471195792,0.025134769471195792,0.023161337469836733,0.023161337469836733,0.02302469132440764,0.02302469132440764
ID_FE7367,0.025134769471195792,0.025134769471195792,0.016314647528067532,0.016314647528067532,0.016189912370888435,0.016189912370888435
ID_IKDMI9,0.025484167637530936,0.025484167637530936,0.016696896769661993,0.016696896769661993,0.017484187544412465,0.017484187544412465
ID_UG0NCP,0.025134769471195792,0.025134769471195792,0.016314647528067532,0.016314647528067532,0.016189912370888435,0.016189912370888435
ID_Z695T3,0.025484167637530936,0.025484167637530936,0.016696896769661993,0.016696896769661993,0.017484187544412465,0.017484187544412465
ID_P3LV6I,0.025134769471195792,0.025134769471195792,0.016145557931201874,0.016145557931201874,0.016574147611024867,0.016574147611024867
ID_NWA63L,0.025134769471195792,0.025134769471195792,0.016314647528067532,0.016314647528067532,0.016189912370888435,0.016189912370888435
ID_V32HHY,0.02554926163326077,0.02554926163326077,0.01623728043452719,0.01623728043452719,0.01805670623030679,0.01805670623030679
ID_J4IIGE,0.025134769471195792,0.025134769471195792,0.023161337469836733,0.023161337469836733,0.02302469132440764,0.02302469132440764
ID_PMM0MA,0.025134769471195792,0.025134769471195792,0.016336624075296104,0.016336624075296104,0.017807158122600523,0.017807158122600523
ID_AQG7O8,0.025484167637530936,0.025484167637530936,0.016696896769661993,0.016696896769661993,0.017484187544412465,0.017484187544412465
ID_ZNN0U3,0.025134769471195792,0.025134769471195792,0.023161337469836733,0.023161337469836733,0.02302469132440764,0.02302469132440764
ID_25V33D,0.025134769471195792,0.025134769471195792,0.024296863052309495,0.024296863052309495,0.02183082992167425,0.02183082992167425
ID_BIKMDL,0.025134769471195792,0.025134769471195792,0.02332171588200809,0.02332171588200809,0.022799302216444193,0.022799302216444193
ID_XU2Y8E,0.025484167637530936,0.025484167637530936,0.016696896769661993,0.016696896769661993,0.017484187544412465,0.017484187544412465
ID_STGN0X,0.025484167637530936,0.025484167637530936,0.016696896769661993,0.016696896769661993,0.017484187544412465,0.017484187544412465
ID_JEKWX9,0.025134769471195792,0.025134769471195792,0.016314647528067532,0.016314647528067532,0.016189912370888435,0.016189912370888435
ID_1DT5V6,0.025484167637530936,0.025484167637530936,0.016696896769661993,0.016696896769661993,0.017484187544412465,0.017484187544412465
ID_EA0FL1,0.0248328410505198,0.0248328410505198,0.2987496824810363,0.2987496824810363,0.19681576342204238,0.19681576342204238
ID_7XDH6X,0.024867737455998823,0.024867737455998823,0.29858324999150754,0.29858324999150754,0.15244386621114367,0.15244386621114367
ID_X7UEWP,0.0248328410505198,0.0248328410505198,0.2987496824810363,0.2987496824810363,0.19681576342204238,0.19681576342204238
ID_OYG8BU,0.0248328410505198,0.0248328410505198,0.2987496824810363,0.2987496824810363,0.19681576342204238,0.19681576342204238
ID_ADNSWV,0.0248328410505198,0.0248328410505198,0.2987496824810363,0.2987496824810363,0.19681576342204238,0.19681576342204238
ID_V8G394,0.0248328410505198,0.0248328410505198,0.2987496824810363,0.2987496824810363,0.19681576342204238,0.19681576342204238
ID_HYSZML,0.0248328410505198,0.0248328410505198,0.2987496824810363,0.2987496824810363,0.19681576342204238,0.19681576342204238
ID_ELFXTH,0.0248328410505198,0.0248328410505198,0.2987496824810363,0.2987496824810363,0.19681576342204238,0.19681576342204238
ID_4L5H4Z,0.25415556211856266,0.25415556211856266,0.2900125885109391,0.2900125885109391,0.2551649915070126,0.2551649915070126
ID_65FJEN,0.3388318112955626,0.3388318112955626,0.4036502071467474,0.4036502071467474,0.3996365800760441,0.3996365800760441
ID_J055PC,0.4723600982773526,0.4723600982773526,0.44508917998790076,0.44508917998790076,0.4378765770369978,0.4378765770369978
ID_0EW874,0.25591691634452113,0.25591691634452113,0.2763669594818197,0.2763669594818197,0.24278800515328675,0.24278800515328675
ID_GWFNDL,0.42803931974409454,0.42803931974409454,0.47767063835782875,0.47767063835782875,0.4142364628027838,0.4142364628027838
ID_FKP6WX,0.3972038548832852,0.3972038548832852,0.4112410161227998,0.4112410161227998,0.3974555284348561,0.3974555284348561
ID_Q3569K,0.4723600982773526,0.4723600982773526,0.44508917998790076,0.44508917998790076,0.4378765770369978,0.4378765770369978
ID_VKIX04,0.4723600982773526,0.4723600982773526,0.44508917998790076,0.44508917998790076,0.4378765770369978,0.4378765770369978
ID_4BV3VQ,0.25781699722287876,0.25781699722287876,0.29563991344076557,0.29563991344076557,0.26332665181115544,0.26332665181115544
ID_D243HP,0.3972038548832852,0.3972038548832852,0.4112410161227998,0.4112410161227998,0.3974555284348561,0.3974555284348561
ID_ENNMFX,0.2715428762581302,0.2715428762581302,0.28417745667144884,0.28417745667144884,0.27807086686045357,0.27807086686045357
ID_56YK11,0.25415556211856266,0.25415556211856266,0.2900125885109391,0.2900125885109391,0.2551649915070126,0.2551649915070126
ID_ZDRSG4,0.3972038548832852,0.3972038548832852,0.4112410161227998,0.4112410161227998,0.3974555284348561,0.3974555284348561
ID_L5M3EC,0.24058786242872854,0.24058786242872854,0.2706334684662822,0.2706334684662822,0.23052114677132995,0.23052114677132995
ID_JF1SSX,0.4723600982773526,0.4723600982773526,0.44508917998790076,0.44508917998790076,0.4378765770369978,0.4378765770369978
ID_MSLQC3,0.3388318112955626,0.3388318112955626,0.4036502071467474,0.4036502071467474,0.3996365800760441,0.3996365800760441
ID_AH9Q0K,0.3972038548832852,0.3972038548832852,0.4112410161227998,0.4112410161227998,0.3974555284348561,0.3974555284348561
ID_FNREC1,0.3491218430112726,0.3491218430112726,0.32916859053924996,0.32916859053924996,0.33848007084303544,0.33848007084303544
ID_NAP7H7,0.3337289985502705,0.3337289985502705,0.38534900277770867,0.38534900277770867,0.36463899948814216,0.36463899948814216
ID_N4FDS5,0.02497635496583922,0.02497635496583922,0.013779476553844828,0.013779476553844828,0.01834039191993265,0.01834039191993265
ID_9JNJ9F,0.02512539032764054,0.02512539032764054,0.013779476553844828,0.013779476553844828,0.018533478307595243,0.018533478307595243
ID_ZA03TJ,0.5304679681823772,0.5304679681823772,0.4887505079466746,0.4887505079466746,0.5258754804950309,0.5258754804950309
ID_J6VA25,0.02518490912882759,0.02518490912882759,0.013580871280855257,0.013580871280855257,0.020198665349121354,0.020198665349121354
ID_L1ALDL,0.2966664323217044,0.2966664323217044,0.32234475926007844,0.32234475926007844,0.2982899323804393,0.2982899323804393
ID_VUKG4F,0.02502465271857118,0.02502465271857118,0.013678322230491861,0.013678322230491861,0.019845645476642047,0.019845645476642047
ID_5O53M7,0.2966664323217044,0.2966664323217044,0.3223596868612129,0.3223596868612129,0.2986971734024625,0.2986971734024625
ID_I7DW67,0.4517827272745635,0.4517827272745635,0.4666272324831802,0.4666272324831802,0.46339506238207157,0.46339506238207157
ID_XWNBF6,0.02512539032764054,0.02512539032764054,0.013745874403307193,0.013745874403307193,0.01998522731641807,0.01998522731641807
ID_BC5JMO,0.02502465271857118,0.02502465271857118,0.013792439678936098,0.013792439678936098,0.0201959864642049,0.0201959864642049
ID_FW0L11,0.02518490912882759,0.02518490912882759,0.013580871280855257,0.013580871280855257,0.020198665349121354,0.020198665349121354
ID_EAJN9C,0.02502465271857118,0.02502465271857118,0.013792439678936098,0.013792439678936098,0.0201959864642049,0.0201959864642049
ID_VWWM1B,0.4814653537299014,0.4814653537299014,0.39710129938115285,0.39710129938115285,0.43959535558436286,0.43959535558436286
ID_ACHKGT,0.5013343592470999,0.5013343592470999,0.39894548539727215,0.39894548539727215,0.49495100247836915,0.49495100247836915
ID_IF01BZ,0.4320991874131298,0.4320991874131298,0.3771790665674187,0.3771790665674187,0.41515433716438127,0.41515433716438127
ID_352OA7,0.02502465271857118,0.02502465271857118,0.013774661344172016,0.013774661344172016,0.019845645476642047,0.019845645476642047
ID_OAR02I,0.02502465271857118,0.02502465271857118,0.013774661344172016,0.013774661344172016,0.019845645476642047,0.019845645476642047
ID_QT0C2S,0.02502465271857118,0.02502465271857118,0.013792439678936098,0.013792439678936098,0.0201959864642049,0.0201959864642049
ID_RJI8NC,0.44602044457102685,0.44602044457102685,0.3822408196544469,0.3822408196544469,0.4529266790070491,0.4529266790070491
ID_TYJBEE,0.49293495724607916,0.49293495724607916,0.3984179801910096,0.3984179801910096,0.4663107589620423,0.4663107589620423
ID_X4ZZMV,0.43375415898128383,0.43375415898128383,0.44402901730851657,0.44402901730851657,0.47484084985840364,0.47484084985840364
ID_TOVXGP,0.02533394449062891,0.02533394449062891,0.01370562225779189,0.01370562225779189,0.020109143053716708,0.020109143053716708
ID_3U6HHR,0.02502465271857118,0.02502465271857118,0.013792439678936098,0.013792439678936098,0.0201959864642049,0.0201959864642049
ID_27AIBY,0.5129479096562862,0.5129479096562862,0.4626632654416628,0.4626632654416628,0.5442388004207321,0.5442388004207321
ID_A7AZEH,0.02497635496583922,0.02497635496583922,0.013908628595125015,0.013908628595125015,0.02005358103433207,0.02005358103433207
ID_BPO1ZS,0.02502465271857118,0.02502465271857118,0.013678322230491861,0.013678322230491861,0.019845645476642047,0.019845645476642047
ID_WPRF92,0.02502465271857118,0.02502465271857118,0.013792439678936098,0.013792439678936098,0.0201959864642049,0.0201959864642049
ID_JV6D5V,0.02512539032764054,0.02512539032764054,0.013745874403307193,0.013745874403307193,0.01998522731641807,0.01998522731641807
ID_H5U4U0,0.4419431033388889,0.4419431033388889,0.3994841616758691,0.3994841616758691,0.45388330206507077,0.45388330206507077
ID_TMYMBX,0.02497635496583922,0.02497635496583922,0.01371001231525945,0.01371001231525945,0.020103640578703445,0.020103640578703445
ID_X2SPAZ,0.02497635496583922,0.02497635496583922,0.01371001231525945,0.01371001231525945,0.020103640578703445,0.020103640578703445
ID_UHGZ8K,0.02502465271857118,0.02502465271857118,0.013774661344172016,0.013774661344172016,0.019845645476642047,0.019845645476642047
ID_WGGUI2,0.02512539032764054,0.02512539032764054,0.013779476553844828,0.013779476553844828,0.018533478307595243,0.018533478307595243
ID_3BPFHK,0.4745191001566517,0.4745191001566517,0.44832011408766714,0.44832011408766714,0.48979299205507065,0.48979299205507065
ID_LZH474,0.02502465271857118,0.02502465271857118,0.013819739706236126,0.013819739706236126,0.0186038736651754,0.0186038736651754
ID_NQHCHL,0.5262644071894378,0.5262644071894378,0.4752639164902326,0.4752639164902326,0.5169030667275922,0.5169030667275922
ID_UUZS7P,0.4608939363938144,0.4608939363938144,0.4014991707408869,0.4014991707408869,0.4698145264318447,0.4698145264318447
ID_E9X5DZ,0.02518490912882759,0.02518490912882759,0.013779476553844828,0.013779476553844828,0.01862504224266605,0.01862504224266605
ID_TWO5KW,0.02502465271857118,0.02502465271857118,0.013774661344172016,0.013774661344172016,0.019845645476642047,0.019845645476642047
ID_OVMB93,0.02502465271857118,0.02502465271857118,0.013792439678936098,0.013792439678936098,0.0201959864642049,0.0201959864642049
ID_KMRABQ,0.02502465271857118,0.02502465271857118,0.013792439678936098,0.013792439678936098,0.0201959864642049,0.0201959864642049
ID_BH79J9,0.02518490912882759,0.02518490912882759,0.013580871280855257,0.013580871280855257,0.020198665349121354,0.020198665349121354
ID_E8TVW6,0.02533394449062891,0.02533394449062891,0.01370562225779189,0.01370562225779189,0.020109143053716708,0.020109143053716708
ID_20E17F,0.02502465271857118,0.02502465271857118,0.013792439678936098,0.013792439678936098,0.0201959864642049,0.0201959864642049
ID_SIQFI1,0.33822853925600854,0.33822853925600854,0.3837812188342633,0.3837812188342633,0.35869302619747534,0.35869302619747534
ID_41NA8W,0.02497635496583922,0.02497635496583922,0.01371001231525945,0.01371001231525945,0.020103640578703445,0.020103640578703445
ID_WGVQO0,0.02502465271857118,0.02502465271857118,0.013774661344172016,0.013774661344172016,0.019845645476642047,0.019845645476642047
ID_LGQONB,0.02512539032764054,0.02512539032764054,0.013749714649082923,0.013749714649082923,0.018533478307595243,0.018533478307595243
ID_8LIA1C,0.02502465271857118,0.02502465271857118,0.013739224408329524,0.013739224408329524,0.01839593810748538,0.01839593810748538
ID_CXKAZG,0.4419431033388889,0.4419431033388889,0.3994841616758691,0.3994841616758691,0.45388330206507077,0.45388330206507077
ID_BI2AKY,0.02502465271857118,0.02502465271857118,0.013792439678936098,0.013792439678936098,0.0201959864642049,0.0201959864642049
ID_Z2J1B3,0.02502465271857118,0.02502465271857118,0.013792439678936098,0.013792439678936098,0.0201959864642049,0.0201959864642049
ID_V2UWES,0.02497635496583922,0.02497635496583922,0.01371001231525945,0.01371001231525945,0.020103640578703445,0.020103640578703445
ID_AMLGLN,0.02512539032764054,0.02512539032764054,0.013745874403307193,0.013745874403307193,0.01998522731641807,0.01998522731641807
ID_GSJHB8,0.02497635496583922,0.02497635496583922,0.01371001231525945,0.01371001231525945,0.020103640578703445,0.020103640578703445
ID_307KZ4,0.02502465271857118,0.02502465271857118,0.013678322230491861,0.013678322230491861,0.019845645476642047,0.019845645476642047
ID_GVIHSB,0.02502465271857118,0.02502465271857118,0.013678322230491861,0.013678322230491861,0.019845645476642047,0.019845645476642047
ID_YRLG4Z,0.34413844469523364,0.34413844469523364,0.4373784643514822,0.4373784643514822,0.3858766006661833,0.3858766006661833
ID_IYKBYV,0.09226639475552292,0.09226639475552292,0.16195737468024196,0.16195737468024196,0.1883943825104221,0.1883943825104221
ID_YU27DG,0.31741164761571333,0.31741164761571333,0.4803867630254885,0.4803867630254885,0.4070508179804598,0.4070508179804598
ID_YYEH5O,0.4766190708882482,0.4766190708882482,0.47692629898084277,0.47692629898084277,0.5188642658193241,0.5188642658193241
ID_HQCYED,0.5304679681823772,0.5304679681823772,0.4887505079466746,0.4887505079466746,0.5258754804950309,0.5258754804950309
ID_5UY94I,0.5129479096562862,0.5129479096562862,0.4626632654416628,0.4626632654416628,0.5442388004207321,0.5442388004207321
ID_DBNNI7,0.02512539032764054,0.02512539032764054,0.013779476553844828,0.013779476553844828,0.018533478307595243,0.018533478307595243
ID_3D6XKC,0.02512539032764054,0.02512539032764054,0.013749714649082923,0.013749714649082923,0.018533478307595243,0.018533478307595243
ID_513OKE,0.02497635496583922,0.02497635496583922,0.01371001231525945,0.01371001231525945,0.020103640578703445,0.020103640578703445
ID_MISHT0,0.34641079949936104,0.34641079949936104,0.4444238368834905,0.4444238368834905,0.4009894074532203,0.4009894074532203
ID_MUUQ2D,0.02502465271857118,0.02502465271857118,0.013792439678936098,0.013792439678936098,0.0201959864642049,0.0201959864642049
ID_AIEZLX,0.5250064495312124,0.5250064495312124,0.4786866395350391,0.4786866395350391,0.5693916587080158,0.5693916587080158
ID_MZIUA6,0.02518490912882759,0.02518490912882759,0.013580871280855257,0.013580871280855257,0.020198665349121354,0.020198665349121354
ID_ANHYB9,0.49394547773396086,0.49394547773396086,0.3990783432518916,0.3990783432518916,0.4745026521713447,0.4745026521713447
ID_7TC22K,0.033360619437179925,0.033360619437179925,0.020240367275025265,0.020240367275025265,0.05439655540026103,0.05439655540026103
ID_WECC7T,0.42301513457841433,0.42301513457841433,0.3291018295875288,0.3291018295875288,0.38829014324427136,0.38829014324427136
ID_3E044A,0.03748144010415634,0.03748144010415634,0.035251437340357586,0.035251437340357586,0.07758711821468199,0.07758711821468199
ID_AOJ7HM,0.33751213892434545,0.33751213892434545,0.2872556705606213,0.2872556705606213,0.3436480414644443,0.3436480414644443
ID_ITWWC2,0.03376000595002455,0.03376000595002455,0.03074917570587831,0.03074917570587831,0.06070282578582396,0.06070282578582396
ID_P76XAE,0.24663619555887523,0.24663619555887523,0.2041897371160246,0.2041897371160246,0.28703771400302647,0.28703771400302647
ID_8ALEJI,0.3598250164183851,0.3598250164183851,0.3095103301172113,0.3095103301172113,0.35715881436103036,0.35715881436103036
ID_X1U8KM,0.03231713999090743,0.03231713999090743,0.02582276971991797,0.02582276971991797,0.05987326358660802,0.05987326358660802
ID_INJW15,0.034546460678396215,0.034546460678396215,0.027122603807118416,0.027122603807118416,0.05965363514596453,0.05965363514596453
ID_DYA9YK,0.03666448236033694,0.03666448236033694,0.04046952435116394,0.04046952435116394,0.07775517543846755,0.07775517543846755
ID_6DVPR4,0.02497635496583922,0.02497635496583922,0.013877475988535263,0.013877475988535263,0.013517092417665494,0.013517092417665494
ID_MDBOL8,0.02497635496583922,0.02497635496583922,0.01355742779688369,0.01355742779688369,0.013469523263773528,0.013469523263773528
ID_MLPWMW,0.034459828682158286,0.034459828682158286,0.03381369110835851,0.03381369110835851,0.06960577050077192,0.06960577050077192
ID_MD9VVM,0.3808613969840254,0.3808613969840254,0.2595810449297809,0.2595810449297809,0.3290767864097553,0.3290767864097553
ID_3BAARO,0.034546460678396215,0.034546460678396215,0.027122603807118416,0.027122603807118416,0.05965363514596453,0.05965363514596453
ID_YFUXFB,0.03608568501516724,0.03608568501516724,0.022268843991843257,0.022268843991843257,0.06573670727628766,0.06573670727628766
ID_X6CKBA,0.034425297950283984,0.034425297950283984,0.027675316376023246,0.027675316376023246,0.0648148316779428,0.0648148316779428
ID_I5WORJ,0.053680151765136935,0.053680151765136935,0.04207627589012792,0.04207627589012792,0.07888870114313952,0.07888870114313952
ID_TDDKA4,0.03376000595002455,0.03376000595002455,0.03074917570587831,0.03074917570587831,0.06070282578582396,0.06070282578582396
ID_EE9QVY,0.03611131423010311,0.03611131423010311,0.04363655493155283,0.04363655493155283,0.21703573218635505,0.21703573218635505
ID_PW51BS,0.03795513963582086,0.03795513963582086,0.02812208382309649,0.02812208382309649,0.08524641218859197,0.08524641218859197
ID_EWE6FR,0.03332363346056882,0.03332363346056882,0.028652931737296307,0.028652931737296307,0.06005927416646353,0.06005927416646353
ID_QNIOX3,0.05944597684878532,0.05944597684878532,0.039940697878238084,0.039940697878238084,0.08810872744909506,0.08810872744909506
ID_K0L9RN,0.06538734838639519,0.06538734838639519,0.04657911170762591,0.04657911170762591,0.08881151253570096,0.08881151253570096
ID_P5OY4C,0.38821518558496737,0.38821518558496737,0.3617176077744765,0.3617176077744765,0.5633411378499018,0.5633411378499018
ID_QN361E,0.24663619555887523,0.24663619555887523,0.2041897371160246,0.2041897371160246,0.28703771400302647,0.28703771400302647
ID_DEH5S2,0.05169761369490595,0.05169761369490595,0.03681363187466377,0.03681363187466377,0.09796750721420167,0.09796750721420167
ID_SPM44L,0.46186282113972144,0.46186282113972144,0.3432960941814747,0.3432960941814747,0.4088012493534656,0.4088012493534656
ID_U7XEK7,0.03795513963582086,0.03795513963582086,0.02812208382309649,0.02812208382309649,0.08524641218859197,0.08524641218859197
ID_XZPS7Z,0.24663619555887523,0.24663619555887523,0.2041897371160246,0.2041897371160246,0.28703771400302647,0.28703771400302647
ID_ROYJU2,0.0349591787274627,0.0349591787274627,0.02812080808080732,0.02812080808080732,0.06957294776958539,0.06957294776958539
ID_5UY3S5,0.0368775196948302,0.0368775196948302,0.029669391634688506,0.029669391634688506,0.07543025592357011,0.07543025592357011
ID_ABL5U6,0.03314068999099595,0.03314068999099595,0.020490405361544305,0.020490405361544305,0.054470785867845796,0.054470785867845796
ID_75GT5C,0.03415053508888555,0.03415053508888555,0.026814723312960878,0.026814723312960878,0.06386063355545948,0.06386063355545948
ID_SJ6E5C,0.03605774006854099,0.03605774006854099,0.028563081879558732,0.028563081879558732,0.06502567157008518,0.06502567157008518
ID_EOCGGW,0.05568831086803752,0.05568831086803752,0.04479715955782031,0.04479715955782031,0.17738533708039184,0.17738533708039184
ID_1X408O,0.3808613969840254,0.3808613969840254,0.2595810449297809,0.2595810449297809,0.3290767864097553,0.3290767864097553
ID_85M9K8,0.0349591787274627,0.0349591787274627,0.02812080808080732,0.02812080808080732,0.06957294776958539,0.06957294776958539
ID_U1UDRT,0.03445698684553179,0.03445698684553179,0.027334921811882087,0.027334921811882087,0.06857814128282709,0.06857814128282709
ID_3CP868,0.04485691285975458,0.04485691285975458,0.023258014778514573,0.023258014778514573,0.06146272898124599,0.06146272898124599
ID_T9Y63Y,0.032630993401678986,0.032630993401678986,0.02176738159518249,0.02176738159518249,0.05063207626882041,0.05063207626882041
ID_UFQUML,0.03549296291043415,0.03549296291043415,0.028281414141819793,0.028281414141819793,0.06871220888450358,0.06871220888450358
ID_NIBT23,0.053680151765136935,0.053680151765136935,0.04207627589012792,0.04207627589012792,0.07888870114313952,0.07888870114313952
ID_TGLY44,0.05507040874459228,0.05507040874459228,0.04457982734043389,0.04457982734043389,0.08696408238790117,0.08696408238790117
ID_4SFQ8P,0.03725199765594373,0.03725199765594373,0.030455277903613742,0.030455277903613742,0.07642568620711401,0.07642568620711401
ID_0N9HPQ,0.03531531144814665,0.03531531144814665,0.026429250712572815,0.026429250712572815,0.024008435813840722,0.024008435813840722
ID_99E1R1,0.039251797036410005,0.039251797036410005,0.026319248134259773,0.026319248134259773,0.06513858193075416,0.06513858193075416
ID_C72Q1W,0.0300002250848705,0.0300002250848705,0.015027040561202742,0.015027040561202742,0.04912961874946818,0.04912961874946818
ID_UI7AWA,0.35791764777944546,0.35791764777944546,0.27011508699031805,0.27011508699031805,0.29608120964019236,0.29608120964019236
ID_2AELK0,0.03725199765594373,0.03725199765594373,0.030455277903613742,0.030455277903613742,0.07642568620711401,0.07642568620711401
ID_ER5H2G,0.034459828682158286,0.034459828682158286,0.03381369110835851,0.03381369110835851,0.06960577050077192,0.06960577050077192
ID_R4G747,0.034459828682158286,0.034459828682158286,0.03381369110835851,0.03381369110835851,0.06960577050077192,0.06960577050077192
ID_G7GMXZ,0.033360619437179925,0.033360619437179925,0.020240367275025265,0.020240367275025265,0.05439655540026103,0.05439655540026103
ID_F2QJQL,0.03532996619219012,0.03532996619219012,0.02863747019618815,0.02863747019618815,0.07820878675961451,0.07820878675961451
ID_L0L85S,0.034459828682158286,0.034459828682158286,0.03381369110835851,0.03381369110835851,0.06960577050077192,0.06960577050077192
ID_9T98SO,0.030777061877628156,0.030777061877628156,0.016875471081135712,0.016875471081135712,0.05020059264826504,0.05020059264826504
ID_QH4YLI,0.037323202543508675,0.037323202543508675,0.025653622714600907,0.025653622714600907,0.08088970816591379,0.08088970816591379
ID_BPRVML,0.03543322737790212,0.03543322737790212,0.02474202890752241,0.02474202890752241,0.085747240976041,0.085747240976041
ID_6CG8VP,0.04155489764108036,0.04155489764108036,0.03488238272824234,0.03488238272824234,0.07160658981409819,0.07160658981409819
ID_C5D1GT,0.03332363346056882,0.03332363346056882,0.028652931737296307,0.028652931737296307,0.06005927416646353,0.06005927416646353
ID_YLK0WQ,0.034459828682158286,0.034459828682158286,0.03381369110835851,0.03381369110835851,0.06960577050077192,0.06960577050077192
ID_OGE0SN,0.02497635496583922,0.02497635496583922,0.013466103595970448,0.013466103595970448,0.013381963185900632,0.013381963185900632
ID_LNBIPO,0.034459828682158286,0.034459828682158286,0.03381369110835851,0.03381369110835851,0.06960577050077192,0.06960577050077192
ID_Y4XYBA,0.03314068999099595,0.03314068999099595,0.020490405361544305,0.020490405361544305,0.054470785867845796,0.054470785867845796
ID_B9HQBN,0.05682591364095317,0.05682591364095317,0.04252080006798142,0.04252080006798142,0.08472079187962873,0.08472079187962873
ID_UTLIIA,0.031330412960428336,0.031330412960428336,0.042210904638244916,0.042210904638244916,0.2148213836181458,0.2148213836181458
ID_9RMHEL,0.032295764082535657,0.032295764082535657,0.021537805279802154,0.021537805279802154,0.06395352462483565,0.06395352462483565
ID_55N807,0.03415053508888555,0.03415053508888555,0.026814723312960878,0.026814723312960878,0.06386063355545948,0.06386063355545948
ID_S6BK0F,0.03346368022724215,0.03346368022724215,0.023326970464762502,0.023326970464762502,0.05164118227470894,0.05164118227470894
ID_RC60JC,0.034459828682158286,0.034459828682158286,0.03381369110835851,0.03381369110835851,0.06960577050077192,0.06960577050077192
ID_IWMYMJ,0.03332363346056882,0.03332363346056882,0.028652931737296307,0.028652931737296307,0.06005927416646353,0.06005927416646353
ID_BNX7SF,0.46186282113972144,0.46186282113972144,0.3432960941814747,0.3432960941814747,0.4088012493534656,0.4088012493534656
ID_GB2USC,0.03666448236033694,0.03666448236033694,0.04046952435116394,0.04046952435116394,0.07775517543846755,0.07775517543846755
ID_85E6LK,0.03376000595002455,0.03376000595002455,0.03074917570587831,0.03074917570587831,0.06070282578582396,0.06070282578582396
ID_N4BPLD,0.03317332334307238,0.03317332334307238,0.02545114183901073,0.02545114183901073,0.06779759730800825,0.06779759730800825
ID_GZ4MXV,0.033929431110598554,0.033929431110598554,0.03156053829730904,0.03156053829730904,0.06704610560327873,0.06704610560327873
ID_63SFM4,0.034459828682158286,0.034459828682158286,0.03381369110835851,0.03381369110835851,0.06960577050077192,0.06960577050077192
ID_YBCHN4,0.3434623397814353,0.3434623397814353,0.24900830415678268,0.24900830415678268,0.31368707411057806,0.31368707411057806
ID_T0CW21,0.03314068999099595,0.03314068999099595,0.020490405361544305,0.020490405361544305,0.054470785867845796,0.054470785867845796
ID_EEA7EO,0.24663619555887523,0.24663619555887523,0.2041897371160246,0.2041897371160246,0.28703771400302647,0.28703771400302647
ID_49IRAX,0.04473593873621688,0.04473593873621688,0.05056447399877559,0.05056447399877559,0.21707468719948025,0.21707468719948025
ID_N90DWX,0.032630993401678986,0.032630993401678986,0.02176738159518249,0.02176738159518249,0.05063207626882041,0.05063207626882041
ID_VE17EN,0.04876083964901547,0.04876083964901547,0.037238419880423534,0.037238419880423534,0.08569120759768162,0.08569120759768162
ID_LUR5VG,0.05507040874459228,0.05507040874459228,0.04457982734043389,0.04457982734043389,0.08696408238790117,0.08696408238790117
ID_EDUPDW,0.0353748741692515,0.0353748741692515,0.02415875761984694,0.02415875761984694,0.06765701042985778,0.06765701042985778
ID_IIPHYO,0.0461076859920971,0.0461076859920971,0.024224440164195657,0.024224440164195657,0.0557818479536059,0.0557818479536059
ID_XYU1T2,0.03839681191547689,0.03839681191547689,0.030998428742085016,0.030998428742085016,0.08776462393907006,0.08776462393907006
ID_YACX3K,0.03252364238179144,0.03252364238179144,0.027921090210128077,0.027921090210128077,0.053955226155980265,0.053955226155980265
ID_U004UL,0.03346368022724215,0.03346368022724215,0.023326970464762502,0.023326970464762502,0.05164118227470894,0.05164118227470894
ID_XXU6IK,0.03376000595002455,0.03376000595002455,0.03074917570587831,0.03074917570587831,0.06070282578582396,0.06070282578582396
ID_KA5MGI,0.034459828682158286,0.034459828682158286,0.03381369110835851,0.03381369110835851,0.06960577050077192,0.06960577050077192
ID_IX1VNT,0.37933914734553764,0.37933914734553764,0.3484074660032476,0.3484074660032476,0.5219015788913308,0.5219015788913308
ID_O55L76,0.034459828682158286,0.034459828682158286,0.03381369110835851,0.03381369110835851,0.06960577050077192,0.06960577050077192
ID_K9MJH1,0.031081609423192314,0.031081609423192314,0.019761762310105218,0.019761762310105218,0.05192831327436408,0.05192831327436408
ID_OH3I7S,0.033929431110598554,0.033929431110598554,0.03156053829730904,0.03156053829730904,0.06704610560327873,0.06704610560327873
ID_XJKE63,0.03839681191547689,0.03839681191547689,0.030998428742085016,0.030998428742085016,0.08776462393907006,0.08776462393907006
ID_A4LTP3,0.034514138673651884,0.034514138673651884,0.02109492885295749,0.02109492885295749,0.05254518669583588,0.05254518669583588
ID_LVSOMI,0.0353748741692515,0.0353748741692515,0.02415875761984694,0.02415875761984694,0.06765701042985778,0.06765701042985778
ID_EZJR6X,0.0368775196948302,0.0368775196948302,0.029669391634688506,0.029669391634688506,0.07543025592357011,0.07543025592357011
ID_NM6OXC,0.032295764082535657,0.032295764082535657,0.021537805279802154,0.021537805279802154,0.06395352462483565,0.06395352462483565
ID_G44S2G,0.028962068147628875,0.028962068147628875,0.018325946845120795,0.018325946845120795,0.050459799009473984,0.050459799009473984
ID_AG0A6S,0.38138999979214444,0.38138999979214444,0.2708582324738168,0.2708582324738168,0.33548550457363063,0.33548550457363063
ID_VMQVWY,0.03332363346056882,0.03332363346056882,0.028652931737296307,0.028652931737296307,0.06005927416646353,0.06005927416646353
ID_00893S,0.0353748741692515,0.0353748741692515,0.02415875761984694,0.02415875761984694,0.06765701042985778,0.06765701042985778
ID_SLD7P4,0.0353748741692515,0.0353748741692515,0.02415875761984694,0.02415875761984694,0.06765701042985778,0.06765701042985778
ID_0U1FIH,0.03376000595002455,0.03376000595002455,0.03074917570587831,0.03074917570587831,0.06070282578582396,0.06070282578582396
ID_4I4AGU,0.05722037134148225,0.05722037134148225,0.04484828097207208,0.04484828097207208,0.1059239354059612,0.1059239354059612
ID_MDUH2H,0.034459828682158286,0.034459828682158286,0.03381369110835851,0.03381369110835851,0.06960577050077192,0.06960577050077192
ID_0I4S28,0.02497635496583922,0.02497635496583922,0.01355742779688369,0.01355742779688369,0.013469523263773528,0.013469523263773528
ID_C9Z8BM,0.03608568501516724,0.03608568501516724,0.022268843991843257,0.022268843991843257,0.06573670727628766,0.06573670727628766
ID_9CS181,0.049561446898971996,0.049561446898971996,0.03051373233188666,0.03051373233188666,0.04037675313533854,0.04037675313533854
ID_NPWZU6,0.03231713999090743,0.03231713999090743,0.02582276971991797,0.02582276971991797,0.05987326358660802,0.05987326358660802
ID_BMM6XG,0.04473593873621688,0.04473593873621688,0.05056447399877559,0.05056447399877559,0.21707468719948025,0.21707468719948025
ID_QFE2RJ,0.0353748741692515,0.0353748741692515,0.02415875761984694,0.02415875761984694,0.06765701042985778,0.06765701042985778
ID_ZWRUMN,0.034459828682158286,0.034459828682158286,0.03381369110835851,0.03381369110835851,0.06960577050077192,0.06960577050077192
ID_N038XC,0.033929431110598554,0.033929431110598554,0.03156053829730904,0.03156053829730904,0.06704610560327873,0.06704610560327873
ID_3L5LS3,0.034459828682158286,0.034459828682158286,0.03381369110835851,0.03381369110835851,0.06960577050077192,0.06960577050077192
ID_Z173PH,0.034546460678396215,0.034546460678396215,0.027122603807118416,0.027122603807118416,0.05965363514596453,0.05965363514596453
ID_YF7UVA,0.033929431110598554,0.033929431110598554,0.03156053829730904,0.03156053829730904,0.06704610560327873,0.06704610560327873
ID_84GSJO,0.03795513963582086,0.03795513963582086,0.02812208382309649,0.02812208382309649,0.08524641218859197,0.08524641218859197
ID_89LK5U,0.036852734241342895,0.036852734241342895,0.027614492871706125,0.027614492871706125,0.07424702289547001,0.07424702289547001
ID_QN303I,0.034459828682158286,0.034459828682158286,0.03381369110835851,0.03381369110835851,0.06960577050077192,0.06960577050077192
ID_HWSMLL,0.03309440776283807,0.03309440776283807,0.022422154682975138,0.022422154682975138,0.06311755572444447,0.06311755572444447
ID_5A6ZTS,0.03611131423010311,0.03611131423010311,0.04363655493155283,0.04363655493155283,0.2155137956679622,0.2155137956679622
ID_9DN1JJ,0.35900469664919493,0.35900469664919493,0.25724129859760964,0.25724129859760964,0.2896051376524309,0.2896051376524309
ID_MEHAVR,0.034459828682158286,0.034459828682158286,0.03381369110835851,0.03381369110835851,0.06960577050077192,0.06960577050077192
ID_YYZUDP,0.05507040874459228,0.05507040874459228,0.04457982734043389,0.04457982734043389,0.089456448816408,0.089456448816408
ID_EGXW68,0.053680151765136935,0.053680151765136935,0.04207627589012792,0.04207627589012792,0.07888870114313952,0.07888870114313952
ID_14AZQV,0.35791764777944546,0.35791764777944546,0.27011508699031805,0.27011508699031805,0.29608120964019236,0.29608120964019236
ID_3HUETZ,0.03839681191547689,0.03839681191547689,0.030998428742085016,0.030998428742085016,0.08776462393907006,0.08776462393907006
ID_MB89IP,0.03839681191547689,0.03839681191547689,0.030998428742085016,0.030998428742085016,0.08776462393907006,0.08776462393907006
ID_9V3JSL,0.034459828682158286,0.034459828682158286,0.03381369110835851,0.03381369110835851,0.06960577050077192,0.06960577050077192
ID_U5RHRN,0.037227212202456436,0.037227212202456436,0.028333078425426796,0.028333078425426796,0.07524245317901392,0.07524245317901392
ID_4POIK6,0.03332363346056882,0.03332363346056882,0.028652931737296307,0.028652931737296307,0.06005927416646353,0.06005927416646353
ID_34CCQR,0.03128987254890147,0.03128987254890147,0.030412780824811927,0.030412780824811927,0.061824212623362816,0.061824212623362816
ID_8D2UXI,0.03332363346056882,0.03332363346056882,0.028652931737296307,0.028652931737296307,0.06005927416646353,0.06005927416646353
ID_HGV8W6,0.030777061877628156,0.030777061877628156,0.01805531117256181,0.01805531117256181,0.05057136935349544,0.05057136935349544
ID_TM22AO,0.033929431110598554,0.033929431110598554,0.03156053829730904,0.03156053829730904,0.06704610560327873,0.06704610560327873
ID_B33LO0,0.03736254328491705,0.03736254328491705,0.031787031424110476,0.031787031424110476,0.08890029282804862,0.08890029282804862
ID_NBXN98,0.0292849713197608,0.0292849713197608,0.02698215330113126,0.02698215330113126,0.048808956032574416,0.048808956032574416
ID_04A56B,0.3217838046548066,0.3217838046548066,0.24558999159716177,0.24558999159716177,0.2781995230664875,0.2781995230664875
ID_34N7CE,0.034459828682158286,0.034459828682158286,0.03381369110835851,0.03381369110835851,0.06960577050077192,0.06960577050077192
ID_970K1N,0.03839681191547689,0.03839681191547689,0.030998428742085016,0.030998428742085016,0.08776462393907006,0.08776462393907006
ID_XROC09,0.03376000595002455,0.03376000595002455,0.03074917570587831,0.03074917570587831,0.06070282578582396,0.06070282578582396
ID_RXQO8E,0.038494716391870284,0.038494716391870284,0.02418117324298678,0.02418117324298678,0.06783306984336708,0.06783306984336708
ID_9NQ4B6,0.03314068999099595,0.03314068999099595,0.020490405361544305,0.020490405361544305,0.054470785867845796,0.054470785867845796
ID_VU6X9A,0.03617042192539428,0.03617042192539428,0.03766167829638205,0.03766167829638205,0.06723915034732923,0.06723915034732923
ID_ALZ6BK,0.03368013194385549,0.03368013194385549,0.02475080068490404,0.02475080068490404,0.05460375304745521,0.05460375304745521
ID_PC7E7E,0.24663619555887523,0.24663619555887523,0.2041897371160246,0.2041897371160246,0.28703771400302647,0.28703771400302647
ID_I0BZX6,0.034459828682158286,0.034459828682158286,0.03381369110835851,0.03381369110835851,0.06960577050077192,0.06960577050077192
ID_6O0K2M,0.032630993401678986,0.032630993401678986,0.02176738159518249,0.02176738159518249,0.05063207626882041,0.05063207626882041
ID_KMW5EI,0.034459828682158286,0.034459828682158286,0.03381369110835851,0.03381369110835851,0.06960577050077192,0.06960577050077192
ID_WRY1CP,0.41153119101031427,0.41153119101031427,0.2928704396315574,0.2928704396315574,0.47243072384081913,0.47243072384081913
ID_W555RS,0.034459828682158286,0.034459828682158286,0.03381369110835851,0.03381369110835851,0.06960577050077192,0.06960577050077192
ID_YIM0GX,0.041225050958537124,0.041225050958537124,0.03377409819208929,0.03377409819208929,0.07051210211984377,0.07051210211984377
ID_22B3GC,0.0353748741692515,0.0353748741692515,0.02415875761984694,0.02415875761984694,0.06765701042985778,0.06765701042985778
ID_OQ6420,0.04711023316117261,0.04711023316117261,0.04792063004348127,0.04792063004348127,0.20631621835520306,0.20631621835520306
ID_EIJSRA,0.03725199765594373,0.03725199765594373,0.030455277903613742,0.030455277903613742,0.07642568620711401,0.07642568620711401
ID_Z5199X,0.42593464685358273,0.42593464685358273,0.3314295492866335,0.3314295492866335,0.38172445882628253,0.38172445882628253
ID_4RU15B,0.034459828682158286,0.034459828682158286,0.03381369110835851,0.03381369110835851,0.06960577050077192,0.06960577050077192
ID_UKXKPY,0.24663619555887523,0.24663619555887523,0.2041897371160246,0.2041897371160246,0.28703771400302647,0.28703771400302647
ID_2IMX6W,0.033360619437179925,0.033360619437179925,0.020240367275025265,0.020240367275025265,0.05439655540026103,0.05439655540026103
ID_9JAOHA,0.03376000595002455,0.03376000595002455,0.03074917570587831,0.03074917570587831,0.06070282578582396,0.06070282578582396
ID_EVUXO1,0.03368013194385549,0.03368013194385549,0.02475080068490404,0.02475080068490404,0.05460375304745521,0.05460375304745521
ID_9U47O4,0.030777061877628156,0.030777061877628156,0.01805531117256181,0.01805531117256181,0.05057136935349544,0.05057136935349544
ID_152UY7,0.03314068999099595,0.03314068999099595,0.020490405361544305,0.020490405361544305,0.054470785867845796,0.054470785867845796
ID_BS70GA,0.42301513457841433,0.42301513457841433,0.3291018295875288,0.3291018295875288,0.38829014324427136,0.38829014324427136
ID_VE9E3I,0.02497635496583922,0.02497635496583922,0.013466103595970448,0.013466103595970448,0.013326416998347905,0.013326416998347905
ID_T2WVBK,0.03617042192539428,0.03617042192539428,0.03766167829638205,0.03766167829638205,0.06723915034732923,0.06723915034732923
ID_7GF62F,0.03212951307902064,0.03212951307902064,0.02529333247455813,0.02529333247455813,0.02375809339987751,0.02375809339987751
ID_Y3TLDA,0.057497486082150204,0.057497486082150204,0.048562193527705314,0.048562193527705314,0.12152274105281474,0.12152274105281474
ID_W9XHZ2,0.05507040874459228,0.05507040874459228,0.04457982734043389,0.04457982734043389,0.089456448816408,0.089456448816408
ID_WM0LSK,0.05507040874459228,0.05507040874459228,0.04457982734043389,0.04457982734043389,0.08696408238790117,0.08696408238790117
ID_ZNFFDC,0.04155489764108036,0.04155489764108036,0.03488238272824234,0.03488238272824234,0.07160658981409819,0.07160658981409819
ID_DEI9SN,0.03166009388628691,0.03166009388628691,0.021901030978908068,0.021901030978908068,0.021557935216769256,0.021557935216769256
ID_9VQ06Y,0.04473593873621688,0.04473593873621688,0.05056447399877559,0.05056447399877559,0.21573209460688766,0.21573209460688766
ID_6AYBN2,0.03205546467243371,0.03205546467243371,0.02598252925214009,0.02598252925214009,0.05209552311008069,0.05209552311008069
ID_SN8PKK,0.04580985174239817,0.04580985174239817,0.043363773272001596,0.043363773272001596,0.06304385837682114,0.06304385837682114
ID_IDJRR2,0.057497486082150204,0.057497486082150204,0.048562193527705314,0.048562193527705314,0.12152274105281474,0.12152274105281474
ID_3MUZN6,0.38138999979214444,0.38138999979214444,0.2708582324738168,0.2708582324738168,0.33548550457363063,0.33548550457363063
ID_DL0WVZ,0.05632910337575053,0.05632910337575053,0.05302339987683944,0.05302339987683944,0.1665301877306151,0.1665301877306151
ID_XXXBX8,0.11387448700231545,0.11387448700231545,0.08336164101347274,0.08336164101347274,0.23023737230617847,0.23023737230617847
ID_OLEUCI,0.03332363346056882,0.03332363346056882,0.028652931737296307,0.028652931737296307,0.06005927416646353,0.06005927416646353
ID_1UWDL1,0.030777061877628156,0.030777061877628156,0.01805531117256181,0.01805531117256181,0.05057136935349544,0.05057136935349544
ID_YDX8IK,0.35369891636491446,0.35369891636491446,0.3268111898289721,0.3268111898289721,0.3510320708550678,0.3510320708550678
ID_KOCUZH,0.032630993401678986,0.032630993401678986,0.02176738159518249,0.02176738159518249,0.05063207626882041,0.05063207626882041
ID_6GPIIM,0.03373462993281759,0.03373462993281759,0.02545519196329144,0.02545519196329144,0.05565162610831146,0.05565162610831146
ID_BMBE4U,0.03314068999099595,0.03314068999099595,0.020490405361544305,0.020490405361544305,0.054470785867845796,0.054470785867845796
ID_CDSQZK,0.036852734241342895,0.036852734241342895,0.027614492871706125,0.027614492871706125,0.07424702289547001,0.07424702289547001
ID_XET1P5,0.03376000595002455,0.03376000595002455,0.03074917570587831,0.03074917570587831,0.06070282578582396,0.06070282578582396
ID_Q1BM4A,0.3486361726398896,0.3486361726398896,0.23824052992208675,0.23824052992208675,0.31376882847242504,0.31376882847242504
ID_WPT41W,0.030850852897617374,0.030850852897617374,0.017507708649304628,0.017507708649304628,0.05112201113510282,0.05112201113510282
ID_ETXKKL,0.03314068999099595,0.03314068999099595,0.020490405361544305,0.020490405361544305,0.054470785867845796,0.054470785867845796
ID_KWN3LW,0.034459828682158286,0.034459828682158286,0.03381369110835851,0.03381369110835851,0.06960577050077192,0.06960577050077192
ID_H5LBYY,0.053680151765136935,0.053680151765136935,0.04207627589012792,0.04207627589012792,0.07655113553586573,0.07655113553586573
ID_19BEFN,0.03795513963582086,0.03795513963582086,0.02812208382309649,0.02812208382309649,0.08524641218859197,0.08524641218859197
ID_FFJR5D,0.05645866268326115,0.05645866268326115,0.05114473032441415,0.05114473032441415,0.15443234044718085,0.15443234044718085
ID_QH1EXK,0.05522991704201703,0.05522991704201703,0.043900085474162784,0.043900085474162784,0.18257369236136972,0.18257369236136972
ID_4IJ44Q,0.034459828682158286,0.034459828682158286,0.03381369110835851,0.03381369110835851,0.06960577050077192,0.06960577050077192
ID_MFGCBS,0.03473292963730561,0.03473292963730561,0.028144892472625884,0.028144892472625884,0.0761910118069146,0.0761910118069146
ID_ZLH6YZ,0.0299753872444679,0.0299753872444679,0.02092620250624319,0.02092620250624319,0.06378590501554626,0.06378590501554626
ID_X91UOX,0.03376000595002455,0.03376000595002455,0.03074917570587831,0.03074917570587831,0.06070282578582396,0.06070282578582396
ID_TB4QUV,0.03608568501516724,0.03608568501516724,0.022268843991843257,0.022268843991843257,0.06573670727628766,0.06573670727628766
ID_3B2BGV,0.036852734241342895,0.036852734241342895,0.027614492871706125,0.027614492871706125,0.07424702289547001,0.07424702289547001
ID_39Z87X,0.034459828682158286,0.034459828682158286,0.03381369110835851,0.03381369110835851,0.06960577050077192,0.06960577050077192
ID_UYDE8D,0.0262345685759636,0.0262345685759636,0.014271456377127302,0.014271456377127302,0.01597849970929164,0.01597849970929164
ID_Y7D9MZ,0.02512539032764054,0.02512539032764054,0.013466103595970448,0.013466103595970448,0.013639448337489167,0.013639448337489167
ID_4SML2V,0.027574453783015488,0.027574453783015488,0.01449268691343973,0.01449268691343973,0.021093232892344722,0.021093232892344722
ID_7I8BU9,0.0268176363595314,0.0268176363595314,0.02006001516641974,0.02006001516641974,0.015898146868803087,0.015898146868803087
ID_EC6XNQ,0.03250274512966284,0.03250274512966284,0.059306879416005126,0.059306879416005126,0.11970529904512732,0.11970529904512732
ID_RR3CDL,0.03603706132952296,0.03603706132952296,0.019532382287162087,0.019532382287162087,0.05775552252878319,0.05775552252878319
ID_IGYW5G,0.02497635496583922,0.02497635496583922,0.013672034339177783,0.013672034339177783,0.015089354814085024,0.015089354814085024
ID_BSVW6P,0.02742430363286534,0.02742430363286534,0.014691640798953676,0.014691640798953676,0.018491262307812353,0.018491262307812353
ID_JI3FZX,0.025562916700910262,0.025562916700910262,0.013869755401692574,0.013869755401692574,0.013933164240925344,0.013933164240925344
ID_3CH8CL,0.03540919578236609,0.03540919578236609,0.018612485308969303,0.018612485308969303,0.05664183504757577,0.05664183504757577
ID_WUYKXR,0.02497635496583922,0.02497635496583922,0.013672034339177783,0.013672034339177783,0.015089354814085024,0.015089354814085024
ID_7WZVHY,0.03796812913975808,0.03796812913975808,0.02015799805468581,0.02015799805468581,0.05414401840584346,0.05414401840584346
ID_6H5F9H,0.02618627082323164,0.02618627082323164,0.014223532697610487,0.014223532697610487,0.015309147272856205,0.015309147272856205
ID_21QNKL,0.02512539032764054,0.02512539032764054,0.013624456723444716,0.013624456723444716,0.01436739625427444,0.01436739625427444
ID_M4DZO8,0.02512539032764054,0.02512539032764054,0.013466103595970448,0.013466103595970448,0.014321653124974614,0.014321653124974614
ID_IA6PQX,0.02497635496583922,0.02497635496583922,0.013672034339177783,0.013672034339177783,0.015089354814085024,0.015089354814085024
ID_GRK0QD,0.02512539032764054,0.02512539032764054,0.013466103595970448,0.013466103595970448,0.013509331150586014,0.013509331150586014
ID_VJH0U8,0.033649890388505875,0.033649890388505875,0.016993898586002507,0.016993898586002507,0.04441893709053827,0.04441893709053827
ID_JDWZ6W,0.025497822705180428,0.025497822705180428,0.013832043183618054,0.013832043183618054,0.013933164240925344,0.013933164240925344
ID_Z3ULTI,0.02497635496583922,0.02497635496583922,0.013806458609744072,0.013806458609744072,0.017390936984265346,0.017390936984265346
ID_FZBCVY,0.02621386464221619,0.02621386464221619,0.01667788612857816,0.01667788612857816,0.01668431159976027,0.01668431159976027
ID_DDEZZ4,0.02621386464221619,0.02621386464221619,0.013665076835453314,0.013665076835453314,0.01637577091975608,0.01637577091975608
ID_J1KBN7,0.025497822705180428,0.025497822705180428,0.013832043183618054,0.013832043183618054,0.013933164240925344,0.013933164240925344
ID_R4VI36,0.02497635496583922,0.02497635496583922,0.013672034339177783,0.013672034339177783,0.015089354814085024,0.015089354814085024
ID_ROBCVV,0.02512539032764054,0.02512539032764054,0.013466103595970448,0.013466103595970448,0.013639448337489167,0.013639448337489167
ID_4OFTW1,0.033732077508170845,0.033732077508170845,0.05353444769830605,0.05353444769830605,0.10412115726801413,0.10412115726801413
ID_UED8B7,0.02497635496583922,0.02497635496583922,0.013672034339177783,0.013672034339177783,0.015089354814085024,0.015089354814085024
ID_8UL5RI,0.03603706132952296,0.03603706132952296,0.019532382287162087,0.019532382287162087,0.05775552252878319,0.05775552252878319
ID_GG25SM,0.027574453783015488,0.027574453783015488,0.01449268691343973,0.01449268691343973,0.021093232892344722,0.021093232892344722
ID_KFOW4P,0.027231923566008287,0.027231923566008287,0.01379582285567099,0.01379582285567099,0.020491925243101238,0.020491925243101238
ID_4DZTOE,0.027574453783015488,0.027574453783015488,0.01449268691343973,0.01449268691343973,0.021093232892344722,0.021093232892344722
ID_URIDBD,0.33772164056747955,0.33772164056747955,0.2933585903530905,0.2933585903530905,0.3488082647000213,0.3488082647000213
ID_MU255K,0.2915567143993184,0.2915567143993184,0.27383281334383586,0.27383281334383586,0.34328622008641996,0.34328622008641996
ID_JHWMUP,0.348998587986481,0.348998587986481,0.3079047200873475,0.3079047200873475,0.46293496838242604,0.46293496838242604
ID_2SLFP0,0.02555794488707826,0.02555794488707826,0.02232566340375311,0.02232566340375311,0.015558549119267542,0.015558549119267542
ID_BG3G76,0.025918031417377557,0.025918031417377557,0.016185950104008837,0.016185950104008837,0.014050582100374217,0.014050582100374217
ID_S4TMZF,0.06504848674810493,0.06504848674810493,0.06549729428136451,0.06549729428136451,0.06982369353613967,0.06982369353613967
ID_QRZK05,0.02512539032764054,0.02512539032764054,0.01373554577377915,0.01373554577377915,0.013610885288893265,0.013610885288893265
ID_EDY9VV,0.02512539032764054,0.02512539032764054,0.013769942140412359,0.013769942140412359,0.013355575881800082,0.013355575881800082
ID_TK4FYQ,0.02512539032764054,0.02512539032764054,0.013443006232571726,0.013443006232571726,0.013597480427279943,0.013597480427279943
ID_BTKIK1,0.02555794488707826,0.02555794488707826,0.01519221453801741,0.01519221453801741,0.01392117249602268,0.01392117249602268
ID_36M18R,0.025143452725013282,0.025143452725013282,0.01660325050277275,0.01660325050277275,0.013892171903674515,0.013892171903674515
ID_GEWMZ2,0.02555794488707826,0.02555794488707826,0.01536193231071001,0.01536193231071001,0.013823566668666834,0.013823566668666834
ID_WZIGXM,0.02555794488707826,0.02555794488707826,0.01536193231071001,0.01536193231071001,0.01377749433510314,0.01377749433510314
ID_4ZN2VI,0.02512539032764054,0.02512539032764054,0.013443006232571726,0.013443006232571726,0.013597480427279943,0.013597480427279943
ID_I0TZH8,0.048010594877132495,0.048010594877132495,0.04104189686382478,0.04104189686382478,0.03236798232294518,0.03236798232294518
ID_SAL4IQ,0.06250037198279129,0.06250037198279129,0.01766139755597733,0.01766139755597733,0.06392891436164141,0.06392891436164141
ID_OL15N5,0.09581106255941796,0.09581106255941796,0.0321822795681313,0.0321822795681313,0.10695089415384224,0.10695089415384224
ID_VBHXGV,0.02555794488707826,0.02555794488707826,0.015167412950715822,0.015167412950715822,0.01377749433510314,0.01377749433510314
ID_8O2G7K,0.02512539032764054,0.02512539032764054,0.013680982281715659,0.013680982281715659,0.013701058901926234,0.013701058901926234
ID_R9168S,0.02555794488707826,0.02555794488707826,0.01519221453801741,0.01519221453801741,0.01392117249602268,0.01392117249602268
ID_D2BHF7,0.02512539032764054,0.02512539032764054,0.01344514225444459,0.01344514225444459,0.013309503548236387,0.013309503548236387
ID_W4YLRK,0.02555794488707826,0.02555794488707826,0.01519221453801741,0.01519221453801741,0.01392117249602268,0.01392117249602268
ID_H8R1M6,0.02555794488707826,0.02555794488707826,0.015428866038054986,0.015428866038054986,0.014107045934277406,0.014107045934277406
ID_P66879,0.02512539032764054,0.02512539032764054,0.013769942140412359,0.013769942140412359,0.013355575881800082,0.013355575881800082
ID_H6PN64,0.02497635496583922,0.02497635496583922,0.013409041663908515,0.013409041663908515,0.013308526468086309,0.013308526468086309
ID_CE1FVC,0.025918031417377557,0.025918031417377557,0.016185950104008837,0.016185950104008837,0.01399301157648245,0.01399301157648245
ID_N8L8HZ,0.061394966876970374,0.061394966876970374,0.016702317669783084,0.016702317669783084,0.04604833675767333,0.04604833675767333
ID_DZ9KDZ,0.025918031417377557,0.025918031417377557,0.016185950104008837,0.016185950104008837,0.014050582100374217,0.014050582100374217
ID_GWCAWH,0.025938735351124967,0.025938735351124967,0.018575289650974856,0.018575289650974856,0.030658021427089323,0.030658021427089323
ID_BRODNS,0.056763797184858786,0.056763797184858786,0.07767505810813466,0.07767505810813466,0.03849354982366866,0.03849354982366866
ID_2VZDEB,0.02555794488707826,0.02555794488707826,0.015455995187326882,0.015455995187326882,0.014488949931741624,0.014488949931741624
ID_51YUZ8,0.08247139140363587,0.08247139140363587,0.10319126918683381,0.10319126918683381,0.21365914746923442,0.21365914746923442
ID_YAINJL,0.025492850891348427,0.025492850891348427,0.023555316924496205,0.023555316924496205,0.014673558489928443,0.014673558489928443
ID_DNQWGC,0.056763797184858786,0.056763797184858786,0.07767505810813466,0.07767505810813466,0.03849354982366866,0.03849354982366866
ID_HPQ2YK,0.02555794488707826,0.02555794488707826,0.015455995187326882,0.015455995187326882,0.014488949931741624,0.014488949931741624
ID_OV2TNO,0.025918031417377557,0.025918031417377557,0.016185950104008837,0.016185950104008837,0.014050582100374217,0.014050582100374217
ID_NRG7OT,0.02555794488707826,0.02555794488707826,0.01536193231071001,0.01536193231071001,0.01377749433510314,0.01377749433510314
ID_1JQ73Y,0.02555794488707826,0.02555794488707826,0.01536193231071001,0.01536193231071001,0.01377749433510314,0.01377749433510314
ID_MQGR7P,0.02555794488707826,0.02555794488707826,0.015167412950715822,0.015167412950715822,0.01377749433510314,0.01377749433510314
ID_9M41ZB,0.06504848674810493,0.06504848674810493,0.06549729428136451,0.06549729428136451,0.06982369353613967,0.06982369353613967
ID_KPUZSL,0.02555794488707826,0.02555794488707826,0.01536193231071001,0.01536193231071001,0.01377749433510314,0.01377749433510314
ID_F5UXS1,0.02555794488707826,0.02555794488707826,0.01536193231071001,0.01536193231071001,0.01377749433510314,0.01377749433510314
ID_VK0JGD,0.05866264295603547,0.05866264295603547,0.016693933947874738,0.016693933947874738,0.04481322218871637,0.04481322218871637
ID_RVRZMX,0.02555794488707826,0.02555794488707826,0.015725377317257587,0.015725377317257587,0.014614660147475375,0.014614660147475375
ID_WQYMPM,0.0669168126247021,0.0669168126247021,0.07051496246257348,0.07051496246257348,0.04125598309123315,0.04125598309123315
ID_5KRD2P,0.02497635496583922,0.02497635496583922,0.013499705746508082,0.013499705746508082,0.013572215528645779,0.013572215528645779
ID_IC3T9Y,0.02512539032764054,0.02512539032764054,0.013592872640633696,0.013592872640633696,0.013409080429686653,0.013409080429686653
ID_8P36CE,0.02512539032764054,0.02512539032764054,0.013438045915111408,0.013438045915111408,0.013355575881800082,0.013355575881800082
ID_4SSZJI,0.02555794488707826,0.02555794488707826,0.015330034384075241,0.015330034384075241,0.014488949931741624,0.014488949931741624
ID_4IBH3D,0.02555794488707826,0.02555794488707826,0.015219514565317437,0.015219514565317437,0.014099748980829031,0.014099748980829031
ID_U2F392,0.025918031417377557,0.025918031417377557,0.016185950104008837,0.016185950104008837,0.014311492475441813,0.014311492475441813
ID_3ZWFOJ,0.02512539032764054,0.02512539032764054,0.013469943841746178,0.013469943841746178,0.013334293214982383,0.013334293214982383
ID_74WU7X,0.02497635496583922,0.02497635496583922,0.013417842227144563,0.013417842227144563,0.013282386304450366,0.013282386304450366
ID_8KE31A,0.025918031417377557,0.025918031417377557,0.016185950104008837,0.016185950104008837,0.01399301157648245,0.01399301157648245
ID_DP9A1C,0.025918031417377557,0.025918031417377557,0.016185950104008837,0.016185950104008837,0.01399301157648245,0.01399301157648245
ID_UV8N77,0.02512539032764054,0.02512539032764054,0.014104005163504891,0.014104005163504891,0.013409080429686653,0.013409080429686653
ID_82ZVWD,0.02512539032764054,0.02512539032764054,0.013769942140412359,0.013769942140412359,0.013355575881800082,0.013355575881800082
ID_YLZXGO,0.02555794488707826,0.02555794488707826,0.015330034384075241,0.015330034384075241,0.014488949931741624,0.014488949931741624
ID_8EYJ8O,0.02555794488707826,0.02555794488707826,0.01519221453801741,0.01519221453801741,0.01392117249602268,0.01392117249602268
ID_97CA4Y,0.08929320857614297,0.08929320857614297,0.13419059713414297,0.13419059713414297,0.1158260668475032,0.1158260668475032
ID_Z100EY,0.02512539032764054,0.02512539032764054,0.013769942140412359,0.013769942140412359,0.013355575881800082,0.013355575881800082
ID_PEM0MC,0.02512539032764054,0.02512539032764054,0.013592872640633696,0.013592872640633696,0.013355575881800082,0.013355575881800082
ID_IJCL0H,0.02512539032764054,0.02512539032764054,0.013592872640633696,0.013592872640633696,0.013409080429686653,0.013409080429686653
ID_7ED0FF,0.061394966876970374,0.061394966876970374,0.016702317669783084,0.016702317669783084,0.04604833675767333,0.04604833675767333
ID_SXNWJQ,0.025474788493975685,0.025474788493975685,0.013982098893368714,0.013982098893368714,0.013480919510146423,0.013480919510146423
ID_I891F5,0.02512539032764054,0.02512539032764054,0.013592872640633696,0.013592872640633696,0.013409080429686653,0.013409080429686653
ID_ZJ8ADL,0.02512539032764054,0.02512539032764054,0.013377143737273747,0.013377143737273747,0.013451760626694245,0.013451760626694245
ID_3W1C1M,0.02497635496583922,0.02497635496583922,0.013409041663908515,0.013409041663908515,0.013308526468086309,0.013308526468086309
ID_566Q18,0.06914537522951954,0.06914537522951954,0.06644883762330285,0.06644883762330285,0.04364141853102796,0.04364141853102796
ID_FPANRJ,0.025938735351124967,0.025938735351124967,0.020217029038458557,0.020217029038458557,0.0308476979538589,0.0308476979538589
ID_04Q0YM,0.02555794488707826,0.02555794488707826,0.015330034384075241,0.015330034384075241,0.014488949931741624,0.014488949931741624
ID_5KRNZJ,0.025918031417377557,0.025918031417377557,0.016185950104008837,0.016185950104008837,0.014050582100374217,0.014050582100374217
ID_HIWMGH,0.02555794488707826,0.02555794488707826,0.015455995187326882,0.015455995187326882,0.014488949931741624,0.014488949931741624
ID_KIINWT,0.025918031417377557,0.025918031417377557,0.016185950104008837,0.016185950104008837,0.014050582100374217,0.014050582100374217
ID_APINN8,0.06914537522951954,0.06914537522951954,0.06644883762330285,0.06644883762330285,0.04364141853102796,0.04364141853102796
ID_JXGHCQ,0.025918031417377557,0.025918031417377557,0.016185950104008837,0.016185950104008837,0.014050582100374217,0.014050582100374217
ID_GXIV13,0.02555794488707826,0.02555794488707826,0.01519221453801741,0.01519221453801741,0.01392117249602268,0.01392117249602268
ID_VBCV33,0.06250037198279129,0.06250037198279129,0.01766139755597733,0.01766139755597733,0.06392891436164141,0.06392891436164141
ID_6G615X,0.02497635496583922,0.02497635496583922,0.01344264381444615,0.01344264381444615,0.013326416998347905,0.013326416998347905
ID_GNQBPW,0.06914537522951954,0.06914537522951954,0.06644883762330285,0.06644883762330285,0.04364141853102796,0.04364141853102796
ID_Z1JH8O,0.02497635496583922,0.02497635496583922,0.013764981822952042,0.013764981822952042,0.013380365548546078,0.013380365548546078
ID_MFYS5T,0.06464809201123238,0.06464809201123238,0.07745613272035863,0.07745613272035863,0.05806313178888838,0.05806313178888838
ID_TTS39J,0.02555794488707826,0.02555794488707826,0.01519221453801741,0.01519221453801741,0.01392117249602268,0.01392117249602268
ID_JENU4O,0.02512539032764054,0.02512539032764054,0.013443006232571726,0.013443006232571726,0.013597480427279943,0.013597480427279943
ID_90XFU4,0.025918031417377557,0.025918031417377557,0.015406982639806145,0.015406982639806145,0.014368486039854002,0.014368486039854002
ID_PHUQGW,0.02512539032764054,0.02512539032764054,0.013757130824683423,0.013757130824683423,0.013348173308483873,0.013348173308483873
ID_9J6CK5,0.025918031417377557,0.025918031417377557,0.016185950104008837,0.016185950104008837,0.01399301157648245,0.01399301157648245
ID_9J9ZHB,0.025918031417377557,0.025918031417377557,0.016185950104008837,0.016185950104008837,0.014050582100374217,0.014050582100374217
ID_WFSRDW,0.02512539032764054,0.02512539032764054,0.013769942140412359,0.013769942140412359,0.013355575881800082,0.013355575881800082
ID_9RA6UC,0.02512539032764054,0.02512539032764054,0.013769942140412359,0.013769942140412359,0.013355575881800082,0.013355575881800082
ID_8K9BSB,0.02555794488707826,0.02555794488707826,0.015330034384075241,0.015330034384075241,0.014488949931741624,0.014488949931741624
ID_X9K3UC,0.02555794488707826,0.02555794488707826,0.015330034384075241,0.015330034384075241,0.014488949931741624,0.014488949931741624
ID_F96FDB,0.02555794488707826,0.02555794488707826,0.01519221453801741,0.01519221453801741,0.01392117249602268,0.01392117249602268
ID_YN5JF8,0.02512539032764054,0.02512539032764054,0.013769942140412359,0.013769942140412359,0.013355575881800082,0.013355575881800082
ID_IY6NOF,0.06737925704321884,0.06737925704321884,0.023049673652388546,0.023049673652388546,0.128355181889098,0.128355181889098
ID_FI6W81,0.09261218215799316,0.09261218215799316,0.13416346377367627,0.13416346377367627,0.1146533503179739,0.1146533503179739
ID_04CC0L,0.02512539032764054,0.02512539032764054,0.01393444999919755,0.01393444999919755,0.013355575881800082,0.013355575881800082
ID_1KWZ54,0.02512539032764054,0.02512539032764054,0.013469943841746178,0.013469943841746178,0.013334293214982383,0.013334293214982383
ID_P0EUPF,0.02555794488707826,0.02555794488707826,0.01536193231071001,0.01536193231071001,0.01377749433510314,0.01377749433510314
ID_XWLG1U,0.02555794488707826,0.02555794488707826,0.01519221453801741,0.01519221453801741,0.01392117249602268,0.01392117249602268
ID_4LEWIR,0.02555794488707826,0.02555794488707826,0.015428866038054986,0.015428866038054986,0.014107045934277406,0.014107045934277406
ID_J85QL1,0.025572985638668097,0.025572985638668097,0.022179629088517987,0.022179629088517987,0.01677052213888304,0.01677052213888304
ID_12ZAW0,0.02555794488707826,0.02555794488707826,0.015330034384075241,0.015330034384075241,0.014488949931741624,0.014488949931741624
ID_TXY2FU,0.025474788493975685,0.025474788493975685,0.014335143172914178,0.014335143172914178,0.016265615893590452,0.016265615893590452
ID_HS5K78,0.02555794488707826,0.02555794488707826,0.015330034384075241,0.015330034384075241,0.014488949931741624,0.014488949931741624
ID_0EPYYW,0.02555794488707826,0.02555794488707826,0.01536193231071001,0.01536193231071001,0.01377749433510314,0.01377749433510314
ID_MTJFU7,0.02555794488707826,0.02555794488707826,0.01536193231071001,0.01536193231071001,0.013823566668666834,0.013823566668666834
ID_0WRPJW,0.02555794488707826,0.02555794488707826,0.01519221453801741,0.01519221453801741,0.01392117249602268,0.01392117249602268
ID_KOAZT1,0.02555794488707826,0.02555794488707826,0.015019855680963602,0.015019855680963602,0.01377749433510314,0.01377749433510314
ID_7ZEBRI,0.02497635496583922,0.02497635496583922,0.013443006232571726,0.013443006232571726,0.013480919510146423,0.013480919510146423
ID_41Z3A9,0.02555794488707826,0.02555794488707826,0.01536193231071001,0.01536193231071001,0.013823566668666834,0.013823566668666834
ID_J8JXVY,0.02512539032764054,0.02512539032764054,0.013769942140412359,0.013769942140412359,0.013355575881800082,0.013355575881800082
ID_QKDUFH,0.02555794488707826,0.02555794488707826,0.01536193231071001,0.01536193231071001,0.01377749433510314,0.01377749433510314
ID_AR98VZ,0.02512539032764054,0.02512539032764054,0.013592872640633696,0.013592872640633696,0.013409080429686653,0.013409080429686653
ID_VK9ROW,0.025918031417377557,0.025918031417377557,0.016185950104008837,0.016185950104008837,0.014050582100374217,0.014050582100374217
ID_13419M,0.02555794488707826,0.02555794488707826,0.01536193231071001,0.01536193231071001,0.013823566668666834,0.013823566668666834
ID_RWPCZ6,0.02555794488707826,0.02555794488707826,0.01536193231071001,0.01536193231071001,0.01377749433510314,0.01377749433510314
ID_YP006O,0.06914537522951954,0.06914537522951954,0.06644883762330285,0.06644883762330285,0.04364141853102796,0.04364141853102796
ID_X3Q9JX,0.02512539032764054,0.02512539032764054,0.013592872640633696,0.013592872640633696,0.013409080429686653,0.013409080429686653
ID_4DS9FD,0.02512539032764054,0.02512539032764054,0.013443006232571726,0.013443006232571726,0.013597480427279943,0.013597480427279943
ID_Y9ZFHB,0.025918031417377557,0.025918031417377557,0.017243594853500008,0.017243594853500008,0.017696345617950467,0.017696345617950467
ID_BDJQVU,0.025918031417377557,0.025918031417377557,0.016185950104008837,0.016185950104008837,0.014050582100374217,0.014050582100374217
ID_YOJDUN,0.02512539032764054,0.02512539032764054,0.013443006232571726,0.013443006232571726,0.013597480427279943,0.013597480427279943
ID_0S1SU1,0.06914537522951954,0.06914537522951954,0.06644883762330285,0.06644883762330285,0.04364141853102796,0.04364141853102796
ID_WVY88C,0.02497635496583922,0.02497635496583922,0.013443006232571726,0.013443006232571726,0.013480919510146423,0.013480919510146423
ID_4CWI21,0.02512539032764054,0.02512539032764054,0.013769942140412359,0.013769942140412359,0.013355575881800082,0.013355575881800082
ID_04SS9G,0.02555794488707826,0.02555794488707826,0.01519221453801741,0.01519221453801741,0.01392117249602268,0.01392117249602268
ID_A9QQPQ,0.02497635496583922,0.02497635496583922,0.013417842227144563,0.013417842227144563,0.013282386304450366,0.013282386304450366
ID_DZ75HC,0.02512539032764054,0.02512539032764054,0.013592872640633696,0.013592872640633696,0.013409080429686653,0.013409080429686653
ID_4M4JIH,0.02512539032764054,0.02512539032764054,0.013592872640633696,0.013592872640633696,0.013409080429686653,0.013409080429686653
ID_U0HW2H,0.02512539032764054,0.02512539032764054,0.013769942140412359,0.013769942140412359,0.013355575881800082,0.013355575881800082
ID_P3DEYM,0.02512539032764054,0.02512539032764054,0.013769942140412359,0.013769942140412359,0.013355575881800082,0.013355575881800082
ID_L3102W,0.02555794488707826,0.02555794488707826,0.01519221453801741,0.01519221453801741,0.01392117249602268,0.01392117249602268
ID_HPOX0U,0.02555794488707826,0.02555794488707826,0.01519221453801741,0.01519221453801741,0.014870412191813826,0.014870412191813826
ID_0KT3LA,0.02555794488707826,0.02555794488707826,0.01616601611616447,0.01616601611616447,0.014887425984603499,0.014887425984603499
ID_69NSKI,0.02497635496583922,0.02497635496583922,0.013443006232571726,0.013443006232571726,0.013480919510146423,0.013480919510146423
ID_0SDUWB,0.09403187207851235,0.09403187207851235,0.06931973896154056,0.06931973896154056,0.0697787838836841,0.0697787838836841
ID_0YHV2D,0.06504848674810493,0.06504848674810493,0.06549729428136451,0.06549729428136451,0.0765945902962504,0.0765945902962504
ID_75H233,0.02555794488707826,0.02555794488707826,0.015482476484910463,0.015482476484910463,0.014488949931741624,0.014488949931741624
ID_FKHQWT,0.02555794488707826,0.02555794488707826,0.01536193231071001,0.01536193231071001,0.013823566668666834,0.013823566668666834
ID_U2WUA3,0.06914537522951954,0.06914537522951954,0.06644883762330285,0.06644883762330285,0.04364141853102796,0.04364141853102796
ID_J2UQDN,0.025918031417377557,0.025918031417377557,0.016185950104008837,0.016185950104008837,0.014050582100374217,0.014050582100374217
ID_POVU4C,0.02555794488707826,0.02555794488707826,0.01536193231071001,0.01536193231071001,0.01377749433510314,0.01377749433510314
ID_UZPUB2,0.06504848674810493,0.06504848674810493,0.06549729428136451,0.06549729428136451,0.06982369353613967,0.06982369353613967
ID_J2U4P6,0.02555794488707826,0.02555794488707826,0.01536193231071001,0.01536193231071001,0.01377749433510314,0.01377749433510314
ID_SJLSGJ,0.02512539032764054,0.02512539032764054,0.013592872640633696,0.013592872640633696,0.013409080429686653,0.013409080429686653
ID_DGJX4J,0.02555794488707826,0.02555794488707826,0.015482476484910463,0.015482476484910463,0.014488949931741624,0.014488949931741624
ID_YO2KWH,0.02555794488707826,0.02555794488707826,0.01536193231071001,0.01536193231071001,0.01377749433510314,0.01377749433510314
ID_T02E3F,0.06914537522951954,0.06914537522951954,0.06644883762330285,0.06644883762330285,0.04364141853102796,0.04364141853102796
ID_MYCWCX,0.02555794488707826,0.02555794488707826,0.01536193231071001,0.01536193231071001,0.01377749433510314,0.01377749433510314
ID_NH9AFH,0.02555794488707826,0.02555794488707826,0.015330034384075241,0.015330034384075241,0.014488949931741624,0.014488949931741624
ID_77YG7T,0.02512539032764054,0.02512539032764054,0.013769942140412359,0.013769942140412359,0.013355575881800082,0.013355575881800082
ID_9Y444Y,0.02555794488707826,0.02555794488707826,0.015167412950715822,0.015167412950715822,0.01377749433510314,0.01377749433510314
ID_5L1LZ3,0.02555794488707826,0.02555794488707826,0.01536193231071001,0.01536193231071001,0.01377749433510314,0.01377749433510314
ID_7DDTU6,0.02512539032764054,0.02512539032764054,0.014603099824523515,0.014603099824523515,0.013563690549863184,0.013563690549863184
ID_PJ1GFX,0.02512539032764054,0.02512539032764054,0.013592872640633696,0.013592872640633696,0.013409080429686653,0.013409080429686653
ID_TD09UQ,0.02555794488707826,0.02555794488707826,0.015330034384075241,0.015330034384075241,0.014488949931741624,0.014488949931741624
ID_PPJ0Q7,0.02555794488707826,0.02555794488707826,0.01536193231071001,0.01536193231071001,0.013823566668666834,0.013823566668666834
ID_9T5MZ6,0.10998431499371797,0.10998431499371797,0.0323853440935263,0.0323853440935263,0.10513223152530686,0.10513223152530686
ID_MMW7H1,0.02512539032764054,0.02512539032764054,0.013769942140412359,0.013769942140412359,0.013355575881800082,0.013355575881800082
ID_1W5HMF,0.025918031417377557,0.025918031417377557,0.016185950104008837,0.016185950104008837,0.01399301157648245,0.01399301157648245
ID_EKUPY5,0.02512539032764054,0.02512539032764054,0.013757130824683423,0.013757130824683423,0.013348173308483873,0.013348173308483873
ID_MR0B44,0.02555794488707826,0.02555794488707826,0.01536193231071001,0.01536193231071001,0.01377749433510314,0.01377749433510314
ID_ZV8PXJ,0.02555794488707826,0.02555794488707826,0.01536193231071001,0.01536193231071001,0.01377749433510314,0.01377749433510314
ID_97JMW3,0.02555794488707826,0.02555794488707826,0.015455995187326882,0.015455995187326882,0.014488949931741624,0.014488949931741624
ID_X0BMWM,0.02512539032764054,0.02512539032764054,0.013443006232571726,0.013443006232571726,0.013597480427279943,0.013597480427279943
ID_UXSMV0,0.025918031417377557,0.025918031417377557,0.016185950104008837,0.016185950104008837,0.014050582100374217,0.014050582100374217
ID_9C6FDZ,0.02512539032764054,0.02512539032764054,0.013469943841746178,0.013469943841746178,0.013334293214982383,0.013334293214982383
ID_KXDGFP,0.025492850891348427,0.025492850891348427,0.018322661947124938,0.018322661947124938,0.014336643117164602,0.014336643117164602
ID_EEFOWD,0.02555794488707826,0.02555794488707826,0.015219514565317437,0.015219514565317437,0.014099748980829031,0.014099748980829031
ID_BEDWST,0.025918031417377557,0.025918031417377557,0.01615865007670881,0.01615865007670881,0.014086118703075,0.014086118703075
ID_OENI65,0.025918031417377557,0.025918031417377557,0.016185950104008837,0.016185950104008837,0.014050582100374217,0.014050582100374217
ID_S86C7K,0.02555794488707826,0.02555794488707826,0.01536193231071001,0.01536193231071001,0.01377749433510314,0.01377749433510314
ID_QONYCM,0.0251736880803725,0.0251736880803725,0.014388709458351873,0.014388709458351873,0.015589950671207968,0.015589950671207968
ID_FWMKII,0.025918031417377557,0.025918031417377557,0.016185950104008837,0.016185950104008837,0.01399301157648245,0.01399301157648245
ID_HP61FB,0.02512539032764054,0.02512539032764054,0.013769942140412359,0.013769942140412359,0.013355575881800082,0.013355575881800082
ID_JR3K1A,0.17643316594973826,0.17643316594973826,0.27396886765329087,0.27396886765329087,0.23936747198206842,0.23936747198206842
ID_RWCBV3,0.02497635496583922,0.02497635496583922,0.013677420918647753,0.013677420918647753,0.013688526723670387,0.013688526723670387
ID_L6LRCQ,0.26409644974560587,0.26409644974560587,0.25475644770330264,0.25475644770330264,0.24500719711280736,0.24500719711280736
ID_QL2YV1,0.02497635496583922,0.02497635496583922,0.013677420918647753,0.013677420918647753,0.013688526723670387,0.013688526723670387
ID_CMW05K,0.02512539032764054,0.02512539032764054,0.013582245684751545,0.013582245684751545,0.013709852172048561,0.013709852172048561
ID_5COZTI,0.02512539032764054,0.02512539032764054,0.013594897280970557,0.013594897280970557,0.013677426750518081,0.013677426750518081
ID_J74M23,0.13656077059340974,0.13656077059340974,0.24969003468979833,0.24969003468979833,0.17823839930511903,0.17823839930511903
ID_VG59CF,0.14685525215973694,0.14685525215973694,0.07833188110372633,0.07833188110372633,0.1219799995997746,0.1219799995997746
ID_7C3ZMG,0.17643316594973826,0.17643316594973826,0.27401255165294824,0.27401255165294824,0.2392624978400813,0.2392624978400813
ID_JH0R8P,0.17643316594973826,0.17643316594973826,0.27396886765329087,0.27396886765329087,0.23936747198206842,0.23936747198206842
ID_LUPPTN,0.25760327569882197,0.25760327569882197,0.2722244409042409,0.2722244409042409,0.17943140293327783,0.17943140293327783
ID_167YYH,0.16900568896842436,0.16900568896842436,0.2687406408198524,0.2687406408198524,0.23560817802132816,0.23560817802132816
ID_5CM4SB,0.02512539032764054,0.02512539032764054,0.013501730386844943,0.013501730386844943,0.013616745045456012,0.013616745045456012
ID_2M59FO,0.13764069736015652,0.13764069736015652,0.07353821958476198,0.07353821958476198,0.11487767572659983,0.11487767572659983
ID_G6554I,0.2818457546425376,0.2818457546425376,0.3223761939959092,0.3223761939959092,0.30672857045980034,0.30672857045980034
ID_VFGUB6,0.13656077059340974,0.13656077059340974,0.2484469077474125,0.2484469077474125,0.17823839930511903,0.17823839930511903
ID_EWOVVA,0.2062891873612015,0.2062891873612015,0.14743804579736797,0.14743804579736797,0.1409754909813432,0.1409754909813432
ID_6O5T2L,0.17643316594973826,0.17643316594973826,0.27401255165294824,0.27401255165294824,0.2392624978400813,0.2392624978400813
ID_LUDHWT,0.17643316594973826,0.17643316594973826,0.27401255165294824,0.27401255165294824,0.2392624978400813,0.2392624978400813
ID_B478DU,0.02512539032764054,0.02512539032764054,0.013501730386844943,0.013501730386844943,0.013616745045456012,0.013616745045456012
ID_QS0A8J,0.17643316594973826,0.17643316594973826,0.27401255165294824,0.27401255165294824,0.2392624978400813,0.2392624978400813
ID_7S6FXQ,0.2965129348859064,0.2965129348859064,0.28792330975805464,0.28792330975805464,0.24742052964339914,0.24742052964339914
ID_DQ7RIZ,0.2857305515446786,0.2857305515446786,0.27306214942981805,0.27306214942981805,0.23510031681178448,0.23510031681178448
ID_O5J9TX,0.02512539032764054,0.02512539032764054,0.013476928799543356,0.013476928799543356,0.013584319623925532,0.013584319623925532
ID_77AITY,0.02512539032764054,0.02512539032764054,0.013476928799543356,0.013476928799543356,0.013584319623925532,0.013584319623925532
ID_H5F13S,0.28646297190594094,0.28646297190594094,0.3548532428469282,0.3548532428469282,0.3327792383180365,0.3327792383180365
ID_24PYQA,0.17643316594973826,0.17643316594973826,0.27396886765329087,0.27396886765329087,0.23936747198206842,0.23936747198206842
ID_SZCPIU,0.02512539032764054,0.02512539032764054,0.013476928799543356,0.013476928799543356,0.013584319623925532,0.013584319623925532
ID_S4H317,0.24414956304499133,0.24414956304499133,0.22487588197617153,0.22487588197617153,0.18789881494340036,0.18789881494340036
ID_TOELN0,0.16900568896842436,0.16900568896842436,0.2687406408198524,0.2687406408198524,0.23560817802132816,0.23560817802132816
ID_IYY83U,0.02512539032764054,0.02512539032764054,0.013476928799543356,0.013476928799543356,0.013584319623925532,0.013584319623925532
ID_5Q8NWL,0.23500216044537126,0.23500216044537126,0.2861238256284325,0.2861238256284325,0.3081473288823306,0.3081473288823306
ID_XYRK3M,0.14685525215973694,0.14685525215973694,0.07833188110372633,0.07833188110372633,0.1219799995997746,0.1219799995997746
ID_JAVEA5,0.17643316594973826,0.17643316594973826,0.27401255165294824,0.27401255165294824,0.2392624978400813,0.2392624978400813
ID_V4EGZ0,0.25760327569882197,0.25760327569882197,0.2722244409042409,0.2722244409042409,0.17943140293327783,0.17943140293327783
ID_WE46Z9,0.17643316594973826,0.17643316594973826,0.27401255165294824,0.27401255165294824,0.2392624978400813,0.2392624978400813
ID_B7O2ZN,0.02512539032764054,0.02512539032764054,0.013476928799543356,0.013476928799543356,0.013584319623925532,0.013584319623925532
ID_4HQTGA,0.17643316594973826,0.17643316594973826,0.27396886765329087,0.27396886765329087,0.23936747198206842,0.23936747198206842
ID_JUWVD9,0.28254521500287955,0.28254521500287955,0.30973309807957805,0.30973309807957805,0.2799291869136144,0.2799291869136144
ID_LI9Y1T,0.2062891873612015,0.2062891873612015,0.14743804579736797,0.14743804579736797,0.1409754909813432,0.1409754909813432
ID_9TYH5Y,0.028652231477483598,0.028652231477483598,0.024957671519186063,0.024957671519186063,0.025236123587639755,0.025236123587639755
ID_N7QCYG,0.02497635496583922,0.02497635496583922,0.013866454347779448,0.013866454347779448,0.017650100658734593,0.017650100658734593
ID_9PQIUL,0.03023198615542553,0.03023198615542553,0.04527231175594955,0.04527231175594955,0.02606609960040881,0.02606609960040881
ID_YUJ38B,0.10021753417848686,0.10021753417848686,0.08577519598377796,0.08577519598377796,0.18422043852604275,0.18422043852604275
ID_5VLR2G,0.028652231477483598,0.028652231477483598,0.024957671519186063,0.024957671519186063,0.025236123587639755,0.025236123587639755
ID_WR6L6P,0.028652231477483598,0.028652231477483598,0.024957671519186063,0.024957671519186063,0.025236123587639755,0.025236123587639755
ID_C4ISDT,0.04204069340941764,0.04204069340941764,0.04860556328904206,0.04860556328904206,0.051751965817566456,0.051751965817566456
ID_A3JPS0,0.028652231477483598,0.028652231477483598,0.024957671519186063,0.024957671519186063,0.025236123587639755,0.025236123587639755
ID_265JD2,0.030151551825929872,0.030151551825929872,0.05315562129157421,0.05315562129157421,0.032810958729317975,0.032810958729317975
ID_PAQVAY,0.0289750044119739,0.0289750044119739,0.025652190476148404,0.025652190476148404,0.026547310040500934,0.026547310040500934
ID_9BMVWJ,0.03570972315921739,0.03570972315921739,0.0432753804611852,0.0432753804611852,0.03589693067010358,0.03589693067010358
ID_NJ6LSY,0.02497635496583922,0.02497635496583922,0.013708101220305179,0.013708101220305179,0.030837244116690317,0.030837244116690317
ID_G9RESG,0.02497635496583922,0.02497635496583922,0.014349263101051226,0.014349263101051226,0.01883265505629058,0.01883265505629058
ID_07SK9V,0.034013663916129935,0.034013663916129935,0.04255155983379649,0.04255155983379649,0.0329262235302996,0.0329262235302996
ID_T4U0PU,0.028652231477483598,0.028652231477483598,0.024957671519186063,0.024957671519186063,0.025236123587639755,0.025236123587639755
ID_E0JXXI,0.10571724871573349,0.10571724871573349,0.10170850944150889,0.10170850944150889,0.19925695658353804,0.19925695658353804
ID_WMGN2O,0.028652231477483598,0.028652231477483598,0.024957671519186063,0.024957671519186063,0.025236123587639755,0.025236123587639755
ID_3TDLCS,0.03534744242660649,0.03534744242660649,0.04287225899827088,0.04287225899827088,0.03173256948497367,0.03173256948497367
ID_JLWJBX,0.10499169968620455,0.10499169968620455,0.10060975277595785,0.10060975277595785,0.196610025583593,0.196610025583593
ID_WGTUF3,0.0289750044119739,0.0289750044119739,0.025652190476148404,0.025652190476148404,0.026547310040500934,0.026547310040500934
ID_4VPY9Q,0.03646251159401495,0.03646251159401495,0.040593451803225246,0.040593451803225246,0.03227235162449009,0.03227235162449009
ID_CVIVFP,0.04288647604880066,0.04288647604880066,0.04796660867711444,0.04796660867711444,0.042075526225269416,0.042075526225269416
ID_P5FGPW,0.03534744242660649,0.03534744242660649,0.04287225899827088,0.04287225899827088,0.03173256948497367,0.03173256948497367
ID_OQ1KFW,0.029178540471272767,0.029178540471272767,0.02488584680223092,0.02488584680223092,0.022018550527015346,0.022018550527015346
ID_48633C,0.03534744242660649,0.03534744242660649,0.04287225899827088,0.04287225899827088,0.03173256948497367,0.03173256948497367
ID_2KMHBK,0.029178540471272767,0.029178540471272767,0.02488584680223092,0.02488584680223092,0.022018550527015346,0.022018550527015346
ID_QDKS15,0.02497635496583922,0.02497635496583922,0.013866454347779448,0.013866454347779448,0.017650100658734593,0.017650100658734593
ID_BCUUEB,0.02497635496583922,0.02497635496583922,0.013836692443017542,0.013836692443017542,0.028057853284004182,0.028057853284004182
ID_WRXH21,0.10249040828697167,0.10249040828697167,0.08973484043324784,0.08973484043324784,0.1897631047806632,0.1897631047806632
ID_PM8ZP3,0.031984888394404956,0.031984888394404956,0.0554694902857312,0.0554694902857312,0.03474719398140723,0.03474719398140723
ID_IIT0BK,0.02497635496583922,0.02497635496583922,0.013977707182246567,0.013977707182246567,0.02938347950196129,0.02938347950196129
ID_IYB7UH,0.04288647604880066,0.04288647604880066,0.04796660867711444,0.04796660867711444,0.042075526225269416,0.042075526225269416
ID_ZKHQZV,0.02497635496583922,0.02497635496583922,0.013708101220305179,0.013708101220305179,0.030837244116690317,0.030837244116690317
ID_U76OOW,0.03534744242660649,0.03534744242660649,0.04287225899827088,0.04287225899827088,0.03173256948497367,0.03173256948497367
ID_JPUGLB,0.0289750044119739,0.0289750044119739,0.025652190476148404,0.025652190476148404,0.026547310040500934,0.026547310040500934
ID_4JFJ04,0.10021753417848686,0.10021753417848686,0.08577519598377796,0.08577519598377796,0.18422043852604275,0.18422043852604275
ID_93FI84,0.029178540471272767,0.029178540471272767,0.02488584680223092,0.02488584680223092,0.022018550527015346,0.022018550527015346
ID_GB5XCD,0.10021753417848686,0.10021753417848686,0.08577519598377796,0.08577519598377796,0.18422043852604275,0.18422043852604275
ID_XAXYZK,0.10249040828697167,0.10249040828697167,0.08973484043324784,0.08973484043324784,0.1897631047806632,0.1897631047806632
ID_FPN3DK,0.02497635496583922,0.02497635496583922,0.013836692443017542,0.013836692443017542,0.028057853284004182,0.028057853284004182
ID_H4MCRV,0.030151551825929872,0.030151551825929872,0.05315562129157421,0.05315562129157421,0.032810958729317975,0.032810958729317975
ID_I94FEK,0.02497635496583922,0.02497635496583922,0.013866454347779448,0.013866454347779448,0.017650100658734593,0.017650100658734593
ID_UA86Y8,0.03570972315921739,0.03570972315921739,0.0432753804611852,0.0432753804611852,0.03589693067010358,0.03589693067010358
ID_QMO2S4,0.04288647604880066,0.04288647604880066,0.04796660867711444,0.04796660867711444,0.042075526225269416,0.042075526225269416
ID_ICLT74,0.04288647604880066,0.04288647604880066,0.04796660867711444,0.04796660867711444,0.042075526225269416,0.042075526225269416
ID_JRGWMB,0.029178540471272767,0.029178540471272767,0.024358446183118623,0.024358446183118623,0.02072342454721035,0.02072342454721035
ID_C1LESE,0.02497635496583922,0.02497635496583922,0.013836692443017542,0.013836692443017542,0.028057853284004182,0.028057853284004182
ID_LZLMVM,0.02497635496583922,0.02497635496583922,0.013836692443017542,0.013836692443017542,0.028057853284004182,0.028057853284004182
ID_EISUUM,0.029178540471272767,0.029178540471272767,0.02488584680223092,0.02488584680223092,0.022018550527015346,0.022018550527015346
ID_0EMHPX,0.035111070604802876,0.035111070604802876,0.04222962119956262,0.04222962119956262,0.040931049090037405,0.040931049090037405
ID_JAF898,0.03534744242660649,0.03534744242660649,0.04287225899827088,0.04287225899827088,0.03173256948497367,0.03173256948497367
ID_W8YZKT,0.028652231477483598,0.028652231477483598,0.024957671519186063,0.024957671519186063,0.025236123587639755,0.025236123587639755
ID_COJM55,0.02497635496583922,0.02497635496583922,0.013866454347779448,0.013866454347779448,0.017650100658734593,0.017650100658734593
ID_YDNMXU,0.0289750044119739,0.0289750044119739,0.025652190476148404,0.025652190476148404,0.026547310040500934,0.026547310040500934
ID_ZTWXQZ,0.10499169968620455,0.10499169968620455,0.10060975277595785,0.10060975277595785,0.196610025583593,0.196610025583593
ID_B0H92W,0.028652231477483598,0.028652231477483598,0.024957671519186063,0.024957671519186063,0.025236123587639755,0.025236123587639755
ID_QY1QFN,0.03534744242660649,0.03534744242660649,0.04287225899827088,0.04287225899827088,0.03173256948497367,0.03173256948497367
ID_6JXJ14,0.10021753417848686,0.10021753417848686,0.08577519598377796,0.08577519598377796,0.18422043852604275,0.18422043852604275
ID_3GS106,0.02554539181968355,0.02554539181968355,0.014986863974348362,0.014986863974348362,0.030241601302493936,0.030241601302493936
ID_0EH8TX,0.02895533334981312,0.02895533334981312,0.019042426587491806,0.019042426587491806,0.03047651058242958,0.03047651058242958
ID_M3RB3O,0.025524687885936138,0.025524687885936138,0.013835363549023597,0.013835363549023597,0.018156264144120162,0.018156264144120162
ID_RFLMG3,0.025520444710332973,0.025520444710332973,0.013565562484626089,0.013565562484626089,0.015612965780992402,0.015612965780992402
ID_32QUF2,0.026074211703313276,0.026074211703313276,0.015063720873612631,0.015063720873612631,0.02133113454696869,0.02133113454696869
ID_E6FA1Y,0.037148609075456,0.037148609075456,0.04438192493307409,0.04438192493307409,0.062012131099613794,0.062012131099613794
ID_56Z4H2,0.026772726101092426,0.026772726101092426,0.01689363541277146,0.01689363541277146,0.01690177912904129,0.01690177912904129
ID_6TP6C8,0.025492850891348427,0.025492850891348427,0.022458458173253586,0.022458458173253586,0.03495134698951299,0.03495134698951299
ID_LA2NIK,0.025492850891348427,0.025492850891348427,0.022702419719142095,0.022702419719142095,0.028240973275385495,0.028240973275385495
ID_B2EQV1,0.02570564822993996,0.02570564822993996,0.013778034375833127,0.013778034375833127,0.026177177439696907,0.026177177439696907
ID_A50E5P,0.025143452725013282,0.025143452725013282,0.013780914425257178,0.013780914425257178,0.01946366619657037,0.01946366619657037
ID_X96S3I,0.025492850891348427,0.025492850891348427,0.013501711402275436,0.013501711402275436,0.015785947809646268,0.015785947809646268
ID_Z5H3GL,0.17803294445309334,0.17803294445309334,0.2994898202179594,0.2994898202179594,0.3557163161205902,0.3557163161205902
ID_ADPV8R,0.02555794488707826,0.02555794488707826,0.013723079581284424,0.013723079581284424,0.016378575598124837,0.016378575598124837
ID_OWFAPX,0.026152059093017488,0.026152059093017488,0.014800904428926146,0.014800904428926146,0.026789237297844607,0.026789237297844607
ID_KSMO5R,0.025524687885936138,0.025524687885936138,0.013835363549023597,0.013835363549023597,0.018156264144120162,0.018156264144120162
ID_LCR0WS,0.025524687885936138,0.025524687885936138,0.013835363549023597,0.013835363549023597,0.018156264144120162,0.018156264144120162
ID_WAQDGO,0.025356250063604816,0.025356250063604816,0.014499175599825482,0.014499175599825482,0.027947996751194585,0.027947996751194585
ID_KI0ZBU,0.025143452725013282,0.025143452725013282,0.018587046552031083,0.018587046552031083,0.018911708790047426,0.018911708790047426
ID_0OJ74K,0.025143452725013282,0.025143452725013282,0.013780914425257178,0.013780914425257178,0.01946366619657037,0.01946366619657037
ID_WY97QW,0.025524687885936138,0.025524687885936138,0.013835363549023597,0.013835363549023597,0.018156264144120162,0.018156264144120162
ID_VVIE2W,0.025143452725013282,0.025143452725013282,0.013543009328997236,0.013543009328997236,0.016446663227670903,0.016446663227670903
ID_ZL5Q59,0.02978644105792047,0.02978644105792047,0.020776549161162682,0.020776549161162682,0.03500667023273611,0.03500667023273611
ID_NRFDMQ,0.1109136683782432,0.1109136683782432,0.1908651383687082,0.1908651383687082,0.1520691919873178,0.1520691919873178
ID_D5IC1O,0.025524687885936138,0.025524687885936138,0.013835363549023597,0.013835363549023597,0.018156264144120162,0.018156264144120162
ID_S7GFPP,0.025143452725013282,0.025143452725013282,0.013780914425257178,0.013780914425257178,0.01946366619657037,0.01946366619657037
ID_1I4R9P,0.02570564822993996,0.02570564822993996,0.014223237280717246,0.014223237280717246,0.024398032152543943,0.024398032152543943
ID_SQ5JRG,0.025143452725013282,0.025143452725013282,0.023131810604731465,0.023131810604731465,0.033279981632914304,0.033279981632914304
ID_AT9XW0,0.025492850891348427,0.025492850891348427,0.013835363549023597,0.013835363549023597,0.019194320388409878,0.019194320388409878
ID_4E0IW9,0.025143452725013282,0.025143452725013282,0.013379160433064167,0.013379160433064167,0.019037055333688976,0.019037055333688976
ID_ME2CF8,0.025356250063604816,0.025356250063604816,0.013877168885124962,0.013877168885124962,0.02427717592216369,0.02427717592216369
ID_QYEVPZ,0.08759468998458066,0.08759468998458066,0.13468750112942537,0.13468750112942537,0.10036054144613758,0.10036054144613758
ID_2FD8VB,0.025492850891348427,0.025492850891348427,0.013835363549023597,0.013835363549023597,0.019194320388409878,0.019194320388409878
ID_ZBDVJD,0.025143452725013282,0.025143452725013282,0.014928409043871145,0.014928409043871145,0.01985285239034848,0.01985285239034848
ID_ZQQ4MM,0.025778378478474643,0.025778378478474643,0.01815444411468768,0.01815444411468768,0.016268326658659585,0.016268326658659585
ID_DOM0PD,0.025524687885936138,0.025524687885936138,0.014060515558505198,0.014060515558505198,0.01822718023853548,0.01822718023853548
ID_ELPHXG,0.041340476924122266,0.041340476924122266,0.04401795098878668,0.04401795098878668,0.055595132999645205,0.055595132999645205
ID_ZJIQCI,0.025492850891348427,0.025492850891348427,0.013670855690238407,0.013670855690238407,0.01933853649360675,0.01933853649360675
ID_R0MPE2,0.02570564822993996,0.02570564822993996,0.015798963550216073,0.015798963550216073,0.02837332937700468,0.02837332937700468
ID_DZ8R48,0.025356250063604816,0.025356250063604816,0.013877168885124962,0.013877168885124962,0.02427717592216369,0.02427717592216369
ID_Y0SXCJ,0.02555794488707826,0.02555794488707826,0.013723079581284424,0.013723079581284424,0.016378575598124837,0.016378575598124837
ID_N1WC7L,0.025524687885936138,0.025524687885936138,0.013835363549023597,0.013835363549023597,0.018156264144120162,0.018156264144120162
ID_BWSAN8,0.062056650895275796,0.062056650895275796,0.044369811448825916,0.044369811448825916,0.060296478420888644,0.060296478420888644
ID_NS1BTM,0.025524687885936138,0.025524687885936138,0.013835363549023597,0.013835363549023597,0.018156264144120162,0.018156264144120162
ID_FN8JFA,0.026001481454778593,0.026001481454778593,0.015544769789773314,0.015544769789773314,0.02551377455612105,0.02551377455612105
ID_FQA9MM,0.025143452725013282,0.025143452725013282,0.013780914425257178,0.013780914425257178,0.01946366619657037,0.01946366619657037
ID_96NLJM,0.025143452725013282,0.025143452725013282,0.018336098798644285,0.018336098798644285,0.019701645057691806,0.019701645057691806
ID_PVEL7W,0.025143452725013282,0.025143452725013282,0.013780914425257178,0.013780914425257178,0.01946366619657037,0.01946366619657037
ID_XFXZM5,0.025143452725013282,0.025143452725013282,0.013379160433064167,0.013379160433064167,0.019037055333688976,0.019037055333688976
ID_UY3XZG,0.025356250063604816,0.025356250063604816,0.013877168885124962,0.013877168885124962,0.02427717592216369,0.02427717592216369
ID_PN97QK,0.025492850891348427,0.025492850891348427,0.016519702371114064,0.016519702371114064,0.01683086303462597,0.01683086303462597
ID_00DG4G,0.02555794488707826,0.02555794488707826,0.013723079581284424,0.013723079581284424,0.015562295278023278,0.015562295278023278
ID_QHQFQ7,0.025143452725013282,0.025143452725013282,0.013780914425257178,0.013780914425257178,0.01946366619657037,0.01946366619657037
ID_ATS0PR,0.02555794488707826,0.02555794488707826,0.013723079581284424,0.013723079581284424,0.015562295278023278,0.015562295278023278
ID_DSUPIN,0.025778378478474643,0.025778378478474643,0.014140522621470343,0.014140522621470343,0.01826906675006689,0.01826906675006689
ID_HWSETN,0.025778378478474643,0.025778378478474643,0.014140522621470343,0.014140522621470343,0.01826906675006689,0.01826906675006689
ID_9YPBUW,0.025143452725013282,0.025143452725013282,0.014928409043871145,0.014928409043871145,0.01985285239034848,0.01985285239034848
ID_4W9NRO,0.025778378478474643,0.025778378478474643,0.014140522621470343,0.014140522621470343,0.01826906675006689,0.01826906675006689
ID_53B01Q,0.025143452725013282,0.025143452725013282,0.01355622993284283,0.01355622993284283,0.01796346248669848,0.01796346248669848
ID_SM5ONB,0.025492850891348427,0.025492850891348427,0.013501711402275436,0.013501711402275436,0.015785947809646268,0.015785947809646268
ID_YEU9F6,0.026166058827758486,0.026166058827758486,0.014881393495027822,0.014881393495027822,0.017754186072537648,0.017754186072537648
ID_FMI1VW,0.025492850891348427,0.025492850891348427,0.022702419719142095,0.022702419719142095,0.028240973275385495,0.028240973275385495
ID_SWJYU2,0.02551355482509584,0.02551355482509584,0.013688307346866466,0.013688307346866466,0.027296377109063522,0.027296377109063522
ID_DJFGM4,0.02555794488707826,0.02555794488707826,0.013723079581284424,0.013723079581284424,0.015562295278023278,0.015562295278023278
ID_Q0LYKC,0.026074211703313276,0.026074211703313276,0.015023468728097327,0.015023468728097327,0.018438682717530432,0.018438682717530432
ID_UIL74V,0.17803294445309334,0.17803294445309334,0.2994898202179594,0.2994898202179594,0.3557163161205902,0.3557163161205902
ID_M0F7GN,0.025520444710332973,0.025520444710332973,0.013565562484626089,0.013565562484626089,0.015612965780992402,0.015612965780992402
ID_CKRXHI,0.025143452725013282,0.025143452725013282,0.013780914425257178,0.013780914425257178,0.01946366619657037,0.01946366619657037
ID_9LU58J,0.02570564822993996,0.02570564822993996,0.013778034375833127,0.013778034375833127,0.026177177439696907,0.026177177439696907
ID_84BF6M,0.02570564822993996,0.02570564822993996,0.014223237280717246,0.014223237280717246,0.024398032152543943,0.024398032152543943
ID_HY29Y2,0.025143452725013282,0.025143452725013282,0.013650307744537927,0.013650307744537927,0.020052178745646142,0.020052178745646142
ID_VZNNHT,0.02604661788432873,0.02604661788432873,0.014140522621470343,0.014140522621470343,0.01826906675006689,0.01826906675006689
ID_3EDRRO,0.025778378478474643,0.025778378478474643,0.014140522621470343,0.014140522621470343,0.01826906675006689,0.01826906675006689
ID_NPCZIL,0.025778378478474643,0.025778378478474643,0.014140522621470343,0.014140522621470343,0.01826906675006689,0.01826906675006689
ID_23EVXZ,0.025492850891348427,0.025492850891348427,0.016519702371114064,0.016519702371114064,0.01683086303462597,0.01683086303462597
ID_IX6FLE,0.025492850891348427,0.025492850891348427,0.013501711402275436,0.013501711402275436,0.015785947809646268,0.015785947809646268
ID_NB021D,0.026074211703313276,0.026074211703313276,0.015063720873612631,0.015063720873612631,0.02133113454696869,0.02133113454696869
ID_5FJ5OA,0.025524687885936138,0.025524687885936138,0.013835363549023597,0.013835363549023597,0.018156264144120162,0.018156264144120162
ID_GX7MD3,0.02570564822993996,0.02570564822993996,0.013778034375833127,0.013778034375833127,0.026177177439696907,0.026177177439696907
ID_FZ85DE,0.025492850891348427,0.025492850891348427,0.013835363549023597,0.013835363549023597,0.019194320388409878,0.019194320388409878
ID_PUMD7D,0.02570564822993996,0.02570564822993996,0.014223237280717246,0.014223237280717246,0.024398032152543943,0.024398032152543943
ID_BGDOB3,0.02554539181968355,0.02554539181968355,0.013720648872447264,0.013720648872447264,0.0191076569655448,0.0191076569655448
ID_OU67AN,0.025143452725013282,0.025143452725013282,0.014928409043871145,0.014928409043871145,0.01985285239034848,0.01985285239034848
ID_PHQYL9,0.02978644105792047,0.02978644105792047,0.020776549161162682,0.020776549161162682,0.03500667023273611,0.03500667023273611
ID_HPZYN9,0.02674513228210788,0.02674513228210788,0.018223766839423665,0.018223766839423665,0.019616399080640654,0.019616399080640654
ID_4GDBBB,0.025143452725013282,0.025143452725013282,0.013780914425257178,0.013780914425257178,0.01946366619657037,0.01946366619657037
ID_84K1H5,0.025143452725013282,0.025143452725013282,0.014928409043871145,0.014928409043871145,0.01985285239034848,0.01985285239034848
ID_MRXFS5,0.02570564822993996,0.02570564822993996,0.014223237280717246,0.014223237280717246,0.024398032152543943,0.024398032152543943
ID_E2DO2Y,0.025492850891348427,0.025492850891348427,0.014721734327597505,0.014721734327597505,0.016043456666436976,0.016043456666436976
ID_VSR4RJ,0.025778378478474643,0.025778378478474643,0.014140522621470343,0.014140522621470343,0.01826906675006689,0.01826906675006689
ID_JSA4H2,0.025492850891348427,0.025492850891348427,0.022458458173253586,0.022458458173253586,0.03495134698951299,0.03495134698951299
ID_YOFNV6,0.025492850891348427,0.025492850891348427,0.022702419719142095,0.022702419719142095,0.028240973275385495,0.028240973275385495
ID_JBIQNN,0.025143452725013282,0.025143452725013282,0.01401541655589611,0.01401541655589611,0.022565022383648044,0.022565022383648044
ID_7R5UUT,0.025492850891348427,0.025492850891348427,0.013835363549023597,0.013835363549023597,0.019194320388409878,0.019194320388409878
ID_9EL678,0.025143452725013282,0.025143452725013282,0.013780914425257178,0.013780914425257178,0.01946366619657037,0.01946366619657037
ID_GJJRW7,0.026099518164682367,0.026099518164682367,0.023162881203143814,0.023162881203143814,0.03460151944564767,0.03460151944564767
ID_JLHKHD,0.025143452725013282,0.025143452725013282,0.013780914425257178,0.013780914425257178,0.01946366619657037,0.01946366619657037
ID_C42QFG,0.025778378478474643,0.025778378478474643,0.014140522621470343,0.014140522621470343,0.01826906675006689,0.01826906675006689
ID_RV5C5N,0.025356250063604816,0.025356250063604816,0.014499175599825482,0.014499175599825482,0.027947996751194585,0.027947996751194585
ID_Q80MZT,0.02512539032764054,0.02512539032764054,0.02572436112233688,0.02572436112233688,0.020087942126602008,0.020087942126602008
ID_NFFUEW,0.025143452725013282,0.025143452725013282,0.013780914425257178,0.013780914425257178,0.01946366619657037,0.01946366619657037
ID_9EHPRT,0.02551355482509584,0.02551355482509584,0.01377963154777971,0.01377963154777971,0.025262301074732145,0.025262301074732145
ID_CJ57AV,0.026385045751808583,0.026385045751808583,0.018733462768241352,0.018733462768241352,0.017194867619449182,0.017194867619449182
ID_CSCQO1,0.025492850891348427,0.025492850891348427,0.022702419719142095,0.022702419719142095,0.028240973275385495,0.028240973275385495
ID_AQEEKF,0.025778378478474643,0.025778378478474643,0.014140522621470343,0.014140522621470343,0.01826906675006689,0.01826906675006689
ID_ZNHRMQ,0.02570564822993996,0.02570564822993996,0.013778034375833127,0.013778034375833127,0.026177177439696907,0.026177177439696907
ID_1FXKVY,0.02555794488707826,0.02555794488707826,0.013723079581284424,0.013723079581284424,0.015562295278023278,0.015562295278023278
ID_T764ZJ,0.025492850891348427,0.025492850891348427,0.013835363549023597,0.013835363549023597,0.019194320388409878,0.019194320388409878
ID_HVY7YF,0.025524687885936138,0.025524687885936138,0.013835363549023597,0.013835363549023597,0.018156264144120162,0.018156264144120162
ID_G2O1VD,0.025356250063604816,0.025356250063604816,0.013877168885124962,0.013877168885124962,0.02427717592216369,0.02427717592216369
ID_13W4SF,0.026385045751808583,0.026385045751808583,0.015023468728097327,0.015023468728097327,0.019764473255750627,0.019764473255750627
ID_GVDCKX,0.025356250063604816,0.025356250063604816,0.014499175599825482,0.014499175599825482,0.027947996751194585,0.027947996751194585
ID_R387QV,0.02895533334981312,0.02895533334981312,0.019042426587491806,0.019042426587491806,0.03047651058242958,0.03047651058242958
ID_4GSCPU,0.025356250063604816,0.025356250063604816,0.014499175599825482,0.014499175599825482,0.027947996751194585,0.027947996751194585
ID_3O3YPS,0.025143452725013282,0.025143452725013282,0.014874847273554212,0.014874847273554212,0.02050915170994132,0.02050915170994132
ID_3U5QW2,0.02641263957079313,0.02641263957079313,0.015149429531348967,0.015149429531348967,0.019189435788548575,0.019189435788548575
ID_11E3S7,0.025492850891348427,0.025492850891348427,0.022431976875670005,0.022431976875670005,0.03509502515043253,0.03509502515043253
ID_V1QRWL,0.025778378478474643,0.025778378478474643,0.015210145896264286,0.015210145896264286,0.018766021083579172,0.018766021083579172
ID_B7Q4VT,0.02570564822993996,0.02570564822993996,0.013778034375833127,0.013778034375833127,0.026177177439696907,0.026177177439696907
ID_W7FAS9,0.025524687885936138,0.025524687885936138,0.013835363549023597,0.013835363549023597,0.018156264144120162,0.018156264144120162
ID_FM47N0,0.025492850891348427,0.025492850891348427,0.013835363549023597,0.013835363549023597,0.019194320388409878,0.019194320388409878
ID_96L2OE,0.02570564822993996,0.02570564822993996,0.014223237280717246,0.014223237280717246,0.024398032152543943,0.024398032152543943
ID_Q18J6B,0.025492850891348427,0.025492850891348427,0.014721734327597505,0.014721734327597505,0.016043456666436976,0.016043456666436976
ID_J2ZRX7,0.02570564822993996,0.02570564822993996,0.015798963550216073,0.015798963550216073,0.02837332937700468,0.02837332937700468
ID_9F8TC3,0.025492850891348427,0.025492850891348427,0.013835363549023597,0.013835363549023597,0.019194320388409878,0.019194320388409878
ID_V6NJBP,0.1109136683782432,0.1109136683782432,0.1908651383687082,0.1908651383687082,0.1520691919873178,0.1520691919873178
ID_3FWH6E,0.025938735351124967,0.025938735351124967,0.024759069215232077,0.024759069215232077,0.04335956017563174,0.04335956017563174
ID_5B2N7E,0.026813642030312994,0.026813642030312994,0.020193728154672772,0.020193728154672772,0.019456220142866833,0.019456220142866833
ID_BRL39M,0.027319426637231005,0.027319426637231005,0.024933907374148648,0.024933907374148648,0.029192369360412126,0.029192369360412126
ID_NQZ2IX,0.026813642030312994,0.026813642030312994,0.02025295433815431,0.02025295433815431,0.020192208070114338,0.020192208070114338
ID_8XUQIK,0.026813642030312994,0.026813642030312994,0.02025295433815431,0.02025295433815431,0.020192208070114338,0.020192208070114338
ID_Y0ZP9O,0.026737496029303028,0.026737496029303028,0.024139306193971886,0.024139306193971886,0.04002833545618642,0.04002833545618642
ID_Y8YPKV,0.026545402624458907,0.026545402624458907,0.02351660382496867,0.02351660382496867,0.035637263607126976,0.035637263607126976
ID_OTZY1M,0.026545402624458907,0.026545402624458907,0.024156256783004856,0.024156256783004856,0.04258118991811465,0.04258118991811465
ID_8659PM,0.026813642030312994,0.026813642030312994,0.02025295433815431,0.02025295433815431,0.020192208070114338,0.020192208070114338
ID_9B318X,0.027005735435157115,0.027005735435157115,0.02500450573331538,0.02500450573331538,0.030934328723923623,0.030934328723923623
ID_UYJIY1,0.026545402624458907,0.026545402624458907,0.02351660382496867,0.02351660382496867,0.035637263607126976,0.035637263607126976
ID_FX76KI,0.027225402805346077,0.027225402805346077,0.020583058993083953,0.020583058993083953,0.023394913052325758,0.023394913052325758
ID_3VPHDX,0.026545402624458907,0.026545402624458907,0.02351660382496867,0.02351660382496867,0.035637263607126976,0.035637263607126976
ID_8MS13L,0.02555794488707826,0.02555794488707826,0.03402197427313244,0.03402197427313244,0.05468588947859462,0.05468588947859462
ID_1Q5P6G,0.026737496029303028,0.026737496029303028,0.024139306193971886,0.024139306193971886,0.04002833545618642,0.04002833545618642
ID_9UO8QX,0.026813642030312994,0.026813642030312994,0.02025295433815431,0.02025295433815431,0.020192208070114338,0.020192208070114338
ID_VKJX7X,0.027225402805346077,0.027225402805346077,0.020583058993083953,0.020583058993083953,0.023394913052325758,0.023394913052325758
ID_OAYA7A,0.027022750831517214,0.027022750831517214,0.016204565899381216,0.016204565899381216,0.01913506020308299,0.01913506020308299
ID_GAMP7V,0.027336442033591105,0.027336442033591105,0.02056656002505542,0.02056656002505542,0.04688727802835655,0.04688727802835655
ID_4NRMAU,0.027336442033591105,0.027336442033591105,0.02056656002505542,0.02056656002505542,0.04688727802835655,0.04688727802835655
ID_AKBWMP,0.02738898296192623,0.02738898296192623,0.030572323053375726,0.030572323053375726,0.02368900549775044,0.02368900549775044
ID_FWYKU6,0.027022750831517214,0.027022750831517214,0.016204565899381216,0.016204565899381216,0.01913506020308299,0.01913506020308299
ID_7M6M1B,0.02753997809288997,0.02753997809288997,0.015298994517693185,0.015298994517693185,0.036012902634953436,0.036012902634953436
ID_3H1L7F,0.059477167566702474,0.059477167566702474,0.0638465657736951,0.0638465657736951,0.09742890153596166,0.09742890153596166
ID_N8FIH8,0.027022750831517214,0.027022750831517214,0.01632034766140989,0.01632034766140989,0.016979449628105728,0.016979449628105728
ID_GBJJLZ,0.027336442033591105,0.027336442033591105,0.02082002614446299,0.02082002614446299,0.04899644439269265,0.04899644439269265
ID_T86IHF,0.027022750831517214,0.027022750831517214,0.016204565899381216,0.016204565899381216,0.01913506020308299,0.01913506020308299
ID_JF3WUN,0.05968073635750177,0.05968073635750177,0.0932719012048034,0.0932719012048034,0.07632491129939291,0.07632491129939291
ID_49KF1T,0.027336442033591105,0.027336442033591105,0.018360719563625384,0.018360719563625384,0.029020346725477368,0.029020346725477368
ID_S79H7Y,0.02738898296192623,0.02738898296192623,0.030572323053375726,0.030572323053375726,0.02368900549775044,0.02368900549775044
ID_QIOC3U,0.027336442033591105,0.027336442033591105,0.026242650042955482,0.026242650042955482,0.03646661629212159,0.03646661629212159
ID_Y4WX50,0.05968073635750177,0.05968073635750177,0.0932719012048034,0.0932719012048034,0.07632491129939291,0.07632491129939291
ID_GUDWDW,0.027336442033591105,0.027336442033591105,0.02082002614446299,0.02082002614446299,0.04899644439269265,0.04899644439269265
ID_5HUIA4,0.027022750831517214,0.027022750831517214,0.016204565899381216,0.016204565899381216,0.01913506020308299,0.01913506020308299
ID_9M4UJW,0.02753997809288997,0.02753997809288997,0.015027920578372881,0.015027920578372881,0.035783299676033865,0.035783299676033865
ID_C1UEMJ,0.027336442033591105,0.027336442033591105,0.026242650042955482,0.026242650042955482,0.03646661629212159,0.03646661629212159
ID_QGS2MR,0.027336442033591105,0.027336442033591105,0.02056656002505542,0.02056656002505542,0.04688727802835655,0.04688727802835655
ID_067XPD,0.027336442033591105,0.027336442033591105,0.018360719563625384,0.018360719563625384,0.029020346725477368,0.029020346725477368
ID_PV8C8G,0.02753997809288997,0.02753997809288997,0.015298994517693185,0.015298994517693185,0.036012902634953436,0.036012902634953436
ID_7SZVJ7,0.027336442033591105,0.027336442033591105,0.02056656002505542,0.02056656002505542,0.04688727802835655,0.04688727802835655
ID_939CFS,0.05968073635750177,0.05968073635750177,0.0932719012048034,0.0932719012048034,0.07632491129939291,0.07632491129939291
ID_4YX26C,0.027336442033591105,0.027336442033591105,0.02082002614446299,0.02082002614446299,0.04899644439269265,0.04899644439269265
ID_CG4YWK,0.027022750831517214,0.027022750831517214,0.016204565899381216,0.016204565899381216,0.01913506020308299,0.01913506020308299
ID_U2O9AQ,0.027022750831517214,0.027022750831517214,0.016204565899381216,0.016204565899381216,0.01913506020308299,0.01913506020308299
ID_W0SUD4,0.027022750831517214,0.027022750831517214,0.016204565899381216,0.016204565899381216,0.01907748967919122,0.01907748967919122
ID_1809CE,0.027022750831517214,0.027022750831517214,0.016204565899381216,0.016204565899381216,0.01913506020308299,0.01913506020308299
ID_T37IC9,0.027022750831517214,0.027022750831517214,0.01632034766140989,0.01632034766140989,0.016979449628105728,0.016979449628105728
ID_APZ0D7,0.027368279028178816,0.027368279028178816,0.016261594923342206,0.016261594923342206,0.036873222614531756,0.036873222614531756
ID_K8IR50,0.02753997809288997,0.02753997809288997,0.015298994517693185,0.015298994517693185,0.036012902634953436,0.036012902634953436
ID_7VXCAN,0.027022750831517214,0.027022750831517214,0.016204565899381216,0.016204565899381216,0.01913506020308299,0.01913506020308299
ID_N4P9RV,0.02753997809288997,0.02753997809288997,0.015298994517693185,0.015298994517693185,0.036012902634953436,0.036012902634953436
ID_S83N82,0.027022750831517214,0.027022750831517214,0.01632034766140989,0.01632034766140989,0.016979449628105728,0.016979449628105728
ID_YEBE3L,0.027336442033591105,0.027336442033591105,0.02082002614446299,0.02082002614446299,0.04899644439269265,0.04899644439269265
ID_5TTIUV,0.027022750831517214,0.027022750831517214,0.016204565899381216,0.016204565899381216,0.01913506020308299,0.01913506020308299
ID_OKQE5S,0.027022750831517214,0.027022750831517214,0.016204565899381216,0.016204565899381216,0.01913506020308299,0.01913506020308299
ID_ZEJRSI,0.02753997809288997,0.02753997809288997,0.015298994517693185,0.015298994517693185,0.036012902634953436,0.036012902634953436
ID_EDHCWN,0.027022750831517214,0.027022750831517214,0.016204565899381216,0.016204565899381216,0.01913506020308299,0.01913506020308299
ID_4YRJRP,0.027336442033591105,0.027336442033591105,0.018360719563625384,0.018360719563625384,0.029020346725477368,0.029020346725477368
ID_GCHBYB,0.02753997809288997,0.02753997809288997,0.015027920578372881,0.015027920578372881,0.035783299676033865,0.035783299676033865
ID_5H4T9K,0.027022750831517214,0.027022750831517214,0.016204565899381216,0.016204565899381216,0.01913506020308299,0.01913506020308299
ID_OECX6J,0.02738898296192623,0.02738898296192623,0.027472053726525437,0.027472053726525437,0.04661693237070429,0.04661693237070429
ID_CADS1W,0.02757218421205261,0.02757218421205261,0.01598877806480053,0.01598877806480053,0.03657764848809974,0.03657764848809974
ID_1G89F8,0.027022750831517214,0.027022750831517214,0.016204565899381216,0.016204565899381216,0.01907748967919122,0.01907748967919122
ID_BFB0U7,0.02757218421205261,0.02757218421205261,0.01598877806480053,0.01598877806480053,0.03657764848809974,0.03657764848809974
ID_ZM7Y7C,0.02753997809288997,0.02753997809288997,0.015298994517693185,0.015298994517693185,0.036012902634953436,0.036012902634953436
ID_ERMOCP,0.027336442033591105,0.027336442033591105,0.02082002614446299,0.02082002614446299,0.04899644439269265,0.04899644439269265
ID_7048GU,0.027336442033591105,0.027336442033591105,0.02056656002505542,0.02056656002505542,0.04688727802835655,0.04688727802835655
ID_5WR4NG,0.027336442033591105,0.027336442033591105,0.02056656002505542,0.02056656002505542,0.04688727802835655,0.04688727802835655
ID_OE94T8,0.027336442033591105,0.027336442033591105,0.02056656002505542,0.02056656002505542,0.04688727802835655,0.04688727802835655
ID_1OCPON,0.027336442033591105,0.027336442033591105,0.02082002614446299,0.02082002614446299,0.04899644439269265,0.04899644439269265
ID_SPM4A3,0.027336442033591105,0.027336442033591105,0.01761144363933418,0.01761144363933418,0.05322696469849754,0.05322696469849754
ID_69O2FI,0.027336442033591105,0.027336442033591105,0.020649814573283472,0.020649814573283472,0.04153758598209811,0.04153758598209811
ID_9XLCIQ,0.027336442033591105,0.027336442033591105,0.018711160942459462,0.018711160942459462,0.03621888798148426,0.03621888798148426
ID_INOMV4,0.027022750831517214,0.027022750831517214,0.016204565899381216,0.016204565899381216,0.01913506020308299,0.01913506020308299
ID_IVW5DG,0.027022750831517214,0.027022750831517214,0.016204565899381216,0.016204565899381216,0.01913506020308299,0.01913506020308299
ID_REKYSY,0.027336442033591105,0.027336442033591105,0.027060196981646197,0.027060196981646197,0.03893047507505721,0.03893047507505721
ID_RGZEPZ,0.02753997809288997,0.02753997809288997,0.015027920578372881,0.015027920578372881,0.035783299676033865,0.035783299676033865
ID_Q032KX,0.02753997809288997,0.02753997809288997,0.015027920578372881,0.015027920578372881,0.035783299676033865,0.035783299676033865
ID_SX073G,0.027336442033591105,0.027336442033591105,0.01761144363933418,0.01761144363933418,0.05322696469849754,0.05322696469849754
ID_VW2JS1,0.027336442033591105,0.027336442033591105,0.018360719563625384,0.018360719563625384,0.029020346725477368,0.029020346725477368
ID_QTFJH6,0.027336442033591105,0.027336442033591105,0.020836165986996807,0.020836165986996807,0.04899964844769764,0.04899964844769764
ID_SJUA3M,0.027368279028178816,0.027368279028178816,0.016261594923342206,0.016261594923342206,0.036873222614531756,0.036873222614531756
ID_WRGV5B,0.059477167566702474,0.059477167566702474,0.0638465657736951,0.0638465657736951,0.09742890153596166,0.09742890153596166
ID_TF0ZBP,0.027022750831517214,0.027022750831517214,0.016204565899381216,0.016204565899381216,0.01913506020308299,0.01913506020308299
ID_XY4R47,0.027022750831517214,0.027022750831517214,0.016204565899381216,0.016204565899381216,0.01913506020308299,0.01913506020308299
ID_TC20Z8,0.027022750831517214,0.027022750831517214,0.016204565899381216,0.016204565899381216,0.01913506020308299,0.01913506020308299
ID_5LZHSA,0.027022750831517214,0.027022750831517214,0.016204565899381216,0.016204565899381216,0.01913506020308299,0.01913506020308299
ID_P33RH4,0.027336442033591105,0.027336442033591105,0.02056656002505542,0.02056656002505542,0.04688727802835655,0.04688727802835655
ID_X0U2Z7,0.027336442033591105,0.027336442033591105,0.027060196981646197,0.027060196981646197,0.03893047507505721,0.03893047507505721
ID_HNASKY,0.02756068202663738,0.02756068202663738,0.03147255761455158,0.03147255761455158,0.023334608981577902,0.023334608981577902
ID_E9746A,0.05968073635750177,0.05968073635750177,0.0932719012048034,0.0932719012048034,0.07632491129939291,0.07632491129939291
ID_KOOJEU,0.027336442033591105,0.027336442033591105,0.020649814573283472,0.020649814573283472,0.04153758598209811,0.04153758598209811
ID_NZDB2W,0.027022750831517214,0.027022750831517214,0.01632034766140989,0.01632034766140989,0.016979449628105728,0.016979449628105728
ID_N8B9Y0,0.027336442033591105,0.027336442033591105,0.016954834390647388,0.016954834390647388,0.05071031190486336,0.05071031190486336
ID_IGRKAA,0.027022750831517214,0.027022750831517214,0.01632034766140989,0.01632034766140989,0.016979449628105728,0.016979449628105728
ID_31FOC7,0.02757181508747768,0.02757181508747768,0.015558831072948408,0.015558831072948408,0.041149901507141214,0.041149901507141214
ID_XYJNSM,0.027022750831517214,0.027022750831517214,0.01632034766140989,0.01632034766140989,0.016979449628105728,0.016979449628105728
ID_QT459C,0.027336442033591105,0.027336442033591105,0.02059681641914077,0.02059681641914077,0.047604564149291866,0.047604564149291866
ID_9HL60U,0.02753997809288997,0.02753997809288997,0.015027920578372881,0.015027920578372881,0.035783299676033865,0.035783299676033865
ID_J8S3V7,0.027022750831517214,0.027022750831517214,0.016204565899381216,0.016204565899381216,0.01913506020308299,0.01913506020308299
ID_FC0BNP,0.027022750831517214,0.027022750831517214,0.016204565899381216,0.016204565899381216,0.01913506020308299,0.01913506020308299
ID_VDKYTG,0.027336442033591105,0.027336442033591105,0.020649814573283472,0.020649814573283472,0.04153758598209811,0.04153758598209811
ID_0LGOS8,0.058363142218926654,0.058363142218926654,0.06257381912491673,0.06257381912491673,0.07612208790555827,0.07612208790555827
ID_GMWQ34,0.027357145967338518,0.027357145967338518,0.031102362721188666,0.031102362721188666,0.0226663308366593,0.0226663308366593
ID_BHJIUD,0.02753997809288997,0.02753997809288997,0.015298994517693185,0.015298994517693185,0.036012902634953436,0.036012902634953436
ID_25WW3Q,0.027336442033591105,0.027336442033591105,0.027060196981646197,0.027060196981646197,0.03893047507505721,0.03893047507505721
ID_B1Q34R,0.027022750831517214,0.027022750831517214,0.01623432780414312,0.01623432780414312,0.01913506020308299,0.01913506020308299
ID_DAM5SV,0.02753997809288997,0.02753997809288997,0.015298994517693185,0.015298994517693185,0.036012902634953436,0.036012902634953436
ID_QFVKE8,0.027022750831517214,0.027022750831517214,0.01632034766140989,0.01632034766140989,0.016979449628105728,0.016979449628105728
ID_AAG1MX,0.027022750831517214,0.027022750831517214,0.016204565899381216,0.016204565899381216,0.01913506020308299,0.01913506020308299
ID_2T39AV,0.059477167566702474,0.059477167566702474,0.0638465657736951,0.0638465657736951,0.09742890153596166,0.09742890153596166
ID_GLHVNV,0.027022750831517214,0.027022750831517214,0.016681277824264523,0.016681277824264523,0.0190003308398943,0.0190003308398943
ID_EL46XL,0.027022750831517214,0.027022750831517214,0.016204565899381216,0.016204565899381216,0.01913506020308299,0.01913506020308299
ID_B1092H,0.027336442033591105,0.027336442033591105,0.017643636107989025,0.017643636107989025,0.05318126677737122,0.05318126677737122
ID_5B1HJQ,0.027336442033591105,0.027336442033591105,0.02082002614446299,0.02082002614446299,0.04899644439269265,0.04899644439269265
ID_7L4RV1,0.02753997809288997,0.02753997809288997,0.15713069736054686,0.15713069736054686,0.13138698718483624,0.13138698718483624
ID_ZW88Z7,0.02756068202663738,0.02756068202663738,0.18575048742652417,0.18575048742652417,0.19591188902444073,0.19591188902444073
ID_44FN7K,0.02759288814580002,0.02759288814580002,0.17498534677375033,0.17498534677375033,0.17942412776640992,0.17942412776640992
ID_R69I7Q,0.02753997809288997,0.02753997809288997,0.15713069736054686,0.15713069736054686,0.13138698718483624,0.13138698718483624
ID_K2KN9C,0.02753997809288997,0.02753997809288997,0.21604774034067967,0.21604774034067967,0.16987993553515982,0.16987993553515982
ID_UNAGCI,0.02753997809288997,0.02753997809288997,0.21604774034067967,0.21604774034067967,0.16987993553515982,0.16987993553515982
ID_GU9R9I,0.02759288814580002,0.02759288814580002,0.17498534677375033,0.17498534677375033,0.17942412776640992,0.17942412776640992
ID_33BHML,0.02756068202663738,0.02756068202663738,0.1747240618663875,0.1747240618663875,0.18502281522139552,0.18502281522139552
ID_XZY72G,0.02756068202663738,0.02756068202663738,0.1747240618663875,0.1747240618663875,0.18502281522139552,0.18502281522139552
ID_0L0GWJ,0.02756068202663738,0.02756068202663738,0.18575048742652417,0.18575048742652417,0.19591188902444073,0.19591188902444073
ID_SPT5AC,0.02753997809288997,0.02753997809288997,0.21604774034067967,0.21604774034067967,0.16987993553515982,0.16987993553515982
ID_CQOYXN,0.02753997809288997,0.02753997809288997,0.21604774034067967,0.21604774034067967,0.16987993553515982,0.16987993553515982
ID_GPUXEY,0.02756068202663738,0.02756068202663738,0.1747240618663875,0.1747240618663875,0.18502281522139552,0.18502281522139552
ID_7A0TY4,0.02753997809288997,0.02753997809288997,0.15667865550288096,0.15667865550288096,0.15974416457865312,0.15974416457865312
ID_1TKH7D,0.02756068202663738,0.02756068202663738,0.13051271805492493,0.13051271805492493,0.17314578294233185,0.17314578294233185
ID_FTQ35Z,0.02756068202663738,0.02756068202663738,0.1747240618663875,0.1747240618663875,0.18502281522139552,0.18502281522139552
ID_BF07MI,0.02756068202663738,0.02756068202663738,0.13051271805492493,0.13051271805492493,0.17314578294233185,0.17314578294233185
ID_97RNJ4,0.02753997809288997,0.02753997809288997,0.15667865550288096,0.15667865550288096,0.15974416457865312,0.15974416457865312
ID_3JGGNS,0.02753997809288997,0.02753997809288997,0.21604774034067967,0.21604774034067967,0.16987993553515982,0.16987993553515982
ID_Y9Y5X5,0.02753997809288997,0.02753997809288997,0.15713069736054686,0.15713069736054686,0.13138698718483624,0.13138698718483624
ID_XW71QT,0.02753997809288997,0.02753997809288997,0.15713069736054686,0.15713069736054686,0.13138698718483624,0.13138698718483624
ID_BVVDWU,0.02753997809288997,0.02753997809288997,0.15707120228952812,0.15707120228952812,0.15545246467602433,0.15545246467602433
ID_B2X1DI,0.02759288814580002,0.02759288814580002,0.13085967637769583,0.13085967637769583,0.16775202250612142,0.16775202250612142
ID_9PU0VA,0.02757218421205261,0.02757218421205261,0.15713069736054686,0.15713069736054686,0.12842972062848343,0.12842972062848343
ID_SMOQZM,0.02753997809288997,0.02753997809288997,0.15667865550288096,0.15667865550288096,0.15974416457865312,0.15974416457865312
ID_88ZTCU,0.02756068202663738,0.02756068202663738,0.1747240618663875,0.1747240618663875,0.18502281522139552,0.18502281522139552
ID_U6WG86,0.02759288814580002,0.02759288814580002,0.17498534677375033,0.17498534677375033,0.17942412776640992,0.17942412776640992
ID_4H45P3,0.02753997809288997,0.02753997809288997,0.21604774034067967,0.21604774034067967,0.16987993553515982,0.16987993553515982
ID_6WFJ2Y,0.02753997809288997,0.02753997809288997,0.21604774034067967,0.21604774034067967,0.16987993553515982,0.16987993553515982
ID_K3QT3V,0.2923546069181456,0.2923546069181456,0.3430213030443783,0.3430213030443783,0.4069059313412766,0.4069059313412766
ID_PZ4KLY,0.32685975327627537,0.32685975327627537,0.2709843952135287,0.2709843952135287,0.24495321711478343,0.24495321711478343
ID_Z7GKAM,0.3109926838643738,0.3109926838643738,0.2971403158719106,0.2971403158719106,0.3567912784864673,0.3567912784864673
ID_V6CFFQ,0.231442781173379,0.231442781173379,0.23910283527834134,0.23910283527834134,0.15506747996658082,0.15506747996658082
ID_EQJPUR,0.32334413057091205,0.32334413057091205,0.3325423786484513,0.3325423786484513,0.41019516849018717,0.41019516849018717
ID_IQCCG4,0.3245095201450271,0.3245095201450271,0.4752703265047082,0.4752703265047082,0.3853868267214029,0.3853868267214029
ID_HK96CL,0.2843070833410741,0.2843070833410741,0.3074401018843353,0.3074401018843353,0.2703932691048736,0.2703932691048736
ID_W551QM,0.36006142161255505,0.36006142161255505,0.34690224520270035,0.34690224520270035,0.3873224413669114,0.3873224413669114
ID_HTULB2,0.3210324763907246,0.3210324763907246,0.33282134407664643,0.33282134407664643,0.4085680102241199,0.4085680102241199
ID_FPAEGW,0.31564501171419834,0.31564501171419834,0.2725764235728579,0.2725764235728579,0.24559377270835855,0.24559377270835855
ID_USIVPK,0.31564501171419834,0.31564501171419834,0.2725764235728579,0.2725764235728579,0.24559377270835855,0.24559377270835855
ID_GV4GIF,0.31564501171419834,0.31564501171419834,0.2725764235728579,0.2725764235728579,0.24559377270835855,0.24559377270835855
ID_0CTOW2,0.31564501171419834,0.31564501171419834,0.28234713324022626,0.28234713324022626,0.25619022907815897,0.25619022907815897
ID_05TMIM,0.3210324763907246,0.3210324763907246,0.33282134407664643,0.33282134407664643,0.4085680102241199,0.4085680102241199
ID_J0T940,0.5452273788333595,0.5452273788333595,0.4922034909592083,0.4922034909592083,0.5553707169982722,0.5553707169982722
ID_H3YES4,0.18425594586825988,0.18425594586825988,0.17692576807069882,0.17692576807069882,0.24604639842119821,0.24604639842119821
ID_KPTHEC,0.18425594586825988,0.18425594586825988,0.17692576807069882,0.17692576807069882,0.24604639842119821,0.24604639842119821
ID_EKJDOM,0.060783082639062916,0.060783082639062916,0.05992091673849001,0.05992091673849001,0.060536783935887906,0.060536783935887906
ID_XEHOXQ,0.025765448168087148,0.025765448168087148,0.013789812412719111,0.013789812412719111,0.014622568129356134,0.014622568129356134
ID_QXDDYU,0.025765448168087148,0.025765448168087148,0.013789812412719111,0.013789812412719111,0.014622568129356134,0.014622568129356134
ID_4A2QA2,0.18425594586825988,0.18425594586825988,0.17692576807069882,0.17692576807069882,0.24604639842119821,0.24604639842119821
ID_2IQTJO,0.1292449079193947,0.1292449079193947,0.2731580000121227,0.2731580000121227,0.2188622772905962,0.2188622772905962
ID_YZ9922,0.02505648971315889,0.02505648971315889,0.013302380857547548,0.013302380857547548,0.013761713956069963,0.013761713956069963
ID_FCWH1E,0.1292449079193947,0.1292449079193947,0.2731580000121227,0.2731580000121227,0.2188622772905962,0.2188622772905962
ID_SC21VU,0.0546271792728554,0.0546271792728554,0.04958777965867819,0.04958777965867819,0.04947991420758012,0.04947991420758012
ID_GOXV1Z,0.025984746413701184,0.025984746413701184,0.016916468755063595,0.016916468755063595,0.01737976952551163,0.01737976952551163
ID_52ZE81,0.4942812269968147,0.4942812269968147,0.48712016050851403,0.48712016050851403,0.5967049716843414,0.5967049716843414
ID_TDZYO5,0.3954359905880934,0.3954359905880934,0.33766319509980014,0.33766319509980014,0.3349028685177845,0.3349028685177845
ID_33W80K,0.46971135092068345,0.46971135092068345,0.43860886440847247,0.43860886440847247,0.4388576310123641,0.4388576310123641
ID_3MMPJG,0.11869962765918708,0.11869962765918708,0.20640099102632167,0.20640099102632167,0.34929736132386713,0.34929736132386713
ID_FJF1VV,0.02497635496583922,0.02497635496583922,0.013260189817744544,0.013260189817744544,0.01833632594392745,0.01833632594392745
ID_FSHJRR,0.0252167461234153,0.0252167461234153,0.015056080152940188,0.015056080152940188,0.015221532662416614,0.015221532662416614
ID_3ZRYR8,0.13264754154000533,0.13264754154000533,0.2864066584149829,0.2864066584149829,0.20930458998177906,0.20930458998177906
ID_ITFJ7K,0.1292449079193947,0.1292449079193947,0.2731580000121227,0.2731580000121227,0.2188622772905962,0.2188622772905962
ID_Q0OHFE,0.08074618648482088,0.08074618648482088,0.1557152602484239,0.1557152602484239,0.15697579691607885,0.15697579691607885
ID_8WDSXP,0.19295509239548767,0.19295509239548767,0.2169089344843719,0.2169089344843719,0.3955431865074943,0.3955431865074943
ID_LBTY56,0.49884338999457134,0.49884338999457134,0.44067264582607824,0.44067264582607824,0.5029835170450032,0.5029835170450032
ID_LEDDTJ,0.1287413663238093,0.1287413663238093,0.1463810394671682,0.1463810394671682,0.21290169982190527,0.21290169982190527
ID_GAJC6C,0.0934059674279761,0.0934059674279761,0.20897700367547126,0.20897700367547126,0.18488814289180797,0.18488814289180797
ID_ELD3MH,0.3940166271939164,0.3940166271939164,0.4391808576480286,0.4391808576480286,0.3986994989186703,0.3986994989186703
ID_N9VEKC,0.02497635496583922,0.02497635496583922,0.013260189817744544,0.013260189817744544,0.01833632594392745,0.01833632594392745
ID_F0JB3Y,0.16587329893651964,0.16587329893651964,0.1602640021795488,0.1602640021795488,0.21392732447326038,0.21392732447326038
ID_BD1I07,0.08074618648482088,0.08074618648482088,0.1557152602484239,0.1557152602484239,0.15697579691607885,0.15697579691607885
ID_PK36UB,0.20092394606703234,0.20092394606703234,0.21697581837581303,0.21697581837581303,0.39369402139363413,0.39369402139363413
ID_Z6LO2B,0.025984746413701184,0.025984746413701184,0.01411948731879311,0.01411948731879311,0.014693600732186589,0.014693600732186589
ID_ZHUK1S,0.16587329893651964,0.16587329893651964,0.1602640021795488,0.1602640021795488,0.21392732447326038,0.21392732447326038
ID_T27921,0.5155679789653707,0.5155679789653707,0.4955780519004041,0.4955780519004041,0.5879546227256179,0.5879546227256179
ID_JGR6AQ,0.1292449079193947,0.1292449079193947,0.2731580000121227,0.2731580000121227,0.2188622772905962,0.2188622772905962
ID_L33I7Q,0.17436728288989747,0.17436728288989747,0.12260968318881575,0.12260968318881575,0.16836771101762296,0.16836771101762296
ID_SDE2W4,0.4463130581804731,0.4463130581804731,0.45735642194958126,0.45735642194958126,0.5123309174289088,0.5123309174289088
ID_7RLPJ7,0.0252167461234153,0.0252167461234153,0.013967401282087014,0.013967401282087014,0.014252043196324086,0.014252043196324086
ID_CVY7G5,0.1292449079193947,0.1292449079193947,0.2731580000121227,0.2731580000121227,0.2188622772905962,0.2188622772905962
ID_P6R9KZ,0.13728968079914777,0.13728968079914777,0.16203794968359306,0.16203794968359306,0.23948677938507443,0.23948677938507443
ID_T5EPM7,0.0546271792728554,0.0546271792728554,0.04958777965867819,0.04958777965867819,0.04947991420758012,0.04947991420758012
ID_4POEBX,0.16587329893651964,0.16587329893651964,0.1602640021795488,0.1602640021795488,0.21392732447326038,0.21392732447326038
ID_0H3T5P,0.23678339827062084,0.23678339827062084,0.2920797922104135,0.2920797922104135,0.2981950198712466,0.2981950198712466
ID_B8FR1Y,0.16587329893651964,0.16587329893651964,0.1602640021795488,0.1602640021795488,0.21392732447326038,0.21392732447326038
ID_0256XQ,0.08074618648482088,0.08074618648482088,0.1557152602484239,0.1557152602484239,0.15697579691607885,0.15697579691607885
ID_57ZCHT,0.1292449079193947,0.1292449079193947,0.2731580000121227,0.2731580000121227,0.2188622772905962,0.2188622772905962
ID_EJ4SY0,0.025765448168087148,0.025765448168087148,0.013789812412719111,0.013789812412719111,0.014622568129356134,0.014622568129356134
ID_IT9MAB,0.4180285199110087,0.4180285199110087,0.3411146794839535,0.3411146794839535,0.3637232255180388,0.3637232255180388
ID_WSFCW5,0.0934059674279761,0.0934059674279761,0.20897700367547126,0.20897700367547126,0.18488814289180797,0.18488814289180797
ID_P1OKAO,0.13728968079914777,0.13728968079914777,0.16203794968359306,0.16203794968359306,0.23948677938507443,0.23948677938507443
ID_2I2J7A,0.4180285199110087,0.4180285199110087,0.3411146794839535,0.3411146794839535,0.3637232255180388,0.3637232255180388
ID_F82ACJ,0.13728968079914777,0.13728968079914777,0.16203794968359306,0.16203794968359306,0.23948677938507443,0.23948677938507443
ID_CO3YKB,0.05897442828031785,0.05897442828031785,0.05864989235966335,0.05864989235966335,0.057990499570341,0.057990499570341
ID_TRRIAY,0.2047231580276644,0.2047231580276644,0.22108753741775294,0.22108753741775294,0.4105896466995788,0.4105896466995788
ID_LADXTU,0.5215104206640314,0.5215104206640314,0.4788268161689737,0.4788268161689737,0.5927430803794056,0.5927430803794056
ID_UFOXTP,0.1287413663238093,0.1287413663238093,0.1463810394671682,0.1463810394671682,0.21290169982190527,0.21290169982190527
ID_9Y8SJ2,0.02505648971315889,0.02505648971315889,0.013302380857547548,0.013302380857547548,0.013761713956069963,0.013761713956069963
ID_SZZNPA,0.02497635496583922,0.02497635496583922,0.013260189817744544,0.013260189817744544,0.01833632594392745,0.01833632594392745
ID_PLYHE5,0.1287413663238093,0.1287413663238093,0.1463810394671682,0.1463810394671682,0.21290169982190527,0.21290169982190527
ID_GY67O6,0.0546271792728554,0.0546271792728554,0.04958777965867819,0.04958777965867819,0.04947991420758012,0.04947991420758012
ID_CFM0IF,0.16587329893651964,0.16587329893651964,0.1602640021795488,0.1602640021795488,0.21392732447326038,0.21392732447326038
ID_XNWBKT,0.16587329893651964,0.16587329893651964,0.1602640021795488,0.1602640021795488,0.21392732447326038,0.21392732447326038
ID_3TOHD0,0.025984746413701184,0.025984746413701184,0.01411948731879311,0.01411948731879311,0.014693600732186589,0.014693600732186589
ID_FS3K1S,0.02497635496583922,0.02497635496583922,0.013260189817744544,0.013260189817744544,0.018544261501617476,0.018544261501617476
ID_15HY2V,0.02518490912882759,0.02518490912882759,0.015176785269822824,0.015176785269822824,0.018456780845878987,0.018456780845878987
ID_6GEWIC,0.4872481960305141,0.4872481960305141,0.47000137756023364,0.47000137756023364,0.48084333576110366,0.48084333576110366
ID_QJ4EVF,0.04835122401196282,0.04835122401196282,0.033057327991162344,0.033057327991162344,0.043439791565492325,0.043439791565492325
ID_V4E8OH,0.16587329893651964,0.16587329893651964,0.1602640021795488,0.1602640021795488,0.21392732447326038,0.21392732447326038
ID_P3LDUK,0.5160292159894837,0.5160292159894837,0.4938225367304868,0.4938225367304868,0.6025180623016217,0.6025180623016217
ID_XOPAOK,0.025984746413701184,0.025984746413701184,0.01411948731879311,0.01411948731879311,0.014693600732186589,0.014693600732186589
ID_QPL6BJ,0.02497635496583922,0.02497635496583922,0.013260189817744544,0.013260189817744544,0.01833632594392745,0.01833632594392745
ID_Q083IM,0.13264754154000533,0.13264754154000533,0.2864066584149829,0.2864066584149829,0.20930458998177906,0.20930458998177906
ID_W8VZXL,0.46971135092068345,0.46971135092068345,0.43860886440847247,0.43860886440847247,0.4388576310123641,0.4388576310123641
ID_CCE14R,0.025984746413701184,0.025984746413701184,0.01411948731879311,0.01411948731879311,0.014693600732186589,0.014693600732186589
ID_XQGVS0,0.0252167461234153,0.0252167461234153,0.013967401282087014,0.013967401282087014,0.014252043196324086,0.014252043196324086
ID_WQINPU,0.0259155983182373,0.0259155983182373,0.015862288900855025,0.015862288900855025,0.015409943913571164,0.015409943913571164
ID_UYCBVK,0.02497635496583922,0.02497635496583922,0.013260189817744544,0.013260189817744544,0.01833632594392745,0.01833632594392745
ID_32LKHY,0.02505648971315889,0.02505648971315889,0.013302380857547548,0.013302380857547548,0.013761713956069963,0.013761713956069963
ID_1JNSPA,0.060783082639062916,0.060783082639062916,0.05992091673849001,0.05992091673849001,0.060536783935887906,0.060536783935887906
ID_QX05AF,0.2600405744328661,0.2600405744328661,0.20704025973780876,0.20704025973780876,0.36249155544782985,0.36249155544782985
ID_NTVMKZ,0.025765448168087148,0.025765448168087148,0.013789812412719111,0.013789812412719111,0.014622568129356134,0.014622568129356134
ID_TFWN07,0.08074618648482088,0.08074618648482088,0.1557152602484239,0.1557152602484239,0.15697579691607885,0.15697579691607885
ID_17FHGU,0.02497635496583922,0.02497635496583922,0.013260189817744544,0.013260189817744544,0.018544261501617476,0.018544261501617476
ID_XNGF8B,0.02613489656385133,0.02613489656385133,0.017750509161349546,0.017750509161349546,0.017908857008032356,0.017908857008032356
ID_N7XBA6,0.027459924508137192,0.027459924508137192,0.013912023309186531,0.013912023309186531,0.049023702334441,0.049023702334441
ID_YBC4D9,0.03357220138925074,0.03357220138925074,0.024316961405317798,0.024316961405317798,0.06777289352514121,0.06777289352514121
ID_QLNWLL,0.02497635496583922,0.02497635496583922,0.013573512733575314,0.013573512733575314,0.013498602725091301,0.013498602725091301
ID_EE4T4P,0.031562598467357324,0.031562598467357324,0.0149665702387832,0.0149665702387832,0.047862784448224706,0.047862784448224706
ID_LM0UJO,0.04316761669560218,0.04316761669560218,0.030260344819422528,0.030260344819422528,0.08702523957460531,0.08702523957460531
ID_KXDRD1,0.035326535242088654,0.035326535242088654,0.03051049153243897,0.03051049153243897,0.020960242134969664,0.020960242134969664
ID_I27KUP,0.042293428660680615,0.042293428660680615,0.030061669709827966,0.030061669709827966,0.03160706969914044,0.03160706969914044
ID_O79OP7,0.03596746283585521,0.03596746283585521,0.02196808089705632,0.02196808089705632,0.06547209582230612,0.06547209582230612
ID_ESOM9C,0.03390252755078244,0.03390252755078244,0.021914876334868032,0.021914876334868032,0.05171305806885815,0.05171305806885815
ID_C1Z14J,0.0638558285825215,0.0638558285825215,0.04176038456826052,0.04176038456826052,0.257752881984127,0.257752881984127
ID_KQ2RJU,0.06339209326688228,0.06339209326688228,0.035346416634338754,0.035346416634338754,0.09405217550513599,0.09405217550513599
ID_UIOBYK,0.05892918344916169,0.05892918344916169,0.04052407015337612,0.04052407015337612,0.0840196361405686,0.0840196361405686
ID_9S3MDV,0.03596746283585521,0.03596746283585521,0.02196808089705632,0.02196808089705632,0.06547209582230612,0.06547209582230612
ID_EJ3RGR,0.02497635496583922,0.02497635496583922,0.013260189817744544,0.013260189817744544,0.013355575881800082,0.013355575881800082
ID_DFLOY8,0.05898344525074886,0.05898344525074886,0.03751811122618412,0.03751811122618412,0.08244283884585893,0.08244283884585893
ID_ZMEBI9,0.02497635496583922,0.02497635496583922,0.013196763763518762,0.013196763763518762,0.013335890852336937,0.013335890852336937
ID_NFTFJM,0.04528210483305632,0.04528210483305632,0.03189590436365488,0.03189590436365488,0.07940733900415296,0.07940733900415296
ID_G32IUY,0.02497635496583922,0.02497635496583922,0.013169463736218735,0.013169463736218735,0.013335890852336937,0.013335890852336937
ID_52FYY9,0.02497635496583922,0.02497635496583922,0.01320312788568261,0.01320312788568261,0.013326416998347905,0.013326416998347905
ID_F8KMPL,0.045383760625311256,0.045383760625311256,0.029380547114673278,0.029380547114673278,0.07812122554495074,0.07812122554495074
ID_HX20WC,0.05703140319318694,0.05703140319318694,0.039010845976591255,0.039010845976591255,0.09268211130432463,0.09268211130432463
ID_5GCMEA,0.05734505711491292,0.05734505711491292,0.039314334859574945,0.039314334859574945,0.11441487057635721,0.11441487057635721
ID_7EKCJ1,0.03596746283585521,0.03596746283585521,0.02196808089705632,0.02196808089705632,0.06547209582230612,0.06547209582230612
ID_K440VM,0.03596746283585521,0.03596746283585521,0.02196808089705632,0.02196808089705632,0.06547209582230612,0.06547209582230612
ID_14VB1C,0.04202639487532197,0.04202639487532197,0.02910556822265359,0.02910556822265359,0.06840010735196678,0.06840010735196678
ID_O2QYK1,0.05892918344916169,0.05892918344916169,0.04052407015337612,0.04052407015337612,0.0840196361405686,0.0840196361405686
ID_TVG6X9,0.04697962147865698,0.04697962147865698,0.032746834647005285,0.032746834647005285,0.07990622933897705,0.07990622933897705
ID_5QVDGC,0.031562598467357324,0.031562598467357324,0.0149665702387832,0.0149665702387832,0.047862784448224706,0.047862784448224706
ID_P1R0SN,0.04528210483305632,0.04528210483305632,0.03189590436365488,0.03189590436365488,0.07940733900415296,0.07940733900415296
ID_H1PGJK,0.048866368287698594,0.048866368287698594,0.03629092393665292,0.03629092393665292,0.03445237932136054,0.03445237932136054
ID_BRWHI8,0.05734505711491292,0.05734505711491292,0.039314334859574945,0.039314334859574945,0.11441487057635721,0.11441487057635721
ID_LTPY2G,0.03390252755078244,0.03390252755078244,0.021914876334868032,0.021914876334868032,0.05171305806885815,0.05171305806885815
ID_SZ244L,0.048866368287698594,0.048866368287698594,0.03629092393665292,0.03629092393665292,0.03445237932136054,0.03445237932136054
ID_K1L86J,0.23221226187848285,0.23221226187848285,0.19312672727368804,0.19312672727368804,0.2614545626472204,0.2614545626472204
ID_A6YFT4,0.028793035667447068,0.028793035667447068,0.018237262143941918,0.018237262143941918,0.045561756470460936,0.045561756470460936
ID_GJ2GXZ,0.03343514446251126,0.03343514446251126,0.027835506691487318,0.027835506691487318,0.05703630823208024,0.05703630823208024
ID_5NLU55,0.048866368287698594,0.048866368287698594,0.03629092393665292,0.03629092393665292,0.03445237932136054,0.03445237932136054
ID_5HBYOD,0.1223784945882932,0.1223784945882932,0.09968180631277629,0.09968180631277629,0.1723900964491628,0.1723900964491628
ID_JFHIVO,0.03357220138925074,0.03357220138925074,0.024316961405317798,0.024316961405317798,0.06777289352514121,0.06777289352514121
ID_KXM5JC,0.02497635496583922,0.02497635496583922,0.013169463736218735,0.013169463736218735,0.013335890852336937,0.013335890852336937
ID_9KQ8G6,0.03596746283585521,0.03596746283585521,0.02196808089705632,0.02196808089705632,0.06547209582230612,0.06547209582230612
ID_QRHP7W,0.03596746283585521,0.03596746283585521,0.02196808089705632,0.02196808089705632,0.06547209582230612,0.06547209582230612
ID_G27PI8,0.042701294553089006,0.042701294553089006,0.0264589363438318,0.0264589363438318,0.027808704693869833,0.027808704693869833
ID_SZLKA0,0.03978077685343938,0.03978077685343938,0.03246257009165707,0.03246257009165707,0.025884270758245474,0.025884270758245474
ID_79HBLQ,0.027443828258305106,0.027443828258305106,0.017876331057787794,0.017876331057787794,0.06069811846428525,0.06069811846428525
ID_Y1H3MW,0.02497635496583922,0.02497635496583922,0.013169463736218735,0.013169463736218735,0.013335890852336937,0.013335890852336937
ID_Y3V3CO,0.1582076387315686,0.1582076387315686,0.0871607535170332,0.0871607535170332,0.17075695376130198,0.17075695376130198
ID_JSJ61E,0.04347319825947178,0.04347319825947178,0.032976196046989426,0.032976196046989426,0.0905316949027071,0.0905316949027071
ID_T9D5YO,0.02497635496583922,0.02497635496583922,0.013169463736218735,0.013169463736218735,0.013335890852336937,0.013335890852336937
ID_6MHG7Q,0.1582076387315686,0.1582076387315686,0.0871607535170332,0.0871607535170332,0.17075695376130198,0.17075695376130198
ID_UR8QH2,0.03795886809606469,0.03795886809606469,0.0263890667759459,0.0263890667759459,0.0774136515752713,0.0774136515752713
ID_W3SGDD,0.02497635496583922,0.02497635496583922,0.01320312788568261,0.01320312788568261,0.013326416998347905,0.013326416998347905
ID_B3I0HN,0.03298085939751604,0.03298085939751604,0.019880524968598868,0.019880524968598868,0.06156151938267297,0.06156151938267297
ID_WFV9C0,0.026955810306804218,0.026955810306804218,0.017568421466279592,0.017568421466279592,0.05936689798757965,0.05936689798757965
ID_5IQK6W,0.03390252755078244,0.03390252755078244,0.021914876334868032,0.021914876334868032,0.05171305806885815,0.05171305806885815
ID_PBD5R8,0.027459924508137192,0.027459924508137192,0.013912023309186531,0.013912023309186531,0.049023702334441,0.049023702334441
ID_R484DJ,0.04288345330616079,0.04288345330616079,0.02756836817708115,0.02756836817708115,0.02811186382902895,0.02811186382902895
ID_BIVIM6,0.042701294553089006,0.042701294553089006,0.0264589363438318,0.0264589363438318,0.027808704693869833,0.027808704693869833
ID_BXRC0F,0.03596746283585521,0.03596746283585521,0.02196808089705632,0.02196808089705632,0.06547209582230612,0.06547209582230612
ID_6H2MJS,0.03927070339063349,0.03927070339063349,0.02915766924926648,0.02915766924926648,0.07079483561814083,0.07079483561814083
ID_348H1F,0.06029523388683906,0.06029523388683906,0.04201503556266904,0.04201503556266904,0.10697914180823165,0.10697914180823165
ID_VIP5UD,0.03357220138925074,0.03357220138925074,0.024316961405317798,0.024316961405317798,0.06777289352514121,0.06777289352514121
ID_DJT4KL,0.02497635496583922,0.02497635496583922,0.013169463736218735,0.013169463736218735,0.013335890852336937,0.013335890852336937
ID_4O9FZR,0.03290476528742564,0.03290476528742564,0.02868114262423231,0.02868114262423231,0.06250916098464925,0.06250916098464925
ID_4S1COK,0.04347319825947178,0.04347319825947178,0.032976196046989426,0.032976196046989426,0.0905316949027071,0.0905316949027071
ID_JTBQR7,0.04347319825947178,0.04347319825947178,0.032976196046989426,0.032976196046989426,0.0905316949027071,0.0905316949027071
ID_8XLXKL,0.031562598467357324,0.031562598467357324,0.0149665702387832,0.0149665702387832,0.047862784448224706,0.047862784448224706
ID_30WM42,0.05734505711491292,0.05734505711491292,0.039314334859574945,0.039314334859574945,0.11441487057635721,0.11441487057635721
ID_1IG1YN,0.04316761669560218,0.04316761669560218,0.030260344819422528,0.030260344819422528,0.08702523957460531,0.08702523957460531
ID_OZDM1S,0.02497635496583922,0.02497635496583922,0.013169463736218735,0.013169463736218735,0.013335890852336937,0.013335890852336937
ID_EPIA8E,0.04347319825947178,0.04347319825947178,0.032976196046989426,0.032976196046989426,0.0905316949027071,0.0905316949027071
ID_1PV3T5,0.02497635496583922,0.02497635496583922,0.013169463736218735,0.013169463736218735,0.013335890852336937,0.013335890852336937
ID_8UHEOJ,0.042701294553089006,0.042701294553089006,0.0264589363438318,0.0264589363438318,0.027808704693869833,0.027808704693869833
ID_8EPQZD,0.045383760625311256,0.045383760625311256,0.029380547114673278,0.029380547114673278,0.07812122554495074,0.07812122554495074
ID_V5WCDP,0.12725979742604898,0.12725979742604898,0.1124214422679041,0.1124214422679041,0.19679936243445117,0.19679936243445117
ID_A0P2EE,0.02497635496583922,0.02497635496583922,0.013169463736218735,0.013169463736218735,0.013335890852336937,0.013335890852336937
ID_C0ECIX,0.055189223201387264,0.055189223201387264,0.031078593213525862,0.031078593213525862,0.08802724576892554,0.08802724576892554
ID_C1HUBS,0.02497635496583922,0.02497635496583922,0.013169463736218735,0.013169463736218735,0.013335890852336937,0.013335890852336937
ID_NWDA17,0.05703140319318694,0.05703140319318694,0.039010845976591255,0.039010845976591255,0.09268211130432463,0.09268211130432463
ID_OL060P,0.03357220138925074,0.03357220138925074,0.024316961405317798,0.024316961405317798,0.06777289352514121,0.06777289352514121
ID_XCVVZQ,0.12971669229752902,0.12971669229752902,0.11385087557054613,0.11385087557054613,0.20135156375670002,0.20135156375670002
ID_7RD23T,0.04103888281631393,0.04103888281631393,0.03787231262955777,0.03787231262955777,0.2098315373055417,0.2098315373055417
ID_ZK5F0Y,0.048866368287698594,0.048866368287698594,0.03629092393665292,0.03629092393665292,0.03445237932136054,0.03445237932136054
ID_G84HTM,0.02783084512278084,0.02783084512278084,0.015385003661114872,0.015385003661114872,0.05106768292784961,0.05106768292784961
ID_PU2FBZ,0.0383850881667461,0.0383850881667461,0.027063271998950325,0.027063271998950325,0.059835298543523714,0.059835298543523714
ID_C08HEJ,0.03357220138925074,0.03357220138925074,0.024316961405317798,0.024316961405317798,0.06777289352514121,0.06777289352514121
ID_735U96,0.02994570661212125,0.02994570661212125,0.020933517235322368,0.020933517235322368,0.06217771026352205,0.06217771026352205
ID_NSVW0U,0.05703140319318694,0.05703140319318694,0.039010845976591255,0.039010845976591255,0.09268211130432463,0.09268211130432463
ID_YI1DVD,0.03596746283585521,0.03596746283585521,0.02196808089705632,0.02196808089705632,0.06547209582230612,0.06547209582230612
ID_GRCY09,0.03390252755078244,0.03390252755078244,0.021914876334868032,0.021914876334868032,0.05171305806885815,0.05171305806885815
ID_TP6IPK,0.02497635496583922,0.02497635496583922,0.013205626325681051,0.013205626325681051,0.013355575881800082,0.013355575881800082
ID_HT2H75,0.03390252755078244,0.03390252755078244,0.021914876334868032,0.021914876334868032,0.05171305806885815,0.05171305806885815
ID_S3J1DY,0.042234431397956046,0.042234431397956046,0.030829656506763822,0.030829656506763822,0.06921778857681211,0.06921778857681211
ID_58TJGH,0.04706751837528618,0.04706751837528618,0.0480218910358977,0.0480218910358977,0.13066669240576947,0.13066669240576947
ID_YRLOVX,0.02497635496583922,0.02497635496583922,0.013169463736218735,0.013169463736218735,0.013335890852336937,0.013335890852336937
ID_TZHJRP,0.04528210483305632,0.04528210483305632,0.03189590436365488,0.03189590436365488,0.07940733900415296,0.07940733900415296
ID_KDNPHD,0.1336663188576269,0.1336663188576269,0.11850000248985239,0.11850000248985239,0.3415239203380694,0.3415239203380694
ID_8ZZTUS,0.09667749041675641,0.09667749041675641,0.08820173360735428,0.08820173360735428,0.1594732815459628,0.1594732815459628
ID_FBXD4Q,0.1223784945882932,0.1223784945882932,0.09968180631277629,0.09968180631277629,0.1723900964491628,0.1723900964491628
ID_QXYRCY,0.028857402879345802,0.028857402879345802,0.0201608261108614,0.0201608261108614,0.04794270851605683,0.04794270851605683
ID_OKTZEM,0.03390252755078244,0.03390252755078244,0.021914876334868032,0.021914876334868032,0.05171305806885815,0.05171305806885815
ID_84I8VZ,0.04031602406875562,0.04031602406875562,0.031761137350922425,0.031761137350922425,0.07776768527428915,0.07776768527428915
ID_5IF81A,0.03786841064870351,0.03786841064870351,0.029627586482375734,0.029627586482375734,0.08054843960063782,0.08054843960063782
ID_Y65O7E,0.07767248041261578,0.07767248041261578,0.04933580349062885,0.04933580349062885,0.13928243984946698,0.13928243984946698
ID_DGJE41,0.03357220138925074,0.03357220138925074,0.024316961405317798,0.024316961405317798,0.06777289352514121,0.06777289352514121
ID_5Z8WPJ,0.15982465761967984,0.15982465761967984,0.14469800696346335,0.14469800696346335,0.3880622233089618,0.3880622233089618
ID_KSMN02,0.03596746283585521,0.03596746283585521,0.02196808089705632,0.02196808089705632,0.06547209582230612,0.06547209582230612
ID_37FGZN,0.04166407655396716,0.04166407655396716,0.024643399054435768,0.024643399054435768,0.025642731540647667,0.025642731540647667
ID_5CE2HM,0.048866368287698594,0.048866368287698594,0.03629092393665292,0.03629092393665292,0.03445237932136054,0.03445237932136054
ID_5RBX0G,0.042234431397956046,0.042234431397956046,0.030829656506763822,0.030829656506763822,0.06921778857681211,0.06921778857681211
ID_VC3C3E,0.042701294553089006,0.042701294553089006,0.0264589363438318,0.0264589363438318,0.027808704693869833,0.027808704693869833
ID_CD4GLQ,0.03390252755078244,0.03390252755078244,0.021914876334868032,0.021914876334868032,0.05171305806885815,0.05171305806885815
ID_YYXB5J,0.03795886809606469,0.03795886809606469,0.0263890667759459,0.0263890667759459,0.0774136515752713,0.0774136515752713
ID_QL8IAR,0.030455876548677232,0.030455876548677232,0.021204580046340876,0.021204580046340876,0.06360114535108866,0.06360114535108866
ID_BHNY0O,0.03596746283585521,0.03596746283585521,0.02196808089705632,0.02196808089705632,0.06547209582230612,0.06547209582230612
ID_G6NIUE,0.03357220138925074,0.03357220138925074,0.024316961405317798,0.024316961405317798,0.06777289352514121,0.06777289352514121
ID_ATBCP0,0.03803083623927536,0.03803083623927536,0.028269148717914083,0.028269148717914083,0.06500097438893568,0.06500097438893568
ID_K0PEGT,0.02497635496583922,0.02497635496583922,0.013169463736218735,0.013169463736218735,0.013335890852336937,0.013335890852336937
ID_JDD3BW,0.030780706586376837,0.030780706586376837,0.025291615944402098,0.025291615944402098,0.0657020438150949,0.0657020438150949
ID_KUBEQ7,0.14027204726987835,0.14027204726987835,0.12723684989821477,0.12723684989821477,0.3481529704868743,0.3481529704868743
ID_2UB21W,0.055559994836627324,0.055559994836627324,0.036562403723815556,0.036562403723815556,0.08838887824593672,0.08838887824593672
ID_Q12WSA,0.03786841064870351,0.03786841064870351,0.029627586482375734,0.029627586482375734,0.08054843960063782,0.08054843960063782
ID_JX2N58,0.04202639487532197,0.04202639487532197,0.02910556822265359,0.02910556822265359,0.06840010735196678,0.06840010735196678
ID_II3KSP,0.04528210483305632,0.04528210483305632,0.03189590436365488,0.03189590436365488,0.07940733900415296,0.07940733900415296
ID_NK8O2D,0.033421217738042505,0.033421217738042505,0.020209627325946597,0.020209627325946597,0.049864231490618395,0.049864231490618395
ID_P452M6,0.02497635496583922,0.02497635496583922,0.01320312788568261,0.01320312788568261,0.013326416998347905,0.013326416998347905
ID_LFFY7U,0.03055972138970702,0.03055972138970702,0.022784957653852314,0.022784957653852314,0.051377756538096585,0.051377756538096585
ID_PTUVXH,0.026955810306804218,0.026955810306804218,0.017568421466279592,0.017568421466279592,0.05936689798757965,0.05936689798757965
ID_0HSCEO,0.031562598467357324,0.031562598467357324,0.0149665702387832,0.0149665702387832,0.047862784448224706,0.047862784448224706
ID_SSW9WR,0.04031602406875562,0.04031602406875562,0.031761137350922425,0.031761137350922425,0.07776768527428915,0.07776768527428915
ID_PD8ZQY,0.02497635496583922,0.02497635496583922,0.013196763763518762,0.013196763763518762,0.013335890852336937,0.013335890852336937
ID_263TA4,0.02497635496583922,0.02497635496583922,0.013169463736218735,0.013169463736218735,0.013335890852336937,0.013335890852336937
ID_B1FONR,0.03390252755078244,0.03390252755078244,0.021914876334868032,0.021914876334868032,0.05171305806885815,0.05171305806885815
ID_7NF6CG,0.09014133254603421,0.09014133254603421,0.09179165250538036,0.09179165250538036,0.1653236989666575,0.1653236989666575
ID_ENK045,0.03357220138925074,0.03357220138925074,0.024316961405317798,0.024316961405317798,0.06777289352514121,0.06777289352514121
ID_GR98DJ,0.048866368287698594,0.048866368287698594,0.03629092393665292,0.03629092393665292,0.03445237932136054,0.03445237932136054
ID_QRJ1XO,0.04347319825947178,0.04347319825947178,0.032976196046989426,0.032976196046989426,0.0905316949027071,0.0905316949027071
ID_3P5A12,0.02497635496583922,0.02497635496583922,0.01320312788568261,0.01320312788568261,0.013326416998347905,0.013326416998347905
ID_PZAIQH,0.03596746283585521,0.03596746283585521,0.02196808089705632,0.02196808089705632,0.06547209582230612,0.06547209582230612
ID_O61SU7,0.02497635496583922,0.02497635496583922,0.013169463736218735,0.013169463736218735,0.013335890852336937,0.013335890852336937
ID_9ZBFLX,0.02497635496583922,0.02497635496583922,0.01320312788568261,0.01320312788568261,0.013326416998347905,0.013326416998347905
ID_BY2R2J,0.16188070018972817,0.16188070018972817,0.08303307854125547,0.08303307854125547,0.2306363044306164,0.2306363044306164
ID_FJIOSZ,0.027459924508137192,0.027459924508137192,0.013912023309186531,0.013912023309186531,0.049023702334441,0.049023702334441
ID_OYBZ3H,0.048866368287698594,0.048866368287698594,0.03629092393665292,0.03629092393665292,0.03445237932136054,0.03445237932136054
ID_NQX0O8,0.04316761669560218,0.04316761669560218,0.030260344819422528,0.030260344819422528,0.08702523957460531,0.08702523957460531
ID_SLZDS2,0.02497635496583922,0.02497635496583922,0.013169463736218735,0.013169463736218735,0.013335890852336937,0.013335890852336937
ID_E78DPX,0.05734505711491292,0.05734505711491292,0.039314334859574945,0.039314334859574945,0.11441487057635721,0.11441487057635721
ID_RQP6K9,0.0383850881667461,0.0383850881667461,0.027063271998950325,0.027063271998950325,0.059835298543523714,0.059835298543523714
ID_IOLDZU,0.03724079486389355,0.03724079486389355,0.01985703514945899,0.01985703514945899,0.04237977456589622,0.04237977456589622
ID_SNXHFB,0.025474788493975685,0.025474788493975685,0.013622429737385311,0.013622429737385311,0.013355575881800082,0.013355575881800082
ID_MS1WPS,0.025474788493975685,0.025474788493975685,0.017679943139291773,0.017679943139291773,0.01441828350984216,0.01441828350984216
ID_HN3HHR,0.025474788493975685,0.025474788493975685,0.016460014036805557,0.016460014036805557,0.013355575881800082,0.013355575881800082
ID_HGDR69,0.025474788493975685,0.025474788493975685,0.017679943139291773,0.017679943139291773,0.01441828350984216,0.01441828350984216
ID_KQ5EXO,0.027275966670690505,0.027275966670690505,0.03106312873825895,0.03106312873825895,0.04467892730088789,0.04467892730088789
ID_CC0VYL,0.0390181348119433,0.0390181348119433,0.026497413816811984,0.026497413816811984,0.06312146578615793,0.06312146578615793
ID_R6WWCC,0.028695842456908635,0.028695842456908635,0.02703137545496318,0.02703137545496318,0.1025597156385371,0.1025597156385371
ID_SWOCAQ,0.025474788493975685,0.025474788493975685,0.01398619901491399,0.01398619901491399,0.013434847176582727,0.013434847176582727
ID_WHGARU,0.03691093545800035,0.03691093545800035,0.019788538245519047,0.019788538245519047,0.049939743420411443,0.049939743420411443
ID_73ULWE,0.02497635496583922,0.02497635496583922,0.017088652491238785,0.017088652491238785,0.013928657004480104,0.013928657004480104
ID_P1B4GG,0.02607692416427357,0.02607692416427357,0.020030526448209757,0.020030526448209757,0.05824024389152737,0.05824024389152737
ID_F5NM15,0.025474788493975685,0.025474788493975685,0.014281563150865526,0.014281563150865526,0.013394245642047569,0.013394245642047569
ID_7XJF6O,0.025474788493975685,0.025474788493975685,0.01389968862521657,0.01389968862521657,0.013409080429686653,0.013409080429686653
ID_ALWNWF,0.025474788493975685,0.025474788493975685,0.017805903942543413,0.017805903942543413,0.014457996994003191,0.014457996994003191
ID_FOX8D1,0.025474788493975685,0.025474788493975685,0.016460014036805557,0.016460014036805557,0.013355575881800082,0.013355575881800082
ID_UO8NL5,0.025474788493975685,0.025474788493975685,0.013590531810750543,0.013590531810750543,0.013355575881800082,0.013355575881800082
ID_004DL7,0.025474788493975685,0.025474788493975685,0.01389968862521657,0.01389968862521657,0.013409080429686653,0.013409080429686653
ID_CFSK8V,0.025474788493975685,0.025474788493975685,0.013622429737385311,0.013622429737385311,0.013355575881800082,0.013355575881800082
ID_X9KR9T,0.02497635496583922,0.02497635496583922,0.013382479584703634,0.013382479584703634,0.01328034466478421,0.01328034466478421
ID_Q3PK1O,0.025474788493975685,0.025474788493975685,0.01398619901491399,0.01398619901491399,0.013434847176582727,0.013434847176582727
ID_M62ZZR,0.025474788493975685,0.025474788493975685,0.01389968862521657,0.01389968862521657,0.013409080429686653,0.013409080429686653
ID_UOIFEC,0.025474788493975685,0.025474788493975685,0.013731279836922442,0.013731279836922442,0.013309503548236387,0.013309503548236387
ID_D1D4RK,0.025474788493975685,0.025474788493975685,0.01398619901491399,0.01398619901491399,0.013434847176582727,0.013434847176582727
ID_YZJB0C,0.025474788493975685,0.025474788493975685,0.01389968862521657,0.01389968862521657,0.013409080429686653,0.013409080429686653
ID_0NPRVJ,0.025474788493975685,0.025474788493975685,0.013622429737385311,0.013622429737385311,0.013355575881800082,0.013355575881800082
ID_8BZS64,0.025474788493975685,0.025474788493975685,0.013485214925542353,0.013485214925542353,0.013309503548236387,0.013309503548236387
ID_ZTXB6J,0.025474788493975685,0.025474788493975685,0.013590531810750543,0.013590531810750543,0.013355575881800082,0.013355575881800082
ID_0ZEYV1,0.027941293649362306,0.027941293649362306,0.023700485515501808,0.023700485515501808,0.10534222328155812,0.10534222328155812
ID_OVMHV9,0.025474788493975685,0.025474788493975685,0.016460014036805557,0.016460014036805557,0.013355575881800082,0.013355575881800082
ID_T6YHHW,0.025474788493975685,0.025474788493975685,0.013622429737385311,0.013622429737385311,0.013355575881800082,0.013355575881800082
ID_L6J9SJ,0.025495492427723095,0.025495492427723095,0.01602257205881114,0.01602257205881114,0.0255500425069511,0.0255500425069511
ID_VD5NIC,0.026942019831051957,0.026942019831051957,0.030901653268390592,0.030901653268390592,0.04606013150470974,0.04606013150470974
ID_AKV0AN,0.025474788493975685,0.025474788493975685,0.014066658361463636,0.014066658361463636,0.013355575881800082,0.013355575881800082
ID_5MQI2A,0.025474788493975685,0.025474788493975685,0.01389968862521657,0.01389968862521657,0.013409080429686653,0.013409080429686653
ID_8T676E,0.025474788493975685,0.025474788493975685,0.01805493929259698,0.01805493929259698,0.014364728834079103,0.014364728834079103
ID_80I3YJ,0.025474788493975685,0.025474788493975685,0.01389968862521657,0.01389968862521657,0.013409080429686653,0.013409080429686653
ID_AJ2J12,0.02497635496583922,0.02497635496583922,0.013382479584703634,0.013382479584703634,0.01328034466478421,0.01328034466478421
ID_IYSD3F,0.025474788493975685,0.025474788493975685,0.017944556491859602,0.017944556491859602,0.015076736406855987,0.015076736406855987
ID_QXMOH6,0.025474788493975685,0.025474788493975685,0.013590531810750543,0.013590531810750543,0.013355575881800082,0.013355575881800082
ID_LRD6RE,0.02553988248970552,0.02553988248970552,0.013748125071643406,0.013748125071643406,0.013355575881800082,0.013355575881800082
ID_8H40BW,0.025474788493975685,0.025474788493975685,0.01389968862521657,0.01389968862521657,0.013409080429686653,0.013409080429686653
ID_KGCLKE,0.027275966670690505,0.027275966670690505,0.031012906102857712,0.031012906102857712,0.04628263506212103,0.04628263506212103
ID_IVC3Q9,0.025474788493975685,0.025474788493975685,0.01398619901491399,0.01398619901491399,0.013434847176582727,0.013434847176582727
ID_YBET63,0.02607692416427357,0.02607692416427357,0.020030526448209757,0.020030526448209757,0.05824024389152737,0.05824024389152737
ID_LKVF8D,0.025474788493975685,0.025474788493975685,0.013775425098943432,0.013775425098943432,0.013348173308483873,0.013348173308483873
ID_N0KRIO,0.025578648820825674,0.025578648820825674,0.017202239829168367,0.017202239829168367,0.013650487867599244,0.013650487867599244
ID_8OUOJV,0.02694677752470562,0.02694677752470562,0.020106961210998142,0.020106961210998142,0.05150958218765414,0.05150958218765414
ID_Y5B1VB,0.02497635496583922,0.02497635496583922,0.013348815435239756,0.013348815435239756,0.013381963185900632,0.013381963185900632
ID_GVBQQE,0.02497635496583922,0.02497635496583922,0.013348815435239756,0.013348815435239756,0.013381963185900632,0.013381963185900632
ID_SE1BFM,0.02497635496583922,0.02497635496583922,0.018197701015427448,0.018197701015427448,0.013939048504819598,0.013939048504819598
ID_MXRB9X,0.026155678600564412,0.026155678600564412,0.027946441451419137,0.027946441451419137,0.01688942121236329,0.01688942121236329
ID_JXBY22,0.02497635496583922,0.02497635496583922,0.01527111489116821,0.01527111489116821,0.013572215528645779,0.013572215528645779
ID_N6FNIX,0.025474788493975685,0.025474788493975685,0.016460014036805557,0.016460014036805557,0.013355575881800082,0.013355575881800082
ID_OORS9Y,0.025474788493975685,0.025474788493975685,0.017944556491859602,0.017944556491859602,0.015076736406855987,0.015076736406855987
ID_VU3YY8,0.025474788493975685,0.025474788493975685,0.017679943139291773,0.017679943139291773,0.01441828350984216,0.01441828350984216
ID_X65SMS,0.025578648820825674,0.025578648820825674,0.016280854619573102,0.016280854619573102,0.013592917343707475,0.013592917343707475
ID_8U14T8,0.026096647441449895,0.026096647441449895,0.02185837128192529,0.02185837128192529,0.0169958070815189,0.0169958070815189
ID_1J3E42,0.025474788493975685,0.025474788493975685,0.013630928305442828,0.013630928305442828,0.013355575881800082,0.013355575881800082
ID_BWGEAG,0.02691685505927847,0.02691685505927847,0.01600908471157438,0.01600908471157438,0.044432740033408566,0.044432740033408566
ID_M2AV6H,0.026678166345584398,0.026678166345584398,0.016403329603232333,0.016403329603232333,0.020758174114687184,0.020758174114687184
ID_WH3JS3,0.025474788493975685,0.025474788493975685,0.014281563150865526,0.014281563150865526,0.013394245642047569,0.013394245642047569
ID_NZ3V3Z,0.025474788493975685,0.025474788493975685,0.017944556491859602,0.017944556491859602,0.015076736406855987,0.015076736406855987
ID_XVUXT6,0.027244129676102794,0.027244129676102794,0.030901653268390592,0.030901653268390592,0.04613895690120149,0.04613895690120149
ID_OQLIHX,0.025474788493975685,0.025474788493975685,0.016460014036805557,0.016460014036805557,0.013355575881800082,0.013355575881800082
ID_ZQJL1B,0.025474788493975685,0.025474788493975685,0.01389968862521657,0.01389968862521657,0.013409080429686653,0.013409080429686653
ID_79Y7EX,0.026942019831051957,0.026942019831051957,0.030901653268390592,0.030901653268390592,0.04613895690120149,0.04613895690120149
ID_28J9J5,0.04833581978599776,0.04833581978599776,0.03739619664024874,0.03739619664024874,0.10588470461960514,0.10588470461960514
ID_910L6Y,0.026155678600564412,0.026155678600564412,0.02741127810765399,0.02741127810765399,0.01602025213970144,0.01602025213970144
ID_EN93YN,0.02555794488707826,0.02555794488707826,0.01414983346761922,0.01414983346761922,0.013382732831034578,0.013382732831034578
ID_38GYOD,0.025474788493975685,0.025474788493975685,0.01398619901491399,0.01398619901491399,0.013434847176582727,0.013434847176582727
ID_G7TIWW,0.025474788493975685,0.025474788493975685,0.017805903942543413,0.017805903942543413,0.014457996994003191,0.014457996994003191
ID_GFIAH6,0.025578648820825674,0.025578648820825674,0.016744949093764238,0.016744949093764238,0.013769020926157496,0.013769020926157496
ID_77P9GP,0.025578648820825674,0.025578648820825674,0.01420002018858119,0.01420002018858119,0.016396164348963228,0.016396164348963228
ID_8AL0A1,0.025474788493975685,0.025474788493975685,0.014281563150865526,0.014281563150865526,0.013394245642047569,0.013394245642047569
ID_EZDTQB,0.025474788493975685,0.025474788493975685,0.014281563150865526,0.014281563150865526,0.013394245642047569,0.013394245642047569
ID_9S11YT,0.025474788493975685,0.025474788493975685,0.01389968862521657,0.01389968862521657,0.013409080429686653,0.013409080429686653
ID_WWIG9X,0.025474788493975685,0.025474788493975685,0.013775425098943432,0.013775425098943432,0.013348173308483873,0.013348173308483873
ID_FH1O04,0.026599167397358486,0.026599167397358486,0.01572710317125587,0.01572710317125587,0.0335523083337578,0.0335523083337578
ID_1G39W0,0.02556058642345293,0.02556058642345293,0.01420002018858119,0.01420002018858119,0.016396164348963228,0.016396164348963228
ID_54AWCS,0.025920672953752225,0.025920672953752225,0.016058791606513825,0.016058791606513825,0.013641141109803589,0.013641141109803589
ID_EFML0I,0.050706220677223635,0.050706220677223635,0.046372859722949175,0.046372859722949175,0.06818662887303376,0.06818662887303376
ID_9561UW,0.025143452725013282,0.025143452725013282,0.013687029220589446,0.013687029220589446,0.01349449636294693,0.01349449636294693
ID_SKRXO8,0.025474788493975685,0.025474788493975685,0.013522898721095846,0.013522898721095846,0.013400297718473831,0.013400297718473831
ID_T1ZFPC,0.050668395594578426,0.050668395594578426,0.048744817514347914,0.048744817514347914,0.08091487096515164,0.08091487096515164
ID_GOZQWK,0.025899969020004816,0.025899969020004816,0.015182083480223194,0.015182083480223194,0.013555947738919423,0.013555947738919423
ID_JKBQHX,0.02512539032764054,0.02512539032764054,0.013607112521472581,0.013607112521472581,0.013480919510146423,0.013480919510146423
ID_IGRJAM,0.025474788493975685,0.025474788493975685,0.016231941469146735,0.016231941469146735,0.013355575881800082,0.013355575881800082
ID_5BWJ28,0.02497635496583922,0.02497635496583922,0.01715470150393166,0.01715470150393166,0.013958526925525244,0.013958526925525244
ID_GKAI11,0.025325753132174365,0.025325753132174365,0.016278366400320324,0.016278366400320324,0.013919689824959707,0.013919689824959707
ID_A6815G,0.02497635496583922,0.02497635496583922,0.01642848086840633,0.01642848086840633,0.014651398154116386,0.014651398154116386
ID_VIDOWQ,0.025474788493975685,0.025474788493975685,0.018222079931535958,0.018222079931535958,0.01452237615157594,0.01452237615157594
ID_OOOX4T,0.050706220677223635,0.050706220677223635,0.046372859722949175,0.046372859722949175,0.07275122248813388,0.07275122248813388
ID_AE9R4L,0.02497635496583922,0.02497635496583922,0.015085461068909583,0.015085461068909583,0.01351137279025217,0.01351137279025217
ID_F8AO95,0.025474788493975685,0.025474788493975685,0.014045410822844663,0.014045410822844663,0.013265176758703466,0.013265176758703466
ID_X6ZOJH,0.050706220677223635,0.050706220677223635,0.046372859722949175,0.046372859722949175,0.07275122248813388,0.07275122248813388
ID_O1TPCL,0.025495492427723095,0.025495492427723095,0.015099155459144007,0.015099155459144007,0.013375731839593813,0.013375731839593813
ID_UHXSJT,0.025325753132174365,0.025325753132174365,0.01366247756197968,0.01366247756197968,0.013492971264542512,0.013492971264542512
ID_O844TL,0.050706220677223635,0.050706220677223635,0.046372859722949175,0.046372859722949175,0.07275122248813388,0.07275122248813388
ID_AS1OS1,0.050706220677223635,0.050706220677223635,0.046372859722949175,0.046372859722949175,0.07275122248813388,0.07275122248813388
ID_MMEHS3,0.02497635496583922,0.02497635496583922,0.01715470150393166,0.01715470150393166,0.013958526925525244,0.013958526925525244
ID_CQFY1Y,0.03288752534428846,0.03288752534428846,0.03161356648409181,0.03161356648409181,0.04195644761757803,0.04195644761757803
ID_JGBB5Z,0.025474788493975685,0.025474788493975685,0.013522898721095846,0.013522898721095846,0.013400297718473831,0.013400297718473831
ID_5844IN,0.025495492427723095,0.025495492427723095,0.015099155459144007,0.015099155459144007,0.013375731839593813,0.013375731839593813
ID_1CHR0U,0.02512539032764054,0.02512539032764054,0.016349881226565836,0.016349881226565836,0.013409080429686653,0.013409080429686653
ID_KA4XEL,0.02556058642345293,0.02556058642345293,0.015279824142311133,0.015279824142311133,0.01350821794466197,0.01350821794466197
ID_HC45O8,0.025474788493975685,0.025474788493975685,0.014569416895048988,0.014569416895048988,0.014821462395334975,0.014821462395334975
ID_Q29LQD,0.050706220677223635,0.050706220677223635,0.046372859722949175,0.046372859722949175,0.06818662887303376,0.06818662887303376
ID_QJV4SK,0.050706220677223635,0.050706220677223635,0.046372859722949175,0.046372859722949175,0.07275122248813388,0.07275122248813388
ID_JNXALI,0.025474788493975685,0.025474788493975685,0.013522898721095846,0.013522898721095846,0.013400297718473831,0.013400297718473831
ID_G1IG7E,0.050706220677223635,0.050706220677223635,0.046372859722949175,0.046372859722949175,0.07275122248813388,0.07275122248813388
ID_8B0B3T,0.050668395594578426,0.050668395594578426,0.048744817514347914,0.048744817514347914,0.08547946458025177,0.08547946458025177
ID_2VT9FI,0.025474788493975685,0.025474788493975685,0.027759192236614827,0.027759192236614827,0.015445180887499896,0.015445180887499896
ID_WACT7O,0.04813644898080734,0.04813644898080734,0.05416285554527598,0.05416285554527598,0.04440329441726236,0.04440329441726236
ID_WNI8DN,0.050706220677223635,0.050706220677223635,0.046372859722949175,0.046372859722949175,0.07275122248813388,0.07275122248813388
ID_FQTAK3,0.025474788493975685,0.025474788493975685,0.013522898721095846,0.013522898721095846,0.013400297718473831,0.013400297718473831
ID_574DIZ,0.050706220677223635,0.050706220677223635,0.046372859722949175,0.046372859722949175,0.06818662887303376,0.06818662887303376
ID_7SDSE9,0.025325753132174365,0.025325753132174365,0.016278366400320324,0.016278366400320324,0.013919689824959707,0.013919689824959707
ID_DFV6SX,0.05333493071233267,0.05333493071233267,0.06684198813941797,0.06684198813941797,0.07068773119050671,0.07068773119050671
ID_SRC95U,0.050668395594578426,0.050668395594578426,0.048744817514347914,0.048744817514347914,0.08091487096515164,0.08091487096515164
ID_22PEEN,0.10237072030347517,0.10237072030347517,0.05969317720203377,0.05969317720203377,0.09044152338247818,0.09044152338247818
ID_NI4J6I,0.025474788493975685,0.025474788493975685,0.013522898721095846,0.013522898721095846,0.013400297718473831,0.013400297718473831
ID_9W1XKU,0.033397650956234995,0.033397650956234995,0.043164489458547936,0.043164489458547936,0.0357660202066665,0.0357660202066665
ID_EXXRVW,0.050668395594578426,0.050668395594578426,0.048744817514347914,0.048744817514347914,0.08091487096515164,0.08091487096515164
ID_X1B7HZ,0.02512539032764054,0.02512539032764054,0.013354691783479474,0.013354691783479474,0.013509331150586014,0.013509331150586014
ID_2Z66EB,0.025495492427723095,0.025495492427723095,0.015099155459144007,0.015099155459144007,0.013375731839593813,0.013375731839593813
ID_3DF023,0.025474788493975685,0.025474788493975685,0.014192968092596884,0.014192968092596884,0.013265176758703466,0.013265176758703466
ID_838T04,0.025143452725013282,0.025143452725013282,0.014122602711446882,0.014122602711446882,0.013853981442983351,0.013853981442983351
ID_DCRP7F,0.02497635496583922,0.02497635496583922,0.017112728006209485,0.017112728006209485,0.013692620067118931,0.013692620067118931
ID_9KDNRL,0.02497635496583922,0.02497635496583922,0.01715470150393166,0.01715470150393166,0.013958526925525244,0.013958526925525244
ID_LVSS4O,0.025474788493975685,0.025474788493975685,0.027759192236614827,0.027759192236614827,0.015445180887499896,0.015445180887499896
ID_YAUK98,0.02497635496583922,0.02497635496583922,0.013684013335190587,0.013684013335190587,0.013610224552351634,0.013610224552351634
ID_VZO2C8,0.02497635496583922,0.02497635496583922,0.01715470150393166,0.01715470150393166,0.013958526925525244,0.013958526925525244
ID_B22C03,0.050706220677223635,0.050706220677223635,0.046372859722949175,0.046372859722949175,0.07275122248813388,0.07275122248813388
ID_OSSELX,0.03288752534428846,0.03288752534428846,0.03161356648409181,0.03161356648409181,0.04195644761757803,0.04195644761757803
ID_RVMS83,0.02497635496583922,0.02497635496583922,0.01715470150393166,0.01715470150393166,0.013958526925525244,0.013958526925525244
ID_N9GDIY,0.10606713510285737,0.10606713510285737,0.0632320641180563,0.0632320641180563,0.12653034923753184,0.12653034923753184
ID_86DS0O,0.050706220677223635,0.050706220677223635,0.046372859722949175,0.046372859722949175,0.06818662887303376,0.06818662887303376
ID_ZBG39I,0.025474788493975685,0.025474788493975685,0.014192968092596884,0.014192968092596884,0.013265176758703466,0.013265176758703466
ID_FLWZUM,0.02497635496583922,0.02497635496583922,0.01715470150393166,0.01715470150393166,0.013958526925525244,0.013958526925525244
ID_B64QFC,0.025474788493975685,0.025474788493975685,0.014192968092596884,0.014192968092596884,0.013265176758703466,0.013265176758703466
ID_STOONH,0.050668395594578426,0.050668395594578426,0.048744817514347914,0.048744817514347914,0.08547946458025177,0.08547946458025177
ID_WOGWV5,0.025474788493975685,0.025474788493975685,0.014045410822844663,0.014045410822844663,0.013265176758703466,0.013265176758703466
ID_DHNB48,0.050706220677223635,0.050706220677223635,0.046372859722949175,0.046372859722949175,0.06818662887303376,0.06818662887303376
ID_VAEHAO,0.025495492427723095,0.025495492427723095,0.01507185543184398,0.01507185543184398,0.01339665907079622,0.01339665907079622
ID_HLN7YL,0.050706220677223635,0.050706220677223635,0.046372859722949175,0.046372859722949175,0.07275122248813388,0.07275122248813388
ID_JSD8GD,0.050706220677223635,0.050706220677223635,0.046372859722949175,0.046372859722949175,0.07275122248813388,0.07275122248813388
ID_YMYL5P,0.02497635496583922,0.02497635496583922,0.013684013335190587,0.013684013335190587,0.013610224552351634,0.013610224552351634
ID_JWJ6LD,0.025474788493975685,0.025474788493975685,0.013522898721095846,0.013522898721095846,0.013400297718473831,0.013400297718473831
ID_YW34VH,0.050706220677223635,0.050706220677223635,0.046372859722949175,0.046372859722949175,0.07275122248813388,0.07275122248813388
ID_X5FI4F,0.025918031417377557,0.025918031417377557,0.015445958743760764,0.015445958743760764,0.014733166949700319,0.014733166949700319
ID_HOX29F,0.025474788493975685,0.025474788493975685,0.013318529194017156,0.013318529194017156,0.013400297718473831,0.013400297718473831
ID_5EH9MJ,0.025920672953752225,0.025920672953752225,0.016058791606513825,0.016058791606513825,0.013641141109803589,0.013641141109803589
ID_D2SQ2F,0.03288752534428846,0.03288752534428846,0.03161356648409181,0.03161356648409181,0.04195644761757803,0.04195644761757803
ID_TMFZSB,0.050706220677223635,0.050706220677223635,0.046372859722949175,0.046372859722949175,0.07275122248813388,0.07275122248813388
ID_WZLIOZ,0.050668395594578426,0.050668395594578426,0.048744817514347914,0.048744817514347914,0.08547946458025177,0.08547946458025177
ID_GW81H7,0.025474788493975685,0.025474788493975685,0.013522898721095846,0.013522898721095846,0.013400297718473831,0.013400297718473831
ID_8H6FU1,0.025474788493975685,0.025474788493975685,0.013318529194017156,0.013318529194017156,0.013400297718473831,0.013400297718473831
ID_8Y8FZW,0.03288752534428846,0.03288752534428846,0.03161356648409181,0.03161356648409181,0.04195644761757803,0.04195644761757803
ID_QTMQF9,0.025899969020004816,0.025899969020004816,0.015182083480223194,0.015182083480223194,0.013555947738919423,0.013555947738919423
ID_MO29LK,0.025474788493975685,0.025474788493975685,0.014045410822844663,0.014045410822844663,0.013265176758703466,0.013265176758703466
ID_HEFVRV,0.03288752534428846,0.03288752534428846,0.03161356648409181,0.03161356648409181,0.04195644761757803,0.04195644761757803
ID_HM2KF9,0.025920672953752225,0.025920672953752225,0.015540873004668278,0.015540873004668278,0.01457556241552729,0.01457556241552729
ID_T2LQRI,0.03279801577653018,0.03279801577653018,0.036177603592209256,0.036177603592209256,0.02510469130562545,0.02510469130562545
ID_WKW5QW,0.025474788493975685,0.025474788493975685,0.013649729764685339,0.013649729764685339,0.03697854395635557,0.03697854395635557
ID_YW71NA,0.025474788493975685,0.025474788493975685,0.013522898721095846,0.013522898721095846,0.013400297718473831,0.013400297718473831
ID_WG14C6,0.025474788493975685,0.025474788493975685,0.014045410822844663,0.014045410822844663,0.013265176758703466,0.013265176758703466
ID_ZWP9EJ,0.025325753132174365,0.025325753132174365,0.016278366400320324,0.016278366400320324,0.013919689824959707,0.013919689824959707
ID_N694IA,0.025474788493975685,0.025474788493975685,0.013318529194017156,0.013318529194017156,0.013400297718473831,0.013400297718473831
ID_BADU0T,0.025325753132174365,0.025325753132174365,0.016665245454475407,0.016665245454475407,0.013958541617395234,0.013958541617395234
ID_3X96G5,0.025899969020004816,0.025899969020004816,0.015182083480223194,0.015182083480223194,0.013555947738919423,0.013555947738919423
ID_C2SL3S,0.02553988248970552,0.02553988248970552,0.013731279836922442,0.013731279836922442,0.03678829161361042,0.03678829161361042
ID_O4DJ6G,0.025474788493975685,0.025474788493975685,0.013318529194017156,0.013318529194017156,0.013400297718473831,0.013400297718473831
ID_71R9X9,0.025474788493975685,0.025474788493975685,0.013522898721095846,0.013522898721095846,0.013400297718473831,0.013400297718473831
ID_ZDM8BX,0.050706220677223635,0.050706220677223635,0.046372859722949175,0.046372859722949175,0.07275122248813388,0.07275122248813388
ID_95AMEG,0.02556058642345293,0.02556058642345293,0.015279824142311133,0.015279824142311133,0.01350821794466197,0.01350821794466197
ID_PFYUD5,0.03339536336493331,0.03339536336493331,0.03910164262783077,0.03910164262783077,0.056987063427396706,0.056987063427396706
ID_VO4JHF,0.02497635496583922,0.02497635496583922,0.01715470150393166,0.01715470150393166,0.013958526925525244,0.013958526925525244
ID_9VY7H9,0.02556058642345293,0.02556058642345293,0.015279824142311133,0.015279824142311133,0.01350821794466197,0.01350821794466197
ID_PL4QY0,0.025474788493975685,0.025474788493975685,0.014045410822844663,0.014045410822844663,0.013265176758703466,0.013265176758703466
ID_Q3UAV5,0.048111275856846415,0.048111275856846415,0.04607841045628831,0.04607841045628831,0.03809843628895752,0.03809843628895752
ID_23NRCI,0.025474788493975685,0.025474788493975685,0.014045410822844663,0.014045410822844663,0.013265176758703466,0.013265176758703466
ID_T58A3E,0.050706220677223635,0.050706220677223635,0.046372859722949175,0.046372859722949175,0.07275122248813388,0.07275122248813388
ID_VFP3AX,0.05112463210497637,0.05112463210497637,0.027698292301025006,0.027698292301025006,0.03789314014896367,0.03789314014896367
ID_9P0RI1,0.05029399779471523,0.05029399779471523,0.027787734259584574,0.027787734259584574,0.03538344920351162,0.03538344920351162
ID_PM90HD,0.025474788493975685,0.025474788493975685,0.013318529194017156,0.013318529194017156,0.013400297718473831,0.013400297718473831
ID_RGEP75,0.025474788493975685,0.025474788493975685,0.014569416895048988,0.014569416895048988,0.014821462395334975,0.014821462395334975
ID_0V5W7R,0.03237487872953247,0.03237487872953247,0.04393968002991703,0.04393968002991703,0.03575967734318078,0.03575967734318078
ID_13XPOY,0.025541148644080386,0.025541148644080386,0.028326478719337536,0.028326478719337536,0.015577212035615457,0.015577212035615457
ID_34V217,0.025899969020004816,0.025899969020004816,0.018020056110484226,0.018020056110484226,0.015142758408453779,0.015142758408453779
ID_PII98H,0.025474788493975685,0.025474788493975685,0.016231941469146735,0.016231941469146735,0.013355575881800082,0.013355575881800082
ID_0FEW1F,0.025325753132174365,0.025325753132174365,0.016278366400320324,0.016278366400320324,0.013919689824959707,0.013919689824959707
ID_WCKBMG,0.025899969020004816,0.025899969020004816,0.018020056110484226,0.018020056110484226,0.015142758408453779,0.015142758408453779
ID_08DG5M,0.02497635496583922,0.02497635496583922,0.01715470150393166,0.01715470150393166,0.013958526925525244,0.013958526925525244
ID_NR39DV,0.02497635496583922,0.02497635496583922,0.013260189817744544,0.013260189817744544,0.013383987522239672,0.013383987522239672
ID_HL1IVR,0.025325753132174365,0.025325753132174365,0.016278366400320324,0.016278366400320324,0.013919689824959707,0.013919689824959707
ID_M7G1UN,0.050706220677223635,0.050706220677223635,0.046372859722949175,0.046372859722949175,0.06818662887303376,0.06818662887303376
ID_PTXVXA,0.025474788493975685,0.025474788493975685,0.013318529194017156,0.013318529194017156,0.013400297718473831,0.013400297718473831
ID_6M5MZL,0.025474788493975685,0.025474788493975685,0.013318529194017156,0.013318529194017156,0.013400297718473831,0.013400297718473831
ID_DULZGI,0.025325753132174365,0.025325753132174365,0.016278366400320324,0.016278366400320324,0.013919689824959707,0.013919689824959707
ID_LZU656,0.02512539032764054,0.02512539032764054,0.013450105540445702,0.013450105540445702,0.014105831587126066,0.014105831587126066
ID_1UYN03,0.025495492427723095,0.025495492427723095,0.01600994614785771,0.01600994614785771,0.014995372004906998,0.014995372004906998
ID_REBSF2,0.025899969020004816,0.025899969020004816,0.015182083480223194,0.015182083480223194,0.013555947738919423,0.013555947738919423
ID_LFP94I,0.02556058642345293,0.02556058642345293,0.015279824142311133,0.015279824142311133,0.01350821794466197,0.01350821794466197
ID_E8GMOT,0.025474788493975685,0.025474788493975685,0.014192968092596884,0.014192968092596884,0.013265176758703466,0.013265176758703466
ID_SLSO1E,0.02497635496583922,0.02497635496583922,0.016820058128197597,0.016820058128197597,0.01424451997377936,0.01424451997377936
ID_OZ54TY,0.050706220677223635,0.050706220677223635,0.046372859722949175,0.046372859722949175,0.06818662887303376,0.06818662887303376
ID_2XT9TI,0.05080375174137263,0.05080375174137263,0.026603980090887033,0.026603980090887033,0.03949072037180515,0.03949072037180515
ID_6WQFJU,0.03288752534428846,0.03288752534428846,0.03161356648409181,0.03161356648409181,0.04195644761757803,0.04195644761757803
ID_5WL3Y6,0.025325753132174365,0.025325753132174365,0.016278366400320324,0.016278366400320324,0.013919689824959707,0.013919689824959707
ID_H0N40Y,0.025920672953752225,0.025920672953752225,0.016058791606513825,0.016058791606513825,0.013641141109803589,0.013641141109803589
ID_LC7WV1,0.05029399779471523,0.05029399779471523,0.027787734259584574,0.027787734259584574,0.03538344920351162,0.03538344920351162
ID_8JMBE0,0.025899969020004816,0.025899969020004816,0.01591031835659376,0.01591031835659376,0.02831499241762539,0.02831499241762539
ID_D54YT9,0.025474788493975685,0.025474788493975685,0.014192968092596884,0.014192968092596884,0.013265176758703466,0.013265176758703466
ID_AKO2D7,0.02512539032764054,0.02512539032764054,0.01361227658116474,0.01361227658116474,0.013527493691972028,0.013527493691972028
ID_AFFUFE,0.02556058642345293,0.02556058642345293,0.015279824142311133,0.015279824142311133,0.01350821794466197,0.01350821794466197
ID_3G5BHU,0.050668395594578426,0.050668395594578426,0.048744817514347914,0.048744817514347914,0.08091487096515164,0.08091487096515164
ID_SVTUNC,0.050706220677223635,0.050706220677223635,0.046372859722949175,0.046372859722949175,0.07275122248813388,0.07275122248813388
ID_A7DKT7,0.025899969020004816,0.025899969020004816,0.015182083480223194,0.015182083480223194,0.013555947738919423,0.013555947738919423
ID_D1J9QX,0.050668395594578426,0.050668395594578426,0.048744817514347914,0.048744817514347914,0.08547946458025177,0.08547946458025177
ID_OU67R8,0.050668395594578426,0.050668395594578426,0.048744817514347914,0.048744817514347914,0.08547946458025177,0.08547946458025177
ID_QTR8MC,0.02497635496583922,0.02497635496583922,0.015085461068909583,0.015085461068909583,0.01351137279025217,0.01351137279025217
ID_NC86Y4,0.025474788493975685,0.025474788493975685,0.013531761283258137,0.013531761283258137,0.013326416998347905,0.013326416998347905
ID_A8FL82,0.025474788493975685,0.025474788493975685,0.013805653448802715,0.013805653448802715,0.037176023902625054,0.037176023902625054
ID_WC0D1P,0.04571219779102535,0.04571219779102535,0.05005592944636865,0.05005592944636865,0.04466858966241178,0.04466858966241178
ID_PWAUK1,0.025474788493975685,0.025474788493975685,0.014045410822844663,0.014045410822844663,0.013265176758703466,0.013265176758703466
ID_GIFIE7,0.025474788493975685,0.025474788493975685,0.013318529194017156,0.013318529194017156,0.013400297718473831,0.013400297718473831
ID_YOLT7L,0.025474788493975685,0.025474788493975685,0.014045410822844663,0.014045410822844663,0.013265176758703466,0.013265176758703466
ID_AOHLCR,0.025474788493975685,0.025474788493975685,0.013522898721095846,0.013522898721095846,0.013400297718473831,0.013400297718473831
ID_MC4FYO,0.025474788493975685,0.025474788493975685,0.014192968092596884,0.014192968092596884,0.013265176758703466,0.013265176758703466
ID_LGOAXV,0.025474788493975685,0.025474788493975685,0.013522898721095846,0.013522898721095846,0.013400297718473831,0.013400297718473831
ID_DDUFHC,0.025899969020004816,0.025899969020004816,0.015182083480223194,0.015182083480223194,0.013555947738919423,0.013555947738919423
ID_H0RGUD,0.025495492427723095,0.025495492427723095,0.019955121732639646,0.019955121732639646,0.014753313100306926,0.014753313100306926
ID_AMG79K,0.025325753132174365,0.025325753132174365,0.016278366400320324,0.016278366400320324,0.013919689824959707,0.013919689824959707
ID_QJ7ZG7,0.02497635496583922,0.02497635496583922,0.01715470150393166,0.01715470150393166,0.013958526925525244,0.013958526925525244
ID_O1IR2M,0.050706220677223635,0.050706220677223635,0.046372859722949175,0.046372859722949175,0.07275122248813388,0.07275122248813388
ID_NE2WWT,0.025325753132174365,0.025325753132174365,0.013714329247889474,0.013714329247889474,0.03638107505696432,0.03638107505696432
ID_B7S9BY,0.025474788493975685,0.025474788493975685,0.014045410822844663,0.014045410822844663,0.013265176758703466,0.013265176758703466
ID_QPCJON,0.025474788493975685,0.025474788493975685,0.027759192236614827,0.027759192236614827,0.015445180887499896,0.015445180887499896
ID_LBAOGX,0.02497635496583922,0.02497635496583922,0.016820058128197597,0.016820058128197597,0.01424451997377936,0.01424451997377936
ID_ZX88UJ,0.025899969020004816,0.025899969020004816,0.015182083480223194,0.015182083480223194,0.013555947738919423,0.013555947738919423
ID_O5C888,0.025474788493975685,0.025474788493975685,0.014045410822844663,0.014045410822844663,0.013265176758703466,0.013265176758703466
ID_NALJCO,0.02553988248970552,0.02553988248970552,0.01791440178869623,0.01791440178869623,0.01461771019549313,0.01461771019549313
ID_YE6913,0.025474788493975685,0.025474788493975685,0.013318529194017156,0.013318529194017156,0.013400297718473831,0.013400297718473831
ID_11KZ0U,0.05415128167145214,0.05415128167145214,0.060097418306009065,0.060097418306009065,0.05143977543847424,0.05143977543847424
ID_WBNOOL,0.02497635496583922,0.02497635496583922,0.01715470150393166,0.01715470150393166,0.013958526925525244,0.013958526925525244
ID_6W4LRH,0.050706220677223635,0.050706220677223635,0.046372859722949175,0.046372859722949175,0.07275122248813388,0.07275122248813388
ID_WBH8B3,0.025495492427723095,0.025495492427723095,0.015099155459144007,0.015099155459144007,0.013375731839593813,0.013375731839593813
ID_Y1VP8I,0.025899969020004816,0.025899969020004816,0.015182083480223194,0.015182083480223194,0.013555947738919423,0.013555947738919423
ID_RTUQI0,0.025495492427723095,0.025495492427723095,0.015099155459144007,0.015099155459144007,0.013375731839593813,0.013375731839593813
ID_KUH46J,0.025474788493975685,0.025474788493975685,0.013531761283258137,0.013531761283258137,0.013326416998347905,0.013326416998347905
ID_FNPWIO,0.025474788493975685,0.025474788493975685,0.013318529194017156,0.013318529194017156,0.013400297718473831,0.013400297718473831
ID_LL7LKM,0.02512539032764054,0.02512539032764054,0.013354691783479474,0.013354691783479474,0.013509331150586014,0.013509331150586014
ID_8JXK5Z,0.02497635496583922,0.02497635496583922,0.017192227040717087,0.017192227040717087,0.014310424037755865,0.014310424037755865
ID_RVDWFT,0.025474788493975685,0.025474788493975685,0.018032055677379713,0.018032055677379713,0.014436446182158889,0.014436446182158889
ID_8RP3M8,0.025474788493975685,0.025474788493975685,0.013327391756179446,0.013327391756179446,0.013326416998347905,0.013326416998347905
ID_LVL634,0.03544242794501139,0.03544242794501139,0.030119655665021203,0.030119655665021203,0.05194561353605715,0.05194561353605715
ID_DTCNOM,0.025474788493975685,0.025474788493975685,0.014045410822844663,0.014045410822844663,0.013265176758703466,0.013265176758703466
ID_LBOZ73,0.02497635496583922,0.02497635496583922,0.013684013335190587,0.013684013335190587,0.013610224552351634,0.013610224552351634
ID_RYVJD1,0.025325753132174365,0.025325753132174365,0.013805653448802715,0.013805653448802715,0.03666350170784352,0.03666350170784352
ID_XF725L,0.025920672953752225,0.025920672953752225,0.016058791606513825,0.016058791606513825,0.013641141109803589,0.013641141109803589
ID_HPW237,0.025474788493975685,0.025474788493975685,0.013318529194017156,0.013318529194017156,0.013400297718473831,0.013400297718473831
ID_X7D1UM,0.02497635496583922,0.02497635496583922,0.01715470150393166,0.01715470150393166,0.013958526925525244,0.013958526925525244
ID_YOT7XI,0.025474788493975685,0.025474788493975685,0.014045410822844663,0.014045410822844663,0.013265176758703466,0.013265176758703466
ID_98FMQO,0.025474788493975685,0.025474788493975685,0.013649729764685339,0.013649729764685339,0.03697854395635557,0.03697854395635557
ID_HQ0DQ7,0.025325753132174365,0.025325753132174365,0.016278366400320324,0.016278366400320324,0.013919689824959707,0.013919689824959707
ID_POCUA6,0.025495492427723095,0.025495492427723095,0.015099155459144007,0.015099155459144007,0.013375731839593813,0.013375731839593813
ID_CW729L,0.02553988248970552,0.02553988248970552,0.014430416043320531,0.014430416043320531,0.013412269577999883,0.013412269577999883
ID_LCYPU0,0.02497635496583922,0.02497635496583922,0.01715470150393166,0.01715470150393166,0.013958526925525244,0.013958526925525244
ID_NAKHWW,0.02497635496583922,0.02497635496583922,0.01715470150393166,0.01715470150393166,0.013958526925525244,0.013958526925525244
ID_ONQFWS,0.027612095299276343,0.027612095299276343,0.014298410588941175,0.014298410588941175,0.027938042706495546,0.027938042706495546
ID_H1OEWH,0.02497635496583922,0.02497635496583922,0.01715470150393166,0.01715470150393166,0.013958526925525244,0.013958526925525244
ID_Q1IJJJ,0.02497635496583922,0.02497635496583922,0.013224027228282228,0.013224027228282228,0.013381963185900632,0.013381963185900632
ID_LX7DZQ,0.025474788493975685,0.025474788493975685,0.013327391756179446,0.013327391756179446,0.013326416998347905,0.013326416998347905
ID_XQ4CM7,0.025474788493975685,0.025474788493975685,0.013522898721095846,0.013522898721095846,0.013400297718473831,0.013400297718473831
ID_Z32YMV,0.02556058642345293,0.02556058642345293,0.015279824142311133,0.015279824142311133,0.01350821794466197,0.01350821794466197
ID_3Z42A5,0.025474788493975685,0.025474788493975685,0.01393968121429116,0.01393968121429116,0.01368836480848361,0.01368836480848361
ID_U94QW1,0.025474788493975685,0.025474788493975685,0.014965848932289574,0.014965848932289574,0.013283674746159758,0.013283674746159758
ID_VQRFFA,0.02556058642345293,0.02556058642345293,0.015279824142311133,0.015279824142311133,0.01350821794466197,0.01350821794466197
ID_FWAHKC,0.050706220677223635,0.050706220677223635,0.046372859722949175,0.046372859722949175,0.07275122248813388,0.07275122248813388
ID_HXWWIA,0.05080375174137263,0.05080375174137263,0.026603980090887033,0.026603980090887033,0.03949072037180515,0.03949072037180515
ID_OREIPY,0.025325753132174365,0.025325753132174365,0.016278366400320324,0.016278366400320324,0.013919689824959707,0.013919689824959707
ID_U838WM,0.025920672953752225,0.025920672953752225,0.016058791606513825,0.016058791606513825,0.013641141109803589,0.013641141109803589
ID_9N55U9,0.025325753132174365,0.025325753132174365,0.013805653448802715,0.013805653448802715,0.03666350170784352,0.03666350170784352
ID_LB396K,0.02497635496583922,0.02497635496583922,0.015085461068909583,0.015085461068909583,0.01351137279025217,0.01351137279025217
ID_A145CS,0.025325753132174365,0.025325753132174365,0.013805653448802715,0.013805653448802715,0.03666350170784352,0.03666350170784352
ID_X8FLQA,0.050706220677223635,0.050706220677223635,0.046372859722949175,0.046372859722949175,0.07275122248813388,0.07275122248813388
ID_DFZGTP,0.025325753132174365,0.025325753132174365,0.016278366400320324,0.016278366400320324,0.013919689824959707,0.013919689824959707
ID_9WB9ER,0.025474788493975685,0.025474788493975685,0.013522898721095846,0.013522898721095846,0.013400297718473831,0.013400297718473831
ID_9PKSWB,0.03237487872953247,0.03237487872953247,0.04393968002991703,0.04393968002991703,0.03575967734318078,0.03575967734318078
ID_G3JAYX,0.025474788493975685,0.025474788493975685,0.015151370540100647,0.015151370540100647,0.04212474665373603,0.04212474665373603
ID_HSBW0H,0.025920672953752225,0.025920672953752225,0.016058791606513825,0.016058791606513825,0.013641141109803589,0.013641141109803589
ID_0NSO7P,0.025474788493975685,0.025474788493975685,0.013522898721095846,0.013522898721095846,0.013400297718473831,0.013400297718473831
ID_52TFD0,0.02556058642345293,0.02556058642345293,0.015279824142311133,0.015279824142311133,0.01350821794466197,0.01350821794466197
ID_D1FACJ,0.025325753132174365,0.025325753132174365,0.01366247756197968,0.01366247756197968,0.013492971264542512,0.013492971264542512
ID_JL96S9,0.02512539032764054,0.02512539032764054,0.01605136880812517,0.01605136880812517,0.013355575881800082,0.013355575881800082
ID_ZAD0FH,0.02497635496583922,0.02497635496583922,0.01715470150393166,0.01715470150393166,0.013958526925525244,0.013958526925525244
ID_4FWY0M,0.03288752534428846,0.03288752534428846,0.03161356648409181,0.03161356648409181,0.04195644761757803,0.04195644761757803
ID_A8CUPT,0.025474788493975685,0.025474788493975685,0.016231941469146735,0.016231941469146735,0.013355575881800082,0.013355575881800082
ID_94QLF8,0.02497635496583922,0.02497635496583922,0.013684013335190587,0.013684013335190587,0.013610224552351634,0.013610224552351634
ID_70653K,0.025474788493975685,0.025474788493975685,0.014192968092596884,0.014192968092596884,0.013265176758703466,0.013265176758703466
ID_14JUT9,0.025474788493975685,0.025474788493975685,0.016047327994418166,0.016047327994418166,0.02806462023631194,0.02806462023631194
ID_H2V2M0,0.025474788493975685,0.025474788493975685,0.013522898721095846,0.013522898721095846,0.013400297718473831,0.013400297718473831
ID_9WPT8S,0.03288752534428846,0.03288752534428846,0.03161356648409181,0.03161356648409181,0.04195644761757803,0.04195644761757803
ID_MLN1KY,0.025920672953752225,0.025920672953752225,0.016058791606513825,0.016058791606513825,0.013641141109803589,0.013641141109803589
ID_L9BHE4,0.025325753132174365,0.025325753132174365,0.016278366400320324,0.016278366400320324,0.013919689824959707,0.013919689824959707
ID_2E4Z0T,0.05333493071233267,0.05333493071233267,0.06684198813941797,0.06684198813941797,0.07068773119050671,0.07068773119050671
ID_ZT06HL,0.025495492427723095,0.025495492427723095,0.015099155459144007,0.015099155459144007,0.013375731839593813,0.013375731839593813
ID_EZOD1A,0.025474788493975685,0.025474788493975685,0.025384065153523497,0.025384065153523497,0.014612533582852619,0.014612533582852619
ID_8YFFOF,0.025495492427723095,0.025495492427723095,0.01507185543184398,0.01507185543184398,0.01339665907079622,0.01339665907079622
ID_HU2O61,0.026866546108538718,0.026866546108538718,0.014432219336185312,0.014432219336185312,0.03041420831616723,0.03041420831616723
ID_OWCHBD,0.050706220677223635,0.050706220677223635,0.046372859722949175,0.046372859722949175,0.07275122248813388,0.07275122248813388
ID_IG2VDI,0.050668395594578426,0.050668395594578426,0.048744817514347914,0.048744817514347914,0.08547946458025177,0.08547946458025177
ID_VAJXTJ,0.025474788493975685,0.025474788493975685,0.014011000602215577,0.014011000602215577,0.013745681693046411,0.013745681693046411
ID_6IAYCJ,0.02497635496583922,0.02497635496583922,0.01715470150393166,0.01715470150393166,0.013958526925525244,0.013958526925525244
ID_9T1VYC,0.05333493071233267,0.05333493071233267,0.06684198813941797,0.06684198813941797,0.07068773119050671,0.07068773119050671
ID_24SH8X,0.05333493071233267,0.05333493071233267,0.06684198813941797,0.06684198813941797,0.07863288988560459,0.07863288988560459
ID_8I7C6M,0.050706220677223635,0.050706220677223635,0.046372859722949175,0.046372859722949175,0.07275122248813388,0.07275122248813388
ID_ABKXZ5,0.050706220677223635,0.050706220677223635,0.046372859722949175,0.046372859722949175,0.07275122248813388,0.07275122248813388
ID_V86WTI,0.025474788493975685,0.025474788493975685,0.013522898721095846,0.013522898721095846,0.013400297718473831,0.013400297718473831
ID_CXZJ2V,0.025899969020004816,0.025899969020004816,0.015182083480223194,0.015182083480223194,0.013555947738919423,0.013555947738919423
ID_HTMPB2,0.05365770364682297,0.05365770364682297,0.0744152408300595,0.0744152408300595,0.0767648472750974,0.0767648472750974
ID_LE7AJZ,0.025164156658760695,0.025164156658760695,0.020005281492362293,0.020005281492362293,0.015505896723167904,0.015505896723167904
ID_JWE28K,0.025474788493975685,0.025474788493975685,0.014511254828681545,0.014511254828681545,0.03927610251680056,0.03927610251680056
ID_SO53CK,0.050706220677223635,0.050706220677223635,0.046372859722949175,0.046372859722949175,0.07275122248813388,0.07275122248813388
ID_0CG34U,0.025474788493975685,0.025474788493975685,0.013821635204771844,0.013821635204771844,0.013355575881800082,0.013355575881800082
ID_2MRPP3,0.025474788493975685,0.025474788493975685,0.013318529194017156,0.013318529194017156,0.013400297718473831,0.013400297718473831
ID_PMXN5K,0.02553988248970552,0.02553988248970552,0.01972205426681646,0.01972205426681646,0.01486906646075681,0.01486906646075681
ID_Z6SJMN,0.050706220677223635,0.050706220677223635,0.046372859722949175,0.046372859722949175,0.06818662887303376,0.06818662887303376
ID_A7GI40,0.02497635496583922,0.02497635496583922,0.016820058128197597,0.016820058128197597,0.01424451997377936,0.01424451997377936
ID_0KZUAR,0.025474788493975685,0.025474788493975685,0.013318529194017156,0.013318529194017156,0.013400297718473831,0.013400297718473831
ID_DG3MSI,0.10179942657457508,0.10179942657457508,0.06660667513827218,0.06660667513827218,0.15454274581829933,0.15454274581829933
ID_5J1CC3,0.02512539032764054,0.02512539032764054,0.013392144967000074,0.013392144967000074,0.014444665156469961,0.014444665156469961
ID_J415GF,0.02512539032764054,0.02512539032764054,0.01332108963294184,0.01332108963294184,0.013355575881800082,0.013355575881800082
ID_Q1L2TI,0.025474788493975685,0.025474788493975685,0.013318529194017156,0.013318529194017156,0.013400297718473831,0.013400297718473831
ID_MOHLRS,0.050706220677223635,0.050706220677223635,0.046372859722949175,0.046372859722949175,0.06818662887303376,0.06818662887303376
ID_C774J9,0.025492850891348427,0.025492850891348427,0.021930076544920053,0.021930076544920053,0.015216213124309128,0.015216213124309128
ID_SPCQ85,0.025474788493975685,0.025474788493975685,0.013522898721095846,0.013522898721095846,0.013400297718473831,0.013400297718473831
ID_GMYJFP,0.025495492427723095,0.025495492427723095,0.015099155459144007,0.015099155459144007,0.013375731839593813,0.013375731839593813
ID_ERHVEE,0.02512539032764054,0.02512539032764054,0.01332108963294184,0.01332108963294184,0.013355575881800082,0.013355575881800082
ID_WT1HQ6,0.02553988248970552,0.02553988248970552,0.01791440178869623,0.01791440178869623,0.01461771019549313,0.01461771019549313
ID_TYY327,0.045832136761045805,0.045832136761045805,0.050411751248966755,0.050411751248966755,0.036852283864715285,0.036852283864715285
ID_2W993C,0.025474788493975685,0.025474788493975685,0.013522898721095846,0.013522898721095846,0.013400297718473831,0.013400297718473831
ID_Q85Q17,0.03288752534428846,0.03288752534428846,0.03161356648409181,0.03161356648409181,0.04195644761757803,0.04195644761757803
ID_SNMSY2,0.02553988248970552,0.02553988248970552,0.014430416043320531,0.014430416043320531,0.013412269577999883,0.013412269577999883
ID_90FA7U,0.04290511094190007,0.04290511094190007,0.05452858337700562,0.05452858337700562,0.1292818721067631,0.1292818721067631
ID_X675QX,0.02563807963439793,0.02563807963439793,0.019248516352156863,0.019248516352156863,0.01628317020954219,0.01628317020954219
ID_5IAUIV,0.02497635496583922,0.02497635496583922,0.01715470150393166,0.01715470150393166,0.013958526925525244,0.013958526925525244
ID_HUVJV5,0.025474788493975685,0.025474788493975685,0.014045410822844663,0.014045410822844663,0.013265176758703466,0.013265176758703466
ID_PLDU8V,0.02497635496583922,0.02497635496583922,0.01715470150393166,0.01715470150393166,0.013958526925525244,0.013958526925525244
ID_NAL8DL,0.02497635496583922,0.02497635496583922,0.013449867017375682,0.013449867017375682,0.0372389989292105,0.0372389989292105
ID_JHAC5O,0.025325753132174365,0.025325753132174365,0.01366247756197968,0.01366247756197968,0.013492971264542512,0.013492971264542512
ID_APH98Z,0.02497635496583922,0.02497635496583922,0.01715470150393166,0.01715470150393166,0.013958526925525244,0.013958526925525244
ID_FHNDKH,0.15622854558712254,0.15622854558712254,0.2034990066759306,0.2034990066759306,0.13306097849964094,0.13306097849964094
ID_64A0TW,0.03472096499861865,0.03472096499861865,0.045047479923844974,0.045047479923844974,0.029477152723754247,0.029477152723754247
ID_ZP6A8U,0.055275460402127885,0.055275460402127885,0.09328243405140497,0.09328243405140497,0.12035776940922659,0.12035776940922659
ID_LTA2T4,0.02497635496583922,0.02497635496583922,0.013556805655679332,0.013556805655679332,0.04237711357342224,0.04237711357342224
ID_QXDAZX,0.03472096499861865,0.03472096499861865,0.045047479923844974,0.045047479923844974,0.029477152723754247,0.029477152723754247
ID_8F32YO,0.03472096499861865,0.03472096499861865,0.045047479923844974,0.045047479923844974,0.029477152723754247,0.029477152723754247
ID_0WZ4DT,0.03286267118661976,0.03286267118661976,0.045900961953246715,0.045900961953246715,0.032861136542926425,0.032861136542926425
ID_QJMYFP,0.03286267118661976,0.03286267118661976,0.045900961953246715,0.045900961953246715,0.032861136542926425,0.032861136542926425
ID_BRNJFB,0.02872805361596509,0.02872805361596509,0.02059106498941716,0.02059106498941716,0.018704588998545234,0.018704588998545234
ID_ZFJSZL,0.02497635496583922,0.02497635496583922,0.013351514018657785,0.013351514018657785,0.016162507382058464,0.016162507382058464
ID_GN401Z,0.033777908595574516,0.033777908595574516,0.049542959077357375,0.049542959077357375,0.03510600229701784,0.03510600229701784
ID_0GZD1A,0.03308376751646097,0.03308376751646097,0.042155584092633466,0.042155584092633466,0.029679976117588876,0.029679976117588876
ID_HUX15L,0.05343388447254027,0.05343388447254027,0.05977633320591786,0.05977633320591786,0.04758152346127885,0.04758152346127885
ID_W83YWB,0.03286267118661976,0.03286267118661976,0.045900961953246715,0.045900961953246715,0.032861136542926425,0.032861136542926425
ID_YBE59H,0.03286267118661976,0.03286267118661976,0.045900961953246715,0.045900961953246715,0.032861136542926425,0.032861136542926425
ID_UGYJJ1,0.03286267118661976,0.03286267118661976,0.045900961953246715,0.045900961953246715,0.032861136542926425,0.032861136542926425
ID_WFF4P7,0.03193841126332024,0.03193841126332024,0.041569851554610585,0.041569851554610585,0.032203960168456135,0.032203960168456135
ID_QO8HIH,0.055275460402127885,0.055275460402127885,0.09328243405140497,0.09328243405140497,0.12035776940922659,0.12035776940922659
ID_8K23T6,0.03286267118661976,0.03286267118661976,0.045900961953246715,0.045900961953246715,0.032861136542926425,0.032861136542926425
ID_4K41LT,0.16988849002791181,0.16988849002791181,0.2054358856034344,0.2054358856034344,0.14088329003189545,0.14088329003189545
ID_QZEY8Z,0.05343388447254027,0.05343388447254027,0.05977633320591786,0.05977633320591786,0.04758152346127885,0.04758152346127885
ID_DA24DX,0.23466393298976462,0.23466393298976462,0.2734917364306693,0.2734917364306693,0.27991538492507867,0.27991538492507867
ID_F4HZIQ,0.02872805361596509,0.02872805361596509,0.02059106498941716,0.02059106498941716,0.018704588998545234,0.018704588998545234
ID_EJQPOR,0.02497635496583922,0.02497635496583922,0.013648356768487857,0.013648356768487857,0.014529441615095486,0.014529441615095486
ID_TEZ9WM,0.03472096499861865,0.03472096499861865,0.045047479923844974,0.045047479923844974,0.029477152723754247,0.029477152723754247
ID_BSMYYX,0.028855767536782463,0.028855767536782463,0.02316234196095756,0.02316234196095756,0.021501819999591706,0.021501819999591706
ID_9UFWRG,0.16955864660507386,0.16955864660507386,0.20185851759830287,0.20185851759830287,0.14102245424151846,0.14102245424151846
ID_495ND2,0.03869951391820045,0.03869951391820045,0.04889444634717373,0.04889444634717373,0.033596448187332886,0.033596448187332886
ID_XO0E78,0.028855767536782463,0.028855767536782463,0.02316234196095756,0.02316234196095756,0.021501819999591706,0.021501819999591706
ID_FN7QN6,0.22678804468666108,0.22678804468666108,0.2630939881543219,0.2630939881543219,0.26610190266920736,0.26610190266920736
ID_KCT2EE,0.05343388447254027,0.05343388447254027,0.05977633320591786,0.05977633320591786,0.04758152346127885,0.04758152346127885
ID_F6IK16,0.029975795650550415,0.029975795650550415,0.040891788656830824,0.040891788656830824,0.02513189215247457,0.02513189215247457
ID_DST3IB,0.02497635496583922,0.02497635496583922,0.013556805655679332,0.013556805655679332,0.04237711357342224,0.04237711357342224
ID_AHVSYQ,0.03286267118661976,0.03286267118661976,0.045900961953246715,0.045900961953246715,0.032861136542926425,0.032861136542926425
ID_HO8R7K,0.2032892691283144,0.2032892691283144,0.2636183338060111,0.2636183338060111,0.15020868538891294,0.15020868538891294
ID_F8I9VJ,0.06879182427331794,0.06879182427331794,0.10754244558867049,0.10754244558867049,0.12493625352569526,0.12493625352569526
ID_L4Z7FR,0.03472096499861865,0.03472096499861865,0.045047479923844974,0.045047479923844974,0.029477152723754247,0.029477152723754247
ID_Z5ZLR0,0.028855767536782463,0.028855767536782463,0.01926250297417724,0.01926250297417724,0.01938635054237519,0.01938635054237519
ID_JIR3BK,0.028855767536782463,0.028855767536782463,0.023206163290162486,0.023206163290162486,0.01965514091304274,0.01965514091304274
ID_RWDQGP,0.028855767536782463,0.028855767536782463,0.02316234196095756,0.02316234196095756,0.021501819999591706,0.021501819999591706
ID_9ID54G,0.028312114635784626,0.028312114635784626,0.02359963116591504,0.02359963116591504,0.020240581757114205,0.020240581757114205
ID_Z0WTDF,0.06440505132380775,0.06440505132380775,0.1028037746742945,0.1028037746742945,0.11406955125123198,0.11406955125123198
ID_7W5KVT,0.03308376751646097,0.03308376751646097,0.042155584092633466,0.042155584092633466,0.029679976117588876,0.029679976117588876
ID_69Z23E,0.02497635496583922,0.02497635496583922,0.013815572458124413,0.013815572458124413,0.041842529495500755,0.041842529495500755
ID_OEY4YT,0.05343388447254027,0.05343388447254027,0.05977633320591786,0.05977633320591786,0.04758152346127885,0.04758152346127885
ID_60YB9F,0.05943451218553722,0.05943451218553722,0.09540931260454893,0.09540931260454893,0.11552989799454623,0.11552989799454623
ID_PYWPUB,0.028312114635784626,0.028312114635784626,0.02359963116591504,0.02359963116591504,0.020240581757114205,0.020240581757114205
ID_XA4WSH,0.03869951391820045,0.03869951391820045,0.04889444634717373,0.04889444634717373,0.033596448187332886,0.033596448187332886
ID_74JAB8,0.03472096499861865,0.03472096499861865,0.045047479923844974,0.045047479923844974,0.029477152723754247,0.029477152723754247
ID_3ZNQ5E,0.02497635496583922,0.02497635496583922,0.013351514018657785,0.013351514018657785,0.016162507382058464,0.016162507382058464
ID_170KNW,0.03869951391820045,0.03869951391820045,0.04889444634717373,0.04889444634717373,0.033596448187332886,0.033596448187332886
ID_C8C5DP,0.03193841126332024,0.03193841126332024,0.04059303522457118,0.04059303522457118,0.03227996366916576,0.03227996366916576
ID_EGZ2JX,0.02497635496583922,0.02497635496583922,0.014698155656467716,0.014698155656467716,0.03350592159862965,0.03350592159862965
ID_ZWEMTO,0.03472096499861865,0.03472096499861865,0.045047479923844974,0.045047479923844974,0.029477152723754247,0.029477152723754247
ID_PN64SH,0.028312114635784626,0.028312114635784626,0.029572643051306982,0.029572643051306982,0.021459300698266175,0.021459300698266175
ID_WQGKWB,0.029975795650550415,0.029975795650550415,0.040891788656830824,0.040891788656830824,0.02513189215247457,0.02513189215247457
ID_QT9D5C,0.033700625389223776,0.033700625389223776,0.049253001158118204,0.049253001158118204,0.03443323214859226,0.03443323214859226
ID_73YX5O,0.05343388447254027,0.05343388447254027,0.05977633320591786,0.05977633320591786,0.04758152346127885,0.04758152346127885
ID_PDXWIS,0.03869951391820045,0.03869951391820045,0.04889444634717373,0.04889444634717373,0.033596448187332886,0.033596448187332886
ID_BOEF4Q,0.03286267118661976,0.03286267118661976,0.045900961953246715,0.045900961953246715,0.032861136542926425,0.032861136542926425
ID_9XMKQP,0.02497635496583922,0.02497635496583922,0.013648356768487857,0.013648356768487857,0.014529441615095486,0.014529441615095486
ID_KIS1RR,0.03869951391820045,0.03869951391820045,0.04889444634717373,0.04889444634717373,0.033596448187332886,0.033596448187332886
ID_G4DDGB,0.03286267118661976,0.03286267118661976,0.045900961953246715,0.045900961953246715,0.032861136542926425,0.032861136542926425
ID_XVO0XE,0.02497635496583922,0.02497635496583922,0.013556805655679332,0.013556805655679332,0.04237711357342224,0.04237711357342224
ID_1SU765,0.031917596707643166,0.031917596707643166,0.04444028628134486,0.04444028628134486,0.03080365749355619,0.03080365749355619
ID_II16H0,0.033700625389223776,0.033700625389223776,0.049253001158118204,0.049253001158118204,0.03443323214859226,0.03443323214859226
ID_ZJDJST,0.06625922248635688,0.06625922248635688,0.10471203074606052,0.10471203074606052,0.11800518752210176,0.11800518752210176
ID_ITM93O,0.028703614451556746,0.028703614451556746,0.027159185789152718,0.027159185789152718,0.019421276062200957,0.019421276062200957
ID_ACIYGQ,0.16955864660507386,0.16955864660507386,0.20185851759830287,0.20185851759830287,0.14102245424151846,0.14102245424151846
ID_I3D2M6,0.03529201274901313,0.03529201274901313,0.038227279679756476,0.038227279679756476,0.03439978805468143,0.03439978805468143
ID_XPS7OD,0.037219835550255806,0.037219835550255806,0.038257247697847885,0.038257247697847885,0.03515543270972466,0.03515543270972466
ID_X6MHWN,0.02927002517213773,0.02927002517213773,0.029778474921053302,0.029778474921053302,0.023369637670486495,0.023369637670486495
ID_4H6ZU0,0.03472096499861865,0.03472096499861865,0.045047479923844974,0.045047479923844974,0.029477152723754247,0.029477152723754247
ID_VJRY9K,0.03472096499861865,0.03472096499861865,0.045047479923844974,0.045047479923844974,0.029477152723754247,0.029477152723754247
ID_JRQ0K2,0.03308376751646097,0.03308376751646097,0.042155584092633466,0.042155584092633466,0.029679976117588876,0.029679976117588876
ID_CVP7U0,0.05343388447254027,0.05343388447254027,0.05977633320591786,0.05977633320591786,0.04758152346127885,0.04758152346127885
ID_OC1T6J,0.03286267118661976,0.03286267118661976,0.045900961953246715,0.045900961953246715,0.032861136542926425,0.032861136542926425
ID_5BJWT7,0.03308376751646097,0.03308376751646097,0.042155584092633466,0.042155584092633466,0.029679976117588876,0.029679976117588876
ID_E72G1X,0.06879182427331794,0.06879182427331794,0.10754244558867049,0.10754244558867049,0.12493625352569526,0.12493625352569526
ID_A38G0Y,0.02951880129106576,0.02951880129106576,0.033784868839210565,0.033784868839210565,0.02329281619007173,0.02329281619007173
ID_Z63P61,0.03472096499861865,0.03472096499861865,0.045047479923844974,0.045047479923844974,0.029477152723754247,0.029477152723754247
ID_ZMXHIG,0.03308376751646097,0.03308376751646097,0.042155584092633466,0.042155584092633466,0.029679976117588876,0.029679976117588876
ID_80C6RQ,0.03595124632112549,0.03595124632112549,0.04806142435805328,0.04806142435805328,0.03555733974250448,0.03555733974250448
ID_Q02CHP,0.03472096499861865,0.03472096499861865,0.045047479923844974,0.045047479923844974,0.029477152723754247,0.029477152723754247
ID_K4CEJB,0.03286267118661976,0.03286267118661976,0.045900961953246715,0.045900961953246715,0.032861136542926425,0.032861136542926425
ID_IOMK3G,0.06879182427331794,0.06879182427331794,0.10754244558867049,0.10754244558867049,0.12493625352569526,0.12493625352569526
ID_N8X2DM,0.03869951391820045,0.03869951391820045,0.04889444634717373,0.04889444634717373,0.033596448187332886,0.033596448187332886
ID_R44Y09,0.028855767536782463,0.028855767536782463,0.023206163290162486,0.023206163290162486,0.01965514091304274,0.01965514091304274
ID_QHMV04,0.03472096499861865,0.03472096499861865,0.045047479923844974,0.045047479923844974,0.029477152723754247,0.029477152723754247
ID_2IZGEP,0.03472096499861865,0.03472096499861865,0.045047479923844974,0.045047479923844974,0.029477152723754247,0.029477152723754247
ID_OY9WWL,0.03055082418386735,0.03055082418386735,0.0418985343817044,0.0418985343817044,0.02858818249410693,0.02858818249410693
ID_7AMIMW,0.18924206498214977,0.18924206498214977,0.12027328396318823,0.12027328396318823,0.20975596368423005,0.20975596368423005
ID_6E9QFF,0.02872805361596509,0.02872805361596509,0.02059106498941716,0.02059106498941716,0.018704588998545234,0.018704588998545234
ID_PQW5VH,0.02902080007639694,0.02902080007639694,0.0250508830173508,0.0250508830173508,0.021948620898865845,0.021948620898865845
ID_F81GRT,0.03286267118661976,0.03286267118661976,0.045900961953246715,0.045900961953246715,0.032861136542926425,0.032861136542926425
ID_2P41YW,0.048468964178810116,0.048468964178810116,0.053260192015802434,0.053260192015802434,0.03907163688759813,0.03907163688759813
ID_LT4IZ3,0.05343388447254027,0.05343388447254027,0.05977633320591786,0.05977633320591786,0.04758152346127885,0.04758152346127885
ID_F16709,0.033700625389223776,0.033700625389223776,0.049253001158118204,0.049253001158118204,0.03443323214859226,0.03443323214859226
ID_OICH3X,0.03341385374982417,0.03341385374982417,0.0422448725106345,0.0422448725106345,0.029441659922846482,0.029441659922846482
ID_A7LTX0,0.23466393298976462,0.23466393298976462,0.2734917364306693,0.2734917364306693,0.27991538492507867,0.27991538492507867
ID_JA5369,0.05343388447254027,0.05343388447254027,0.05977633320591786,0.05977633320591786,0.04758152346127885,0.04758152346127885
ID_DH8BE3,0.028855767536782463,0.028855767536782463,0.023206163290162486,0.023206163290162486,0.01965514091304274,0.01965514091304274
ID_086L0X,0.05343388447254027,0.05343388447254027,0.05977633320591786,0.05977633320591786,0.04758152346127885,0.04758152346127885
ID_Z5HPTI,0.03286267118661976,0.03286267118661976,0.045900961953246715,0.045900961953246715,0.032861136542926425,0.032861136542926425
ID_OE1QUG,0.03308376751646097,0.03308376751646097,0.042155584092633466,0.042155584092633466,0.029679976117588876,0.029679976117588876
ID_9RTFXI,0.028855767536782463,0.028855767536782463,0.02316234196095756,0.02316234196095756,0.021501819999591706,0.021501819999591706
ID_JLIJV2,0.02872805361596509,0.02872805361596509,0.02059106498941716,0.02059106498941716,0.018704588998545234,0.018704588998545234
ID_JP0H9B,0.03055082418386735,0.03055082418386735,0.0418985343817044,0.0418985343817044,0.02858818249410693,0.02858818249410693
ID_BIVWYY,0.17263444438944,0.17263444438944,0.2045147943272992,0.2045147943272992,0.13513321634650316,0.13513321634650316
ID_AKLZO2,0.033777908595574516,0.033777908595574516,0.049542959077357375,0.049542959077357375,0.03510600229701784,0.03510600229701784
ID_NWHLNN,0.06879182427331794,0.06879182427331794,0.10754244558867049,0.10754244558867049,0.12493625352569526,0.12493625352569526
ID_JCTVHU,0.05343388447254027,0.05343388447254027,0.05977633320591786,0.05977633320591786,0.04758152346127885,0.04758152346127885
ID_LV7EWN,0.06879182427331794,0.06879182427331794,0.10754244558867049,0.10754244558867049,0.12493625352569526,0.12493625352569526
ID_0H0H1X,0.02497635496583922,0.02497635496583922,0.013648356768487857,0.013648356768487857,0.014529441615095486,0.014529441615095486
ID_OK3KGD,0.05343388447254027,0.05343388447254027,0.05977633320591786,0.05977633320591786,0.04758152346127885,0.04758152346127885
ID_XOLVVP,0.03308376751646097,0.03308376751646097,0.042155584092633466,0.042155584092633466,0.029679976117588876,0.029679976117588876
ID_XC1UCY,0.03055082418386735,0.03055082418386735,0.0418985343817044,0.0418985343817044,0.02858818249410693,0.02858818249410693
ID_WNRKKF,0.03472096499861865,0.03472096499861865,0.045047479923844974,0.045047479923844974,0.029477152723754247,0.029477152723754247
ID_CHT575,0.03286267118661976,0.03286267118661976,0.045900961953246715,0.045900961953246715,0.032861136542926425,0.032861136542926425
ID_IASVT4,0.03472096499861865,0.03472096499861865,0.045047479923844974,0.045047479923844974,0.029477152723754247,0.029477152723754247
ID_HQD8DQ,0.03308376751646097,0.03308376751646097,0.042155584092633466,0.042155584092633466,0.029679976117588876,0.029679976117588876
ID_WHC7HZ,0.02872805361596509,0.02872805361596509,0.02059106498941716,0.02059106498941716,0.018704588998545234,0.018704588998545234
ID_SP7WBC,0.03286267118661976,0.03286267118661976,0.045900961953246715,0.045900961953246715,0.032861136542926425,0.032861136542926425
ID_Y5TWK4,0.05343388447254027,0.05343388447254027,0.05977633320591786,0.05977633320591786,0.04758152346127885,0.04758152346127885
ID_VG1ZFI,0.033700625389223776,0.033700625389223776,0.049253001158118204,0.049253001158118204,0.03443323214859226,0.03443323214859226
ID_GL5NBY,0.03286267118661976,0.03286267118661976,0.045900961953246715,0.045900961953246715,0.032861136542926425,0.032861136542926425
ID_0M8ZAR,0.03472096499861865,0.03472096499861865,0.045047479923844974,0.045047479923844974,0.029477152723754247,0.029477152723754247
ID_WMX71G,0.05343388447254027,0.05343388447254027,0.05977633320591786,0.05977633320591786,0.04758152346127885,0.04758152346127885
ID_FV08L5,0.06625922248635688,0.06625922248635688,0.10471203074606052,0.10471203074606052,0.11800518752210176,0.11800518752210176
ID_3O27FX,0.028855767536782463,0.028855767536782463,0.02316234196095756,0.02316234196095756,0.021501819999591706,0.021501819999591706
ID_6V10CF,0.16988849002791181,0.16988849002791181,0.2054358856034344,0.2054358856034344,0.14088329003189545,0.14088329003189545
ID_PDVNE2,0.03869951391820045,0.03869951391820045,0.04889444634717373,0.04889444634717373,0.033596448187332886,0.033596448187332886
ID_53TEOE,0.03286267118661976,0.03286267118661976,0.045900961953246715,0.045900961953246715,0.032861136542926425,0.032861136542926425
ID_IDZWVW,0.03472096499861865,0.03472096499861865,0.045047479923844974,0.045047479923844974,0.029477152723754247,0.029477152723754247
ID_GB0OWZ,0.03286267118661976,0.03286267118661976,0.045900961953246715,0.045900961953246715,0.032861136542926425,0.032861136542926425
ID_P3UMEG,0.16988849002791181,0.16988849002791181,0.2054358856034344,0.2054358856034344,0.14088329003189545,0.14088329003189545
ID_ODQ1LG,0.03869951391820045,0.03869951391820045,0.04889444634717373,0.04889444634717373,0.033596448187332886,0.033596448187332886
ID_F313VZ,0.02497635496583922,0.02497635496583922,0.01631914265145592,0.01631914265145592,0.03687911041939143,0.03687911041939143
ID_8CSCDS,0.03193841126332024,0.03193841126332024,0.041569851554610585,0.041569851554610585,0.032203960168456135,0.032203960168456135
ID_4TNBZF,0.033700625389223776,0.033700625389223776,0.049253001158118204,0.049253001158118204,0.03443323214859226,0.03443323214859226
ID_4BYR7P,0.24196183119727696,0.24196183119727696,0.27131225065942144,0.27131225065942144,0.2745327524150613,0.2745327524150613
ID_T3LYCI,0.03472096499861865,0.03472096499861865,0.045047479923844974,0.045047479923844974,0.029477152723754247,0.029477152723754247
ID_BHZQ1G,0.028855767536782463,0.028855767536782463,0.02316234196095756,0.02316234196095756,0.021501819999591706,0.021501819999591706
ID_47HOMT,0.02872805361596509,0.02872805361596509,0.02059106498941716,0.02059106498941716,0.018704588998545234,0.018704588998545234
ID_6J0OA0,0.0461998928569968,0.0461998928569968,0.04286706994439386,0.04286706994439386,0.03752623776488442,0.03752623776488442
ID_K1APAR,0.02872805361596509,0.02872805361596509,0.02059106498941716,0.02059106498941716,0.018704588998545234,0.018704588998545234
ID_MHTTNO,0.028855767536782463,0.028855767536782463,0.023206163290162486,0.023206163290162486,0.01965514091304274,0.01965514091304274
ID_SUPIL0,0.028855767536782463,0.028855767536782463,0.02316234196095756,0.02316234196095756,0.021501819999591706,0.021501819999591706
ID_V9KJ8F,0.031997687392010414,0.031997687392010414,0.04815188300661801,0.04815188300661801,0.027503581659313305,0.027503581659313305
ID_WUKPEX,0.031868445615489537,0.031868445615489537,0.04645831764906909,0.04645831764906909,0.0275789516344425,0.0275789516344425
ID_7AXVF1,0.02497635496583922,0.02497635496583922,0.013556805655679332,0.013556805655679332,0.04237711357342224,0.04237711357342224
ID_332Y6S,0.03193841126332024,0.03193841126332024,0.041569851554610585,0.041569851554610585,0.032203960168456135,0.032203960168456135
ID_6Z7LIY,0.048468964178810116,0.048468964178810116,0.053260192015802434,0.053260192015802434,0.03907163688759813,0.03907163688759813
ID_VBBWXW,0.02497635496583922,0.02497635496583922,0.013375230027978012,0.013375230027978012,0.04226968514151112,0.04226968514151112
ID_PZ53IA,0.03869951391820045,0.03869951391820045,0.04889444634717373,0.04889444634717373,0.033596448187332886,0.033596448187332886
ID_BTQVAR,0.029975795650550415,0.029975795650550415,0.04380583480842591,0.04380583480842591,0.025592745135241853,0.025592745135241853
ID_SR0RDK,0.028855767536782463,0.028855767536782463,0.02316234196095756,0.02316234196095756,0.021501819999591706,0.021501819999591706
ID_XE2CME,0.03472096499861865,0.03472096499861865,0.045047479923844974,0.045047479923844974,0.029477152723754247,0.029477152723754247
ID_UWLODH,0.03472096499861865,0.03472096499861865,0.045047479923844974,0.045047479923844974,0.029477152723754247,0.029477152723754247
ID_T29X5H,0.05343388447254027,0.05343388447254027,0.05977633320591786,0.05977633320591786,0.04758152346127885,0.04758152346127885
ID_OZP07A,0.03869951391820045,0.03869951391820045,0.04889444634717373,0.04889444634717373,0.033596448187332886,0.033596448187332886
ID_D69JXQ,0.08002924109252925,0.08002924109252925,0.112791290656318,0.112791290656318,0.204320375328714,0.204320375328714
ID_VCTTSG,0.05343388447254027,0.05343388447254027,0.05977633320591786,0.05977633320591786,0.04758152346127885,0.04758152346127885
ID_6VLM19,0.033700625389223776,0.033700625389223776,0.049253001158118204,0.049253001158118204,0.03443323214859226,0.03443323214859226
ID_6K8DCI,0.02844297083915604,0.02844297083915604,0.03556905046284302,0.03556905046284302,0.02410079599542092,0.02410079599542092
ID_5F3FW3,0.03869951391820045,0.03869951391820045,0.04889444634717373,0.04889444634717373,0.033596448187332886,0.033596448187332886
ID_UG4L8G,0.02844297083915604,0.02844297083915604,0.029242269293369736,0.029242269293369736,0.023009409147683943,0.023009409147683943
ID_PMIYX1,0.15622854558712254,0.15622854558712254,0.2034990066759306,0.2034990066759306,0.13306097849964094,0.13306097849964094
ID_KVE8Y5,0.02902080007639694,0.02902080007639694,0.0250508830173508,0.0250508830173508,0.021948620898865845,0.021948620898865845
ID_TXR3M8,0.02497635496583922,0.02497635496583922,0.016907043066951313,0.016907043066951313,0.03773508240885488,0.03773508240885488
ID_FGU02Z,0.02872805361596509,0.02872805361596509,0.02059106498941716,0.02059106498941716,0.018704588998545234,0.018704588998545234
ID_SLT0Y1,0.05343388447254027,0.05343388447254027,0.05977633320591786,0.05977633320591786,0.04758152346127885,0.04758152346127885
ID_0Q5QSV,0.03286267118661976,0.03286267118661976,0.045900961953246715,0.045900961953246715,0.032861136542926425,0.032861136542926425
ID_50ELBR,0.07281814441085091,0.07281814441085091,0.15568366131581024,0.15568366131581024,0.17324531797555376,0.17324531797555376
ID_GQZQS4,0.03286267118661976,0.03286267118661976,0.045900961953246715,0.045900961953246715,0.032861136542926425,0.032861136542926425
ID_OQ2HIA,0.03193841126332024,0.03193841126332024,0.04059303522457118,0.04059303522457118,0.03227996366916576,0.03227996366916576
ID_O6E93Q,0.03529201274901313,0.03529201274901313,0.038227279679756476,0.038227279679756476,0.03439978805468143,0.03439978805468143
ID_HOZ3DC,0.02497635496583922,0.02497635496583922,0.03246565929761626,0.03246565929761626,0.022506859424944865,0.022506859424944865
ID_ELJCIV,0.028514981919546045,0.028514981919546045,0.033351603624254496,0.033351603624254496,0.047294451785075096,0.047294451785075096
ID_2UAKPX,0.031138467662564624,0.031138467662564624,0.02349224049416951,0.02349224049416951,0.04597332831954805,0.04597332831954805
ID_WJH6IB,0.027100018433047567,0.027100018433047567,0.023821893508745078,0.023821893508745078,0.035786326270026446,0.035786326270026446
ID_8JO374,0.027100018433047567,0.027100018433047567,0.023821893508745078,0.023821893508745078,0.035786326270026446,0.035786326270026446
ID_ZPTVXF,0.025492850891348427,0.025492850891348427,0.01377837756711621,0.01377837756711621,0.019888939516453683,0.019888939516453683
ID_ZAEIQP,0.02555794488707826,0.02555794488707826,0.0185497083853907,0.0185497083853907,0.01615091945684426,0.01615091945684426
ID_PBP9ZY,0.02833501164253489,0.02833501164253489,0.019693655033229302,0.019693655033229302,0.043547229597314746,0.043547229597314746
ID_4WJ0SO,0.02674513228210788,0.02674513228210788,0.01579930367026003,0.01579930367026003,0.022430493865694987,0.022430493865694987
ID_H973J5,0.02674513228210788,0.02674513228210788,0.013831784314190427,0.013831784314190427,0.018325321338503526,0.018325321338503526
ID_QQK6J6,0.02684123584929754,0.02684123584929754,0.017897144375326895,0.017897144375326895,0.026386287123957575,0.026386287123957575
ID_8CR3X0,0.025492850891348427,0.025492850891348427,0.01377837756711621,0.01377837756711621,0.019888939516453683,0.019888939516453683
ID_BS1PBY,0.02613846500877394,0.02613846500877394,0.013979341583942647,0.013979341583942647,0.01751124106823278,0.01751124106823278
ID_EMRG7L,0.031138467662564624,0.031138467662564624,0.02349224049416951,0.02349224049416951,0.04597332831954805,0.04597332831954805
ID_CZ1QYM,0.02833501164253489,0.02833501164253489,0.019693655033229302,0.019693655033229302,0.043547229597314746,0.043547229597314746
ID_OE25L3,0.02833501164253489,0.02833501164253489,0.027724746964418172,0.027724746964418172,0.0366218133621643,0.0366218133621643
ID_DSYW1S,0.12365686180692041,0.12365686180692041,0.13137001708872037,0.13137001708872037,0.08670719960421758,0.08670719960421758
ID_36YJHO,0.026879971191971955,0.026879971191971955,0.022399139040115503,0.022399139040115503,0.02907911549967767,0.02907911549967767
ID_BH8KBA,0.025541148644080386,0.025541148644080386,0.013761377994078039,0.013761377994078039,0.018481714052004015,0.018481714052004015
ID_DV95UI,0.02555794488707826,0.02555794488707826,0.013194773788455174,0.013194773788455174,0.01604290746886542,0.01604290746886542
ID_2CIKWQ,0.02613846500877394,0.02613846500877394,0.013979341583942647,0.013979341583942647,0.01743940198777301,0.01743940198777301
ID_5DHFGC,0.025492850891348427,0.025492850891348427,0.013889630401583329,0.013889630401583329,0.018707799334141063,0.018707799334141063
ID_AD0JB4,0.025492850891348427,0.025492850891348427,0.01943130003767864,0.01943130003767864,0.02015942340956032,0.02015942340956032
ID_SJB2PH,0.025143452725013282,0.025143452725013282,0.02219249321985156,0.02219249321985156,0.019047421617107187,0.019047421617107187
ID_Q2JGMI,0.025492850891348427,0.025492850891348427,0.013889630401583329,0.013889630401583329,0.018707799334141063,0.018707799334141063
ID_90Z3KA,0.02833501164253489,0.02833501164253489,0.027724746964418172,0.027724746964418172,0.0366218133621643,0.0366218133621643
ID_BLJT0F,0.025492850891348427,0.025492850891348427,0.013889630401583329,0.013889630401583329,0.018707799334141063,0.018707799334141063
ID_19LZOV,0.031138467662564624,0.031138467662564624,0.02349224049416951,0.02349224049416951,0.04597332831954805,0.04597332831954805
ID_HXU4D4,0.025492850891348427,0.025492850891348427,0.020097798700445726,0.020097798700445726,0.01932505543530173,0.01932505543530173
ID_PMTTW1,0.031138467662564624,0.031138467662564624,0.02349224049416951,0.02349224049416951,0.04597332831954805,0.04597332831954805
ID_F6SO3R,0.031138467662564624,0.031138467662564624,0.02349224049416951,0.02349224049416951,0.04597332831954805,0.04597332831954805
ID_NZ0L9S,0.025573354763243027,0.025573354763243027,0.015185142323071443,0.015185142323071443,0.024461199965748744,0.024461199965748744
ID_CO06H0,0.02613846500877394,0.02613846500877394,0.014047112098256927,0.014047112098256927,0.016591512121185623,0.016591512121185623
ID_F1SPJM,0.025578648820825674,0.025578648820825674,0.019840425374964665,0.019840425374964665,0.02597308949102893,0.02597308949102893
ID_Q2S367,0.02555794488707826,0.02555794488707826,0.0185497083853907,0.0185497083853907,0.015291894191235575,0.015291894191235575
ID_0A1W1B,0.026099518164682367,0.026099518164682367,0.0185497083853907,0.0185497083853907,0.016602428822905257,0.016602428822905257
ID_J1H455,0.025492850891348427,0.025492850891348427,0.020097798700445726,0.020097798700445726,0.01932505543530173,0.01932505543530173
ID_PNFU37,0.02613846500877394,0.02613846500877394,0.013979341583942647,0.013979341583942647,0.01751124106823278,0.01751124106823278
ID_X2I29Y,0.02674513228210788,0.02674513228210788,0.01579930367026003,0.01579930367026003,0.022430493865694987,0.022430493865694987
ID_I2EHXW,0.025848358663701124,0.025848358663701124,0.014667258913724886,0.014667258913724886,0.02160624212734906,0.02160624212734906
ID_K8D9L9,0.02555794488707826,0.02555794488707826,0.013194773788455174,0.013194773788455174,0.01604290746886542,0.01604290746886542
ID_XW3QM1,0.02555794488707826,0.02555794488707826,0.013194773788455174,0.013194773788455174,0.01521023053967858,0.01521023053967858
ID_HR6DTW,0.025541148644080386,0.025541148644080386,0.013761377994078039,0.013761377994078039,0.018481714052004015,0.018481714052004015
ID_J70B1Q,0.02555794488707826,0.02555794488707826,0.0185497083853907,0.0185497083853907,0.01615091945684426,0.01615091945684426
ID_CG7535,0.025573354763243027,0.025573354763243027,0.015185142323071443,0.015185142323071443,0.024461199965748744,0.024461199965748744
ID_BJ7RH7,0.025492850891348427,0.025492850891348427,0.01943130003767864,0.01943130003767864,0.02015942340956032,0.02015942340956032
ID_95B75E,0.025492850891348427,0.025492850891348427,0.020097798700445726,0.020097798700445726,0.01932505543530173,0.01932505543530173
ID_VST6U7,0.02563807963439793,0.02563807963439793,0.013492708561723923,0.013492708561723923,0.018218734517523795,0.018218734517523795
ID_G3ZX83,0.025492850891348427,0.025492850891348427,0.022512800313716812,0.022512800313716812,0.018483690602853355,0.018483690602853355
ID_OBGAY8,0.025492850891348427,0.025492850891348427,0.020097798700445726,0.020097798700445726,0.01932505543530173,0.01932505543530173
ID_7898T5,0.025492850891348427,0.025492850891348427,0.0185497083853907,0.0185497083853907,0.015300455411440329,0.015300455411440329
ID_GA55FI,0.025918031417377557,0.025918031417377557,0.015268961743373746,0.015268961743373746,0.022244046422701048,0.022244046422701048
ID_IP9G8X,0.025492850891348427,0.025492850891348427,0.01418948430240752,0.01418948430240752,0.023410467036592768,0.023410467036592768
ID_I1NTQJ,0.026765089848287578,0.026765089848287578,0.019910782945237442,0.019910782945237442,0.027986580612023925,0.027986580612023925
ID_J1IMQO,0.025492850891348427,0.025492850891348427,0.01943130003767864,0.01943130003767864,0.02015942340956032,0.02015942340956032
ID_FJY7M6,0.02555794488707826,0.02555794488707826,0.0185497083853907,0.0185497083853907,0.01615091945684426,0.01615091945684426
ID_XXD9VX,0.025143452725013282,0.025143452725013282,0.015703151698079537,0.015703151698079537,0.0213657226828248,0.0213657226828248
ID_95Y6Y3,0.02555794488707826,0.02555794488707826,0.0185497083853907,0.0185497083853907,0.01615091945684426,0.01615091945684426
ID_IEG8FD,0.025492850891348427,0.025492850891348427,0.013889630401583329,0.013889630401583329,0.018707799334141063,0.018707799334141063
ID_UUT71P,0.02560624263981022,0.02560624263981022,0.013561205465663865,0.013561205465663865,0.018410393014138684,0.018410393014138684
ID_ZVGYIZ,0.025492850891348427,0.025492850891348427,0.01377837756711621,0.01377837756711621,0.019888939516453683,0.019888939516453683
ID_GSRCHF,0.025573354763243027,0.025573354763243027,0.01459492024115054,0.01459492024115054,0.02087331266775877,0.02087331266775877
ID_KBNPFA,0.025492850891348427,0.025492850891348427,0.020097798700445726,0.020097798700445726,0.01932505543530173,0.01932505543530173
ID_K92S3H,0.025492850891348427,0.025492850891348427,0.020097798700445726,0.020097798700445726,0.01932505543530173,0.01932505543530173
ID_TIZ8GI,0.025492850891348427,0.025492850891348427,0.020097798700445726,0.020097798700445726,0.01932505543530173,0.01932505543530173
ID_43O6DO,0.02613846500877394,0.02613846500877394,0.013979341583942647,0.013979341583942647,0.01751124106823278,0.01751124106823278
ID_I69X2E,0.025492850891348427,0.025492850891348427,0.013831784314190427,0.013831784314190427,0.018305141270830234,0.018305141270830234
ID_IGUSKY,0.02886411217163542,0.02886411217163542,0.027717231296374052,0.027717231296374052,0.04041347613865602,0.04041347613865602
ID_IO9T8L,0.025573354763243027,0.025573354763243027,0.01522877785607316,0.01522877785607316,0.024737114954310666,0.024737114954310666
ID_GP1DHX,0.025492850891348427,0.025492850891348427,0.01377837756711621,0.01377837756711621,0.019888939516453683,0.019888939516453683
ID_6072SC,0.025492850891348427,0.025492850891348427,0.020097798700445726,0.020097798700445726,0.01932505543530173,0.01932505543530173
ID_60NL3S,0.025966329170109517,0.025966329170109517,0.013484703262357988,0.013484703262357988,0.019421731667593894,0.019421731667593894
ID_ITEO5N,0.025492850891348427,0.025492850891348427,0.013889630401583329,0.013889630401583329,0.018707799334141063,0.018707799334141063
ID_OYNTET,0.025541148644080386,0.025541148644080386,0.013334355434249654,0.013334355434249654,0.018143373807162796,0.018143373807162796
ID_D4YOQ7,0.031138467662564624,0.031138467662564624,0.02349224049416951,0.02349224049416951,0.04597332831954805,0.04597332831954805
ID_6REL2T,0.025492850891348427,0.025492850891348427,0.013889630401583329,0.013889630401583329,0.018707799334141063,0.018707799334141063
ID_88HS7P,0.025492850891348427,0.025492850891348427,0.013990879029417948,0.013990879029417948,0.0173313860285081,0.0173313860285081
ID_UST3WB,0.025918031417377557,0.025918031417377557,0.013309399545850751,0.013309399545850751,0.019261293277773924,0.019261293277773924
ID_ETJ0ZE,0.025492850891348427,0.025492850891348427,0.01943130003767864,0.01943130003767864,0.02015942340956032,0.02015942340956032
ID_7BGHTB,0.02674513228210788,0.02674513228210788,0.028507811941417712,0.028507811941417712,0.022934544937136803,0.022934544937136803
ID_ZDJ1XZ,0.02512539032764054,0.02512539032764054,0.01558933775007289,0.01558933775007289,0.01998164503955687,0.01998164503955687
ID_Y7ND6Y,0.025492850891348427,0.025492850891348427,0.01377837756711621,0.01377837756711621,0.019888939516453683,0.019888939516453683
ID_QRPH0R,0.02555794488707826,0.02555794488707826,0.01418948430240752,0.01418948430240752,0.02355996597106292,0.02355996597106292
ID_C01ZXM,0.02674513228210788,0.02674513228210788,0.01626114304851293,0.01626114304851293,0.021239803121121607,0.021239803121121607
ID_ZN6VHC,0.02613846500877394,0.02613846500877394,0.014267883398194962,0.014267883398194962,0.0209195330343109,0.0209195330343109
ID_3RTO71,0.025492850891348427,0.025492850891348427,0.01943130003767864,0.01943130003767864,0.02015942340956032,0.02015942340956032
ID_7AWBEY,0.02555794488707826,0.02555794488707826,0.01869726565514292,0.01869726565514292,0.01943131389293608,0.01943131389293608
ID_6OBWMT,0.025541148644080386,0.025541148644080386,0.013761377994078039,0.013761377994078039,0.018481714052004015,0.018481714052004015
ID_70AEKG,0.025492850891348427,0.025492850891348427,0.020097798700445726,0.020097798700445726,0.01932505543530173,0.01932505543530173
ID_MVQMU6,0.025492850891348427,0.025492850891348427,0.01943130003767864,0.01943130003767864,0.02015942340956032,0.02015942340956032
ID_XNFNA4,0.025143452725013282,0.025143452725013282,0.0273285643792105,0.0273285643792105,0.023944407121742086,0.023944407121742086
ID_1Y57MO,0.02674513228210788,0.02674513228210788,0.013831784314190427,0.013831784314190427,0.018325321338503526,0.018325321338503526
ID_GAOFDO,0.02674513228210788,0.02674513228210788,0.01579930367026003,0.01579930367026003,0.022430493865694987,0.022430493865694987
ID_WBEYQ0,0.02555794488707826,0.02555794488707826,0.0185497083853907,0.0185497083853907,0.01615091945684426,0.01615091945684426
ID_46KU2G,0.025492850891348427,0.025492850891348427,0.013889630401583329,0.013889630401583329,0.018707799334141063,0.018707799334141063
ID_IR8LH0,0.025492850891348427,0.025492850891348427,0.020097798700445726,0.020097798700445726,0.01932505543530173,0.01932505543530173
ID_S85UA7,0.02512539032764054,0.02512539032764054,0.015430554902992055,0.015430554902992055,0.021103464165198583,0.021103464165198583
ID_JI8Z14,0.02674513228210788,0.02674513228210788,0.01579930367026003,0.01579930367026003,0.022430493865694987,0.022430493865694987
ID_RNSP8B,0.02833501164253489,0.02833501164253489,0.027724746964418172,0.027724746964418172,0.03637844101749938,0.03637844101749938
ID_4GRPQ9,0.02833501164253489,0.02833501164253489,0.019693655033229302,0.019693655033229302,0.043547229597314746,0.043547229597314746
ID_8JTFNT,0.025492850891348427,0.025492850891348427,0.01377837756711621,0.01377837756711621,0.019888939516453683,0.019888939516453683
ID_2TMUS6,0.02555794488707826,0.02555794488707826,0.0185497083853907,0.0185497083853907,0.01615091945684426,0.01615091945684426
ID_UBIINM,0.02613846500877394,0.02613846500877394,0.025583147605035453,0.025583147605035453,0.021651908765627573,0.021651908765627573
ID_TFLD6S,0.025492850891348427,0.025492850891348427,0.013831784314190427,0.013831784314190427,0.018305141270830234,0.018305141270830234
ID_ESYJ2B,0.025492850891348427,0.025492850891348427,0.01943130003767864,0.01943130003767864,0.02015942340956032,0.02015942340956032
ID_KNDB9Y,0.025492850891348427,0.025492850891348427,0.013889630401583329,0.013889630401583329,0.018707799334141063,0.018707799334141063
ID_KBMX7S,0.02555794488707826,0.02555794488707826,0.0185497083853907,0.0185497083853907,0.01615091945684426,0.01615091945684426
ID_UFWO9L,0.026765089848287578,0.026765089848287578,0.014006965332763903,0.014006965332763903,0.018329402746748588,0.018329402746748588
ID_LFO2EU,0.02674513228210788,0.02674513228210788,0.013831784314190427,0.013831784314190427,0.018325321338503526,0.018325321338503526
ID_2ZBL24,0.02613846500877394,0.02613846500877394,0.014353016775503685,0.014353016775503685,0.019907278461882453,0.019907278461882453
ID_2WWX3O,0.025492850891348427,0.025492850891348427,0.023158637185877833,0.023158637185877833,0.017535638300626193,0.017535638300626193
ID_L9N1KK,0.026765089848287578,0.026765089848287578,0.014006965332763903,0.014006965332763903,0.018329402746748588,0.018329402746748588
ID_MFBDFI,0.02613846500877394,0.02613846500877394,0.013979341583942647,0.013979341583942647,0.01743940198777301,0.01743940198777301
ID_FSYPFJ,0.027022750831517214,0.027022750831517214,0.01626061359240644,0.01626061359240644,0.021986305360257023,0.021986305360257023
ID_7DOBZ7,0.02753997809288997,0.02753997809288997,0.014900980349335059,0.014900980349335059,0.019886113478848815,0.019886113478848815
ID_C6D32M,0.027368279028178816,0.027368279028178816,0.034807280837286736,0.034807280837286736,0.07379279956596319,0.07379279956596319
ID_UZW285,0.027368279028178816,0.027368279028178816,0.019658457928700537,0.019658457928700537,0.061251240062301586,0.061251240062301586
ID_5BJBQN,0.027368648152753746,0.027368648152753746,0.01979100913992877,0.01979100913992877,0.05862990800324817,0.05862990800324817
ID_IIL1YE,0.027336442033591105,0.027336442033591105,0.016425690561370433,0.016425690561370433,0.023663783313182335,0.023663783313182335
ID_35Q4VL,0.027336442033591105,0.027336442033591105,0.017306891398230263,0.017306891398230263,0.02589732502325822,0.02589732502325822
ID_0D8BV7,0.02753997809288997,0.02753997809288997,0.014900980349335059,0.014900980349335059,0.019886113478848815,0.019886113478848815
ID_F1CKKX,0.027336442033591105,0.027336442033591105,0.020152810730355446,0.020152810730355446,0.023475986867424317,0.023475986867424317
ID_NWINB1,0.09186179818982323,0.09186179818982323,0.1421039464629725,0.1421039464629725,0.09238152507368126,0.09238152507368126
ID_M3FL8L,0.027022750831517214,0.027022750831517214,0.017408952512377437,0.017408952512377437,0.022397904936222898,0.022397904936222898
ID_2L800L,0.027022750831517214,0.027022750831517214,0.015008786563473164,0.015008786563473164,0.01848559442236183,0.01848559442236183
ID_WE66R6,0.027336442033591105,0.027336442033591105,0.016425690561370433,0.016425690561370433,0.023663783313182335,0.023663783313182335
ID_3P9NV3,0.027336442033591105,0.027336442033591105,0.016425690561370433,0.016425690561370433,0.023663783313182335,0.023663783313182335
ID_GV31Z2,0.08613943793725151,0.08613943793725151,0.1309477481580621,0.1309477481580621,0.09164460978662595,0.09164460978662595
ID_JF5PXT,0.027022750831517214,0.027022750831517214,0.027871903559065866,0.027871903559065866,0.07406316649913312,0.07406316649913312
ID_DHMWLG,0.02753997809288997,0.02753997809288997,0.014900980349335059,0.014900980349335059,0.019886113478848815,0.019886113478848815
ID_6UCW4P,0.027022750831517214,0.027022750831517214,0.01595743481337759,0.01595743481337759,0.019832892843856954,0.019832892843856954
ID_YA5S91,0.027022750831517214,0.027022750831517214,0.014059696834328398,0.014059696834328398,0.019084341241299062,0.019084341241299062
ID_8IPOB2,0.027022750831517214,0.027022750831517214,0.017408952512377437,0.017408952512377437,0.022397904936222898,0.022397904936222898
ID_13CYF8,0.027054587826104926,0.027054587826104926,0.02732387364719628,0.02732387364719628,0.07812454375630615,0.07812454375630615
ID_MHUXYA,0.027368279028178816,0.027368279028178816,0.019033050186065954,0.019033050186065954,0.061856454285822815,0.061856454285822815
ID_QAMSN8,0.027368648152753746,0.027368648152753746,0.01979100913992877,0.01979100913992877,0.05862990800324817,0.05862990800324817
ID_4QEJQO,0.027022750831517214,0.027022750831517214,0.017408952512377437,0.017408952512377437,0.022397904936222898,0.022397904936222898
ID_AESDDG,0.027022750831517214,0.027022750831517214,0.01595743481337759,0.01595743481337759,0.019832892843856954,0.019832892843856954
ID_9Z1OH9,0.027022750831517214,0.027022750831517214,0.017408952512377437,0.017408952512377437,0.022397904936222898,0.022397904936222898
ID_AG8V7R,0.027022750831517214,0.027022750831517214,0.014059696834328398,0.014059696834328398,0.019084341241299062,0.019084341241299062
ID_W6WUS8,0.027022750831517214,0.027022750831517214,0.017408952512377437,0.017408952512377437,0.022397904936222898,0.022397904936222898
ID_M5OV7R,0.027022750831517214,0.027022750831517214,0.01595743481337759,0.01595743481337759,0.019832892843856954,0.019832892843856954
ID_OQBR7N,0.027022750831517214,0.027022750831517214,0.021524114754674483,0.021524114754674483,0.02460545975805958,0.02460545975805958
ID_VYAECN,0.027357145967338518,0.027357145967338518,0.04347631487628114,0.04347631487628114,0.08648144747688835,0.08648144747688835
ID_26AKFY,0.027336442033591105,0.027336442033591105,0.036011961258502305,0.036011961258502305,0.06963906338427707,0.06963906338427707
ID_VQGG2L,0.027368279028178816,0.027368279028178816,0.019033050186065954,0.019033050186065954,0.061856454285822815,0.061856454285822815
ID_Z2H98N,0.02738935208650116,0.02738935208650116,0.01924751973273503,0.01924751973273503,0.06031390024683494,0.06031390024683494
ID_DMNH7M,0.02738898296192623,0.02738898296192623,0.019037273088011033,0.019037273088011033,0.06155423838383225,0.06155423838383225
ID_BGOJK7,0.027368648152753746,0.027368648152753746,0.01979100913992877,0.01979100913992877,0.05862990800324817,0.05862990800324817
ID_7R8S23,0.027022750831517214,0.027022750831517214,0.01645250239155167,0.01645250239155167,0.02336596696351761,0.02336596696351761
ID_MQO3VY,0.027368648152753746,0.027368648152753746,0.01979100913992877,0.01979100913992877,0.05862990800324817,0.05862990800324817
ID_O51O42,0.027368279028178816,0.027368279028178816,0.019497690175723732,0.019497690175723732,0.06054765583180907,0.06054765583180907
ID_4ISUVM,0.027368648152753746,0.027368648152753746,0.01979100913992877,0.01979100913992877,0.05862990800324817,0.05862990800324817
ID_PGEE11,0.027022750831517214,0.027022750831517214,0.017408952512377437,0.017408952512377437,0.022397904936222898,0.022397904936222898
ID_I5VRO5,0.027336442033591105,0.027336442033591105,0.020152810730355446,0.020152810730355446,0.023475986867424317,0.023475986867424317
ID_T0N43N,0.02753997809288997,0.02753997809288997,0.014808443887172333,0.014808443887172333,0.01927701941583763,0.01927701941583763
ID_15F3L2,0.027336442033591105,0.027336442033591105,0.036011961258502305,0.036011961258502305,0.06963906338427707,0.06963906338427707
ID_MYJQBV,0.07472349934057695,0.07472349934057695,0.12352165160172669,0.12352165160172669,0.0885384104553145,0.0885384104553145
ID_SIXKWK,0.027022750831517214,0.027022750831517214,0.013982621540836838,0.013982621540836838,0.017982668976702056,0.017982668976702056
ID_R062SB,0.027022750831517214,0.027022750831517214,0.01595743481337759,0.01595743481337759,0.019832892843856954,0.019832892843856954
ID_JQMJO8,0.02753997809288997,0.02753997809288997,0.016747275194869383,0.016747275194869383,0.01931090714141303,0.01931090714141303
ID_N1KQ0P,0.027336442033591105,0.027336442033591105,0.036011961258502305,0.036011961258502305,0.06963906338427707,0.06963906338427707
ID_17EH3F,0.027022750831517214,0.027022750831517214,0.014059696834328398,0.014059696834328398,0.019084341241299062,0.019084341241299062
ID_WHQS9J,0.027022750831517214,0.027022750831517214,0.017408952512377437,0.017408952512377437,0.022397904936222898,0.022397904936222898
ID_E9MYEG,0.027022750831517214,0.027022750831517214,0.01645250239155167,0.01645250239155167,0.02336596696351761,0.02336596696351761
ID_P4VAZC,0.027022750831517214,0.027022750831517214,0.022842161737598586,0.022842161737598586,0.024413117646765375,0.024413117646765375
ID_8EUWNU,0.02753997809288997,0.02753997809288997,0.016747275194869383,0.016747275194869383,0.01931090714141303,0.01931090714141303
ID_S5TAQL,0.027022750831517214,0.027022750831517214,0.01595743481337759,0.01595743481337759,0.019832892843856954,0.019832892843856954
ID_0S0PVH,0.027022750831517214,0.027022750831517214,0.014059696834328398,0.014059696834328398,0.019084341241299062,0.019084341241299062
ID_HKCU5C,0.027368648152753746,0.027368648152753746,0.042498376318564395,0.042498376318564395,0.08860251181643601,0.08860251181643601
ID_9SXKX7,0.027022750831517214,0.027022750831517214,0.014059696834328398,0.014059696834328398,0.019084341241299062,0.019084341241299062
ID_CAC8HA,0.027022750831517214,0.027022750831517214,0.01595743481337759,0.01595743481337759,0.019832892843856954,0.019832892843856954
ID_LTTNP4,0.02753997809288997,0.02753997809288997,0.016747275194869383,0.016747275194869383,0.01931090714141303,0.01931090714141303
ID_8Y6GYA,0.027022750831517214,0.027022750831517214,0.017408952512377437,0.017408952512377437,0.022397904936222898,0.022397904936222898
ID_JAHUY4,0.027022750831517214,0.027022750831517214,0.014059696834328398,0.014059696834328398,0.019084341241299062,0.019084341241299062
ID_7WRXP5,0.027022750831517214,0.027022750831517214,0.017408952512377437,0.017408952512377437,0.022397904936222898,0.022397904936222898
ID_E6FGS1,0.027336442033591105,0.027336442033591105,0.036011961258502305,0.036011961258502305,0.06963906338427707,0.06963906338427707
ID_J23PY3,0.027022750831517214,0.027022750831517214,0.0303904587160374,0.0303904587160374,0.06499498077827241,0.06499498077827241
ID_I8EM0Z,0.10743156294989435,0.10743156294989435,0.13872350071346082,0.13872350071346082,0.12825204804618845,0.12825204804618845
ID_M0AGW7,0.027022750831517214,0.027022750831517214,0.01626061359240644,0.01626061359240644,0.021986305360257023,0.021986305360257023
ID_FM2PGK,0.027022750831517214,0.027022750831517214,0.01713789531929755,0.01713789531929755,0.018512780140587153,0.018512780140587153
ID_WR1UYY,0.027022750831517214,0.027022750831517214,0.016664356969667282,0.016664356969667282,0.023954238845976514,0.023954238845976514
ID_G2J9TV,0.027336442033591105,0.027336442033591105,0.036011961258502305,0.036011961258502305,0.06963906338427707,0.06963906338427707
ID_XCOLR8,0.027022750831517214,0.027022750831517214,0.017408952512377437,0.017408952512377437,0.022397904936222898,0.022397904936222898
ID_9J6DPQ,0.027022750831517214,0.027022750831517214,0.014059696834328398,0.014059696834328398,0.019084341241299062,0.019084341241299062
ID_X6MXTF,0.027022750831517214,0.027022750831517214,0.017408952512377437,0.017408952512377437,0.022397904936222898,0.022397904936222898
ID_YFL07C,0.027022750831517214,0.027022750831517214,0.017408952512377437,0.017408952512377437,0.022397904936222898,0.022397904936222898
ID_BCF7Y5,0.09186179818982323,0.09186179818982323,0.1421039464629725,0.1421039464629725,0.09238152507368126,0.09238152507368126
ID_WW13YS,0.027022750831517214,0.027022750831517214,0.015198371246344324,0.015198371246344324,0.018263778622441832,0.018263778622441832
ID_DEQONK,0.027022750831517214,0.027022750831517214,0.01595743481337759,0.01595743481337759,0.019832892843856954,0.019832892843856954
ID_8NIMUF,0.027357145967338518,0.027357145967338518,0.04347631487628114,0.04347631487628114,0.08648144747688835,0.08648144747688835
ID_AN1U1Q,0.027022750831517214,0.027022750831517214,0.019443772651456383,0.019443772651456383,0.020356735072345165,0.020356735072345165
ID_SYTJK4,0.027022750831517214,0.027022750831517214,0.022842161737598586,0.022842161737598586,0.024413117646765375,0.024413117646765375
ID_GE0PML,0.027022750831517214,0.027022750831517214,0.017408952512377437,0.017408952512377437,0.022397904936222898,0.022397904936222898
ID_2HISEV,0.027022750831517214,0.027022750831517214,0.01626061359240644,0.01626061359240644,0.021986305360257023,0.021986305360257023
ID_MDD7FZ,0.027022750831517214,0.027022750831517214,0.01595743481337759,0.01595743481337759,0.019832892843856954,0.019832892843856954
ID_FQNAWD,0.027022750831517214,0.027022750831517214,0.013832103143717977,0.013832103143717977,0.01685778630561022,0.01685778630561022
ID_FVWFLK,0.027022750831517214,0.027022750831517214,0.01713789531929755,0.01713789531929755,0.018512780140587153,0.018512780140587153
ID_ADU6RR,0.027022750831517214,0.027022750831517214,0.022842161737598586,0.022842161737598586,0.024413117646765375,0.024413117646765375
ID_XH1LC3,0.027022750831517214,0.027022750831517214,0.01626061359240644,0.01626061359240644,0.021986305360257023,0.021986305360257023
ID_P98LKD,0.027400485147341457,0.027400485147341457,0.02007740887775744,0.02007740887775744,0.060713810347095484,0.060713810347095484
ID_9OMVON,0.027336442033591105,0.027336442033591105,0.036011961258502305,0.036011961258502305,0.06963906338427707,0.06963906338427707
ID_FKYCE5,0.027336442033591105,0.027336442033591105,0.036011961258502305,0.036011961258502305,0.06963906338427707,0.06963906338427707
ID_V3YM6S,0.027022750831517214,0.027022750831517214,0.019443772651456383,0.019443772651456383,0.020356735072345165,0.020356735072345165
ID_HRFMYC,0.027400485147341457,0.027400485147341457,0.02007740887775744,0.02007740887775744,0.060713810347095484,0.060713810347095484
ID_D088YD,0.02753997809288997,0.02753997809288997,0.016747275194869383,0.016747275194869383,0.01931090714141303,0.01931090714141303
ID_CLQ4CW,0.027022750831517214,0.027022750831517214,0.013832103143717977,0.013832103143717977,0.01685778630561022,0.01685778630561022
ID_RL7E2I,0.027022750831517214,0.027022750831517214,0.014059696834328398,0.014059696834328398,0.019084341241299062,0.019084341241299062
ID_VK25IA,0.02759288814580002,0.02759288814580002,0.04417401904001833,0.04417401904001833,0.0636555616958579,0.0636555616958579
ID_RN5N5F,0.027022750831517214,0.027022750831517214,0.017408952512377437,0.017408952512377437,0.022397904936222898,0.022397904936222898
ID_5TLZMB,0.027022750831517214,0.027022750831517214,0.019443772651456383,0.019443772651456383,0.020356735072345165,0.020356735072345165
ID_7OSIUD,0.027022750831517214,0.027022750831517214,0.017408952512377437,0.017408952512377437,0.022397904936222898,0.022397904936222898
ID_MZPJPB,0.027336442033591105,0.027336442033591105,0.036011961258502305,0.036011961258502305,0.06963906338427707,0.06963906338427707
ID_1QMC23,0.027022750831517214,0.027022750831517214,0.01626061359240644,0.01626061359240644,0.021986305360257023,0.021986305360257023
ID_HE9HVL,0.027022750831517214,0.027022750831517214,0.01713789531929755,0.01713789531929755,0.018512780140587153,0.018512780140587153
ID_H2IQKE,0.027022750831517214,0.027022750831517214,0.013982621540836838,0.013982621540836838,0.017982668976702056,0.017982668976702056
ID_YHLHJU,0.027022750831517214,0.027022750831517214,0.01595743481337759,0.01595743481337759,0.019832892843856954,0.019832892843856954
ID_5QLFQX,0.027022750831517214,0.027022750831517214,0.017408952512377437,0.017408952512377437,0.022397904936222898,0.022397904936222898
ID_8XAE26,0.027448782900073417,0.027448782900073417,0.033127718910405134,0.033127718910405134,0.10029781604215461,0.10029781604215461
ID_4OPMF7,0.027336442033591105,0.027336442033591105,0.016911130383157887,0.016911130383157887,0.02371115148974539,0.02371115148974539
ID_N4FQXD,0.027336442033591105,0.027336442033591105,0.0169102119658924,0.0169102119658924,0.02596515728805911,0.02596515728805911
ID_BLEVN1,0.027022750831517214,0.027022750831517214,0.01626061359240644,0.01626061359240644,0.021986305360257023,0.021986305360257023
ID_LHUDOH,0.027022750831517214,0.027022750831517214,0.013832103143717977,0.013832103143717977,0.01685778630561022,0.01685778630561022
ID_OKOAZY,0.027022750831517214,0.027022750831517214,0.01595743481337759,0.01595743481337759,0.019832892843856954,0.019832892843856954
ID_E57G26,0.027022750831517214,0.027022750831517214,0.01626061359240644,0.01626061359240644,0.021986305360257023,0.021986305360257023
ID_2STV22,0.027357145967338518,0.027357145967338518,0.04347631487628114,0.04347631487628114,0.08648144747688835,0.08648144747688835
ID_7UZ55C,0.027022750831517214,0.027022750831517214,0.01595743481337759,0.01595743481337759,0.019832892843856954,0.019832892843856954
ID_DD2PDS,0.027022750831517214,0.027022750831517214,0.022842161737598586,0.022842161737598586,0.024413117646765375,0.024413117646765375
ID_KDHH6J,0.027022750831517214,0.027022750831517214,0.017408952512377437,0.017408952512377437,0.022397904936222898,0.022397904936222898
ID_A7UKVZ,0.027336442033591105,0.027336442033591105,0.036011961258502305,0.036011961258502305,0.06963906338427707,0.06963906338427707
ID_663PZ9,0.027022750831517214,0.027022750831517214,0.01645250239155167,0.01645250239155167,0.02336596696351761,0.02336596696351761
ID_URF0I1,0.027368279028178816,0.027368279028178816,0.034807280837286736,0.034807280837286736,0.07379279956596319,0.07379279956596319
ID_4N5TQ6,0.027022750831517214,0.027022750831517214,0.01595743481337759,0.01595743481337759,0.019832892843856954,0.019832892843856954
ID_60ZK2I,0.027022750831517214,0.027022750831517214,0.01626061359240644,0.01626061359240644,0.021986305360257023,0.021986305360257023
ID_QC43VZ,0.027368648152753746,0.027368648152753746,0.042498376318564395,0.042498376318564395,0.08860251181643601,0.08860251181643601
ID_13U1NY,0.027022750831517214,0.027022750831517214,0.01626061359240644,0.01626061359240644,0.021986305360257023,0.021986305360257023
ID_1VBX12,0.027022750831517214,0.027022750831517214,0.019443772651456383,0.019443772651456383,0.020356735072345165,0.020356735072345165
ID_7HH53L,0.027022750831517214,0.027022750831517214,0.01595743481337759,0.01595743481337759,0.019832892843856954,0.019832892843856954
ID_O7C7KQ,0.027022750831517214,0.027022750831517214,0.017408952512377437,0.017408952512377437,0.022397904936222898,0.022397904936222898
ID_G5JSBH,0.027022750831517214,0.027022750831517214,0.022842161737598586,0.022842161737598586,0.024413117646765375,0.024413117646765375
ID_VKKIH3,0.027022750831517214,0.027022750831517214,0.022842161737598586,0.022842161737598586,0.024413117646765375,0.024413117646765375
ID_665YVK,0.027336442033591105,0.027336442033591105,0.016911130383157887,0.016911130383157887,0.02371115148974539,0.02371115148974539
ID_I3WYPK,0.027336442033591105,0.027336442033591105,0.0169102119658924,0.0169102119658924,0.02596515728805911,0.02596515728805911
ID_UVJVQX,0.027368648152753746,0.027368648152753746,0.042498376318564395,0.042498376318564395,0.08860251181643601,0.08860251181643601
ID_574Q8E,0.027022750831517214,0.027022750831517214,0.022842161737598586,0.022842161737598586,0.024413117646765375,0.024413117646765375
ID_L6LXEE,0.027336442033591105,0.027336442033591105,0.036011961258502305,0.036011961258502305,0.06963906338427707,0.06963906338427707
ID_74MOYS,0.027022750831517214,0.027022750831517214,0.022842161737598586,0.022842161737598586,0.024413117646765375,0.024413117646765375
ID_N6IRKL,0.027022750831517214,0.027022750831517214,0.022842161737598586,0.022842161737598586,0.024413117646765375,0.024413117646765375
ID_3F60LX,0.027022750831517214,0.027022750831517214,0.02528796885105815,0.02528796885105815,0.027057779740126964,0.027057779740126964
ID_D6GTQM,0.027022750831517214,0.027022750831517214,0.022842161737598586,0.022842161737598586,0.024413117646765375,0.024413117646765375
ID_28MU6X,0.027022750831517214,0.027022750831517214,0.014059696834328398,0.014059696834328398,0.019084341241299062,0.019084341241299062
ID_4EA27V,0.027022750831517214,0.027022750831517214,0.017408952512377437,0.017408952512377437,0.022397904936222898,0.022397904936222898
ID_JMKVHA,0.02753997809288997,0.02753997809288997,0.016747275194869383,0.016747275194869383,0.01931090714141303,0.01931090714141303
ID_T8PROT,0.027022750831517214,0.027022750831517214,0.01595743481337759,0.01595743481337759,0.019832892843856954,0.019832892843856954
ID_KFZT1Z,0.09186179818982323,0.09186179818982323,0.1421039464629725,0.1421039464629725,0.09238152507368126,0.09238152507368126
ID_1L92EP,0.027022750831517214,0.027022750831517214,0.01595743481337759,0.01595743481337759,0.019832892843856954,0.019832892843856954
ID_D16TQ3,0.02753997809288997,0.02753997809288997,0.014900980349335059,0.014900980349335059,0.019886113478848815,0.019886113478848815
ID_4KJBXU,0.02753997809288997,0.02753997809288997,0.014808443887172333,0.014808443887172333,0.01927701941583763,0.01927701941583763
ID_HAGZ8S,0.027022750831517214,0.027022750831517214,0.015198371246344324,0.015198371246344324,0.018263778622441832,0.018263778622441832
ID_BZOPQK,0.027022750831517214,0.027022750831517214,0.01626061359240644,0.01626061359240644,0.021986305360257023,0.021986305360257023
ID_83J5WV,0.027022750831517214,0.027022750831517214,0.022842161737598586,0.022842161737598586,0.024413117646765375,0.024413117646765375
ID_2WYS02,0.027022750831517214,0.027022750831517214,0.015198371246344324,0.015198371246344324,0.018263778622441832,0.018263778622441832
ID_OHLMK5,0.08613943793725151,0.08613943793725151,0.1309477481580621,0.1309477481580621,0.09164460978662595,0.09164460978662595
ID_TENL85,0.027022750831517214,0.027022750831517214,0.015198371246344324,0.015198371246344324,0.018263778622441832,0.018263778622441832
ID_BIVD7V,0.027022750831517214,0.027022750831517214,0.017408952512377437,0.017408952512377437,0.022397904936222898,0.022397904936222898
ID_J28DNK,0.027022750831517214,0.027022750831517214,0.01595743481337759,0.01595743481337759,0.019832892843856954,0.019832892843856954
ID_BWIO8Z,0.027022750831517214,0.027022750831517214,0.01595743481337759,0.01595743481337759,0.019832892843856954,0.019832892843856954
ID_OCWO27,0.027022750831517214,0.027022750831517214,0.015198371246344324,0.015198371246344324,0.018263778622441832,0.018263778622441832
ID_IGHXNY,0.027368648152753746,0.027368648152753746,0.01979100913992877,0.01979100913992877,0.05862990800324817,0.05862990800324817
ID_LIIIBA,0.02738898296192623,0.02738898296192623,0.021841048464946597,0.021841048464946597,0.06666575874606988,0.06666575874606988
ID_1PO93P,0.02753997809288997,0.02753997809288997,0.014808443887172333,0.014808443887172333,0.01927701941583763,0.01927701941583763
ID_JS0FD0,0.027022750831517214,0.027022750831517214,0.017408952512377437,0.017408952512377437,0.022397904936222898,0.022397904936222898
ID_4YQUG6,0.027400485147341457,0.027400485147341457,0.017700802130647807,0.017700802130647807,0.042498512538804996,0.042498512538804996
ID_GGCNVE,0.09448212029908215,0.09448212029908215,0.1335824602403272,0.1335824602403272,0.11882552783389244,0.11882552783389244
ID_4MU095,0.027336442033591105,0.027336442033591105,0.03764569886944954,0.03764569886944954,0.06864970768846482,0.06864970768846482
ID_CF2J5G,0.10643742020921128,0.10643742020921128,0.13716307785343476,0.13716307785343476,0.14018135909724166,0.14018135909724166
ID_69KUSA,0.027022750831517214,0.027022750831517214,0.017408952512377437,0.017408952512377437,0.022397904936222898,0.022397904936222898
ID_47WWSO,0.027022750831517214,0.027022750831517214,0.01595743481337759,0.01595743481337759,0.019832892843856954,0.019832892843856954
ID_8EMU7E,0.027022750831517214,0.027022750831517214,0.01595743481337759,0.01595743481337759,0.019832892843856954,0.019832892843856954
ID_SSSQEE,0.027022750831517214,0.027022750831517214,0.021402028483551605,0.021402028483551605,0.026299949136041043,0.026299949136041043
ID_NC40LD,0.027400485147341457,0.027400485147341457,0.017700802130647807,0.017700802130647807,0.042498512538804996,0.042498512538804996
ID_RXX5K6,0.027022750831517214,0.027022750831517214,0.015198371246344324,0.015198371246344324,0.018263778622441832,0.018263778622441832
ID_O60MXV,0.027336442033591105,0.027336442033591105,0.020152810730355446,0.020152810730355446,0.023475986867424317,0.023475986867424317
ID_OG238E,0.027022750831517214,0.027022750831517214,0.017408952512377437,0.017408952512377437,0.022397904936222898,0.022397904936222898
ID_VA27BH,0.027022750831517214,0.027022750831517214,0.02528796885105815,0.02528796885105815,0.027057779740126964,0.027057779740126964
ID_5GVW6U,0.027022750831517214,0.027022750831517214,0.021524114754674483,0.021524114754674483,0.02460545975805958,0.02460545975805958
ID_74LR12,0.027336442033591105,0.027336442033591105,0.036011961258502305,0.036011961258502305,0.06963906338427707,0.06963906338427707
ID_345SCW,0.027022750831517214,0.027022750831517214,0.01595743481337759,0.01595743481337759,0.019832892843856954,0.019832892843856954
ID_AYT8DU,0.027022750831517214,0.027022750831517214,0.017408952512377437,0.017408952512377437,0.022397904936222898,0.022397904936222898
ID_XW5DPZ,0.02753997809288997,0.02753997809288997,0.016747275194869383,0.016747275194869383,0.01931090714141303,0.01931090714141303
ID_4IB9N7,0.027022750831517214,0.027022750831517214,0.017408952512377437,0.017408952512377437,0.022397904936222898,0.022397904936222898
ID_270DJ8,0.027022750831517214,0.027022750831517214,0.022842161737598586,0.022842161737598586,0.024413117646765375,0.024413117646765375
ID_NSAKGY,0.027022750831517214,0.027022750831517214,0.016470068835192715,0.016470068835192715,0.021776181646836423,0.021776181646836423
ID_1PTB19,0.027022750831517214,0.027022750831517214,0.017408952512377437,0.017408952512377437,0.022397904936222898,0.022397904936222898
ID_RDTW4J,0.027022750831517214,0.027022750831517214,0.022842161737598586,0.022842161737598586,0.024413117646765375,0.024413117646765375
ID_R8D4HS,0.02753997809288997,0.02753997809288997,0.014900980349335059,0.014900980349335059,0.019886113478848815,0.019886113478848815
ID_UF3LOQ,0.07472349934057695,0.07472349934057695,0.12352165160172669,0.12352165160172669,0.0885384104553145,0.0885384104553145
ID_AZRY44,0.027022750831517214,0.027022750831517214,0.017408952512377437,0.017408952512377437,0.022397904936222898,0.022397904936222898
ID_2KRTKC,0.02753997809288997,0.02753997809288997,0.030206242587719787,0.030206242587719787,0.11275336663325912,0.11275336663325912
ID_ISJZ5E,0.02753997809288997,0.02753997809288997,0.028576802440714998,0.028576802440714998,0.160401321418184,0.160401321418184
ID_DB3FQ6,0.02753997809288997,0.02753997809288997,0.028576802440714998,0.028576802440714998,0.160401321418184,0.160401321418184
ID_55KL6G,0.02753997809288997,0.02753997809288997,0.028576802440714998,0.028576802440714998,0.160401321418184,0.160401321418184
ID_X7RL40,0.02753997809288997,0.02753997809288997,0.030206242587719787,0.030206242587719787,0.11275336663325912,0.11275336663325912
ID_38TR4Q,0.02753997809288997,0.02753997809288997,0.030206242587719787,0.030206242587719787,0.11275336663325912,0.11275336663325912
ID_L8T6ZB,0.02753997809288997,0.02753997809288997,0.030206242587719787,0.030206242587719787,0.11275336663325912,0.11275336663325912
ID_D1SBOO,0.02753997809288997,0.02753997809288997,0.030206242587719787,0.030206242587719787,0.11275336663325912,0.11275336663325912
ID_83M5MJ,0.02753997809288997,0.02753997809288997,0.028576802440714998,0.028576802440714998,0.160401321418184,0.160401321418184
ID_XOU76K,0.02753997809288997,0.02753997809288997,0.030206242587719787,0.030206242587719787,0.11275336663325912,0.11275336663325912
ID_IWZ84Z,0.02753997809288997,0.02753997809288997,0.030206242587719787,0.030206242587719787,0.11275336663325912,0.11275336663325912
