ID,Target_07_AUC,Target_07_LogLoss,Target_90_AUC,Target_90_LogLoss,Target_120_AUC,Target_120_LogLoss,Target_AUC,Target_LogLoss
ID_LEG1GM,0.024079788482056087,0.024079788482056087,0.011775806887461947,0.011775806887461947,0.013551364114837015,0.013551364114837015,0.024079788482056087,0.024079788482056087
ID_1UKOKW,0.024079788482056087,0.024079788482056087,0.010957470411788912,0.010957470411788912,0.012530980134230083,0.012530980134230083,0.024079788482056087,0.024079788482056087
ID_U5H2YK,0.48246029834506277,0.48246029834506277,0.34608270439264266,0.34608270439264266,0.3153593615576707,0.3153593615576707,0.48246029834506277,0.48246029834506277
ID_55957A,0.3448341899176465,0.3448341899176465,0.29082685719207285,0.29082685719207285,0.22580729815103712,0.22580729815103712,0.3448341899176465,0.3448341899176465
ID_N1AC0A,0.024079788482056087,0.024079788482056087,0.010846062657812471,0.010846062657812471,0.012526626038881281,0.012526626038881281,0.024079788482056087,0.024079788482056087
ID_4R3SGT,0.024079788482056087,0.024079788482056087,0.010859344993984263,0.010859344993984263,0.012540011094231193,0.012540011094231193,0.024079788482056087,0.024079788482056087
ID_NVW38U,0.4648271590704368,0.4648271590704368,0.404105876696267,0.404105876696267,0.42501774164076406,0.42501774164076406,0.4648271590704368,0.4648271590704368
ID_15LAWX,0.024079788482056087,0.024079788482056087,0.011775806887461947,0.011775806887461947,0.013551364114837015,0.013551364114837015,0.024079788482056087,0.024079788482056087
ID_DPNOLZ,0.024079788482056087,0.024079788482056087,0.011895325882112482,0.011895325882112482,0.01279398485417064,0.01279398485417064,0.024079788482056087,0.024079788482056087
ID_GXO4MZ,0.024079788482056087,0.024079788482056087,0.010839919774071881,0.010839919774071881,0.012346769888675523,0.012346769888675523,0.024079788482056087,0.024079788482056087
ID_TWJ95S,0.024079788482056087,0.024079788482056087,0.011895325882112482,0.011895325882112482,0.01279398485417064,0.01279398485417064,0.024079788482056087,0.024079788482056087
ID_F6RQR5,0.024079788482056087,0.024079788482056087,0.010860603285115018,0.010860603285115018,0.012526626038881281,0.012526626038881281,0.024079788482056087,0.024079788482056087
ID_OD0S5Q,0.35481754330827786,0.35481754330827786,0.2983760871965842,0.2983760871965842,0.235679548114922,0.235679548114922,0.35481754330827786,0.35481754330827786
ID_L4DEEY,0.05538628220658675,0.05538628220658675,0.06847059267777997,0.06847059267777997,0.07572020506474858,0.07572020506474858,0.05538628220658675,0.05538628220658675
ID_H0WWMP,0.024079788482056087,0.024079788482056087,0.010859344993984263,0.010859344993984263,0.012540011094231193,0.012540011094231193,0.024079788482056087,0.024079788482056087
ID_NK0GGQ,0.024079788482056087,0.024079788482056087,0.010846062657812471,0.010846062657812471,0.012526626038881281,0.012526626038881281,0.024079788482056087,0.024079788482056087
ID_C3E07L,0.024079788482056087,0.024079788482056087,0.012290988549467847,0.012290988549467847,0.013222366798546959,0.013222366798546959,0.024079788482056087,0.024079788482056087
ID_8ZHOIS,0.024079788482056087,0.024079788482056087,0.026410276603189908,0.026410276603189908,0.015977630422842982,0.015977630422842982,0.024079788482056087,0.024079788482056087
ID_WEM7E6,0.13825523621383,0.13825523621383,0.25337008311428555,0.25337008311428555,0.23005075810051728,0.23005075810051728,0.13825523621383,0.13825523621383
ID_EI276D,0.4648271590704368,0.4648271590704368,0.404105876696267,0.404105876696267,0.4251200709154247,0.4251200709154247,0.4648271590704368,0.4648271590704368
ID_WY9YFZ,0.024079788482056087,0.024079788482056087,0.010845272877165791,0.010845272877165791,0.012540011094231193,0.012540011094231193,0.024079788482056087,0.024079788482056087
ID_VGITCI,0.024079788482056087,0.024079788482056087,0.011895325882112482,0.011895325882112482,0.01279398485417064,0.01279398485417064,0.024079788482056087,0.024079788482056087
ID_NHFYZX,0.024079788482056087,0.024079788482056087,0.010860603285115018,0.010860603285115018,0.012526626038881281,0.012526626038881281,0.024079788482056087,0.024079788482056087
ID_PZPP2T,0.024079788482056087,0.024079788482056087,0.0108600508501853,0.0108600508501853,0.012540011094231193,0.012540011094231193,0.024079788482056087,0.024079788482056087
ID_YSGK3Y,0.024079788482056087,0.024079788482056087,0.010846062657812471,0.010846062657812471,0.012526626038881281,0.012526626038881281,0.024079788482056087,0.024079788482056087
ID_RT29AK,0.024079788482056087,0.024079788482056087,0.010913143220597978,0.010913143220597978,0.012533841216236782,0.012533841216236782,0.024079788482056087,0.024079788482056087
ID_AUK2TM,0.4854708327973767,0.4854708327973767,0.35720073000829167,0.35720073000829167,0.32942984001009196,0.32942984001009196,0.4854708327973767,0.4854708327973767
ID_QZA91L,0.44485181921338385,0.44485181921338385,0.34138196324937065,0.34138196324937065,0.3263077125188618,0.3263077125188618,0.44485181921338385,0.44485181921338385
ID_CWTE3D,0.6270367573043811,0.6270367573043811,0.5421451479180803,0.5421451479180803,0.5482395090975573,0.5482395090975573,0.6270367573043811,0.6270367573043811
ID_E04V5D,0.024079788482056087,0.024079788482056087,0.010860603285115018,0.010860603285115018,0.012526626038881281,0.012526626038881281,0.024079788482056087,0.024079788482056087
ID_XTGV9Y,0.024079788482056087,0.024079788482056087,0.011775806887461947,0.011775806887461947,0.013551364114837015,0.013551364114837015,0.024079788482056087,0.024079788482056087
ID_ADLLTR,0.024079788482056087,0.024079788482056087,0.011775806887461947,0.011775806887461947,0.013551364114837015,0.013551364114837015,0.024079788482056087,0.024079788482056087
ID_938PPA,0.024079788482056087,0.024079788482056087,0.026410276603189908,0.026410276603189908,0.015977630422842982,0.015977630422842982,0.024079788482056087,0.024079788482056087
ID_68PA5Q,0.024079788482056087,0.024079788482056087,0.011775806887461947,0.011775806887461947,0.013551364114837015,0.013551364114837015,0.024079788482056087,0.024079788482056087
ID_EJJIM0,0.024079788482056087,0.024079788482056087,0.010859344993984263,0.010859344993984263,0.012540011094231193,0.012540011094231193,0.024079788482056087,0.024079788482056087
ID_9EEUE8,0.024079788482056087,0.024079788482056087,0.010913143220597978,0.010913143220597978,0.012533841216236782,0.012533841216236782,0.024079788482056087,0.024079788482056087
ID_EZ948R,0.11570645554277727,0.11570645554277727,0.17854585475365664,0.17854585475365664,0.20535883267477326,0.20535883267477326,0.11570645554277727,0.11570645554277727
ID_E0HFQZ,0.024079788482056087,0.024079788482056087,0.010853824495690619,0.010853824495690619,0.012526626038881281,0.012526626038881281,0.024079788482056087,0.024079788482056087
ID_KGXIB9,0.29449230443018765,0.29449230443018765,0.21308999295359798,0.21308999295359798,0.12026454343323537,0.12026454343323537,0.29449230443018765,0.29449230443018765
ID_ZXY6XK,0.024079788482056087,0.024079788482056087,0.010846062657812471,0.010846062657812471,0.012526626038881281,0.012526626038881281,0.024079788482056087,0.024079788482056087
ID_TEKWLH,0.024079788482056087,0.024079788482056087,0.010871165980126518,0.010871165980126518,0.012540011094231193,0.012540011094231193,0.024079788482056087,0.024079788482056087
ID_BWUBOA,0.024079788482056087,0.024079788482056087,0.01091619138787401,0.01091619138787401,0.01252045616088687,0.01252045616088687,0.024079788482056087,0.024079788482056087
ID_0KPGAQ,0.024079788482056087,0.024079788482056087,0.010960313296337024,0.010960313296337024,0.012517595078880171,0.012517595078880171,0.024079788482056087,0.024079788482056087
ID_3LJO3C,0.024079788482056087,0.024079788482056087,0.010859434094961252,0.010859434094961252,0.013839577359992899,0.013839577359992899,0.024079788482056087,0.024079788482056087
ID_WRG2RD,0.024079788482056087,0.024079788482056087,0.010850705791596355,0.010850705791596355,0.012540011094231193,0.012540011094231193,0.024079788482056087,0.024079788482056087
ID_4K4IHE,0.024079788482056087,0.024079788482056087,0.010860603285115018,0.010860603285115018,0.012333384833325611,0.012333384833325611,0.024079788482056087,0.024079788482056087
ID_U9Z9PF,0.024079788482056087,0.024079788482056087,0.011675840090453292,0.011675840090453292,0.013046707381163954,0.013046707381163954,0.024079788482056087,0.024079788482056087
ID_HX6A7Q,0.4892663892845627,0.4892663892845627,0.3585514296199672,0.3585514296199672,0.32962541128237643,0.32962541128237643,0.4892663892845627,0.4892663892845627
ID_CB9JIH,0.4648271590704368,0.4648271590704368,0.4291679644501156,0.4291679644501156,0.41856684408708583,0.41856684408708583,0.4648271590704368,0.4648271590704368
ID_HP3OJC,0.4648271590704368,0.4648271590704368,0.404105876696267,0.404105876696267,0.42501774164076406,0.42501774164076406,0.4648271590704368,0.4648271590704368
ID_15CTIR,0.48533623640942447,0.48533623640942447,0.3588125720238051,0.3588125720238051,0.3294433108919729,0.3294433108919729,0.48533623640942447,0.48533623640942447
ID_A7QLXN,0.024079788482056087,0.024079788482056087,0.010839919774071881,0.010839919774071881,0.012346769888675523,0.012346769888675523,0.024079788482056087,0.024079788482056087
ID_97B102,0.05649999448707782,0.05649999448707782,0.05370374432351853,0.05370374432351853,0.06263190011194911,0.06263190011194911,0.05649999448707782,0.05649999448707782
ID_2JV0A5,0.6443570107148413,0.6443570107148413,0.6020796870344406,0.6020796870344406,0.6328500852705026,0.6328500852705026,0.6443570107148413,0.6443570107148413
ID_4BHS4D,0.06393582887070454,0.06393582887070454,0.0703319029206402,0.0703319029206402,0.06654429502208808,0.06654429502208808,0.06393582887070454,0.06393582887070454
ID_475FQ7,0.024079788482056087,0.024079788482056087,0.010859344993984263,0.010859344993984263,0.012540011094231193,0.012540011094231193,0.024079788482056087,0.024079788482056087
ID_OOU6SR,0.024079788482056087,0.024079788482056087,0.010859344993984263,0.010859344993984263,0.012540011094231193,0.012540011094231193,0.024079788482056087,0.024079788482056087
ID_K9F2L9,0.024079788482056087,0.024079788482056087,0.010845272877165791,0.010845272877165791,0.012540011094231193,0.012540011094231193,0.024079788482056087,0.024079788482056087
ID_HVXRWN,0.06393582887070454,0.06393582887070454,0.0703319029206402,0.0703319029206402,0.06654429502208808,0.06654429502208808,0.06393582887070454,0.06393582887070454
ID_OD84X2,0.4648271590704368,0.4648271590704368,0.404105876696267,0.404105876696267,0.42501774164076406,0.42501774164076406,0.4648271590704368,0.4648271590704368
ID_S015G9,0.024079788482056087,0.024079788482056087,0.010860603285115018,0.010860603285115018,0.012526626038881281,0.012526626038881281,0.024079788482056087,0.024079788482056087
ID_SV5TAT,0.3431087923232923,0.3431087923232923,0.279246691300077,0.279246691300077,0.21196055800217878,0.21196055800217878,0.3431087923232923,0.3431087923232923
ID_CDCTHP,0.024079788482056087,0.024079788482056087,0.010850705791596355,0.010850705791596355,0.012540011094231193,0.012540011094231193,0.024079788482056087,0.024079788482056087
ID_AROTJX,0.024079788482056087,0.024079788482056087,0.010887056365690454,0.010887056365690454,0.012526626038881281,0.012526626038881281,0.024079788482056087,0.024079788482056087
ID_EHAJ1K,0.6590646354679837,0.6590646354679837,0.6619979023036302,0.6619979023036302,0.6473772266098036,0.6473772266098036,0.6590646354679837,0.6590646354679837
ID_IEX25G,0.024079788482056087,0.024079788482056087,0.010859434094961252,0.010859434094961252,0.013839577359992899,0.013839577359992899,0.024079788482056087,0.024079788482056087
ID_W88WIY,0.024079788482056087,0.024079788482056087,0.010970989554719965,0.010970989554719965,0.012530980134230083,0.012530980134230083,0.024079788482056087,0.024079788482056087
ID_J6RJJ3,0.4648271590704368,0.4648271590704368,0.404105876696267,0.404105876696267,0.4251200709154247,0.4251200709154247,0.4648271590704368,0.4648271590704368
ID_HXXXEO,0.024079788482056087,0.024079788482056087,0.010859344993984263,0.010859344993984263,0.012540011094231193,0.012540011094231193,0.024079788482056087,0.024079788482056087
ID_X4RW56,0.08037031624539606,0.08037031624539606,0.07331081453687918,0.07331081453687918,0.08344477826215188,0.08344477826215188,0.08037031624539606,0.08037031624539606
ID_R34IVE,0.5388154883624873,0.5388154883624873,0.4747737142353722,0.4747737142353722,0.5235982524198812,0.5235982524198812,0.5388154883624873,0.5388154883624873
ID_42HTPO,0.024089378584219022,0.024089378584219022,0.012184899084284237,0.012184899084284237,0.01329576803911369,0.01329576803911369,0.024089378584219022,0.024089378584219022
ID_S29RDB,0.024079788482056087,0.024079788482056087,0.010846062657812471,0.010846062657812471,0.012526626038881281,0.012526626038881281,0.024079788482056087,0.024079788482056087
ID_D92BW9,0.024079788482056087,0.024079788482056087,0.010859344993984263,0.010859344993984263,0.012540011094231193,0.012540011094231193,0.024079788482056087,0.024079788482056087
ID_LM303R,0.024079788482056087,0.024079788482056087,0.011675840090453292,0.011675840090453292,0.013046707381163954,0.013046707381163954,0.024079788482056087,0.024079788482056087
ID_9D1349,0.06302205263417449,0.06302205263417449,0.057594382484109335,0.057594382484109335,0.061286564228215934,0.061286564228215934,0.06302205263417449,0.06302205263417449
ID_YXYTNR,0.08111279082507994,0.08111279082507994,0.07628407609198876,0.07628407609198876,0.08159785917590787,0.08159785917590787,0.08111279082507994,0.08111279082507994
ID_LGBT94,0.4648271590704368,0.4648271590704368,0.404105876696267,0.404105876696267,0.4251200709154247,0.4251200709154247,0.4648271590704368,0.4648271590704368
ID_F5D4F1,0.024079788482056087,0.024079788482056087,0.010860603285115018,0.010860603285115018,0.012526626038881281,0.012526626038881281,0.024079788482056087,0.024079788482056087
ID_LCRAB6,0.06302205263417449,0.06302205263417449,0.05422530888386062,0.05422530888386062,0.053955818558151326,0.053955818558151326,0.06302205263417449,0.06302205263417449
ID_2S8CNZ,0.024079788482056087,0.024079788482056087,0.010914049000626138,0.010914049000626138,0.012519531345131165,0.012519531345131165,0.024079788482056087,0.024079788482056087
ID_1SGSZE,0.024079788482056087,0.024079788482056087,0.010861332638171949,0.010861332638171949,0.012526626038881281,0.012526626038881281,0.024079788482056087,0.024079788482056087
ID_KKBQQS,0.5650891830956686,0.5650891830956686,0.38757099542136225,0.38757099542136225,0.2975667495887113,0.2975667495887113,0.5650891830956686,0.5650891830956686
ID_XMDQ0Y,0.03256695889548218,0.03256695889548218,0.025807413613327963,0.025807413613327963,0.021195508158678267,0.021195508158678267,0.03256695889548218,0.03256695889548218
ID_J1LSS5,0.03252842325001012,0.03252842325001012,0.02579709348810204,0.02579709348810204,0.021166049571715247,0.021166049571715247,0.03252842325001012,0.03252842325001012
ID_UKASHO,0.03594123095507437,0.03594123095507437,0.031059158330236127,0.031059158330236127,0.0222178983569149,0.0222178983569149,0.03594123095507437,0.03594123095507437
ID_3RTT5L,0.6236538043073248,0.6236538043073248,0.6224499353803419,0.6224499353803419,0.6482201988896228,0.6482201988896228,0.6236538043073248,0.6236538043073248
ID_HWGAEQ,0.03568380234040579,0.03568380234040579,0.03159612415841628,0.03159612415841628,0.021952673627881163,0.021952673627881163,0.03568380234040579,0.03568380234040579
ID_U0LN1Z,0.62546908788769,0.62546908788769,0.6622379186529592,0.6622379186529592,0.674429888668807,0.674429888668807,0.62546908788769,0.62546908788769
ID_XCBXS7,0.6212155876346627,0.6212155876346627,0.6116949729600811,0.6116949729600811,0.645222019246791,0.645222019246791,0.6212155876346627,0.6212155876346627
ID_YFDC0M,0.03256833428485788,0.03256833428485788,0.02683916541621402,0.02683916541621402,0.021994125438523315,0.021994125438523315,0.03256833428485788,0.03256833428485788
ID_RCNWC6,0.6428690792611045,0.6428690792611045,0.6595874093669082,0.6595874093669082,0.659579645492064,0.659579645492064,0.6428690792611045,0.6428690792611045
ID_671WLE,0.6408944925001575,0.6408944925001575,0.6216546123618097,0.6216546123618097,0.6312918744201037,0.6312918744201037,0.6408944925001575,0.6408944925001575
ID_JXJ5V1,0.03606141511027218,0.03606141511027218,0.030297906924566756,0.030297906924566756,0.021615403094478125,0.021615403094478125,0.03606141511027218,0.03606141511027218
ID_QMT9FM,0.6376788396214277,0.6376788396214277,0.6493384407929886,0.6493384407929886,0.6545690323291183,0.6545690323291183,0.6376788396214277,0.6376788396214277
ID_VUL81Z,0.027105786473233674,0.027105786473233674,0.016525453751546685,0.016525453751546685,0.018505410543632375,0.018505410543632375,0.027105786473233674,0.027105786473233674
ID_MRZSZ3,0.032565785177045614,0.032565785177045614,0.026270034462191914,0.026270034462191914,0.021409933185215595,0.021409933185215595,0.032565785177045614,0.032565785177045614
ID_8HVUID,0.033328873773386454,0.033328873773386454,0.0304886533388462,0.0304886533388462,0.024337448844153273,0.024337448844153273,0.033328873773386454,0.033328873773386454
ID_3410TA,0.035693999638403515,0.035693999638403515,0.030877156027461692,0.030877156027461692,0.021130473113387237,0.021130473113387237,0.035693999638403515,0.035693999638403515
ID_ETZB50,0.03569523681872096,0.03569523681872096,0.02514476339662358,0.02514476339662358,0.02093510486612757,0.02093510486612757,0.03569523681872096,0.03569523681872096
ID_C19QG9,0.03568380234040579,0.03568380234040579,0.03159612415841628,0.03159612415841628,0.021952673627881163,0.021952673627881163,0.03568380234040579,0.03568380234040579
ID_L44KDR,0.03569523681872096,0.03569523681872096,0.026564538965850187,0.026564538965850187,0.02093510486612757,0.02093510486612757,0.03569523681872096,0.03569523681872096
ID_4DI6LA,0.03577689449955308,0.03577689449955308,0.026530849569570185,0.026530849569570185,0.02126932305502232,0.02126932305502232,0.03577689449955308,0.03577689449955308
ID_MLY1IW,0.03252842325001012,0.03252842325001012,0.0261997646812138,0.0261997646812138,0.021357618572098162,0.021357618572098162,0.03252842325001012,0.03252842325001012
ID_93HGEN,0.6613365673026222,0.6613365673026222,0.6771477109930231,0.6771477109930231,0.6635615951072242,0.6635615951072242,0.6613365673026222,0.6613365673026222
ID_LIHISF,0.035769960065419056,0.035769960065419056,0.030461603872151154,0.030461603872151154,0.020557367060184784,0.020557367060184784,0.035769960065419056,0.035769960065419056
ID_WE6D86,0.03577689449955308,0.03577689449955308,0.02511143405110345,0.02511143405110345,0.02126932305502232,0.02126932305502232,0.03577689449955308,0.03577689449955308
ID_GPFY9L,0.03252724953157356,0.03252724953157356,0.02643411646186164,0.02643411646186164,0.021372590507812546,0.021372590507812546,0.03252724953157356,0.03252724953157356
ID_RODTO0,0.03252842325001012,0.03252842325001012,0.02579709348810204,0.02579709348810204,0.021166049571715247,0.021166049571715247,0.03252842325001012,0.03252842325001012
ID_RX87BE,0.03568380234040579,0.03568380234040579,0.03159612415841628,0.03159612415841628,0.021952673627881163,0.021952673627881163,0.03568380234040579,0.03568380234040579
ID_38DTWE,0.0355325790609487,0.0355325790609487,0.030967933151728227,0.030967933151728227,0.02066407151036319,0.02066407151036319,0.0355325790609487,0.0355325790609487
ID_OZURHC,0.03428737028432398,0.03428737028432398,0.04140675608657826,0.04140675608657826,0.03162315809765997,0.03162315809765997,0.03428737028432398,0.03428737028432398
ID_C837CJ,0.03606280564755937,0.03606280564755937,0.026425247397018164,0.026425247397018164,0.021321857552160286,0.021321857552160286,0.03606280564755937,0.03606280564755937
ID_P91IX6,0.03568380234040579,0.03568380234040579,0.03159612415841628,0.03159612415841628,0.021952673627881163,0.021952673627881163,0.03568380234040579,0.03568380234040579
ID_8NF6B2,0.03252842325001012,0.03252842325001012,0.024378208421927134,0.024378208421927134,0.021166049571715247,0.021166049571715247,0.03252842325001012,0.03252842325001012
ID_4TNPPX,0.029456310338982307,0.029456310338982307,0.02023625186314329,0.02023625186314329,0.018606191423017015,0.018606191423017015,0.029456310338982307,0.029456310338982307
ID_B3KWIH,0.03569523681872096,0.03569523681872096,0.026564538965850187,0.026564538965850187,0.02093510486612757,0.02093510486612757,0.03569523681872096,0.03569523681872096
ID_SG931P,0.032804175779031386,0.032804175779031386,0.02586853610048833,0.02586853610048833,0.021090852513425653,0.021090852513425653,0.032804175779031386,0.032804175779031386
ID_BEPICH,0.03330614330501084,0.03330614330501084,0.0275553584063295,0.0275553584063295,0.021392682221764395,0.021392682221764395,0.03330614330501084,0.03330614330501084
ID_08XJFG,0.032804175779031386,0.032804175779031386,0.02586853610048833,0.02586853610048833,0.021090852513425653,0.021090852513425653,0.032804175779031386,0.032804175779031386
ID_D3YDST,0.032543283903224876,0.032543283903224876,0.028053464349793188,0.028053464349793188,0.025655738352945393,0.025655738352945393,0.032543283903224876,0.032543283903224876
ID_I6YHZD,0.03280285616552347,0.03280285616552347,0.026041174950383834,0.026041174950383834,0.021105824449140033,0.021105824449140033,0.03280285616552347,0.03280285616552347
ID_85J874,0.03284271142450345,0.03284271142450345,0.026119857619464885,0.026119857619464885,0.021082909949875286,0.021082909949875286,0.03284271142450345,0.03284271142450345
ID_VQEIBY,0.032804175779031386,0.032804175779031386,0.02586853610048833,0.02586853610048833,0.021090852513425653,0.021090852513425653,0.032804175779031386,0.032804175779031386
ID_0JQSZK,0.02488000104557476,0.02488000104557476,0.015140402378578883,0.015140402378578883,0.015219179926974883,0.015219179926974883,0.02488000104557476,0.02488000104557476
ID_JIDZNT,0.03577689449955308,0.03577689449955308,0.030740552218916188,0.030740552218916188,0.021481730606536742,0.021481730606536742,0.03577689449955308,0.03577689449955308
ID_15PDE4,0.032199811080553996,0.032199811080553996,0.03509898263876968,0.03509898263876968,0.022205829898530025,0.022205829898530025,0.032199811080553996,0.032199811080553996
ID_PKN25B,0.024109603628150303,0.024109603628150303,0.011330751424742203,0.011330751424742203,0.012326306652571086,0.012326306652571086,0.024109603628150303,0.024109603628150303
ID_D5RQPV,0.02416634410543286,0.02416634410543286,0.020680095072671052,0.020680095072671052,0.01881001838942776,0.01881001838942776,0.02416634410543286,0.02416634410543286
ID_0QRDVL,0.024126604961456837,0.024126604961456837,0.015058417683594122,0.015058417683594122,0.014533155658504148,0.014533155658504148,0.024126604961456837,0.024126604961456837
ID_LCBLI1,0.024079788482056087,0.024079788482056087,0.011633616100728161,0.011633616100728161,0.012326306652571086,0.012326306652571086,0.024079788482056087,0.024079788482056087
ID_RC9RKR,0.024102500929511977,0.024102500929511977,0.016132473157174216,0.016132473157174216,0.01520891319322694,0.01520891319322694,0.024102500929511977,0.024102500929511977
ID_HFEO8Z,0.02410422640971982,0.02410422640971982,0.020345955022842838,0.020345955022842838,0.017994035289464246,0.017994035289464246,0.02410422640971982,0.02410422640971982
ID_EFQEXF,0.024102500929511977,0.024102500929511977,0.015132113929051222,0.015132113929051222,0.015356750478379736,0.015356750478379736,0.024102500929511977,0.024102500929511977
ID_9UK4KJ,0.024109603628150303,0.024109603628150303,0.011161545607344652,0.011161545607344652,0.01242235301188294,0.01242235301188294,0.024109603628150303,0.024109603628150303
ID_VEMXQ2,0.024079788482056087,0.024079788482056087,0.011159317559282898,0.011159317559282898,0.012637511619258085,0.012637511619258085,0.024079788482056087,0.024079788482056087
ID_VGN8QR,0.024079788482056087,0.024079788482056087,0.011161545607344652,0.011161545607344652,0.012330016908466504,0.012330016908466504,0.024079788482056087,0.024079788482056087
ID_04QBJK,0.024079788482056087,0.024079788482056087,0.014847004699367335,0.014847004699367335,0.013442951652173279,0.013442951652173279,0.024079788482056087,0.024079788482056087
ID_M6902J,0.024156754003269925,0.024156754003269925,0.018446783505352057,0.018446783505352057,0.017866965335513955,0.017866965335513955,0.024156754003269925,0.024156754003269925
ID_5662X6,0.024089378584219022,0.024089378584219022,0.016433645875738295,0.016433645875738295,0.014622064949922391,0.014622064949922391,0.024089378584219022,0.024089378584219022
ID_EMVPFU,0.024109603628150303,0.024109603628150303,0.011330751424742203,0.011330751424742203,0.012326306652571086,0.012326306652571086,0.024109603628150303,0.024109603628150303
ID_7KALEL,0.18896630917008045,0.18896630917008045,0.18718119946647566,0.18718119946647566,0.2690291696997516,0.2690291696997516,0.18896630917008045,0.18896630917008045
ID_8APH0Q,0.02410422640971982,0.02410422640971982,0.011226829712325671,0.011226829712325671,0.012326306652571086,0.012326306652571086,0.02410422640971982,0.02410422640971982
ID_KR985R,0.024109603628150303,0.024109603628150303,0.010914973578788477,0.010914973578788477,0.012330016908466504,0.012330016908466504,0.024109603628150303,0.024109603628150303
ID_87YV3I,0.024109603628150303,0.024109603628150303,0.010938414741470146,0.010938414741470146,0.012330016908466504,0.012330016908466504,0.024109603628150303,0.024109603628150303
ID_TR8ASA,0.02410422640971982,0.02410422640971982,0.020345955022842838,0.020345955022842838,0.017994035289464246,0.017994035289464246,0.02410422640971982,0.02410422640971982
ID_MCNRLY,0.024109603628150303,0.024109603628150303,0.011430411776579504,0.011430411776579504,0.012324895231152445,0.012324895231152445,0.024109603628150303,0.024109603628150303
ID_U2C1OY,0.024079788482056087,0.024079788482056087,0.011159317559282898,0.011159317559282898,0.012637511619258085,0.012637511619258085,0.024079788482056087,0.024079788482056087
ID_02VC5B,0.024079788482056087,0.024079788482056087,0.018074854821463385,0.018074854821463385,0.014675802450655891,0.014675802450655891,0.024079788482056087,0.024079788482056087
ID_IMR2O6,0.024109603628150303,0.024109603628150303,0.011330751424742203,0.011330751424742203,0.012326306652571086,0.012326306652571086,0.024109603628150303,0.024109603628150303
ID_11U5X3,0.024126604961456837,0.024126604961456837,0.015058417683594122,0.015058417683594122,0.014533155658504148,0.014533155658504148,0.024126604961456837,0.024126604961456837
ID_BWQ4QE,0.024109603628150303,0.024109603628150303,0.011330751424742203,0.011330751424742203,0.012326306652571086,0.012326306652571086,0.024109603628150303,0.024109603628150303
ID_LMJQO0,0.024126604961456837,0.024126604961456837,0.015058417683594122,0.015058417683594122,0.014533155658504148,0.014533155658504148,0.024126604961456837,0.024126604961456837
ID_J8X1JQ,0.024109603628150303,0.024109603628150303,0.010938414741470146,0.010938414741470146,0.012330016908466504,0.012330016908466504,0.024109603628150303,0.024109603628150303
ID_IVOGMZ,0.02950651397891712,0.02950651397891712,0.017882914406841196,0.017882914406841196,0.031515223251121535,0.031515223251121535,0.02950651397891712,0.02950651397891712
ID_Z9OCJD,0.024109603628150303,0.024109603628150303,0.010938414741470146,0.010938414741470146,0.012330016908466504,0.012330016908466504,0.024109603628150303,0.024109603628150303
ID_W22JQT,0.024079788482056087,0.024079788482056087,0.011159317559282898,0.011159317559282898,0.012637511619258085,0.012637511619258085,0.024079788482056087,0.024079788482056087
ID_JG6KVB,0.024109603628150303,0.024109603628150303,0.011330751424742203,0.011330751424742203,0.012326306652571086,0.012326306652571086,0.024109603628150303,0.024109603628150303
ID_IRIQ9N,0.031195684168875717,0.031195684168875717,0.01742954058883089,0.01742954058883089,0.028858285911501146,0.028858285911501146,0.031195684168875717,0.031195684168875717
ID_O059B0,0.024079788482056087,0.024079788482056087,0.018074854821463385,0.018074854821463385,0.014675802450655891,0.014675802450655891,0.024079788482056087,0.024079788482056087
ID_CTIZD5,0.024079788482056087,0.024079788482056087,0.01800525340206379,0.01800525340206379,0.01433902681889577,0.01433902681889577,0.024079788482056087,0.024079788482056087
ID_ZIXA8E,0.024109603628150303,0.024109603628150303,0.011330751424742203,0.011330751424742203,0.012326306652571086,0.012326306652571086,0.024109603628150303,0.024109603628150303
ID_NB1NLU,0.024122910517416156,0.024122910517416156,0.02223174828738754,0.02223174828738754,0.016865466835195516,0.016865466835195516,0.024122910517416156,0.024122910517416156
ID_U6ULCZ,0.024109603628150303,0.024109603628150303,0.011330751424742203,0.011330751424742203,0.012326306652571086,0.012326306652571086,0.024109603628150303,0.024109603628150303
ID_QSX3RO,0.03130213491765631,0.03130213491765631,0.0211160958975958,0.0211160958975958,0.03194398674882648,0.03194398674882648,0.03130213491765631,0.03130213491765631
ID_1UA6WQ,0.024551618099778533,0.024551618099778533,0.02673438209253334,0.02673438209253334,0.039536374642728044,0.039536374642728044,0.024551618099778533,0.024551618099778533
ID_XPSO6B,0.024079788482056087,0.024079788482056087,0.011159317559282898,0.011159317559282898,0.012637511619258085,0.012637511619258085,0.024079788482056087,0.024079788482056087
ID_2ZQ7PC,0.024156420107551053,0.024156420107551053,0.014702005342766859,0.014702005342766859,0.016368816242717767,0.016368816242717767,0.024156420107551053,0.024156420107551053
ID_WDF4T1,0.024109603628150303,0.024109603628150303,0.011330751424742203,0.011330751424742203,0.012326306652571086,0.012326306652571086,0.024109603628150303,0.024109603628150303
ID_P6V6NH,0.02411209103167491,0.02411209103167491,0.016171319109917936,0.016171319109917936,0.01520891319322694,0.01520891319322694,0.02411209103167491,0.02411209103167491
ID_224AL4,0.024109603628150303,0.024109603628150303,0.012122887276138599,0.012122887276138599,0.012666722631048299,0.012666722631048299,0.024109603628150303,0.024109603628150303
ID_BOJ8C6,0.024156754003269925,0.024156754003269925,0.01859492349964999,0.01859492349964999,0.017866965335513955,0.017866965335513955,0.024156754003269925,0.024156754003269925
ID_FHTL2A,0.024109603628150303,0.024109603628150303,0.014813190258462176,0.014813190258462176,0.012748481270494588,0.012748481270494588,0.024109603628150303,0.024109603628150303
ID_4JT5BR,0.024079788482056087,0.024079788482056087,0.015662960248363972,0.015662960248363972,0.014373680740214953,0.014373680740214953,0.024079788482056087,0.024079788482056087
ID_3JRM7J,0.024109603628150303,0.024109603628150303,0.010914973578788477,0.010914973578788477,0.012330016908466504,0.012330016908466504,0.024109603628150303,0.024109603628150303
ID_QCP4DY,0.024079788482056087,0.024079788482056087,0.013588688727485846,0.013588688727485846,0.015427934956429188,0.015427934956429188,0.024079788482056087,0.024079788482056087
ID_N9NVTY,0.024191702095748828,0.024191702095748828,0.019635194422095135,0.019635194422095135,0.030042493998795803,0.030042493998795803,0.024191702095748828,0.024191702095748828
ID_L8NEX2,0.024079788482056087,0.024079788482056087,0.018074854821463385,0.018074854821463385,0.014675802450655891,0.014675802450655891,0.024079788482056087,0.024079788482056087
ID_V0ITZI,0.024109603628150303,0.024109603628150303,0.012122887276138599,0.012122887276138599,0.012666722631048299,0.012666722631048299,0.024109603628150303,0.024109603628150303
ID_U810NE,0.024079788482056087,0.024079788482056087,0.018074854821463385,0.018074854821463385,0.014675802450655891,0.014675802450655891,0.024079788482056087,0.024079788482056087
ID_T7IUG7,0.024126604961456837,0.024126604961456837,0.015058417683594122,0.015058417683594122,0.014533155658504148,0.014533155658504148,0.024126604961456837,0.024126604961456837
ID_P2HPA7,0.024079788482056087,0.024079788482056087,0.018074854821463385,0.018074854821463385,0.014675802450655891,0.014675802450655891,0.024079788482056087,0.024079788482056087
ID_7HCA07,0.024210010675611075,0.024210010675611075,0.019656198518694545,0.019656198518694545,0.02992777570618014,0.02992777570618014,0.024210010675611075,0.024210010675611075
ID_H1MCDH,0.024109603628150303,0.024109603628150303,0.011330751424742203,0.011330751424742203,0.012326306652571086,0.012326306652571086,0.024109603628150303,0.024109603628150303
ID_JAGL6N,0.024079788482056087,0.024079788482056087,0.011159317559282898,0.011159317559282898,0.012637511619258085,0.012637511619258085,0.024079788482056087,0.024079788482056087
ID_Q07G0X,0.024210473837578853,0.024210473837578853,0.011670301386314877,0.011670301386314877,0.012745125918010388,0.012745125918010388,0.024210473837578853,0.024210473837578853
ID_GFGBJP,0.024119193730313238,0.024119193730313238,0.011022739572442554,0.011022739572442554,0.012419715662256005,0.012419715662256005,0.024119193730313238,0.024119193730313238
ID_CCCZIE,0.024109603628150303,0.024109603628150303,0.011643042786535954,0.011643042786535954,0.013863362198905433,0.013863362198905433,0.024109603628150303,0.024109603628150303
ID_590HV5,0.024109603628150303,0.024109603628150303,0.011013944293386861,0.011013944293386861,0.012612152819397513,0.012612152819397513,0.024109603628150303,0.024109603628150303
ID_3V4E7G,0.024079788482056087,0.024079788482056087,0.011334075334448733,0.011334075334448733,0.012371573288473036,0.012371573288473036,0.024079788482056087,0.024079788482056087
ID_GIQVVF,0.024079788482056087,0.024079788482056087,0.011626852707756423,0.011626852707756423,0.012371573288473036,0.012371573288473036,0.024079788482056087,0.024079788482056087
ID_QLQOL2,0.024109603628150303,0.024109603628150303,0.010969519171915337,0.010969519171915337,0.012414147248734398,0.012414147248734398,0.024109603628150303,0.024109603628150303
ID_0CE2HK,0.024109603628150303,0.024109603628150303,0.01097196764974822,0.01097196764974822,0.012422531330214707,0.012422531330214707,0.024109603628150303,0.024109603628150303
ID_QG2TA1,0.02413404155581404,0.02413404155581404,0.011967912995065357,0.011967912995065357,0.012481830475605398,0.012481830475605398,0.02413404155581404,0.02413404155581404
ID_06I476,0.02410422640971982,0.02410422640971982,0.012007423342986054,0.012007423342986054,0.014222542029145933,0.014222542029145933,0.02410422640971982,0.02410422640971982
ID_MJ1FKS,0.024143631657976974,0.024143631657976974,0.011856354535107964,0.011856354535107964,0.013852512800166413,0.013852512800166413,0.024143631657976974,0.024143631657976974
ID_CVPRQL,0.02413404155581404,0.02413404155581404,0.01179591323442591,0.01179591323442591,0.013863362198905433,0.013863362198905433,0.02413404155581404,0.02413404155581404
ID_SZV3JP,0.02410422640971982,0.02410422640971982,0.012319858816010453,0.012319858816010453,0.013242218120722212,0.013242218120722212,0.02410422640971982,0.02410422640971982
ID_97O1LE,0.024577543308572054,0.024577543308572054,0.011525773654323184,0.011525773654323184,0.012362247517263922,0.012362247517263922,0.024577543308572054,0.024577543308572054
ID_DXPTCG,0.024079788482056087,0.024079788482056087,0.011311947273872639,0.011311947273872639,0.012727000897476777,0.012727000897476777,0.024079788482056087,0.024079788482056087
ID_VP7MWU,0.024109603628150303,0.024109603628150303,0.01098521828308373,0.01098521828308373,0.012414147248734398,0.012414147248734398,0.024109603628150303,0.024109603628150303
ID_YI13PR,0.024228063512352807,0.024228063512352807,0.012513018911075974,0.012513018911075974,0.013257135616939218,0.013257135616939218,0.024228063512352807,0.024228063512352807
ID_GKSEUX,0.024109603628150303,0.024109603628150303,0.011106918321098636,0.011106918321098636,0.012757080355629396,0.012757080355629396,0.024109603628150303,0.024109603628150303
ID_2JDZDR,0.02413404155581404,0.02413404155581404,0.012957512987949945,0.012957512987949945,0.013748997465735798,0.013748997465735798,0.02413404155581404,0.02413404155581404
ID_ESCEIY,0.02410422640971982,0.02410422640971982,0.012707352360808999,0.012707352360808999,0.013671497946567681,0.013671497946567681,0.02410422640971982,0.02410422640971982
ID_7YX6BJ,0.024079788482056087,0.024079788482056087,0.011071960128020824,0.011071960128020824,0.012371573288473036,0.012371573288473036,0.024079788482056087,0.024079788482056087
ID_K1MSGS,0.02420362558468907,0.02420362558468907,0.011703570694280702,0.011703570694280702,0.012358188233123124,0.012358188233123124,0.02420362558468907,0.02420362558468907
ID_HACR8W,0.024109603628150303,0.024109603628150303,0.011013944293386861,0.011013944293386861,0.012612152819397513,0.012612152819397513,0.024109603628150303,0.024109603628150303
ID_7IAGGB,0.024079788482056087,0.024079788482056087,0.011341555790494598,0.011341555790494598,0.012984380287690481,0.012984380287690481,0.024079788482056087,0.024079788482056087
ID_K1P3J8,0.03628366746764132,0.03628366746764132,0.020042509861879245,0.020042509861879245,0.015629676095390982,0.015629676095390982,0.03628366746764132,0.03628366746764132
ID_GHJU0P,0.024173810438594855,0.024173810438594855,0.011339104230140703,0.011339104230140703,0.012358188233123124,0.012358188233123124,0.024173810438594855,0.024173810438594855
ID_QB2VOQ,0.024109603628150303,0.024109603628150303,0.011583627225381664,0.011583627225381664,0.0127585109733603,0.0127585109733603,0.024109603628150303,0.024109603628150303
ID_917FV8,0.024079788482056087,0.024079788482056087,0.011626852707756423,0.011626852707756423,0.012371573288473036,0.012371573288473036,0.024079788482056087,0.024079788482056087
ID_XW1VHF,0.024079788482056087,0.024079788482056087,0.011311947273872639,0.011311947273872639,0.012727000897476777,0.012727000897476777,0.024079788482056087,0.024079788482056087
ID_UK4G6M,0.02413404155581404,0.02413404155581404,0.011817607066972295,0.011817607066972295,0.012882361540145855,0.012882361540145855,0.02413404155581404,0.02413404155581404
ID_BIPA8U,0.024109603628150303,0.024109603628150303,0.01099025090161453,0.01099025090161453,0.012612152819397513,0.012612152819397513,0.024109603628150303,0.024109603628150303
ID_Z3YZCX,0.024109603628150303,0.024109603628150303,0.011014535193395973,0.011014535193395973,0.012757080355629396,0.012757080355629396,0.024109603628150303,0.024109603628150303
ID_OII8NJ,0.024109603628150303,0.024109603628150303,0.011690187530171533,0.011690187530171533,0.012817794779301159,0.012817794779301159,0.024109603628150303,0.024109603628150303
ID_KVZHRX,0.02432895374470217,0.02432895374470217,0.010990175867404299,0.010990175867404299,0.012362247517263922,0.012362247517263922,0.02432895374470217,0.02432895374470217
ID_KKWKS6,0.024109603628150303,0.024109603628150303,0.011033685108550817,0.011033685108550817,0.012612152819397513,0.012612152819397513,0.024109603628150303,0.024109603628150303
ID_OABA3T,0.024109603628150303,0.024109603628150303,0.011005573262862153,0.011005573262862153,0.012414147248734398,0.012414147248734398,0.024109603628150303,0.024109603628150303
ID_XK9A5W,0.024079788482056087,0.024079788482056087,0.01130509580771185,0.01130509580771185,0.012727000897476777,0.012727000897476777,0.024079788482056087,0.024079788482056087
ID_QCOJ3X,0.024109603628150303,0.024109603628150303,0.011006275301779925,0.011006275301779925,0.012414147248734398,0.012414147248734398,0.024109603628150303,0.024109603628150303
ID_10YMBD,0.02440317264558,0.02440317264558,0.011447848907308784,0.011447848907308784,0.012362247517263922,0.012362247517263922,0.02440317264558,0.02440317264558
ID_LPH3DB,0.02413404155581404,0.02413404155581404,0.012412371040527066,0.012412371040527066,0.01335809742484888,0.01335809742484888,0.02413404155581404,0.02413404155581404
ID_KHSX16,0.024079788482056087,0.024079788482056087,0.011330813716462867,0.011330813716462867,0.01272115919327906,0.01272115919327906,0.024079788482056087,0.024079788482056087
ID_LTGA17,0.024109603628150303,0.024109603628150303,0.01099025090161453,0.01099025090161453,0.012612152819397513,0.012612152819397513,0.024109603628150303,0.024109603628150303
ID_3B3D83,0.024079788482056087,0.024079788482056087,0.011950359574844516,0.011950359574844516,0.013348192950937384,0.013348192950937384,0.024079788482056087,0.024079788482056087
ID_UQ2ERA,0.02440317264558,0.02440317264558,0.012028535549033468,0.012028535549033468,0.012362247517263922,0.012362247517263922,0.02440317264558,0.02440317264558
ID_RJVPF3,0.024109603628150303,0.024109603628150303,0.011106918321098636,0.011106918321098636,0.012757080355629396,0.012757080355629396,0.024109603628150303,0.024109603628150303
ID_HV0S70,0.024079788482056087,0.024079788482056087,0.011882815378728349,0.011882815378728349,0.014189360568913583,0.014189360568913583,0.024079788482056087,0.024079788482056087
ID_XBEH87,0.024109603628150303,0.024109603628150303,0.011690187530171533,0.011690187530171533,0.012817794779301159,0.012817794779301159,0.024109603628150303,0.024109603628150303
ID_RU36LB,0.024577543308572054,0.024577543308572054,0.012088856743763894,0.012088856743763894,0.012353579097517657,0.012353579097517657,0.024577543308572054,0.024577543308572054
ID_ZX0HBQ,0.024109603628150303,0.024109603628150303,0.01144739043668279,0.01144739043668279,0.012732569310998384,0.012732569310998384,0.024109603628150303,0.024109603628150303
ID_GKT8DV,0.02413404155581404,0.02413404155581404,0.01178770309875067,0.01178770309875067,0.013863362198905433,0.013863362198905433,0.02413404155581404,0.02413404155581404
ID_KHKU4Q,0.02413404155581404,0.02413404155581404,0.01179591323442591,0.01179591323442591,0.013863362198905433,0.013863362198905433,0.02413404155581404,0.02413404155581404
ID_XIMM99,0.02413404155581404,0.02413404155581404,0.011798529540177476,0.011798529540177476,0.012629571167034193,0.012629571167034193,0.02413404155581404,0.02413404155581404
ID_TBU5R1,0.024079788482056087,0.024079788482056087,0.011529877810046808,0.011529877810046808,0.012984380287690481,0.012984380287690481,0.024079788482056087,0.024079788482056087
ID_IXDD5C,0.024109603628150303,0.024109603628150303,0.011034492223793706,0.011034492223793706,0.012612152819397513,0.012612152819397513,0.024109603628150303,0.024109603628150303
ID_O6NVIA,0.024143631657976974,0.024143631657976974,0.012402511019962297,0.012402511019962297,0.013021372056009452,0.013021372056009452,0.024143631657976974,0.024143631657976974
ID_SUN5EY,0.024089378584219022,0.024089378584219022,0.011500477739639315,0.011500477739639315,0.012983817667783778,0.012983817667783778,0.024089378584219022,0.024089378584219022
ID_GYZ4QD,0.024119193730313238,0.024119193730313238,0.012196756886047783,0.012196756886047783,0.0163355973285726,0.0163355973285726,0.024119193730313238,0.024119193730313238
ID_L7KG54,0.024210473837578853,0.024210473837578853,0.012957875226717267,0.012957875226717267,0.014560148506432316,0.014560148506432316,0.024210473837578853,0.024210473837578853
ID_S6HTFD,0.024109603628150303,0.024109603628150303,0.011902052020916716,0.011902052020916716,0.013863362198905433,0.013863362198905433,0.024109603628150303,0.024109603628150303
ID_P06QON,0.02440317264558,0.02440317264558,0.011447848907308784,0.011447848907308784,0.012362247517263922,0.012362247517263922,0.02440317264558,0.02440317264558
ID_YOWRSL,0.024237653614515742,0.024237653614515742,0.012976154860916064,0.012976154860916064,0.013134980395543313,0.013134980395543313,0.024237653614515742,0.024237653614515742
ID_U5VLSB,0.024173810438594855,0.024173810438594855,0.0116162620152113,0.0116162620152113,0.012358188233123124,0.012358188233123124,0.024173810438594855,0.024173810438594855
ID_XGW2O2,0.024079788482056087,0.024079788482056087,0.011311947273872639,0.011311947273872639,0.012727000897476777,0.012727000897476777,0.024079788482056087,0.024079788482056087
ID_GQEHIP,0.02410422640971982,0.02410422640971982,0.01228587931446902,0.01228587931446902,0.01418160931151921,0.01418160931151921,0.02410422640971982,0.02410422640971982
ID_SG18NS,0.02440317264558,0.02440317264558,0.011447848907308784,0.011447848907308784,0.012362247517263922,0.012362247517263922,0.02440317264558,0.02440317264558
ID_V1RUP1,0.024079788482056087,0.024079788482056087,0.011334075334448733,0.011334075334448733,0.012371573288473036,0.012371573288473036,0.024079788482056087,0.024079788482056087
ID_SATMW5,0.024119193730313238,0.024119193730313238,0.011022739572442554,0.011022739572442554,0.012419715662256005,0.012419715662256005,0.024119193730313238,0.024119193730313238
ID_7BECWT,0.024577543308572054,0.024577543308572054,0.011616429489191607,0.011616429489191607,0.012356392918269307,0.012356392918269307,0.024577543308572054,0.024577543308572054
ID_S0YLSK,0.024210473837578853,0.024210473837578853,0.011670301386314877,0.011670301386314877,0.012745125918010388,0.012745125918010388,0.024210473837578853,0.024210473837578853
ID_KQF7DD,0.024109603628150303,0.024109603628150303,0.011092527236346999,0.011092527236346999,0.012757080355629396,0.012757080355629396,0.024109603628150303,0.024109603628150303
ID_L0BWUO,0.024109603628150303,0.024109603628150303,0.01099025090161453,0.01099025090161453,0.012612152819397513,0.012612152819397513,0.024109603628150303,0.024109603628150303
ID_QFB1JA,0.02432895374470217,0.02432895374470217,0.010990175867404299,0.010990175867404299,0.012362247517263922,0.012362247517263922,0.02432895374470217,0.02432895374470217
ID_5H2YDZ,0.02410422640971982,0.02410422640971982,0.011765865810615807,0.011765865810615807,0.013256711558505654,0.013256711558505654,0.02410422640971982,0.02410422640971982
ID_DT5H48,0.024079788482056087,0.024079788482056087,0.011529877810046808,0.011529877810046808,0.012984380287690481,0.012984380287690481,0.024079788482056087,0.024079788482056087
ID_EPUV7F,0.024373357499485784,0.024373357499485784,0.011268100080107556,0.011268100080107556,0.012362247517263922,0.012362247517263922,0.024373357499485784,0.024373357499485784
ID_D1W7AZ,0.024109603628150303,0.024109603628150303,0.011902052020916716,0.011902052020916716,0.013863362198905433,0.013863362198905433,0.024109603628150303,0.024109603628150303
ID_UOLZNR,0.024173810438594855,0.024173810438594855,0.0116162620152113,0.0116162620152113,0.012358188233123124,0.012358188233123124,0.024173810438594855,0.024173810438594855
ID_J7N1FB,0.024079788482056087,0.024079788482056087,0.011423936405093791,0.011423936405093791,0.012365706366744512,0.012365706366744512,0.024079788482056087,0.024079788482056087
ID_Q56GYN,0.024109603628150303,0.024109603628150303,0.010999226819355569,0.010999226819355569,0.012612152819397513,0.012612152819397513,0.024109603628150303,0.024109603628150303
ID_QM0CUB,0.024109603628150303,0.024109603628150303,0.01117840483759711,0.01117840483759711,0.012552357459227932,0.012552357459227932,0.024109603628150303,0.024109603628150303
ID_KFZM4L,0.024079788482056087,0.024079788482056087,0.011682499160233473,0.011682499160233473,0.01274125190068561,0.01274125190068561,0.024079788482056087,0.024079788482056087
ID_0JG3TM,0.024109603628150303,0.024109603628150303,0.01098521828308373,0.01098521828308373,0.012414147248734398,0.012414147248734398,0.024109603628150303,0.024109603628150303
ID_SU3V8X,0.02440317264558,0.02440317264558,0.011447848907308784,0.011447848907308784,0.012362247517263922,0.012362247517263922,0.02440317264558,0.02440317264558
ID_85P4YH,0.024577543308572054,0.024577543308572054,0.012510288152116997,0.012510288152116997,0.012355515363768652,0.012355515363768652,0.024577543308572054,0.024577543308572054
ID_IZF4GN,0.024079788482056087,0.024079788482056087,0.011529877810046808,0.011529877810046808,0.012984380287690481,0.012984380287690481,0.024079788482056087,0.024079788482056087
ID_9V9BNJ,0.024109603628150303,0.024109603628150303,0.011193425645745284,0.011193425645745284,0.012748049395628286,0.012748049395628286,0.024109603628150303,0.024109603628150303
ID_COSLW0,0.02420362558468907,0.02420362558468907,0.011703570694280702,0.011703570694280702,0.012358188233123124,0.012358188233123124,0.02420362558468907,0.02420362558468907
ID_JNAKG5,0.024109603628150303,0.024109603628150303,0.011482680125090476,0.011482680125090476,0.012817794779301159,0.012817794779301159,0.024109603628150303,0.024109603628150303
ID_22FKG1,0.024119193730313238,0.024119193730313238,0.011022739572442554,0.011022739572442554,0.012419715662256005,0.012419715662256005,0.024119193730313238,0.024119193730313238
ID_GO2BVN,0.02413404155581404,0.02413404155581404,0.012211072865820237,0.012211072865820237,0.013206752215369497,0.013206752215369497,0.02413404155581404,0.02413404155581404
ID_1D3R5U,0.02413404155581404,0.02413404155581404,0.011441149638643046,0.011441149638643046,0.012635421326106549,0.012635421326106549,0.02413404155581404,0.02413404155581404
ID_6HDHTS,0.024109603628150303,0.024109603628150303,0.011019225071717523,0.011019225071717523,0.012408305544536681,0.012408305544536681,0.024109603628150303,0.024109603628150303
ID_W82UZ2,0.024143631657976974,0.024143631657976974,0.012326547602346388,0.012326547602346388,0.01384372206758613,0.01384372206758613,0.024143631657976974,0.024143631657976974
ID_B8QQ14,0.024109603628150303,0.024109603628150303,0.01098521828308373,0.01098521828308373,0.012414147248734398,0.012414147248734398,0.024109603628150303,0.024109603628150303
ID_D50NYH,0.024109603628150303,0.024109603628150303,0.011013944293386861,0.011013944293386861,0.012612152819397513,0.012612152819397513,0.024109603628150303,0.024109603628150303
ID_TR3LZI,0.024109603628150303,0.024109603628150303,0.010969519171915337,0.010969519171915337,0.012414147248734398,0.012414147248734398,0.024109603628150303,0.024109603628150303
ID_X03IG4,0.026801963550965313,0.026801963550965313,0.021907956706964226,0.021907956706964226,0.01586555379650675,0.01586555379650675,0.026801963550965313,0.026801963550965313
ID_9W1DTW,0.024180658691484638,0.024180658691484638,0.011029815684895802,0.011029815684895802,0.012358188233123124,0.012358188233123124,0.024180658691484638,0.024180658691484638
ID_ELVMT3,0.024079788482056087,0.024079788482056087,0.01135924261854272,0.01135924261854272,0.012978210409696071,0.012978210409696071,0.024079788482056087,0.024079788482056087
ID_ACLR4X,0.024109603628150303,0.024109603628150303,0.011013944293386861,0.011013944293386861,0.012612152819397513,0.012612152819397513,0.024109603628150303,0.024109603628150303
ID_526E6B,0.024109603628150303,0.024109603628150303,0.011013944293386861,0.011013944293386861,0.012612152819397513,0.012612152819397513,0.024109603628150303,0.024109603628150303
ID_85BO18,0.024109603628150303,0.024109603628150303,0.011019225071717523,0.011019225071717523,0.012408305544536681,0.012408305544536681,0.024109603628150303,0.024109603628150303
ID_F7ZIJZ,0.02413404155581404,0.02413404155581404,0.011975674186037033,0.011975674186037033,0.013364824472867153,0.013364824472867153,0.02413404155581404,0.02413404155581404
ID_8DRM77,0.02413404155581404,0.02413404155581404,0.011979566685509448,0.011979566685509448,0.012876209217268855,0.012876209217268855,0.02413404155581404,0.02413404155581404
ID_7HA42W,0.02413404155581404,0.02413404155581404,0.012219937719034171,0.012219937719034171,0.013200902056297141,0.013200902056297141,0.02413404155581404,0.02413404155581404
ID_H0LTUX,0.035215552533604005,0.035215552533604005,0.02141957832355634,0.02141957832355634,0.015440197341223101,0.015440197341223101,0.035215552533604005,0.035215552533604005
ID_60JSZD,0.02413404155581404,0.02413404155581404,0.012358936759423265,0.012358936759423265,0.012808784005991647,0.012808784005991647,0.02413404155581404,0.02413404155581404
ID_U03OKF,0.024109603628150303,0.024109603628150303,0.011902052020916716,0.011902052020916716,0.013863362198905433,0.013863362198905433,0.024109603628150303,0.024109603628150303
ID_PG3BYK,0.024109603628150303,0.024109603628150303,0.010969519171915337,0.010969519171915337,0.012414147248734398,0.012414147248734398,0.024109603628150303,0.024109603628150303
ID_1VXGUB,0.02410422640971982,0.02410422640971982,0.012311775439016447,0.012311775439016447,0.013336645801556687,0.013336645801556687,0.02410422640971982,0.02410422640971982
ID_SA0EJV,0.02413404155581404,0.02413404155581404,0.011713840631266383,0.011713840631266383,0.012817794779301159,0.012817794779301159,0.02413404155581404,0.02413404155581404
ID_TG0ZNO,0.024577543308572054,0.024577543308572054,0.011616429489191607,0.011616429489191607,0.012356392918269307,0.012356392918269307,0.024577543308572054,0.024577543308572054
ID_OK1VUP,0.024109603628150303,0.024109603628150303,0.01214991570592568,0.01214991570592568,0.01245324075158766,0.01245324075158766,0.024109603628150303,0.024109603628150303
ID_NMESH4,0.024119193730313238,0.024119193730313238,0.011026350505794596,0.011026350505794596,0.012410924929675722,0.012410924929675722,0.024119193730313238,0.024119193730313238
ID_EWJ9VO,0.02440317264558,0.02440317264558,0.012028535549033468,0.012028535549033468,0.012362247517263922,0.012362247517263922,0.02440317264558,0.02440317264558
ID_HY4MBL,0.024109603628150303,0.024109603628150303,0.011034492223793706,0.011034492223793706,0.012612152819397513,0.012612152819397513,0.024109603628150303,0.024109603628150303
ID_VR31M9,0.02413404155581404,0.02413404155581404,0.011979566685509448,0.011979566685509448,0.012876209217268855,0.012876209217268855,0.02413404155581404,0.02413404155581404
ID_DPT0O6,0.024079788482056087,0.024079788482056087,0.011626852707756423,0.011626852707756423,0.012371573288473036,0.012371573288473036,0.024079788482056087,0.024079788482056087
ID_0CCA4F,0.02413404155581404,0.02413404155581404,0.011713840631266383,0.011713840631266383,0.012817794779301159,0.012817794779301159,0.02413404155581404,0.02413404155581404
ID_8DEOE6,0.024109603628150303,0.024109603628150303,0.011005573262862153,0.011005573262862153,0.012414147248734398,0.012414147248734398,0.024109603628150303,0.024109603628150303
ID_6PMH8O,0.024079788482056087,0.024079788482056087,0.01135250680118912,0.01135250680118912,0.012984380287690481,0.012984380287690481,0.024079788482056087,0.024079788482056087
ID_G4SI0V,0.02413404155581404,0.02413404155581404,0.011892363796500435,0.011892363796500435,0.013911713847257081,0.013911713847257081,0.02413404155581404,0.02413404155581404
ID_FFXJXU,0.024109603628150303,0.024109603628150303,0.011013944293386861,0.011013944293386861,0.012612152819397513,0.012612152819397513,0.024109603628150303,0.024109603628150303
ID_FP7DXV,0.02440317264558,0.02440317264558,0.012028535549033468,0.012028535549033468,0.012362247517263922,0.012362247517263922,0.02440317264558,0.02440317264558
ID_9GWO0I,0.024079788482056087,0.024079788482056087,0.011578083839584351,0.011578083839584351,0.012463909391889471,0.012463909391889471,0.024079788482056087,0.024079788482056087
ID_5K7ETI,0.024109603628150303,0.024109603628150303,0.011006222092672074,0.011006222092672074,0.012414147248734398,0.012414147248734398,0.024109603628150303,0.024109603628150303
ID_IUXQPV,0.02410422640971982,0.02410422640971982,0.012326875750213219,0.012326875750213219,0.014178511170174563,0.014178511170174563,0.02410422640971982,0.02410422640971982
ID_0OMUID,0.024143631657976974,0.024143631657976974,0.011837224529530283,0.011837224529530283,0.012481830475605398,0.012481830475605398,0.024143631657976974,0.024143631657976974
ID_YFBVK9,0.024109603628150303,0.024109603628150303,0.011643042786535954,0.011643042786535954,0.013863362198905433,0.013863362198905433,0.024109603628150303,0.024109603628150303
ID_V8VLC8,0.024109603628150303,0.024109603628150303,0.011521018784919613,0.011521018784919613,0.012817794779301159,0.012817794779301159,0.024109603628150303,0.024109603628150303
ID_00DZUV,0.02410422640971982,0.02410422640971982,0.012291400973832151,0.012291400973832151,0.014221380154052282,0.014221380154052282,0.02410422640971982,0.02410422640971982
ID_ZOW6TO,0.02432895374470217,0.02432895374470217,0.010990175867404299,0.010990175867404299,0.012362247517263922,0.012362247517263922,0.02432895374470217,0.02432895374470217
ID_HI16T2,0.02413404155581404,0.02413404155581404,0.01179591323442591,0.01179591323442591,0.013863362198905433,0.013863362198905433,0.02413404155581404,0.02413404155581404
ID_O76VHW,0.024119193730313238,0.024119193730313238,0.011463947082850588,0.011463947082850588,0.012410924929675722,0.012410924929675722,0.024119193730313238,0.024119193730313238
ID_UUULV5,0.024143631657976974,0.024143631657976974,0.012402511019962297,0.012402511019962297,0.013021372056009452,0.013021372056009452,0.024143631657976974,0.024143631657976974
ID_MHJ12U,0.024577543308572054,0.024577543308572054,0.011616429489191607,0.011616429489191607,0.012356392918269307,0.012356392918269307,0.024577543308572054,0.024577543308572054
ID_WKRV0S,0.02413404155581404,0.02413404155581404,0.01207321393111961,0.01207321393111961,0.012811642456424159,0.012811642456424159,0.02413404155581404,0.02413404155581404
ID_0EDVOO,0.024109603628150303,0.024109603628150303,0.011448906793616605,0.011448906793616605,0.012734505577249379,0.012734505577249379,0.024109603628150303,0.024109603628150303
ID_LZENBE,0.02413404155581404,0.02413404155581404,0.012732246418038912,0.012732246418038912,0.013935535410837445,0.013935535410837445,0.02413404155581404,0.02413404155581404
ID_SWD2XV,0.02430481572612434,0.02430481572612434,0.011040687274548804,0.011040687274548804,0.012827284762274575,0.012827284762274575,0.02430481572612434,0.02430481572612434
ID_HRPHAH,0.02421296074729449,0.02421296074729449,0.010972285076624698,0.010972285076624698,0.012561593733567638,0.012561593733567638,0.02421296074729449,0.02421296074729449
ID_LOIBL7,0.02413404155581404,0.02413404155581404,0.011982225972907424,0.011982225972907424,0.012776041940919641,0.012776041940919641,0.02413404155581404,0.02413404155581404
ID_O5A5SL,0.024079788482056087,0.024079788482056087,0.010824271421415392,0.010824271421415392,0.012308426089968051,0.012308426089968051,0.024079788482056087,0.024079788482056087
ID_JDKEGM,0.024079788482056087,0.024079788482056087,0.010938243433846577,0.010938243433846577,0.012506887338731443,0.012506887338731443,0.024079788482056087,0.024079788482056087
ID_9BJ65V,0.024143631657976974,0.024143631657976974,0.014171055549815612,0.014171055549815612,0.01594280368287651,0.01594280368287651,0.024143631657976974,0.024143631657976974
ID_TOUBDS,0.02413404155581404,0.02413404155581404,0.013356238298878123,0.013356238298878123,0.013921934606360584,0.013921934606360584,0.02413404155581404,0.02413404155581404
ID_LYPHKJ,0.024079788482056087,0.024079788482056087,0.010813683465754757,0.010813683465754757,0.012308426089968051,0.012308426089968051,0.024079788482056087,0.024079788482056087
ID_7BRQK3,0.024079788482056087,0.024079788482056087,0.011059390480277301,0.011059390480277301,0.012599223442147879,0.012599223442147879,0.024079788482056087,0.024079788482056087
ID_QFQB36,0.02413404155581404,0.02413404155581404,0.012396370628683446,0.012396370628683446,0.014089703747097055,0.014089703747097055,0.02413404155581404,0.02413404155581404
ID_RD2HT8,0.21936391221098162,0.21936391221098162,0.17873067994250816,0.17873067994250816,0.18964625441088456,0.18964625441088456,0.21936391221098162,0.21936391221098162
ID_3IQMTD,0.024079788482056087,0.024079788482056087,0.010830754893479856,0.010830754893479856,0.012319686319413582,0.012319686319413582,0.024079788482056087,0.024079788482056087
ID_YVW8FX,0.024109603628150303,0.024109603628150303,0.011356800550610214,0.011356800550610214,0.012945582300921559,0.012945582300921559,0.024109603628150303,0.024109603628150303
ID_8X19A2,0.024079788482056087,0.024079788482056087,0.01154449030120781,0.01154449030120781,0.012336062148526795,0.012336062148526795,0.024079788482056087,0.024079788482056087
ID_7UBQQ1,0.024079788482056087,0.024079788482056087,0.010920162646733072,0.010920162646733072,0.012330195226798272,0.012330195226798272,0.024079788482056087,0.024079788482056087
ID_RPDIFP,0.02413404155581404,0.02413404155581404,0.01198183268067299,0.01198183268067299,0.012776041940919641,0.012776041940919641,0.02413404155581404,0.02413404155581404
ID_M6XT25,0.024079788482056087,0.024079788482056087,0.010798026245383941,0.010798026245383941,0.012321811145317963,0.012321811145317963,0.024079788482056087,0.024079788482056087
ID_RDJTK6,0.02413404155581404,0.02413404155581404,0.013574601775310457,0.013574601775310457,0.01500833534416696,0.01500833534416696,0.02413404155581404,0.02413404155581404
ID_IK48F6,0.024079788482056087,0.024079788482056087,0.010887946836014909,0.010887946836014909,0.012336062148526795,0.012336062148526795,0.024079788482056087,0.024079788482056087
ID_BH8L7O,0.024079788482056087,0.024079788482056087,0.010821766171902048,0.010821766171902048,0.012515918298732553,0.012515918298732553,0.024079788482056087,0.024079788482056087
ID_5MC5NZ,0.02413404155581404,0.02413404155581404,0.011982225972907424,0.011982225972907424,0.012776041940919641,0.012776041940919641,0.02413404155581404,0.02413404155581404
ID_U8UVJ0,0.02413404155581404,0.02413404155581404,0.011389423491190298,0.011389423491190298,0.01242839825194323,0.01242839825194323,0.02413404155581404,0.02413404155581404
ID_28EYPT,0.21936391221098162,0.21936391221098162,0.17873067994250816,0.17873067994250816,0.18964625441088456,0.18964625441088456,0.21936391221098162,0.21936391221098162
ID_93YWC8,0.024109603628150303,0.024109603628150303,0.01183249904962026,0.01183249904962026,0.013289212692393162,0.013289212692393162,0.024109603628150303,0.024109603628150303
ID_V5332N,0.024079788482056087,0.024079788482056087,0.011464089822356228,0.011464089822356228,0.012326575510425408,0.012326575510425408,0.024079788482056087,0.024079788482056087
ID_W6HDV5,0.024079788482056087,0.024079788482056087,0.010940701135714702,0.010940701135714702,0.012336062148526795,0.012336062148526795,0.024079788482056087,0.024079788482056087
ID_63DZQ1,0.024079788482056087,0.024079788482056087,0.010930302198041447,0.010930302198041447,0.012330195226798272,0.012330195226798272,0.024079788482056087,0.024079788482056087
ID_IU1RUI,0.02413404155581404,0.02413404155581404,0.011982225972907424,0.011982225972907424,0.012776041940919641,0.012776041940919641,0.02413404155581404,0.02413404155581404
ID_OXNKLU,0.02413404155581404,0.02413404155581404,0.01594982352145778,0.01594982352145778,0.01628797665940783,0.01628797665940783,0.02413404155581404,0.02413404155581404
ID_VM1XCG,0.024079788482056087,0.024079788482056087,0.010824271421415392,0.010824271421415392,0.012308426089968051,0.012308426089968051,0.024079788482056087,0.024079788482056087
ID_35VBIN,0.02513941160721081,0.02513941160721081,0.015913589337735477,0.015913589337735477,0.015990127730899802,0.015990127730899802,0.02513941160721081,0.02513941160721081
ID_SVQ88Q,0.02413404155581404,0.02413404155581404,0.01318775963283659,0.01318775963283659,0.013914904667757204,0.013914904667757204,0.02413404155581404,0.02413404155581404
ID_JFWEX9,0.02413404155581404,0.02413404155581404,0.011982225972907424,0.011982225972907424,0.012776041940919641,0.012776041940919641,0.02413404155581404,0.02413404155581404
ID_PHWF17,0.024079788482056087,0.024079788482056087,0.010850080351954828,0.010850080351954828,0.012308426089968051,0.012308426089968051,0.024079788482056087,0.024079788482056087
ID_Y5BIWA,0.02596455176588127,0.02596455176588127,0.017203794276379115,0.017203794276379115,0.01956244656720051,0.01956244656720051,0.02596455176588127,0.02596455176588127
ID_FZVHYY,0.024079788482056087,0.024079788482056087,0.010930302198041447,0.010930302198041447,0.012330195226798272,0.012330195226798272,0.024079788482056087,0.024079788482056087
ID_EPTS2K,0.024079788482056087,0.024079788482056087,0.011624513286233288,0.011624513286233288,0.013180977698580492,0.013180977698580492,0.024079788482056087,0.024079788482056087
ID_Y7L6RK,0.024079788482056087,0.024079788482056087,0.010835799407284638,0.010835799407284638,0.012515918298732553,0.012515918298732553,0.024079788482056087,0.024079788482056087
ID_M3CIP9,0.024109603628150303,0.024109603628150303,0.01183249904962026,0.01183249904962026,0.013289212692393162,0.013289212692393162,0.024109603628150303,0.024109603628150303
ID_GJR246,0.024079788482056087,0.024079788482056087,0.010824271421415392,0.010824271421415392,0.012308426089968051,0.012308426089968051,0.024079788482056087,0.024079788482056087
ID_WOOP5X,0.024079788482056087,0.024079788482056087,0.010850821520534145,0.010850821520534145,0.012319686319413582,0.012319686319413582,0.024079788482056087,0.024079788482056087
ID_89A4YE,0.02413404155581404,0.02413404155581404,0.016271452355814682,0.016271452355814682,0.017904713826091267,0.017904713826091267,0.02413404155581404,0.02413404155581404
ID_R1CD9F,0.024079788482056087,0.024079788482056087,0.010861388043460464,0.010861388043460464,0.012302584385770334,0.012302584385770334,0.024079788482056087,0.024079788482056087
ID_NEBCGE,0.02413404155581404,0.02413404155581404,0.012016749827596887,0.012016749827596887,0.014089703747097055,0.014089703747097055,0.02413404155581404,0.02413404155581404
ID_AY542M,0.024187632123874057,0.024187632123874057,0.01443632189470755,0.01443632189470755,0.01873718082120905,0.01873718082120905,0.024187632123874057,0.024187632123874057
ID_KC3CBG,0.024079788482056087,0.024079788482056087,0.010813683465754757,0.010813683465754757,0.012308426089968051,0.012308426089968051,0.024079788482056087,0.024079788482056087
ID_K4ZNMT,0.024079788482056087,0.024079788482056087,0.011224823472686314,0.011224823472686314,0.012529303354082465,0.012529303354082465,0.024079788482056087,0.024079788482056087
ID_SBU7DK,0.02413404155581404,0.02413404155581404,0.011982225972907424,0.011982225972907424,0.012776041940919641,0.012776041940919641,0.02413404155581404,0.02413404155581404
ID_60I9OZ,0.02413404155581404,0.02413404155581404,0.011578784427836645,0.011578784427836645,0.012424696006195272,0.012424696006195272,0.02413404155581404,0.02413404155581404
ID_CON7O4,0.02413404155581404,0.02413404155581404,0.01319708539183292,0.01319708539183292,0.013916840934008199,0.013916840934008199,0.02413404155581404,0.02413404155581404
ID_WYGX88,0.024119193730313238,0.024119193730313238,0.011499619177254436,0.011499619177254436,0.01274874530114939,0.01274874530114939,0.024119193730313238,0.024119193730313238
ID_KEJ9UP,0.02413404155581404,0.02413404155581404,0.013098177021234328,0.013098177021234328,0.01391772034072884,0.01391772034072884,0.02413404155581404,0.02413404155581404
ID_49D2AR,0.024079788482056087,0.024079788482056087,0.011464089822356228,0.011464089822356228,0.012326575510425408,0.012326575510425408,0.024079788482056087,0.024079788482056087
ID_V7DMUX,0.024109603628150303,0.024109603628150303,0.011317752009056133,0.011317752009056133,0.012938367123566058,0.012938367123566058,0.024109603628150303,0.024109603628150303
ID_ZLQ4JH,0.024079788482056087,0.024079788482056087,0.010825438069316826,0.010825438069316826,0.012313190455075496,0.012313190455075496,0.024079788482056087,0.024079788482056087
ID_677O8P,0.02413404155581404,0.02413404155581404,0.0138600106807817,0.0138600106807817,0.013576049294125815,0.013576049294125815,0.02413404155581404,0.02413404155581404
ID_D02ECF,0.02413404155581404,0.02413404155581404,0.012737993013182125,0.012737993013182125,0.01335809742484888,0.01335809742484888,0.02413404155581404,0.02413404155581404
ID_5QBTV9,0.024079788482056087,0.024079788482056087,0.01181338056368205,0.01181338056368205,0.012669991105850549,0.012669991105850549,0.024079788482056087,0.024079788482056087
ID_25GIGF,0.024109603628150303,0.024109603628150303,0.011780060604612595,0.011780060604612595,0.012826039259126974,0.012826039259126974,0.024109603628150303,0.024109603628150303
ID_2EYUSI,0.02413404155581404,0.02413404155581404,0.013758485164927097,0.013758485164927097,0.015005399014177821,0.015005399014177821,0.02413404155581404,0.02413404155581404
ID_AFJISS,0.024079788482056087,0.024079788482056087,0.011224823472686314,0.011224823472686314,0.012529303354082465,0.012529303354082465,0.024079788482056087,0.024079788482056087
ID_P95MFR,0.024079788482056087,0.024079788482056087,0.010865437536747184,0.010865437536747184,0.012336062148526795,0.012336062148526795,0.024079788482056087,0.024079788482056087
ID_7LNIHE,0.02413404155581404,0.02413404155581404,0.011840952923316841,0.011840952923316841,0.01277886013328681,0.01277886013328681,0.02413404155581404,0.02413404155581404
ID_RJFY9O,0.02413404155581404,0.02413404155581404,0.01308539338206578,0.01308539338206578,0.013912897369324783,0.013912897369324783,0.02413404155581404,0.02413404155581404
ID_DHPPV2,0.024079788482056087,0.024079788482056087,0.012409407485733498,0.012409407485733498,0.012583804342092799,0.012583804342092799,0.024079788482056087,0.024079788482056087
ID_GW0TFH,0.024079788482056087,0.024079788482056087,0.011464089822356228,0.011464089822356228,0.012326575510425408,0.012326575510425408,0.024079788482056087,0.024079788482056087
ID_NL68DQ,0.16227420814837998,0.16227420814837998,0.17055258306064927,0.17055258306064927,0.18708677627577655,0.18708677627577655,0.16227420814837998,0.16227420814837998
ID_7V19DB,0.02413404155581404,0.02413404155581404,0.011840952923316841,0.011840952923316841,0.01277886013328681,0.01277886013328681,0.02413404155581404,0.02413404155581404
ID_8H47OG,0.02413404155581404,0.02413404155581404,0.015911518564544334,0.015911518564544334,0.01629412898228483,0.01629412898228483,0.02413404155581404,0.02413404155581404
ID_ZVKA4U,0.024079788482056087,0.024079788482056087,0.010824271421415392,0.010824271421415392,0.012308426089968051,0.012308426089968051,0.024079788482056087,0.024079788482056087
ID_ATOU9I,0.024079788482056087,0.024079788482056087,0.011276797084149673,0.011276797084149673,0.012326575510425408,0.012326575510425408,0.024079788482056087,0.024079788482056087
ID_XYCHYM,0.024079788482056087,0.024079788482056087,0.011703198853443167,0.011703198853443167,0.01322773011707799,0.01322773011707799,0.024079788482056087,0.024079788482056087
ID_E34NO5,0.024079788482056087,0.024079788482056087,0.01095242893006608,0.01095242893006608,0.012506887338731443,0.012506887338731443,0.024079788482056087,0.024079788482056087
ID_P64AZ0,0.02413404155581404,0.02413404155581404,0.012899139360565883,0.012899139360565883,0.014620674653287776,0.014620674653287776,0.02413404155581404,0.02413404155581404
ID_1QOZJU,0.024079788482056087,0.024079788482056087,0.010825438069316826,0.010825438069316826,0.012313190455075496,0.012313190455075496,0.024079788482056087,0.024079788482056087
ID_XLYALT,0.024079788482056087,0.024079788482056087,0.011422366241353926,0.011422366241353926,0.012523133476088055,0.012523133476088055,0.024079788482056087,0.024079788482056087
ID_WGDRNV,0.02413404155581404,0.02413404155581404,0.013924305198924479,0.013924305198924479,0.014117360895933998,0.014117360895933998,0.02413404155581404,0.02413404155581404
ID_B6R04O,0.02413404155581404,0.02413404155581404,0.015115485612805075,0.015115485612805075,0.015001630996409537,0.015001630996409537,0.02413404155581404,0.02413404155581404
ID_LNUKMI,0.02413404155581404,0.02413404155581404,0.0132585661043783,0.0132585661043783,0.014679454579397894,0.014679454579397894,0.02413404155581404,0.02413404155581404
ID_YQU1KF,0.024079788482056087,0.024079788482056087,0.010824271421415392,0.010824271421415392,0.012308426089968051,0.012308426089968051,0.024079788482056087,0.024079788482056087
ID_8NHM2A,0.024079788482056087,0.024079788482056087,0.010916252846378522,0.010916252846378522,0.012336062148526795,0.012336062148526795,0.024079788482056087,0.024079788482056087
ID_CDOW4B,0.02413404155581404,0.02413404155581404,0.011826362984302126,0.011826362984302126,0.012774023344055231,0.012774023344055231,0.02413404155581404,0.02413404155581404
ID_EX6VFO,0.02413404155581404,0.02413404155581404,0.01304995782911719,0.01304995782911719,0.013083151542289142,0.013083151542289142,0.02413404155581404,0.02413404155581404
ID_5RO8MY,0.024079788482056087,0.024079788482056087,0.01129951191223396,0.01129951191223396,0.012320708588696884,0.012320708588696884,0.024079788482056087,0.024079788482056087
ID_JLMYMA,0.024079788482056087,0.024079788482056087,0.011442969766984043,0.011442969766984043,0.013180977698580492,0.013180977698580492,0.024079788482056087,0.024079788482056087
ID_MVEV3V,0.02413404155581404,0.02413404155581404,0.01355684524658108,0.01355684524658108,0.015002850615689987,0.015002850615689987,0.02413404155581404,0.02413404155581404
ID_5S5YUE,0.024079788482056087,0.024079788482056087,0.010835799407284638,0.010835799407284638,0.012515918298732553,0.012515918298732553,0.024079788482056087,0.024079788482056087
ID_6VX4DA,0.02413404155581404,0.02413404155581404,0.012731039972010237,0.012731039972010237,0.013356161158597885,0.013356161158597885,0.02413404155581404,0.02413404155581404
ID_SC5634,0.024109603628150303,0.024109603628150303,0.01183249904962026,0.01183249904962026,0.013289212692393162,0.013289212692393162,0.024109603628150303,0.024109603628150303
ID_EZO6E7,0.024079788482056087,0.024079788482056087,0.010888926617681661,0.010888926617681661,0.012330016908466504,0.012330016908466504,0.024079788482056087,0.024079788482056087
ID_6QKL3H,0.024079788482056087,0.024079788482056087,0.010943040445947108,0.010943040445947108,0.012330016908466504,0.012330016908466504,0.024079788482056087,0.024079788482056087
ID_A11EEW,0.02596455176588127,0.02596455176588127,0.01643625179011272,0.01643625179011272,0.017033675782137297,0.017033675782137297,0.02596455176588127,0.02596455176588127
ID_1F53HQ,0.024079788482056087,0.024079788482056087,0.011371459938913663,0.011371459938913663,0.012529303354082465,0.012529303354082465,0.024079788482056087,0.024079788482056087
ID_BPD0T4,0.024079788482056087,0.024079788482056087,0.010845139474968799,0.010845139474968799,0.012322677093176884,0.012322677093176884,0.024079788482056087,0.024079788482056087
ID_6P0J6L,0.024079788482056087,0.024079788482056087,0.010952502919233066,0.010952502919233066,0.012330195226798272,0.012330195226798272,0.024079788482056087,0.024079788482056087
ID_2M35S8,0.15180834357138384,0.15180834357138384,0.15075793732721043,0.15075793732721043,0.16370262271488528,0.16370262271488528,0.15180834357138384,0.15180834357138384
ID_Z0NFOR,0.02413404155581404,0.02413404155581404,0.012016749827596887,0.012016749827596887,0.014089703747097055,0.014089703747097055,0.02413404155581404,0.02413404155581404
ID_EXDP8Y,0.024079788482056087,0.024079788482056087,0.010863909306065454,0.010863909306065454,0.012336062148526795,0.012336062148526795,0.024079788482056087,0.024079788482056087
ID_QRLVAL,0.024109603628150303,0.024109603628150303,0.011540742971106018,0.011540742971106018,0.012939885354533203,0.012939885354533203,0.024109603628150303,0.024109603628150303
ID_Y8G6YL,0.024079788482056087,0.024079788482056087,0.010802419918787345,0.010802419918787345,0.012321811145317963,0.012321811145317963,0.024079788482056087,0.024079788482056087
ID_X6X0ZN,0.024079788482056087,0.024079788482056087,0.010861388043460464,0.010861388043460464,0.012302584385770334,0.012302584385770334,0.024079788482056087,0.024079788482056087
ID_LYVJ1L,0.024079788482056087,0.024079788482056087,0.010824271421415392,0.010824271421415392,0.012308426089968051,0.012308426089968051,0.024079788482056087,0.024079788482056087
ID_MNE22V,0.024079788482056087,0.024079788482056087,0.010829670797296962,0.010829670797296962,0.012308426089968051,0.012308426089968051,0.024079788482056087,0.024079788482056087
ID_PUNH2D,0.024079788482056087,0.024079788482056087,0.010820750230126106,0.010820750230126106,0.012321811145317963,0.012321811145317963,0.024079788482056087,0.024079788482056087
ID_8WSWMT,0.02413404155581404,0.02413404155581404,0.013003310552287959,0.013003310552287959,0.014617738323298638,0.014617738323298638,0.02413404155581404,0.02413404155581404
ID_ZDYSIZ,0.024079788482056087,0.024079788482056087,0.010861388043460464,0.010861388043460464,0.012302584385770334,0.012302584385770334,0.024079788482056087,0.024079788482056087
ID_PFPEKM,0.024079788482056087,0.024079788482056087,0.011563307508727694,0.011563307508727694,0.012330016908466504,0.012330016908466504,0.024079788482056087,0.024079788482056087
ID_NNZAIC,0.02413404155581404,0.02413404155581404,0.013083935530513093,0.013083935530513093,0.014113417331250582,0.014113417331250582,0.02413404155581404,0.02413404155581404
ID_1TLG7R,0.02413404155581404,0.02413404155581404,0.011982225972907424,0.011982225972907424,0.012776041940919641,0.012776041940919641,0.02413404155581404,0.02413404155581404
ID_9H2JEC,0.024079788482056087,0.024079788482056087,0.01154449030120781,0.01154449030120781,0.012336062148526795,0.012336062148526795,0.024079788482056087,0.024079788482056087
ID_LLCJJG,0.02413404155581404,0.02413404155581404,0.013906225581870334,0.013906225581870334,0.014115424629683003,0.014115424629683003,0.02413404155581404,0.02413404155581404
ID_7ILKZQ,0.02413404155581404,0.02413404155581404,0.011991313684083467,0.011991313684083467,0.012814726538735284,0.012814726538735284,0.02413404155581404,0.02413404155581404
ID_UBXNCV,0.024079788482056087,0.024079788482056087,0.010940701135714702,0.010940701135714702,0.012336062148526795,0.012336062148526795,0.024079788482056087,0.024079788482056087
ID_UXA3BF,0.024143631657976974,0.024143631657976974,0.013203435153445348,0.013203435153445348,0.014183030591111307,0.014183030591111307,0.024143631657976974,0.024143631657976974
ID_249DRM,0.024109603628150303,0.024109603628150303,0.014011758483796318,0.014011758483796318,0.014804638293399033,0.014804638293399033,0.024109603628150303,0.024109603628150303
ID_Z9QNGS,0.02413404155581404,0.02413404155581404,0.01350285621915535,0.01350285621915535,0.014675662944906012,0.014675662944906012,0.02413404155581404,0.02413404155581404
ID_5V5YL7,0.02413404155581404,0.02413404155581404,0.013191438395239438,0.013191438395239438,0.014165728963512272,0.014165728963512272,0.02413404155581404,0.02413404155581404
ID_A7GQU5,0.024079788482056087,0.024079788482056087,0.010801632596076362,0.010801632596076362,0.012321811145317963,0.012321811145317963,0.024079788482056087,0.024079788482056087
ID_B33J1S,0.024079788482056087,0.024079788482056087,0.010824271421415392,0.010824271421415392,0.012308426089968051,0.012308426089968051,0.024079788482056087,0.024079788482056087
ID_KO7FBB,0.024109603628150303,0.024109603628150303,0.014008858784458423,0.014008858784458423,0.013977014442757398,0.013977014442757398,0.024109603628150303,0.024109603628150303
ID_7DB6U3,0.024079788482056087,0.024079788482056087,0.010975329569850182,0.010975329569850182,0.012321348488720239,0.012321348488720239,0.024079788482056087,0.024079788482056087
ID_L6C55N,0.02413404155581404,0.02413404155581404,0.011817187327284668,0.011817187327284668,0.012774023344055231,0.012774023344055231,0.02413404155581404,0.02413404155581404
ID_5S3A5Z,0.024079788482056087,0.024079788482056087,0.011624513286233288,0.011624513286233288,0.013180977698580492,0.013180977698580492,0.024079788482056087,0.024079788482056087
ID_WNRIP1,0.024109603628150303,0.024109603628150303,0.01140491110964232,0.01140491110964232,0.012766566993730783,0.012766566993730783,0.024109603628150303,0.024109603628150303
ID_14WLPI,0.02413404155581404,0.02413404155581404,0.013733585236858935,0.013733585236858935,0.01571872004519577,0.01571872004519577,0.02413404155581404,0.02413404155581404
ID_O9X6J6,0.024109603628150303,0.024109603628150303,0.011790723785355296,0.011790723785355296,0.014403054398283321,0.014403054398283321,0.024109603628150303,0.024109603628150303
ID_RA2DLW,0.024119193730313238,0.024119193730313238,0.011702294047986327,0.011702294047986327,0.013559899720223676,0.013559899720223676,0.024119193730313238,0.024119193730313238
ID_3ARXWX,0.024143631657976974,0.024143631657976974,0.013770284838696557,0.013770284838696557,0.015273524937531924,0.015273524937531924,0.024143631657976974,0.024143631657976974
ID_GTXRS7,0.02413404155581404,0.02413404155581404,0.01373896252476435,0.01373896252476435,0.014113417331250582,0.014113417331250582,0.02413404155581404,0.02413404155581404
ID_53HFX3,0.024079788482056087,0.024079788482056087,0.010923565055063776,0.010923565055063776,0.012324162309471889,0.012324162309471889,0.024079788482056087,0.024079788482056087
ID_MHS7P6,0.02413404155581404,0.02413404155581404,0.011982225972907424,0.011982225972907424,0.012776041940919641,0.012776041940919641,0.02413404155581404,0.02413404155581404
ID_83W356,0.02413404155581404,0.02413404155581404,0.013810218087903356,0.013810218087903356,0.014087435822767745,0.014087435822767745,0.02413404155581404,0.02413404155581404
ID_YYDX2H,0.02413404155581404,0.02413404155581404,0.012237973956485237,0.012237973956485237,0.0129332668668785,0.0129332668668785,0.02413404155581404,0.02413404155581404
ID_LM4X5P,0.024079788482056087,0.024079788482056087,0.0108460519510213,0.0108460519510213,0.012515918298732553,0.012515918298732553,0.024079788482056087,0.024079788482056087
ID_RUYJOV,0.024079788482056087,0.024079788482056087,0.011703198853443167,0.011703198853443167,0.01322773011707799,0.01322773011707799,0.024079788482056087,0.024079788482056087
ID_VWYZDV,0.024169726996816906,0.024169726996816906,0.010991420305333528,0.010991420305333528,0.012656814472939627,0.012656814472939627,0.024169726996816906,0.024169726996816906
ID_SMEEWO,0.024079788482056087,0.024079788482056087,0.010940701135714702,0.010940701135714702,0.012336062148526795,0.012336062148526795,0.024079788482056087,0.024079788482056087
ID_6AMJI3,0.024109603628150303,0.024109603628150303,0.011808144706270491,0.011808144706270491,0.013289212692393162,0.013289212692393162,0.024109603628150303,0.024109603628150303
ID_34VCUO,0.024079788482056087,0.024079788482056087,0.011442969766984043,0.011442969766984043,0.013180977698580492,0.013180977698580492,0.024079788482056087,0.024079788482056087
ID_B3QCGW,0.024079788482056087,0.024079788482056087,0.010813683465754757,0.010813683465754757,0.012308426089968051,0.012308426089968051,0.024079788482056087,0.024079788482056087
ID_YJ4QD4,0.02806936099651628,0.02806936099651628,0.024746282127066484,0.024746282127066484,0.01911860160423867,0.01911860160423867,0.02806936099651628,0.02806936099651628
ID_H4YDLW,0.024638790952791534,0.024638790952791534,0.025525462977791895,0.025525462977791895,0.01899690773144405,0.01899690773144405,0.024638790952791534,0.024638790952791534
ID_E03C34,0.023540505868676644,0.023540505868676644,0.011696932395808282,0.011696932395808282,0.016875823511753808,0.016875823511753808,0.023540505868676644,0.023540505868676644
ID_170IHM,0.026839016261487682,0.026839016261487682,0.012245445772282437,0.012245445772282437,0.017263179531454672,0.017263179531454672,0.026839016261487682,0.026839016261487682
ID_AQD45I,0.35003869837462376,0.35003869837462376,0.1975988285035623,0.1975988285035623,0.18333191468825152,0.18333191468825152,0.35003869837462376,0.35003869837462376
ID_XVPUUZ,0.35003869837462376,0.35003869837462376,0.1975988285035623,0.1975988285035623,0.18333191468825152,0.18333191468825152,0.35003869837462376,0.35003869837462376
ID_XI6QQ0,0.36838232756680467,0.36838232756680467,0.30072845760018413,0.30072845760018413,0.18328623528121638,0.18328623528121638,0.36838232756680467,0.36838232756680467
ID_GN5HJG,0.40256320856649264,0.40256320856649264,0.23609893629786138,0.23609893629786138,0.18539849586844387,0.18539849586844387,0.40256320856649264,0.40256320856649264
ID_72UHEN,0.024671683104525544,0.024671683104525544,0.01398369817214023,0.01398369817214023,0.017755297481092926,0.017755297481092926,0.024671683104525544,0.024671683104525544
ID_TM0IMP,0.35040734960659464,0.35040734960659464,0.1886068787401243,0.1886068787401243,0.18242693844190985,0.18242693844190985,0.35040734960659464,0.35040734960659464
ID_YGEZQG,0.42239225476938413,0.42239225476938413,0.2419871011562926,0.2419871011562926,0.2083054436825879,0.2083054436825879,0.42239225476938413,0.42239225476938413
ID_NB35EZ,0.027569317898310634,0.027569317898310634,0.01214001683832124,0.01214001683832124,0.017263179531454672,0.017263179531454672,0.027569317898310634,0.027569317898310634
ID_B44OOF,0.026839016261487682,0.026839016261487682,0.012245445772282437,0.012245445772282437,0.017263179531454672,0.017263179531454672,0.026839016261487682,0.026839016261487682
ID_NTHRCW,0.024079788482056087,0.024079788482056087,0.010850161051708218,0.010850161051708218,0.018067351820720716,0.018067351820720716,0.024079788482056087,0.024079788482056087
ID_4M0YMS,0.025578874285863938,0.025578874285863938,0.011411964356657372,0.011411964356657372,0.015431338712199559,0.015431338712199559,0.025578874285863938,0.025578874285863938
ID_MDPJ5N,0.026839016261487682,0.026839016261487682,0.012245445772282437,0.012245445772282437,0.017263179531454672,0.017263179531454672,0.026839016261487682,0.026839016261487682
ID_GCE89L,0.045770416694303054,0.045770416694303054,0.029060707951623965,0.029060707951623965,0.04027263515824707,0.04027263515824707,0.045770416694303054,0.045770416694303054
ID_5I780C,0.028098470083114006,0.028098470083114006,0.016228674191639085,0.016228674191639085,0.02192069385345062,0.02192069385345062,0.028098470083114006,0.028098470083114006
ID_2B7SR5,0.02806936099651628,0.02806936099651628,0.024746282127066484,0.024746282127066484,0.01911860160423867,0.01911860160423867,0.02806936099651628,0.02806936099651628
ID_NUEHVL,0.02806936099651628,0.02806936099651628,0.024746282127066484,0.024746282127066484,0.01911860160423867,0.01911860160423867,0.02806936099651628,0.02806936099651628
ID_M0Z56V,0.024671683104525544,0.024671683104525544,0.01398369817214023,0.01398369817214023,0.017755297481092926,0.017755297481092926,0.024671683104525544,0.024671683104525544
ID_QWOKAX,0.023979917113174654,0.023979917113174654,0.014089127106101428,0.014089127106101428,0.017772556553767613,0.017772556553767613,0.023979917113174654,0.023979917113174654
ID_6E3ARV,0.027056508959839805,0.027056508959839805,0.012358471920606802,0.012358471920606802,0.01674582494291708,0.01674582494291708,0.027056508959839805,0.027056508959839805
ID_F120A9,0.42239225476938413,0.42239225476938413,0.2419871011562926,0.2419871011562926,0.2083054436825879,0.2083054436825879,0.42239225476938413,0.42239225476938413
ID_92GH8G,0.028907653032220957,0.028907653032220957,0.016543831144871436,0.016543831144871436,0.022785261501759184,0.022785261501759184,0.028907653032220957,0.028907653032220957
ID_SK11B2,0.027056508959839805,0.027056508959839805,0.012358471920606802,0.012358471920606802,0.01674582494291708,0.01674582494291708,0.027056508959839805,0.027056508959839805
ID_3ONHGA,0.36838232756680467,0.36838232756680467,0.30072845760018413,0.30072845760018413,0.18328623528121638,0.18328623528121638,0.36838232756680467,0.36838232756680467
ID_CCEFHU,0.026839016261487682,0.026839016261487682,0.012245445772282437,0.012245445772282437,0.017263179531454672,0.017263179531454672,0.026839016261487682,0.026839016261487682
ID_N914ML,0.024639829628078484,0.024639829628078484,0.020432499654124688,0.020432499654124688,0.017287822525827393,0.017287822525827393,0.024639829628078484,0.024639829628078484
ID_DT1RJO,0.42701149239191794,0.42701149239191794,0.2412208583555965,0.2412208583555965,0.20861698228700454,0.20861698228700454,0.42701149239191794,0.42701149239191794
ID_AKS62G,0.02614411335558004,0.02614411335558004,0.026232285548648853,0.026232285548648853,0.01827822607561082,0.01827822607561082,0.02614411335558004,0.02614411335558004
ID_AOUGMR,0.02737949365972211,0.02737949365972211,0.021603484642388936,0.021603484642388936,0.019257109813551096,0.019257109813551096,0.02737949365972211,0.02737949365972211
ID_5R164Q,0.02614411335558004,0.02614411335558004,0.026232285548648853,0.026232285548648853,0.01827822607561082,0.01827822607561082,0.02614411335558004,0.02614411335558004
ID_HNW1SP,0.02806936099651628,0.02806936099651628,0.024746282127066484,0.024746282127066484,0.01911860160423867,0.01911860160423867,0.02806936099651628,0.02806936099651628
ID_OOPSZH,0.025357785622383857,0.025357785622383857,0.012264381960355127,0.012264381960355127,0.01598733782971523,0.01598733782971523,0.025357785622383857,0.025357785622383857
ID_VAJKEF,0.026839016261487682,0.026839016261487682,0.012245445772282437,0.012245445772282437,0.017263179531454672,0.017263179531454672,0.026839016261487682,0.026839016261487682
ID_XO432P,0.029001859709172198,0.029001859709172198,0.01649565696782516,0.01649565696782516,0.020497409366239557,0.020497409366239557,0.029001859709172198,0.029001859709172198
ID_EIKAR0,0.027056508959839805,0.027056508959839805,0.012358471920606802,0.012358471920606802,0.01674582494291708,0.01674582494291708,0.027056508959839805,0.027056508959839805
ID_DYDUC0,0.35003869837462376,0.35003869837462376,0.1975988285035623,0.1975988285035623,0.18333191468825152,0.18333191468825152,0.35003869837462376,0.35003869837462376
ID_0E6AWX,0.024638790952791534,0.024638790952791534,0.025525462977791895,0.025525462977791895,0.01899690773144405,0.01899690773144405,0.024638790952791534,0.024638790952791534
ID_RCKGWH,0.027569317898310634,0.027569317898310634,0.01214001683832124,0.01214001683832124,0.017263179531454672,0.017263179531454672,0.027569317898310634,0.027569317898310634
ID_MPEJJ7,0.36838232756680467,0.36838232756680467,0.30072845760018413,0.30072845760018413,0.18328623528121638,0.18328623528121638,0.36838232756680467,0.36838232756680467
ID_92GB4X,0.36838232756680467,0.36838232756680467,0.30072845760018413,0.30072845760018413,0.18328623528121638,0.18328623528121638,0.36838232756680467,0.36838232756680467
ID_PF9MLB,0.023979917113174654,0.023979917113174654,0.014089127106101428,0.014089127106101428,0.017772556553767613,0.017772556553767613,0.023979917113174654,0.023979917113174654
ID_BKPXHW,0.02403299614115883,0.02403299614115883,0.011905345547652156,0.011905345547652156,0.016875823511753808,0.016875823511753808,0.02403299614115883,0.02403299614115883
ID_0U0CZ6,0.025098963146815194,0.025098963146815194,0.011718949489654754,0.011718949489654754,0.016326380297773863,0.016326380297773863,0.025098963146815194,0.025098963146815194
ID_W2OT9E,0.025133502514358363,0.025133502514358363,0.026316911661674755,0.026316911661674755,0.019393516205508738,0.019393516205508738,0.025133502514358363,0.025133502514358363
ID_533G8B,0.025098963146815194,0.025098963146815194,0.011718949489654754,0.011718949489654754,0.016326380297773863,0.016326380297773863,0.025098963146815194,0.025098963146815194
ID_Z8YTI6,0.36838232756680467,0.36838232756680467,0.30072845760018413,0.30072845760018413,0.18328623528121638,0.18328623528121638,0.36838232756680467,0.36838232756680467
ID_6C4OE9,0.36862779096555726,0.36862779096555726,0.22212966057213068,0.22212966057213068,0.20080760907204412,0.20080760907204412,0.36862779096555726,0.36862779096555726
ID_KL4MG7,0.024179192832043356,0.024179192832043356,0.013840850385268687,0.013840850385268687,0.017554145152259646,0.017554145152259646,0.024179192832043356,0.024179192832043356
ID_MTIIWZ,0.027056508959839805,0.027056508959839805,0.012358471920606802,0.012358471920606802,0.01674582494291708,0.01674582494291708,0.027056508959839805,0.027056508959839805
ID_FUAXKT,0.027056508959839805,0.027056508959839805,0.012358471920606802,0.012358471920606802,0.01674582494291708,0.01674582494291708,0.027056508959839805,0.027056508959839805
ID_2FIUCN,0.2997936838222201,0.2997936838222201,0.298335028044141,0.298335028044141,0.46014830674891055,0.46014830674891055,0.2997936838222201,0.2997936838222201
ID_BZ0G9W,0.024109603628150303,0.024109603628150303,0.011755071083278433,0.011755071083278433,0.026907169336602244,0.026907169336602244,0.024109603628150303,0.024109603628150303
ID_UK2N3N,0.25775314568984503,0.25775314568984503,0.20956223015355646,0.20956223015355646,0.40168366275523204,0.40168366275523204,0.25775314568984503,0.25775314568984503
ID_51JHHB,0.02568632802031559,0.02568632802031559,0.05644067353578558,0.05644067353578558,0.24703807897705965,0.24703807897705965,0.02568632802031559,0.02568632802031559
ID_E8M783,0.024089378584219022,0.024089378584219022,0.012870457897917832,0.012870457897917832,0.02705056140781502,0.02705056140781502,0.024089378584219022,0.024089378584219022
ID_HGRL68,0.024109603628150303,0.024109603628150303,0.012652386261021274,0.012652386261021274,0.025104696846364065,0.025104696846364065,0.024109603628150303,0.024109603628150303
ID_Z099ZD,0.040773930873148956,0.040773930873148956,0.03456362899326659,0.03456362899326659,0.23610445308832045,0.23610445308832045,0.040773930873148956,0.040773930873148956
ID_J98CG9,0.024079788482056087,0.024079788482056087,0.011605943290747723,0.011605943290747723,0.019369292819144995,0.019369292819144995,0.024079788482056087,0.024079788482056087
ID_3UQ81U,0.024079788482056087,0.024079788482056087,0.012302124357729313,0.012302124357729313,0.02342245652640552,0.02342245652640552,0.024079788482056087,0.024079788482056087
ID_NZIYML,0.024109603628150303,0.024109603628150303,0.011175815552507816,0.011175815552507816,0.02288927206983943,0.02288927206983943,0.024109603628150303,0.024109603628150303
ID_TDYO22,0.024079788482056087,0.024079788482056087,0.014407563210781982,0.014407563210781982,0.030823948357554507,0.030823948357554507,0.024079788482056087,0.024079788482056087
ID_PJ4KK1,0.024079788482056087,0.024079788482056087,0.011613915740673865,0.011613915740673865,0.019287321620667326,0.019287321620667326,0.024079788482056087,0.024079788482056087
ID_I9K28A,0.024079788482056087,0.024079788482056087,0.024497840898937542,0.024497840898937542,0.060951894785894745,0.060951894785894745,0.024079788482056087,0.024079788482056087
ID_1DU4K9,0.02419578171109817,0.02419578171109817,0.013118745177985404,0.013118745177985404,0.025430695216372215,0.025430695216372215,0.02419578171109817,0.02419578171109817
ID_GTAZM3,0.024109603628150303,0.024109603628150303,0.012652386261021274,0.012652386261021274,0.025104696846364065,0.025104696846364065,0.024109603628150303,0.024109603628150303
ID_85BE9E,0.024079788482056087,0.024079788482056087,0.012562114445432473,0.012562114445432473,0.029111174306621985,0.029111174306621985,0.024079788482056087,0.024079788482056087
ID_7P1FDA,0.024079788482056087,0.024079788482056087,0.015073368534542213,0.015073368534542213,0.036020718056582926,0.036020718056582926,0.024079788482056087,0.024079788482056087
ID_RUN0MH,0.024165966565003954,0.024165966565003954,0.015372851697797809,0.015372851697797809,0.031301423266510885,0.031301423266510885,0.024165966565003954,0.024165966565003954
ID_YBFBW4,0.035290859066947886,0.035290859066947886,0.025665916301481174,0.025665916301481174,0.15443793907274736,0.15443793907274736,0.035290859066947886,0.035290859066947886
ID_NE459Y,0.03927782397281147,0.03927782397281147,0.03147894961363605,0.03147894961363605,0.12858062199872333,0.12858062199872333,0.03927782397281147,0.03927782397281147
ID_GGZZ9O,0.035290859066947886,0.035290859066947886,0.023004390184126686,0.023004390184126686,0.12039431402760867,0.12039431402760867,0.035290859066947886,0.035290859066947886
ID_H1PP14,0.024109603628150303,0.024109603628150303,0.011175815552507816,0.011175815552507816,0.02288927206983943,0.02288927206983943,0.024109603628150303,0.024109603628150303
ID_0PPL34,0.03840125727819582,0.03840125727819582,0.03042531448814311,0.03042531448814311,0.12858062199872333,0.12858062199872333,0.03840125727819582,0.03840125727819582
ID_CRMQQO,0.024079788482056087,0.024079788482056087,0.012026796464515023,0.012026796464515023,0.02788697965825891,0.02788697965825891,0.024079788482056087,0.024079788482056087
ID_A0YIQ0,0.04009075512682948,0.04009075512682948,0.03267057039495486,0.03267057039495486,0.12858223362624205,0.12858223362624205,0.04009075512682948,0.04009075512682948
ID_Q1TCRH,0.024109603628150303,0.024109603628150303,0.011755071083278433,0.011755071083278433,0.026907169336602244,0.026907169336602244,0.024109603628150303,0.024109603628150303
ID_94MXFN,0.024109603628150303,0.024109603628150303,0.011755071083278433,0.011755071083278433,0.026907169336602244,0.026907169336602244,0.024109603628150303,0.024109603628150303
ID_88SLJ5,0.04300183614531027,0.04300183614531027,0.03436312468364163,0.03436312468364163,0.1700425550888961,0.1700425550888961,0.04300183614531027,0.04300183614531027
ID_ECEAEJ,0.024079788482056087,0.024079788482056087,0.024497840898937542,0.024497840898937542,0.060951894785894745,0.060951894785894745,0.024079788482056087,0.024079788482056087
ID_4QDWP4,0.02419578171109817,0.02419578171109817,0.01148215483198112,0.01148215483198112,0.02288927206983943,0.02288927206983943,0.02419578171109817,0.02419578171109817
ID_UH4UW8,0.024109603628150303,0.024109603628150303,0.012652386261021274,0.012652386261021274,0.025104696846364065,0.025104696846364065,0.024109603628150303,0.024109603628150303
ID_VCFVPX,0.024079788482056087,0.024079788482056087,0.01177355947457877,0.01177355947457877,0.023431383210406664,0.023431383210406664,0.024079788482056087,0.024079788482056087
ID_04ZSOG,0.024079788482056087,0.024079788482056087,0.011590000267619341,0.011590000267619341,0.019376696451089054,0.019376696451089054,0.024079788482056087,0.024079788482056087
ID_BQ8JLJ,0.024079788482056087,0.024079788482056087,0.01177355947457877,0.01177355947457877,0.023431383210406664,0.023431383210406664,0.024079788482056087,0.024079788482056087
ID_35RX02,0.024109603628150303,0.024109603628150303,0.012652386261021274,0.012652386261021274,0.025104696846364065,0.025104696846364065,0.024109603628150303,0.024109603628150303
ID_GOXE3K,0.024079788482056087,0.024079788482056087,0.011595418572761397,0.011595418572761397,0.019287321620667326,0.019287321620667326,0.024079788482056087,0.024079788482056087
ID_U5RFQ3,0.024079788482056087,0.024079788482056087,0.011992790486105558,0.011992790486105558,0.019369292819144995,0.019369292819144995,0.024079788482056087,0.024079788482056087
ID_DM55ZQ,0.024079788482056087,0.024079788482056087,0.012124148695022409,0.012124148695022409,0.021013901681946084,0.021013901681946084,0.024079788482056087,0.024079788482056087
ID_A1QQRA,0.04047537051144487,0.04047537051144487,0.03317217369351845,0.03317217369351845,0.12834301053889782,0.12834301053889782,0.04047537051144487,0.04047537051144487
ID_19O4B5,0.024079788482056087,0.024079788482056087,0.012064224172754835,0.012064224172754835,0.01991880759165629,0.01991880759165629,0.024079788482056087,0.024079788482056087
ID_5REP3T,0.024109603628150303,0.024109603628150303,0.012652386261021274,0.012652386261021274,0.025104696846364065,0.025104696846364065,0.024109603628150303,0.024109603628150303
ID_OF5R7M,0.04300183614531027,0.04300183614531027,0.03434570085010097,0.03434570085010097,0.17002250334119823,0.17002250334119823,0.04300183614531027,0.04300183614531027
ID_Q1LGPO,0.024165966565003954,0.024165966565003954,0.015372851697797809,0.015372851697797809,0.031301423266510885,0.031301423266510885,0.024165966565003954,0.024165966565003954
ID_K5EEX9,0.024109603628150303,0.024109603628150303,0.011175815552507816,0.011175815552507816,0.02288927206983943,0.02288927206983943,0.024109603628150303,0.024109603628150303
ID_IQGKMC,0.024079788482056087,0.024079788482056087,0.011829394203780333,0.011829394203780333,0.0244679698670199,0.0244679698670199,0.024079788482056087,0.024079788482056087
ID_HT38F6,0.02419578171109817,0.02419578171109817,0.013118745177985404,0.013118745177985404,0.025430695216372215,0.025430695216372215,0.02419578171109817,0.02419578171109817
ID_LZLRNV,0.024079788482056087,0.024079788482056087,0.012562114445432473,0.012562114445432473,0.029111174306621985,0.029111174306621985,0.024079788482056087,0.024079788482056087
ID_TWJQGO,0.024079788482056087,0.024079788482056087,0.012144757996619637,0.012144757996619637,0.021854770018492866,0.021854770018492866,0.024079788482056087,0.024079788482056087
ID_0CL91E,0.02419578171109817,0.02419578171109817,0.012245524823843213,0.012245524823843213,0.027321767401041242,0.027321767401041242,0.02419578171109817,0.02419578171109817
ID_57W8R1,0.024079788482056087,0.024079788482056087,0.015228588359318614,0.015228588359318614,0.035082616629597746,0.035082616629597746,0.024079788482056087,0.024079788482056087
ID_5WL00B,0.038630924978599816,0.038630924978599816,0.025199452335014926,0.025199452335014926,0.1267294969561512,0.1267294969561512,0.038630924978599816,0.038630924978599816
ID_GXWOO5,0.024079979345213647,0.024079979345213647,0.03403085017353281,0.03403085017353281,0.058142846541459,0.058142846541459,0.024079979345213647,0.024079979345213647
ID_TWRUWM,0.024079979345213647,0.024079979345213647,0.03403085017353281,0.03403085017353281,0.058142846541459,0.058142846541459,0.024079979345213647,0.024079979345213647
ID_A9BGIR,0.024079979345213647,0.024079979345213647,0.018034971183506696,0.018034971183506696,0.02849020572961498,0.02849020572961498,0.024079979345213647,0.024079979345213647
ID_2JI71I,0.024079979345213647,0.024079979345213647,0.03020287005628093,0.03020287005628093,0.04756670963805595,0.04756670963805595,0.024079979345213647,0.024079979345213647
ID_ML47TN,0.024079979345213647,0.024079979345213647,0.01733379191459877,0.01733379191459877,0.026383085949258006,0.026383085949258006,0.024079979345213647,0.024079979345213647
ID_7WZ9FK,0.024079979345213647,0.024079979345213647,0.03403085017353281,0.03403085017353281,0.058142846541459,0.058142846541459,0.024079979345213647,0.024079979345213647
ID_DRELA9,0.024079979345213647,0.024079979345213647,0.03403085017353281,0.03403085017353281,0.058142846541459,0.058142846541459,0.024079979345213647,0.024079979345213647
ID_J8US98,0.024079979345213647,0.024079979345213647,0.017984671596081712,0.017984671596081712,0.02835668800830496,0.02835668800830496,0.024079979345213647,0.024079979345213647
ID_H10W0Q,0.024079979345213647,0.024079979345213647,0.03403085017353281,0.03403085017353281,0.058142846541459,0.058142846541459,0.024079979345213647,0.024079979345213647
ID_9ZL287,0.024079979345213647,0.024079979345213647,0.01733379191459877,0.01733379191459877,0.026383085949258006,0.026383085949258006,0.024079979345213647,0.024079979345213647
ID_TZBCSR,0.024079979345213647,0.024079979345213647,0.024527698743938887,0.024527698743938887,0.04833820203949106,0.04833820203949106,0.024079979345213647,0.024079979345213647
ID_FTIP85,0.024079979345213647,0.024079979345213647,0.0212979852573632,0.0212979852573632,0.04696180818115073,0.04696180818115073,0.024079979345213647,0.024079979345213647
ID_FJN24X,0.024079979345213647,0.024079979345213647,0.019332383856074994,0.019332383856074994,0.04137715980364559,0.04137715980364559,0.024079979345213647,0.024079979345213647
ID_VKFW41,0.024079979345213647,0.024079979345213647,0.019332383856074994,0.019332383856074994,0.04137715980364559,0.04137715980364559,0.024079979345213647,0.024079979345213647
ID_TAJUDM,0.024079979345213647,0.024079979345213647,0.017117245696256445,0.017117245696256445,0.02548584318627048,0.02548584318627048,0.024079979345213647,0.024079979345213647
ID_MTGYGV,0.024079979345213647,0.024079979345213647,0.017984671596081712,0.017984671596081712,0.02835668800830496,0.02835668800830496,0.024079979345213647,0.024079979345213647
ID_71YOL3,0.024691530168405182,0.024691530168405182,0.01976454872411348,0.01976454872411348,0.03167327837685703,0.03167327837685703,0.024691530168405182,0.024691530168405182
ID_7CNHAN,0.024691530168405182,0.024691530168405182,0.01976454872411348,0.01976454872411348,0.03167327837685703,0.03167327837685703,0.024691530168405182,0.024691530168405182
ID_OZTOGX,0.024691530168405182,0.024691530168405182,0.016641253986456835,0.016641253986456835,0.031239949891979972,0.031239949891979972,0.024691530168405182,0.024691530168405182
ID_S9GOKQ,0.02543658913850102,0.02543658913850102,0.01611627322202576,0.01611627322202576,0.03137638253008001,0.03137638253008001,0.02543658913850102,0.02543658913850102
ID_TCCXJY,0.02947867362982582,0.02947867362982582,0.013818137516410796,0.013818137516410796,0.043109735123447034,0.043109735123447034,0.02947867362982582,0.02947867362982582
ID_UJI7EY,0.024079979345213647,0.024079979345213647,0.01650153870211319,0.01650153870211319,0.03752987693331195,0.03752987693331195,0.024079979345213647,0.024079979345213647
ID_WSXVUU,0.024079979345213647,0.024079979345213647,0.019332383856074994,0.019332383856074994,0.04137715980364559,0.04137715980364559,0.024079979345213647,0.024079979345213647
ID_FXV3ZJ,0.024079979345213647,0.024079979345213647,0.01733379191459877,0.01733379191459877,0.026383085949258006,0.026383085949258006,0.024079979345213647,0.024079979345213647
ID_CFIC5L,0.024079979345213647,0.024079979345213647,0.024507337435871652,0.024507337435871652,0.034925360292416635,0.034925360292416635,0.024079979345213647,0.024079979345213647
ID_T9BUYJ,0.024089569447376582,0.024089569447376582,0.01823476287610505,0.01823476287610505,0.03904452977808782,0.03904452977808782,0.024089569447376582,0.024089569447376582
ID_2KG52B,0.03039360498415497,0.03039360498415497,0.014462030591510383,0.014462030591510383,0.04246798774899641,0.04246798774899641,0.03039360498415497,0.03039360498415497
ID_U4YBEU,0.024079979345213647,0.024079979345213647,0.024527698743938887,0.024527698743938887,0.04833820203949106,0.04833820203949106,0.024079979345213647,0.024079979345213647
ID_J8SQUH,0.024079979345213647,0.024079979345213647,0.016906680105014393,0.016906680105014393,0.029808034878517724,0.029808034878517724,0.024079979345213647,0.024079979345213647
ID_UMRHMM,0.024079979345213647,0.024079979345213647,0.017026519466544265,0.017026519466544265,0.038963115644618324,0.038963115644618324,0.024079979345213647,0.024079979345213647
ID_XS0D20,0.03039360498415497,0.03039360498415497,0.014462030591510383,0.014462030591510383,0.04246798774899641,0.04246798774899641,0.03039360498415497,0.03039360498415497
ID_UT4QJ0,0.024079979345213647,0.024079979345213647,0.018034971183506696,0.018034971183506696,0.02849020572961498,0.02849020572961498,0.024079979345213647,0.024079979345213647
ID_LWNW4V,0.024079979345213647,0.024079979345213647,0.018034971183506696,0.018034971183506696,0.02849020572961498,0.02849020572961498,0.024079979345213647,0.024079979345213647
ID_I5ITGA,0.024079979345213647,0.024079979345213647,0.018034971183506696,0.018034971183506696,0.02849020572961498,0.02849020572961498,0.024079979345213647,0.024079979345213647
ID_63LRW5,0.02479831925181629,0.02479831925181629,0.016244949972691974,0.016244949972691974,0.026042687148327193,0.026042687148327193,0.02479831925181629,0.02479831925181629
ID_ECWV3B,0.024079979345213647,0.024079979345213647,0.018034971183506696,0.018034971183506696,0.02849020572961498,0.02849020572961498,0.024079979345213647,0.024079979345213647
ID_WYQ24M,0.03207413989091466,0.03207413989091466,0.01612262149938953,0.01612262149938953,0.032671136861519685,0.032671136861519685,0.03207413989091466,0.03207413989091466
ID_H9HY14,0.024079979345213647,0.024079979345213647,0.025255494381258316,0.025255494381258316,0.04623077757889991,0.04623077757889991,0.024079979345213647,0.024079979345213647
ID_UHQ8W8,0.024691530168405182,0.024691530168405182,0.01976454872411348,0.01976454872411348,0.03167327837685703,0.03167327837685703,0.024691530168405182,0.024691530168405182
ID_0U4OWS,0.024079979345213647,0.024079979345213647,0.018034971183506696,0.018034971183506696,0.02849020572961498,0.02849020572961498,0.024079979345213647,0.024079979345213647
ID_0ISQF0,0.03233165706895773,0.03233165706895773,0.016447211373812134,0.016447211373812134,0.03175213704955235,0.03175213704955235,0.03233165706895773,0.03233165706895773
ID_1AME4K,0.024079979345213647,0.024079979345213647,0.01760076610956582,0.01760076610956582,0.026905121803910782,0.026905121803910782,0.024079979345213647,0.024079979345213647
ID_2WSSFW,0.024079979345213647,0.024079979345213647,0.024293279122112384,0.024293279122112384,0.034631366930018316,0.034631366930018316,0.024079979345213647,0.024079979345213647
ID_LFVE77,0.024079979345213647,0.024079979345213647,0.01650153870211319,0.01650153870211319,0.03752987693331195,0.03752987693331195,0.024079979345213647,0.024079979345213647
ID_NEY52P,0.024079979345213647,0.024079979345213647,0.017984671596081712,0.017984671596081712,0.02835668800830496,0.02835668800830496,0.024079979345213647,0.024079979345213647
ID_17EACN,0.024079979345213647,0.024079979345213647,0.0212979852573632,0.0212979852573632,0.04696180818115073,0.04696180818115073,0.024079979345213647,0.024079979345213647
ID_6O0STD,0.024079979345213647,0.024079979345213647,0.018034971183506696,0.018034971183506696,0.02849020572961498,0.02849020572961498,0.024079979345213647,0.024079979345213647
ID_5YH0SU,0.024079979345213647,0.024079979345213647,0.03403085017353281,0.03403085017353281,0.058142846541459,0.058142846541459,0.024079979345213647,0.024079979345213647
ID_VQRYU1,0.024079788482056087,0.024079788482056087,0.010907146904047357,0.010907146904047357,0.012340902966946999,0.012340902966946999,0.024079788482056087,0.024079788482056087
ID_B6QT72,0.024079788482056087,0.024079788482056087,0.010855675484717274,0.010855675484717274,0.012333384833325611,0.012333384833325611,0.024079788482056087,0.024079788482056087
ID_XGRMG5,0.024079788482056087,0.024079788482056087,0.010842301255171598,0.010842301255171598,0.012333384833325611,0.012333384833325611,0.024079788482056087,0.024079788482056087
ID_MDIKUJ,0.024079788482056087,0.024079788482056087,0.010849036212371665,0.010849036212371665,0.012346769888675523,0.012346769888675523,0.024079788482056087,0.024079788482056087
ID_R4G4CS,0.024079788482056087,0.024079788482056087,0.010963847879726733,0.010963847879726733,0.012324702243638385,0.012324702243638385,0.024079788482056087,0.024079788482056087
ID_7841GQ,0.024079788482056087,0.024079788482056087,0.010839165645439307,0.010839165645439307,0.012346769888675523,0.012346769888675523,0.024079788482056087,0.024079788482056087
ID_68H8D0,0.44631120606288954,0.44631120606288954,0.37306260146218884,0.37306260146218884,0.45376074614349404,0.45376074614349404,0.44631120606288954,0.44631120606288954
ID_MQ1XM6,0.024079788482056087,0.024079788482056087,0.010861555661547864,0.010861555661547864,0.012333384833325611,0.012333384833325611,0.024079788482056087,0.024079788482056087
ID_2ELMR8,0.44631120606288954,0.44631120606288954,0.37306260146218884,0.37306260146218884,0.45376074614349404,0.45376074614349404,0.44631120606288954,0.44631120606288954
ID_EVBKW0,0.044503673263933424,0.044503673263933424,0.05871538205664635,0.05871538205664635,0.01740419846632983,0.01740419846632983,0.044503673263933424,0.044503673263933424
ID_Z6ZMD2,0.024079788482056087,0.024079788482056087,0.010855675484717274,0.010855675484717274,0.012333384833325611,0.012333384833325611,0.024079788482056087,0.024079788482056087
ID_QJVZET,0.024079788482056087,0.024079788482056087,0.01092120563190551,0.01092120563190551,0.012324702243638385,0.012324702243638385,0.024079788482056087,0.024079788482056087
ID_CQT5H1,0.024079788482056087,0.024079788482056087,0.023827618835249153,0.023827618835249153,0.015052885700658901,0.015052885700658901,0.024079788482056087,0.024079788482056087
ID_973XDF,0.024079788482056087,0.024079788482056087,0.01087047789363638,0.01087047789363638,0.012578482871681545,0.012578482871681545,0.024079788482056087,0.024079788482056087
ID_NSA0JJ,0.024079788482056087,0.024079788482056087,0.010926701060511189,0.010926701060511189,0.012327517911597087,0.012327517911597087,0.024079788482056087,0.024079788482056087
ID_FL0OCB,0.024079788482056087,0.024079788482056087,0.011463165375481666,0.011463165375481666,0.012721064559318571,0.012721064559318571,0.024079788482056087,0.024079788482056087
ID_2VHH1D,0.024079788482056087,0.024079788482056087,0.01089478176863475,0.01089478176863475,0.01267081897509798,0.01267081897509798,0.024079788482056087,0.024079788482056087
ID_U6MZRL,0.4176159038385998,0.4176159038385998,0.29586675827908493,0.29586675827908493,0.3980077206169659,0.3980077206169659,0.4176159038385998,0.4176159038385998
ID_MC3FP5,0.024079788482056087,0.024079788482056087,0.02119312374859048,0.02119312374859048,0.015024826854452427,0.015024826854452427,0.024079788482056087,0.024079788482056087
ID_9UV0JT,0.44631120606288954,0.44631120606288954,0.37306260146218884,0.37306260146218884,0.45376074614349404,0.45376074614349404,0.44631120606288954,0.44631120606288954
ID_58OZCP,0.4078398486280391,0.4078398486280391,0.30936725320192265,0.30936725320192265,0.42222587859941035,0.42222587859941035,0.4078398486280391,0.4078398486280391
ID_DE895W,0.44361274563206926,0.44361274563206926,0.37306260146218884,0.37306260146218884,0.4514718590571742,0.4514718590571742,0.44361274563206926,0.44361274563206926
ID_YXE8JJ,0.44631120606288954,0.44631120606288954,0.37306260146218884,0.37306260146218884,0.45376074614349404,0.45376074614349404,0.44631120606288954,0.44631120606288954
ID_TB9U7O,0.024079788482056087,0.024079788482056087,0.01092001694598198,0.01092001694598198,0.012327517911597087,0.012327517911597087,0.024079788482056087,0.024079788482056087
ID_R8NWKZ,0.024079788482056087,0.024079788482056087,0.010854438383745564,0.010854438383745564,0.012346769888675523,0.012346769888675523,0.024079788482056087,0.024079788482056087
ID_W9UZJB,0.024079788482056087,0.024079788482056087,0.010855675484717274,0.010855675484717274,0.012333384833325611,0.012333384833325611,0.024079788482056087,0.024079788482056087
ID_2323FO,0.024079788482056087,0.024079788482056087,0.010839894249990519,0.010839894249990519,0.012333384833325611,0.012333384833325611,0.024079788482056087,0.024079788482056087
ID_L6SYR3,0.024079788482056087,0.024079788482056087,0.011865511548110122,0.011865511548110122,0.012721990154890466,0.012721990154890466,0.024079788482056087,0.024079788482056087
ID_KEGBSM,0.024109603628150303,0.024109603628150303,0.010899188087484704,0.010899188087484704,0.0123227161930238,0.0123227161930238,0.024109603628150303,0.024109603628150303
ID_KD638L,0.024079788482056087,0.024079788482056087,0.011865511548110122,0.011865511548110122,0.012721990154890466,0.012721990154890466,0.024079788482056087,0.024079788482056087
ID_UV1C91,0.024079788482056087,0.024079788482056087,0.011860251155588704,0.011860251155588704,0.012721990154890466,0.012721990154890466,0.024079788482056087,0.024079788482056087
ID_2R99F6,0.27193674383895694,0.27193674383895694,0.2068790539570673,0.2068790539570673,0.22620515892250012,0.22620515892250012,0.27193674383895694,0.27193674383895694
ID_NDABA2,0.024079788482056087,0.024079788482056087,0.010854438383745564,0.010854438383745564,0.012346769888675523,0.012346769888675523,0.024079788482056087,0.024079788482056087
ID_VHW1SA,0.41049456918466115,0.41049456918466115,0.311539920342987,0.311539920342987,0.4314946299805128,0.4314946299805128,0.41049456918466115,0.41049456918466115
ID_6Q0PHL,0.44361274563206926,0.44361274563206926,0.37306260146218884,0.37306260146218884,0.4514718590571742,0.4514718590571742,0.44361274563206926,0.44361274563206926
ID_N526QO,0.41049456918466115,0.41049456918466115,0.311539920342987,0.311539920342987,0.4314946299805128,0.4314946299805128,0.41049456918466115,0.41049456918466115
ID_O3XAMU,0.024079788482056087,0.024079788482056087,0.010897202443400122,0.010897202443400122,0.012340902966946999,0.012340902966946999,0.024079788482056087,0.024079788482056087
ID_PUWLBC,0.024079788482056087,0.024079788482056087,0.010860010233452714,0.010860010233452714,0.012333384833325611,0.012333384833325611,0.024079788482056087,0.024079788482056087
ID_VD6HTN,0.024079788482056087,0.024079788482056087,0.01094311629041878,0.01094311629041878,0.012338087298988297,0.012338087298988297,0.024079788482056087,0.024079788482056087
ID_0T2A2U,0.024079788482056087,0.024079788482056087,0.011030442784637613,0.011030442784637613,0.012385281233205654,0.012385281233205654,0.024079788482056087,0.024079788482056087
ID_H1QAOB,0.034993257546743484,0.034993257546743484,0.030498807761842703,0.030498807761842703,0.022174807330118215,0.022174807330118215,0.034993257546743484,0.034993257546743484
ID_0DGOAR,0.024079788482056087,0.024079788482056087,0.011030442784637613,0.011030442784637613,0.012385281233205654,0.012385281233205654,0.024079788482056087,0.024079788482056087
ID_G2AFM5,0.024079788482056087,0.024079788482056087,0.010818405909613065,0.010818405909613065,0.012324865611614952,0.012324865611614952,0.024079788482056087,0.024079788482056087
ID_HMY17R,0.024079788482056087,0.024079788482056087,0.010915817397416568,0.010915817397416568,0.012385281233205654,0.012385281233205654,0.024079788482056087,0.024079788482056087
ID_XAUH6E,0.0238683900115986,0.0238683900115986,0.014236377588871025,0.014236377588871025,0.011458760810836752,0.011458760810836752,0.0238683900115986,0.0238683900115986
ID_PDT688,0.22511749696425473,0.22511749696425473,0.1648857199348379,0.1648857199348379,0.054888769859857536,0.054888769859857536,0.22511749696425473,0.22511749696425473
ID_DJB815,0.03488913885274393,0.03488913885274393,0.030886860170899484,0.030886860170899484,0.024714663346612365,0.024714663346612365,0.03488913885274393,0.03488913885274393
ID_PCHYP9,0.3213000901922656,0.3213000901922656,0.21233145600672515,0.21233145600672515,0.09704225425986344,0.09704225425986344,0.3213000901922656,0.3213000901922656
ID_WA6QND,0.024079788482056087,0.024079788482056087,0.010887919996763116,0.010887919996763116,0.012319686319413582,0.012319686319413582,0.024079788482056087,0.024079788482056087
ID_7ELMZ7,0.024079788482056087,0.024079788482056087,0.010888663135536849,0.010888663135536849,0.012319686319413582,0.012319686319413582,0.024079788482056087,0.024079788482056087
ID_CVNZQF,0.024079788482056087,0.024079788482056087,0.010953640989536549,0.010953640989536549,0.012696278365800017,0.012696278365800017,0.024079788482056087,0.024079788482056087
ID_GAHF28,0.024079788482056087,0.024079788482056087,0.010866934278201835,0.010866934278201835,0.01270942152905517,0.01270942152905517,0.024079788482056087,0.024079788482056087
ID_X2RBI1,0.03483970621786535,0.03483970621786535,0.038814375173820755,0.038814375173820755,0.022370402657733997,0.022370402657733997,0.03483970621786535,0.03483970621786535
ID_IVO26V,0.024085089092719773,0.024085089092719773,0.01677654762743968,0.01677654762743968,0.013970674297029114,0.013970674297029114,0.024085089092719773,0.024085089092719773
ID_AFMCOW,0.02978662816677461,0.02978662816677461,0.016578886972575355,0.016578886972575355,0.012607241946291474,0.012607241946291474,0.02978662816677461,0.02978662816677461
ID_1C94ID,0.024079788482056087,0.024079788482056087,0.010939327208761977,0.010939327208761977,0.012385281233205654,0.012385281233205654,0.024079788482056087,0.024079788482056087
ID_0C4EDO,0.024079788482056087,0.024079788482056087,0.010888663135536849,0.010888663135536849,0.012319686319413582,0.012319686319413582,0.024079788482056087,0.024079788482056087
ID_DOH3RS,0.32047985091217257,0.32047985091217257,0.1987441620720789,0.1987441620720789,0.09788354350098546,0.09788354350098546,0.32047985091217257,0.32047985091217257
ID_GPQQOT,0.022763229354864356,0.022763229354864356,0.01782201209670981,0.01782201209670981,0.013957998011944564,0.013957998011944564,0.022763229354864356,0.022763229354864356
ID_6UR8NI,0.024079788482056087,0.024079788482056087,0.010878562824706684,0.010878562824706684,0.012389145484654722,0.012389145484654722,0.024079788482056087,0.024079788482056087
ID_W6QZ1Q,0.024089378584219022,0.024089378584219022,0.010927877497039768,0.010927877497039768,0.012829176666068089,0.012829176666068089,0.024089378584219022,0.024089378584219022
ID_XI9QKS,0.024079788482056087,0.024079788482056087,0.011030442784637613,0.011030442784637613,0.012385281233205654,0.012385281233205654,0.024079788482056087,0.024079788482056087
ID_WZZ662,0.029670076427871582,0.029670076427871582,0.01912228646773747,0.01912228646773747,0.013663624760797433,0.013663624760797433,0.029670076427871582,0.029670076427871582
ID_9FITRJ,0.024079788482056087,0.024079788482056087,0.010878562824706684,0.010878562824706684,0.012389145484654722,0.012389145484654722,0.024079788482056087,0.024079788482056087
ID_JI0NUP,0.024079788482056087,0.024079788482056087,0.010887919996763116,0.010887919996763116,0.012319686319413582,0.012319686319413582,0.024079788482056087,0.024079788482056087
ID_36R17J,0.034615034449800325,0.034615034449800325,0.03888805126973113,0.03888805126973113,0.022851265455763506,0.022851265455763506,0.034615034449800325,0.034615034449800325
ID_KCZ1QX,0.024079788482056087,0.024079788482056087,0.010866934278201835,0.010866934278201835,0.01270942152905517,0.01270942152905517,0.024079788482056087,0.024079788482056087
ID_DG9EBL,0.024085089092719773,0.024085089092719773,0.01744531516920129,0.01744531516920129,0.013970674297029114,0.013970674297029114,0.024085089092719773,0.024085089092719773
ID_BPEU3X,0.024079788482056087,0.024079788482056087,0.011030442784637613,0.011030442784637613,0.012385281233205654,0.012385281233205654,0.024079788482056087,0.024079788482056087
ID_JWXL0Z,0.024079788482056087,0.024079788482056087,0.010878562824706684,0.010878562824706684,0.012389145484654722,0.012389145484654722,0.024079788482056087,0.024079788482056087
ID_IZ777T,0.024079788482056087,0.024079788482056087,0.01084469907486642,0.01084469907486642,0.012436016149873087,0.012436016149873087,0.024079788482056087,0.024079788482056087
ID_08BIU5,0.024079788482056087,0.024079788482056087,0.010915817397416568,0.010915817397416568,0.012385281233205654,0.012385281233205654,0.024079788482056087,0.024079788482056087
ID_BUYSNI,0.024079788482056087,0.024079788482056087,0.010873880033462376,0.010873880033462376,0.012327216775768878,0.012327216775768878,0.024079788482056087,0.024079788482056087
ID_U9DXQ2,0.029670076427871582,0.029670076427871582,0.01912228646773747,0.01912228646773747,0.013663624760797433,0.013663624760797433,0.029670076427871582,0.029670076427871582
ID_TMUJCJ,0.0348038292654463,0.0348038292654463,0.02617003423482045,0.02617003423482045,0.021655835799460087,0.021655835799460087,0.0348038292654463,0.0348038292654463
ID_RJR9RN,0.024079788482056087,0.024079788482056087,0.01090749462833873,0.01090749462833873,0.012311017899667317,0.012311017899667317,0.024079788482056087,0.024079788482056087
ID_3YHYSL,0.024079788482056087,0.024079788482056087,0.010896423358960928,0.010896423358960928,0.012316212019625608,0.012316212019625608,0.024079788482056087,0.024079788482056087
ID_9AQYF7,0.024079788482056087,0.024079788482056087,0.01080663877574211,0.01080663877574211,0.012294933356619648,0.012294933356619648,0.024079788482056087,0.024079788482056087
ID_54RAVH,0.024079788482056087,0.024079788482056087,0.010796571079618789,0.010796571079618789,0.012300787955614264,0.012300787955614264,0.024079788482056087,0.024079788482056087
ID_J5P69A,0.024079788482056087,0.024079788482056087,0.01080663877574211,0.01080663877574211,0.012294933356619648,0.012294933356619648,0.024079788482056087,0.024079788482056087
ID_G1V02M,0.03483785680146188,0.03483785680146188,0.031058441981222065,0.031058441981222065,0.021806852303839337,0.021806852303839337,0.03483785680146188,0.03483785680146188
ID_6PA6IV,0.02393328724081864,0.02393328724081864,0.016808919125425623,0.016808919125425623,0.013332000893842719,0.013332000893842719,0.02393328724081864,0.02393328724081864
ID_JQYQPR,0.0348038292654463,0.0348038292654463,0.02617003423482045,0.02617003423482045,0.021655835799460087,0.021655835799460087,0.0348038292654463,0.0348038292654463
ID_FB0WKU,0.024079788482056087,0.024079788482056087,0.01080663877574211,0.01080663877574211,0.012294933356619648,0.012294933356619648,0.024079788482056087,0.024079788482056087
ID_TA5143,0.024079788482056087,0.024079788482056087,0.011030442784637613,0.011030442784637613,0.012385281233205654,0.012385281233205654,0.024079788482056087,0.024079788482056087
ID_94CW70,0.036836931035337535,0.036836931035337535,0.03951536237676313,0.03951536237676313,0.036438614247564574,0.036438614247564574,0.036836931035337535,0.036836931035337535
ID_0JC80K,0.09807901453900189,0.09807901453900189,0.16574094519219906,0.16574094519219906,0.13245629246766744,0.13245629246766744,0.09807901453900189,0.09807901453900189
ID_SNIBU6,0.024079788482056087,0.024079788482056087,0.01090020281011345,0.01090020281011345,0.012313831720418967,0.012313831720418967,0.024079788482056087,0.024079788482056087
ID_TJU7KY,0.0348038292654463,0.0348038292654463,0.02617003423482045,0.02617003423482045,0.021655835799460087,0.021655835799460087,0.0348038292654463,0.0348038292654463
ID_7WX39F,0.3369434714993833,0.3369434714993833,0.2011533589462599,0.2011533589462599,0.09769105727567737,0.09769105727567737,0.3369434714993833,0.3369434714993833
ID_AOFGSF,0.024079788482056087,0.024079788482056087,0.010939327208761977,0.010939327208761977,0.012385281233205654,0.012385281233205654,0.024079788482056087,0.024079788482056087
ID_KBYL88,0.024079788482056087,0.024079788482056087,0.010953640989536549,0.010953640989536549,0.012696278365800017,0.012696278365800017,0.024079788482056087,0.024079788482056087
ID_YTS87K,0.08186745883239412,0.08186745883239412,0.07078860714265889,0.07078860714265889,0.07964193555338195,0.07964193555338195,0.08186745883239412,0.08186745883239412
ID_GEF4SU,0.03962925170983265,0.03962925170983265,0.0739659598188906,0.0739659598188906,0.03708020811725501,0.03708020811725501,0.03962925170983265,0.03962925170983265
ID_2UMLV4,0.024079788482056087,0.024079788482056087,0.010880328899537392,0.010880328899537392,0.01237576042930481,0.01237576042930481,0.024079788482056087,0.024079788482056087
ID_AG56N6,0.09670086512365805,0.09670086512365805,0.10709603433728017,0.10709603433728017,0.09006962800223166,0.09006962800223166,0.09670086512365805,0.09670086512365805
ID_PJRXEY,0.024079788482056087,0.024079788482056087,0.010953640989536549,0.010953640989536549,0.012696278365800017,0.012696278365800017,0.024079788482056087,0.024079788482056087
ID_BIYAR6,0.024079788482056087,0.024079788482056087,0.010953640989536549,0.010953640989536549,0.012696278365800017,0.012696278365800017,0.024079788482056087,0.024079788482056087
ID_Q5KE8B,0.0348038292654463,0.0348038292654463,0.030340680451736782,0.030340680451736782,0.021867014501349077,0.021867014501349077,0.0348038292654463,0.0348038292654463
ID_JYQN2M,0.024079788482056087,0.024079788482056087,0.011182385770424245,0.011182385770424245,0.012372121792203355,0.012372121792203355,0.024079788482056087,0.024079788482056087
ID_GI8IYT,0.024079788482056087,0.024079788482056087,0.010953640989536549,0.010953640989536549,0.012696278365800017,0.012696278365800017,0.024079788482056087,0.024079788482056087
ID_UI3NV7,0.024079788482056087,0.024079788482056087,0.010860917118903213,0.010860917118903213,0.012389145484654722,0.012389145484654722,0.024079788482056087,0.024079788482056087
ID_LSLZLB,0.03894007294630452,0.03894007294630452,0.06609272245455021,0.06609272245455021,0.028312433052123873,0.028312433052123873,0.03894007294630452,0.03894007294630452
ID_U80UCB,0.03479066422481007,0.03479066422481007,0.031320335456325864,0.031320335456325864,0.030220456393357686,0.030220456393357686,0.03479066422481007,0.03479066422481007
ID_7YIFAF,0.024079788482056087,0.024079788482056087,0.011030442784637613,0.011030442784637613,0.012385281233205654,0.012385281233205654,0.024079788482056087,0.024079788482056087
ID_X1XYBC,0.024079788482056087,0.024079788482056087,0.01080663877574211,0.01080663877574211,0.012294933356619648,0.012294933356619648,0.024079788482056087,0.024079788482056087
ID_Z7PXEJ,0.034615034449800325,0.034615034449800325,0.03888805126973113,0.03888805126973113,0.022851265455763506,0.022851265455763506,0.034615034449800325,0.034615034449800325
ID_FZHPYW,0.024079788482056087,0.024079788482056087,0.010887919996763116,0.010887919996763116,0.012319686319413582,0.012319686319413582,0.024079788482056087,0.024079788482056087
ID_9SPXYO,0.024079788482056087,0.024079788482056087,0.010953640989536549,0.010953640989536549,0.012696278365800017,0.012696278365800017,0.024079788482056087,0.024079788482056087
ID_WRT76C,0.024079788482056087,0.024079788482056087,0.011030442784637613,0.011030442784637613,0.012385281233205654,0.012385281233205654,0.024079788482056087,0.024079788482056087
ID_J2FJRW,0.02978662816677461,0.02978662816677461,0.017033855908517845,0.017033855908517845,0.012611649050423779,0.012611649050423779,0.02978662816677461,0.02978662816677461
ID_IEUVNM,0.2253909100784447,0.2253909100784447,0.14666192563042663,0.14666192563042663,0.05489583310876856,0.05489583310876856,0.2253909100784447,0.2253909100784447
ID_1U9QOZ,0.0931614665640311,0.0931614665640311,0.09929921294184618,0.09929921294184618,0.07503611438026468,0.07503611438026468,0.0931614665640311,0.0931614665640311
ID_ELOPWG,0.024079788482056087,0.024079788482056087,0.010853259520167751,0.010853259520167751,0.012319023907417235,0.012319023907417235,0.024079788482056087,0.024079788482056087
ID_ZI5Y1E,0.024079788482056087,0.024079788482056087,0.010860917118903213,0.010860917118903213,0.012389145484654722,0.012389145484654722,0.024079788482056087,0.024079788482056087
ID_ASGRG0,0.0348038292654463,0.0348038292654463,0.02617003423482045,0.02617003423482045,0.021655835799460087,0.021655835799460087,0.0348038292654463,0.0348038292654463
ID_PSAMCJ,0.024079788482056087,0.024079788482056087,0.010887919996763116,0.010887919996763116,0.012319686319413582,0.012319686319413582,0.024079788482056087,0.024079788482056087
ID_2A4701,0.024079788482056087,0.024079788482056087,0.010887919996763116,0.010887919996763116,0.012319686319413582,0.012319686319413582,0.024079788482056087,0.024079788482056087
ID_8AQJGL,0.024079788482056087,0.024079788482056087,0.010899099615677359,0.010899099615677359,0.012324402955017228,0.012324402955017228,0.024079788482056087,0.024079788482056087
ID_4NNDXH,0.024079788482056087,0.024079788482056087,0.011081897811715664,0.011081897811715664,0.012372121792203355,0.012372121792203355,0.024079788482056087,0.024079788482056087
ID_3PVLGV,0.0348038292654463,0.0348038292654463,0.030340680451736782,0.030340680451736782,0.021867014501349077,0.021867014501349077,0.0348038292654463,0.0348038292654463
ID_NM26QX,0.04222948799857848,0.04222948799857848,0.07903568370936347,0.07903568370936347,0.0481016574161556,0.0481016574161556,0.04222948799857848,0.04222948799857848
ID_JPHAG6,0.024079788482056087,0.024079788482056087,0.010880328899537392,0.010880328899537392,0.01237576042930481,0.01237576042930481,0.024079788482056087,0.024079788482056087
ID_WKK2CS,0.0348038292654463,0.0348038292654463,0.030340680451736782,0.030340680451736782,0.021867014501349077,0.021867014501349077,0.0348038292654463,0.0348038292654463
ID_MTFXPX,0.024079788482056087,0.024079788482056087,0.011057605309253229,0.011057605309253229,0.012372121792203355,0.012372121792203355,0.024079788482056087,0.024079788482056087
ID_8Y14DK,0.024079788482056087,0.024079788482056087,0.010882315955607944,0.010882315955607944,0.012319686319413582,0.012319686319413582,0.024079788482056087,0.024079788482056087
ID_ET1AOI,0.024079788482056087,0.024079788482056087,0.010819223802243162,0.010819223802243162,0.01231148055626504,0.01231148055626504,0.024079788482056087,0.024079788482056087
ID_B4CFP4,0.08333793803985591,0.08333793803985591,0.09862716331059872,0.09862716331059872,0.09284287497075516,0.09284287497075516,0.08333793803985591,0.08333793803985591
ID_4WUH73,0.02978662816677461,0.02978662816677461,0.017033855908517845,0.017033855908517845,0.012611649050423779,0.012611649050423779,0.02978662816677461,0.02978662816677461
ID_B6GW66,0.034802783066906276,0.034802783066906276,0.03024308870205539,0.03024308870205539,0.021867014501349077,0.021867014501349077,0.034802783066906276,0.034802783066906276
ID_BKO8EP,0.02369084868202231,0.02369084868202231,0.01639125079656539,0.01639125079656539,0.01236401810892194,0.01236401810892194,0.02369084868202231,0.02369084868202231
ID_3KYFSE,0.3206022428722293,0.3206022428722293,0.20624693914576853,0.20624693914576853,0.10295606699900905,0.10295606699900905,0.3206022428722293,0.3206022428722293
ID_ILOCIE,0.024079788482056087,0.024079788482056087,0.010865508155895806,0.010865508155895806,0.012322425143760486,0.012322425143760486,0.024079788482056087,0.024079788482056087
ID_79UIX6,0.024079788482056087,0.024079788482056087,0.010866934278201835,0.010866934278201835,0.01270942152905517,0.01270942152905517,0.024079788482056087,0.024079788482056087
ID_K29ICA,0.034992125995215645,0.034992125995215645,0.0299762330466316,0.0299762330466316,0.021665321783774373,0.021665321783774373,0.034992125995215645,0.034992125995215645
ID_EMCF89,0.024079788482056087,0.024079788482056087,0.011182385770424245,0.011182385770424245,0.012372121792203355,0.012372121792203355,0.024079788482056087,0.024079788482056087
ID_VVPJT8,0.024089378584219022,0.024089378584219022,0.010853218595432597,0.010853218595432597,0.012467476169357049,0.012467476169357049,0.024089378584219022,0.024089378584219022
ID_6RW7WE,0.09678525540842055,0.09678525540842055,0.1735078086056533,0.1735078086056533,0.14349280894525984,0.14349280894525984,0.09678525540842055,0.09678525540842055
ID_RP4S9G,0.08955242666415163,0.08955242666415163,0.09884010761773332,0.09884010761773332,0.07503611438026468,0.07503611438026468,0.08955242666415163,0.08955242666415163
ID_BW4GGG,0.024079788482056087,0.024079788482056087,0.010885575038704015,0.010885575038704015,0.012333071374763494,0.012333071374763494,0.024079788482056087,0.024079788482056087
ID_7Y1J8O,0.024079788482056087,0.024079788482056087,0.011030442784637613,0.011030442784637613,0.012385281233205654,0.012385281233205654,0.024079788482056087,0.024079788482056087
ID_U9XJOX,0.024079788482056087,0.024079788482056087,0.010791680184352285,0.010791680184352285,0.012300787955614264,0.012300787955614264,0.024079788482056087,0.024079788482056087
ID_9HLS3W,0.024079788482056087,0.024079788482056087,0.010953640989536549,0.010953640989536549,0.012696278365800017,0.012696278365800017,0.024079788482056087,0.024079788482056087
ID_VHEXDH,0.024079788482056087,0.024079788482056087,0.010887919996763116,0.010887919996763116,0.012319686319413582,0.012319686319413582,0.024079788482056087,0.024079788482056087
ID_GJUTJ6,0.024079788482056087,0.024079788482056087,0.011030442784637613,0.011030442784637613,0.012385281233205654,0.012385281233205654,0.024079788482056087,0.024079788482056087
ID_3K6BSM,0.034802783066906276,0.034802783066906276,0.03035578911786534,0.03035578911786534,0.021881173726094792,0.021881173726094792,0.034802783066906276,0.034802783066906276
ID_9QHKM5,0.113052272321085,0.113052272321085,0.1719557950851431,0.1719557950851431,0.12938828758936607,0.12938828758936607,0.113052272321085,0.113052272321085
ID_2IDMK7,0.03711986719868573,0.03711986719868573,0.03787023431877974,0.03787023431877974,0.029730268679062352,0.029730268679062352,0.03711986719868573,0.03711986719868573
ID_2UT2U6,0.024079788482056087,0.024079788482056087,0.010866934278201835,0.010866934278201835,0.01270942152905517,0.01270942152905517,0.024079788482056087,0.024079788482056087
ID_UR6FEW,0.024079788482056087,0.024079788482056087,0.011030442784637613,0.011030442784637613,0.012385281233205654,0.012385281233205654,0.024079788482056087,0.024079788482056087
ID_TRQZ0M,0.024079788482056087,0.024079788482056087,0.011182385770424245,0.011182385770424245,0.012372121792203355,0.012372121792203355,0.024079788482056087,0.024079788482056087
ID_KKGOZ3,0.024079788482056087,0.024079788482056087,0.011182385770424245,0.011182385770424245,0.012372121792203355,0.012372121792203355,0.024079788482056087,0.024079788482056087
ID_MWBQU9,0.03479066422481007,0.03479066422481007,0.031320335456325864,0.031320335456325864,0.030220456393357686,0.030220456393357686,0.03479066422481007,0.03479066422481007
ID_SHGMZJ,0.09089821476121875,0.09089821476121875,0.09552875581975345,0.09552875581975345,0.07503611438026468,0.07503611438026468,0.09089821476121875,0.09089821476121875
ID_KYD4DW,0.0348038292654463,0.0348038292654463,0.02617003423482045,0.02617003423482045,0.021655835799460087,0.021655835799460087,0.0348038292654463,0.0348038292654463
ID_QAIAUU,0.02978574124903534,0.02978574124903534,0.01913188355358562,0.01913188355358562,0.013621021021601063,0.013621021021601063,0.02978574124903534,0.02978574124903534
ID_2LRZL3,0.024079788482056087,0.024079788482056087,0.011081897811715664,0.011081897811715664,0.012372121792203355,0.012372121792203355,0.024079788482056087,0.024079788482056087
ID_V7A541,0.024079788482056087,0.024079788482056087,0.010878562824706684,0.010878562824706684,0.012389145484654722,0.012389145484654722,0.024079788482056087,0.024079788482056087
ID_9DXFRR,0.026734296827244965,0.026734296827244965,0.019315135769005693,0.019315135769005693,0.013875044943166675,0.013875044943166675,0.026734296827244965,0.026734296827244965
ID_S7KKUF,0.03466631650108238,0.03466631650108238,0.03919865255606718,0.03919865255606718,0.022589932477076188,0.022589932477076188,0.03466631650108238,0.03466631650108238
ID_GX5WM0,0.024085089092719773,0.024085089092719773,0.016797295364483912,0.016797295364483912,0.013654029225352075,0.013654029225352075,0.024085089092719773,0.024085089092719773
ID_9CLKA6,0.024079788482056087,0.024079788482056087,0.010908055013587565,0.010908055013587565,0.012326339221268223,0.012326339221268223,0.024079788482056087,0.024079788482056087
ID_CEKPDU,0.03579605213600907,0.03579605213600907,0.030091547632730253,0.030091547632730253,0.025465580020978065,0.025465580020978065,0.03579605213600907,0.03579605213600907
ID_5LE4HE,0.024079788482056087,0.024079788482056087,0.010880328899537392,0.010880328899537392,0.01237576042930481,0.01237576042930481,0.024079788482056087,0.024079788482056087
ID_2YYGLW,0.31181340725842016,0.31181340725842016,0.1809468849024871,0.1809468849024871,0.0965821154867848,0.0965821154867848,0.31181340725842016,0.31181340725842016
ID_I76YXQ,0.024079788482056087,0.024079788482056087,0.010939327208761977,0.010939327208761977,0.012385281233205654,0.012385281233205654,0.024079788482056087,0.024079788482056087
ID_L8Y0QF,0.024079788482056087,0.024079788482056087,0.010880328899537392,0.010880328899537392,0.01237576042930481,0.01237576042930481,0.024079788482056087,0.024079788482056087
ID_B3CDOU,0.034615034449800325,0.034615034449800325,0.038878488567297684,0.038878488567297684,0.022851265455763506,0.022851265455763506,0.034615034449800325,0.034615034449800325
ID_LVNFZZ,0.03483785680146188,0.03483785680146188,0.031058441981222065,0.031058441981222065,0.021806852303839337,0.021806852303839337,0.03483785680146188,0.03483785680146188
ID_HKFQ1V,0.034615034449800325,0.034615034449800325,0.030174758721594464,0.030174758721594464,0.021837012196617708,0.021837012196617708,0.034615034449800325,0.034615034449800325
ID_803TPA,0.024079788482056087,0.024079788482056087,0.010953640989536549,0.010953640989536549,0.012696278365800017,0.012696278365800017,0.024079788482056087,0.024079788482056087
ID_GLQ3DX,0.024079788482056087,0.024079788482056087,0.010953640989536549,0.010953640989536549,0.012696278365800017,0.012696278365800017,0.024079788482056087,0.024079788482056087
ID_IQPKA6,0.024079788482056087,0.024079788482056087,0.0108417213016825,0.0108417213016825,0.012319686319413582,0.012319686319413582,0.024079788482056087,0.024079788482056087
ID_ZVCB1F,0.0348038292654463,0.0348038292654463,0.030340680451736782,0.030340680451736782,0.021867014501349077,0.021867014501349077,0.0348038292654463,0.0348038292654463
ID_J55KEV,0.02423882464604784,0.02423882464604784,0.014803615881198681,0.014803615881198681,0.012564426510598137,0.012564426510598137,0.02423882464604784,0.02423882464604784
ID_F0XW09,0.03466631650108238,0.03466631650108238,0.03919865255606718,0.03919865255606718,0.022589932477076188,0.022589932477076188,0.03466631650108238,0.03466631650108238
ID_DHZUBS,0.02332409993012009,0.02332409993012009,0.016985134777818628,0.016985134777818628,0.013460949958961996,0.013460949958961996,0.02332409993012009,0.02332409993012009
ID_W41W7O,0.33247372231082223,0.33247372231082223,0.22117443829840475,0.22117443829840475,0.10170717578101854,0.10170717578101854,0.33247372231082223,0.33247372231082223
ID_6AQOOX,0.037050360760371076,0.037050360760371076,0.02274897471429556,0.02274897471429556,0.027424932806778227,0.027424932806778227,0.037050360760371076,0.037050360760371076
ID_WQ0W7P,0.08761515183208847,0.08761515183208847,0.08600500892077395,0.08600500892077395,0.06999003218948027,0.06999003218948027,0.08761515183208847,0.08761515183208847
ID_GARNGB,0.03970320597857577,0.03970320597857577,0.024976195818381494,0.024976195818381494,0.031792658082698044,0.031792658082698044,0.03970320597857577,0.03970320597857577
ID_ZRFZ0T,0.02723260379292306,0.02723260379292306,0.01855854072775378,0.01855854072775378,0.026390680283138887,0.026390680283138887,0.02723260379292306,0.02723260379292306
ID_TSKMGA,0.03399967268636821,0.03399967268636821,0.020823984661714017,0.020823984661714017,0.028388134306899064,0.028388134306899064,0.03399967268636821,0.03399967268636821
ID_CZJREO,0.07914846631512291,0.07914846631512291,0.03717140275836172,0.03717140275836172,0.0262021963392438,0.0262021963392438,0.07914846631512291,0.07914846631512291
ID_7UONQC,0.024212728214170268,0.024212728214170268,0.010957105160846258,0.010957105160846258,0.01294218055398781,0.01294218055398781,0.024212728214170268,0.024212728214170268
ID_VM84AE,0.5735308310502434,0.5735308310502434,0.5666784924546637,0.5666784924546637,0.43001391367429265,0.43001391367429265,0.5735308310502434,0.5735308310502434
ID_LYQHB8,0.15366928213199404,0.15366928213199404,0.18970495480758842,0.18970495480758842,0.309047158648582,0.309047158648582,0.15366928213199404,0.15366928213199404
ID_SRMPF6,0.5760796036066634,0.5760796036066634,0.5515446595502882,0.5515446595502882,0.43163589610312075,0.43163589610312075,0.5760796036066634,0.5760796036066634
ID_AQEDUU,0.5735308310502434,0.5735308310502434,0.5605232052681912,0.5605232052681912,0.43001391367429265,0.43001391367429265,0.5735308310502434,0.5735308310502434
ID_URYB4G,0.6285480714501122,0.6285480714501122,0.5634117524447646,0.5634117524447646,0.5532441584815578,0.5532441584815578,0.6285480714501122,0.6285480714501122
ID_L1C8T4,0.024079788482056087,0.024079788482056087,0.011655146139776416,0.011655146139776416,0.013042055972571055,0.013042055972571055,0.024079788482056087,0.024079788482056087
ID_GQHEYV,0.6288711300846785,0.6288711300846785,0.590279068716503,0.590279068716503,0.5463850277339611,0.5463850277339611,0.6288711300846785,0.6288711300846785
ID_E0O1TE,0.024079788482056087,0.024079788482056087,0.01105809691881294,0.01105809691881294,0.012947230547688197,0.012947230547688197,0.024079788482056087,0.024079788482056087
ID_P7I8OT,0.6311497598402738,0.6311497598402738,0.6138411840834952,0.6138411840834952,0.6012494764488268,0.6012494764488268,0.6311497598402738,0.6311497598402738
ID_KU8IY3,0.6223200212307438,0.6223200212307438,0.6580801746939062,0.6580801746939062,0.6110248872292147,0.6110248872292147,0.6223200212307438,0.6223200212307438
ID_56TEHN,0.024079788482056087,0.024079788482056087,0.012054550589321018,0.012054550589321018,0.013088808391068553,0.013088808391068553,0.024079788482056087,0.024079788482056087
ID_QMWF8O,0.6370829756969918,0.6370829756969918,0.5615290572149213,0.5615290572149213,0.5478872322473259,0.5478872322473259,0.6370829756969918,0.6370829756969918
ID_22YEQD,0.024079788482056087,0.024079788482056087,0.011655146139776416,0.011655146139776416,0.013042055972571055,0.013042055972571055,0.024079788482056087,0.024079788482056087
ID_7GZXR0,0.024079788482056087,0.024079788482056087,0.01105809691881294,0.01105809691881294,0.012947230547688197,0.012947230547688197,0.024079788482056087,0.024079788482056087
ID_G9WW3Y,0.5758704140361517,0.5758704140361517,0.5321559068323801,0.5321559068323801,0.42400294973916786,0.42400294973916786,0.5758704140361517,0.5758704140361517
ID_AXB1LU,0.024079788482056087,0.024079788482056087,0.011655146139776416,0.011655146139776416,0.013042055972571055,0.013042055972571055,0.024079788482056087,0.024079788482056087
ID_EWJGNL,0.02410422640971982,0.02410422640971982,0.012544105602761448,0.012544105602761448,0.013527581972724802,0.013527581972724802,0.02410422640971982,0.02410422640971982
ID_Z8A224,0.09859788612986334,0.09859788612986334,0.07047095158965541,0.07047095158965541,0.07122841710961861,0.07122841710961861,0.09859788612986334,0.09859788612986334
ID_SMAV0S,0.5922176997371121,0.5922176997371121,0.5677848555137224,0.5677848555137224,0.41669327429027914,0.41669327429027914,0.5922176997371121,0.5922176997371121
ID_4W0S35,0.10350951178052156,0.10350951178052156,0.057221781193455744,0.057221781193455744,0.06503028896991128,0.06503028896991128,0.10350951178052156,0.10350951178052156
ID_32HYGC,0.02446996321096411,0.02446996321096411,0.011244131282525667,0.011244131282525667,0.01797858456571914,0.01797858456571914,0.02446996321096411,0.02446996321096411
ID_Y0V0Q8,0.5735308310502434,0.5735308310502434,0.5507941742740303,0.5507941742740303,0.4294354542751763,0.4294354542751763,0.5735308310502434,0.5735308310502434
ID_VEHMX4,0.024079788482056087,0.024079788482056087,0.011655146139776416,0.011655146139776416,0.013042055972571055,0.013042055972571055,0.024079788482056087,0.024079788482056087
ID_B8VB2S,0.08105262860502113,0.08105262860502113,0.03879822466753799,0.03879822466753799,0.026285054242883802,0.026285054242883802,0.08105262860502113,0.08105262860502113
ID_YU423E,0.024079788482056087,0.024079788482056087,0.011399490391889953,0.011399490391889953,0.013042055972571055,0.013042055972571055,0.024079788482056087,0.024079788482056087
ID_NYYJM9,0.024079788482056087,0.024079788482056087,0.011701096028483167,0.011701096028483167,0.013042055972571055,0.013042055972571055,0.024079788482056087,0.024079788482056087
ID_WP14OU,0.024109603628150303,0.024109603628150303,0.010979963354468337,0.010979963354468337,0.012430218680772853,0.012430218680772853,0.024109603628150303,0.024109603628150303
ID_XDWYCC,0.025135358507497794,0.025135358507497794,0.014678914506230175,0.014678914506230175,0.02522581485871721,0.02522581485871721,0.025135358507497794,0.025135358507497794
ID_H0ZGLY,0.5492711924325577,0.5492711924325577,0.5321476329880367,0.5321476329880367,0.46681564734869774,0.46681564734869774,0.5492711924325577,0.5492711924325577
ID_BEKEYZ,0.02446996321096411,0.02446996321096411,0.011244131282525667,0.011244131282525667,0.01797858456571914,0.01797858456571914,0.02446996321096411,0.02446996321096411
ID_JB2Y8O,0.619428332043453,0.619428332043453,0.6603542048677677,0.6603542048677677,0.6284293824848295,0.6284293824848295,0.619428332043453,0.619428332043453
ID_FO98FY,0.16254072300797517,0.16254072300797517,0.2636209807373727,0.2636209807373727,0.21923448375653712,0.21923448375653712,0.16254072300797517,0.16254072300797517
ID_JGO3WB,0.024079788482056087,0.024079788482056087,0.01105809691881294,0.01105809691881294,0.012947230547688197,0.012947230547688197,0.024079788482056087,0.024079788482056087
ID_MENRNK,0.024079788482056087,0.024079788482056087,0.01105809691881294,0.01105809691881294,0.012947230547688197,0.012947230547688197,0.024079788482056087,0.024079788482056087
ID_60PIJY,0.024079788482056087,0.024079788482056087,0.01105809691881294,0.01105809691881294,0.012947230547688197,0.012947230547688197,0.024079788482056087,0.024079788482056087
ID_N05EO9,0.5870736083658228,0.5870736083658228,0.5593243683810292,0.5593243683810292,0.4683450424220881,0.4683450424220881,0.5870736083658228,0.5870736083658228
ID_GO6AEU,0.024079788482056087,0.024079788482056087,0.01105809691881294,0.01105809691881294,0.012947230547688197,0.012947230547688197,0.024079788482056087,0.024079788482056087
ID_V8O1QV,0.20032531945280507,0.20032531945280507,0.20477277521449827,0.20477277521449827,0.33723794839245635,0.33723794839245635,0.20032531945280507,0.20032531945280507
ID_Z5Q2AH,0.024988193758523427,0.024988193758523427,0.013847472169533968,0.013847472169533968,0.024070122607219736,0.024070122607219736,0.024988193758523427,0.024988193758523427
ID_84O0XR,0.0913470882908314,0.0913470882908314,0.07979817804356987,0.07979817804356987,0.05254186582688654,0.05254186582688654,0.0913470882908314,0.0913470882908314
ID_G5ULLS,0.02446996321096411,0.02446996321096411,0.011244131282525667,0.011244131282525667,0.01797858456571914,0.01797858456571914,0.02446996321096411,0.02446996321096411
ID_UQLI5V,0.024079788482056087,0.024079788482056087,0.011655146139776416,0.011655146139776416,0.013042055972571055,0.013042055972571055,0.024079788482056087,0.024079788482056087
ID_P5TQAL,0.18248419617713926,0.18248419617713926,0.10702746092319441,0.10702746092319441,0.2941930212026449,0.2941930212026449,0.18248419617713926,0.18248419617713926
ID_DNX620,0.18417148309122885,0.18417148309122885,0.11928321414855221,0.11928321414855221,0.2998207117892186,0.2998207117892186,0.18417148309122885,0.18417148309122885
ID_7JV87P,0.024079788482056087,0.024079788482056087,0.011655146139776416,0.011655146139776416,0.013042055972571055,0.013042055972571055,0.024079788482056087,0.024079788482056087
ID_A23KNJ,0.024079788482056087,0.024079788482056087,0.012148093674933197,0.012148093674933197,0.013080125801381327,0.013080125801381327,0.024079788482056087,0.024079788482056087
ID_KNF9P6,0.027116729341214896,0.027116729341214896,0.012849908167970249,0.012849908167970249,0.01868726693464247,0.01868726693464247,0.027116729341214896,0.027116729341214896
ID_MMVYLE,0.024079788482056087,0.024079788482056087,0.011761069283093081,0.011761069283093081,0.01308294146934003,0.01308294146934003,0.024079788482056087,0.024079788482056087
ID_GFGI4F,0.024079788482056087,0.024079788482056087,0.01105809691881294,0.01105809691881294,0.012947230547688197,0.012947230547688197,0.024079788482056087,0.024079788482056087
ID_I8FAWN,0.024079788482056087,0.024079788482056087,0.011655146139776416,0.011655146139776416,0.013042055972571055,0.013042055972571055,0.024079788482056087,0.024079788482056087
ID_42E5J9,0.024079788482056087,0.024079788482056087,0.01105809691881294,0.01105809691881294,0.012947230547688197,0.012947230547688197,0.024079788482056087,0.024079788482056087
ID_8QIBGT,0.6537644383286041,0.6537644383286041,0.6370139509008469,0.6370139509008469,0.6724399913294854,0.6724399913294854,0.6537644383286041,0.6537644383286041
ID_AV3PSZ,0.5735308310502434,0.5735308310502434,0.5555635410828692,0.5555635410828692,0.43001391367429265,0.43001391367429265,0.5735308310502434,0.5735308310502434
ID_NJNVR3,0.024079788482056087,0.024079788482056087,0.01105809691881294,0.01105809691881294,0.012947230547688197,0.012947230547688197,0.024079788482056087,0.024079788482056087
ID_C1X1NC,0.024863349813454762,0.024863349813454762,0.013733145610309548,0.013733145610309548,0.024149400785790164,0.024149400785790164,0.024863349813454762,0.024863349813454762
ID_1AT9KW,0.024079788482056087,0.024079788482056087,0.011761069283093081,0.011761069283093081,0.01308294146934003,0.01308294146934003,0.024079788482056087,0.024079788482056087
ID_TXM3UJ,0.5895535212808769,0.5895535212808769,0.5794200910455025,0.5794200910455025,0.48009692701476747,0.48009692701476747,0.5895535212808769,0.5895535212808769
ID_AQNPGS,0.026412755308664604,0.026412755308664604,0.014579370756282349,0.014579370756282349,0.024098745925507908,0.024098745925507908,0.026412755308664604,0.026412755308664604
ID_VQ7W0A,0.060119267157100434,0.060119267157100434,0.12181151348956439,0.12181151348956439,0.10141707106812507,0.10141707106812507,0.060119267157100434,0.060119267157100434
ID_PP9RGH,0.024079788482056087,0.024079788482056087,0.011399490391889953,0.011399490391889953,0.013042055972571055,0.013042055972571055,0.024079788482056087,0.024079788482056087
ID_CCQCPK,0.6571501935197348,0.6571501935197348,0.6117456247155115,0.6117456247155115,0.6015429711948028,0.6015429711948028,0.6571501935197348,0.6571501935197348
ID_K3NMVQ,0.024079788482056087,0.024079788482056087,0.011655146139776416,0.011655146139776416,0.013042055972571055,0.013042055972571055,0.024079788482056087,0.024079788482056087
ID_XRKPXN,0.08083569193717391,0.08083569193717391,0.03706234594001367,0.03706234594001367,0.026364539625718067,0.026364539625718067,0.08083569193717391,0.08083569193717391
ID_Z26KY5,0.02544458737174031,0.02544458737174031,0.012763039434314751,0.012763039434314751,0.020152194130367167,0.020152194130367167,0.02544458737174031,0.02544458737174031
ID_IVLEST,0.024079788482056087,0.024079788482056087,0.01170812176189264,0.01170812176189264,0.01232737955883957,0.01232737955883957,0.024079788482056087,0.024079788482056087
ID_0J1LF5,0.024079788482056087,0.024079788482056087,0.01106737089862934,0.01106737089862934,0.012975137224848686,0.012975137224848686,0.024079788482056087,0.024079788482056087
ID_6UN1T6,0.024079788482056087,0.024079788482056087,0.011416279373428215,0.011416279373428215,0.013122221291075105,0.013122221291075105,0.024079788482056087,0.024079788482056087
ID_K2FMPI,0.024079788482056087,0.024079788482056087,0.011083185844660228,0.011083185844660228,0.012336062148526795,0.012336062148526795,0.024079788482056087,0.024079788482056087
ID_FM755F,0.3006636834794486,0.3006636834794486,0.3223423773205049,0.3223423773205049,0.2583288342904922,0.2583288342904922,0.3006636834794486,0.3006636834794486
ID_XRDXXZ,0.23505868437594402,0.23505868437594402,0.2235042509116771,0.2235042509116771,0.17544714082052673,0.17544714082052673,0.23505868437594402,0.23505868437594402
ID_OOT7EU,0.024079788482056087,0.024079788482056087,0.010909095667564345,0.010909095667564345,0.012315930769740652,0.012315930769740652,0.024079788482056087,0.024079788482056087
ID_2IAGXT,0.024079788482056087,0.024079788482056087,0.011564916841018385,0.011564916841018385,0.013113567699085761,0.013113567699085761,0.024079788482056087,0.024079788482056087
ID_TVWIUG,0.024079788482056087,0.024079788482056087,0.012189455805288114,0.012189455805288114,0.013262034896717952,0.013262034896717952,0.024079788482056087,0.024079788482056087
ID_WZNIA5,0.024079788482056087,0.024079788482056087,0.010855213032612103,0.010855213032612103,0.01231681017144836,0.01231681017144836,0.024079788482056087,0.024079788482056087
ID_4UD817,0.22583821604543328,0.22583821604543328,0.22104173517997103,0.22104173517997103,0.1777872177503183,0.1777872177503183,0.22583821604543328,0.22583821604543328
ID_Y8QP8D,0.024079788482056087,0.024079788482056087,0.010843229048113728,0.010843229048113728,0.012322677093176884,0.012322677093176884,0.024079788482056087,0.024079788482056087
ID_MVMMZ5,0.024079788482056087,0.024079788482056087,0.011141610755030788,0.011141610755030788,0.013108186906804115,0.013108186906804115,0.024079788482056087,0.024079788482056087
ID_DMI52X,0.024079788482056087,0.024079788482056087,0.011083185844660228,0.011083185844660228,0.012336062148526795,0.012336062148526795,0.024079788482056087,0.024079788482056087
ID_CAFKO7,0.024079788482056087,0.024079788482056087,0.011000912208107255,0.011000912208107255,0.01232737955883957,0.01232737955883957,0.024079788482056087,0.024079788482056087
ID_7N507C,0.024089378584219022,0.024089378584219022,0.010902481415853132,0.010902481415853132,0.012313994503489658,0.012313994503489658,0.024089378584219022,0.024089378584219022
ID_54A9SS,0.25133167524584454,0.25133167524584454,0.20129453697803848,0.20129453697803848,0.2722001557493293,0.2722001557493293,0.25133167524584454,0.25133167524584454
ID_0USD12,0.024079788482056087,0.024079788482056087,0.010832088975536171,0.010832088975536171,0.012322677093176884,0.012322677093176884,0.024079788482056087,0.024079788482056087
ID_RPZ22Z,0.024079788482056087,0.024079788482056087,0.01081187346516634,0.01081187346516634,0.012322677093176884,0.012322677093176884,0.024079788482056087,0.024079788482056087
ID_ST1G3A,0.024079788482056087,0.024079788482056087,0.01141349802284868,0.01141349802284868,0.012330195226798272,0.012330195226798272,0.024079788482056087,0.024079788482056087
ID_R653PC,0.024079788482056087,0.024079788482056087,0.01141349802284868,0.01141349802284868,0.012330195226798272,0.012330195226798272,0.024079788482056087,0.024079788482056087
ID_MXKXHH,0.024079788482056087,0.024079788482056087,0.010843229048113728,0.010843229048113728,0.012322677093176884,0.012322677093176884,0.024079788482056087,0.024079788482056087
ID_EBHVGH,0.024079788482056087,0.024079788482056087,0.011141610755030788,0.011141610755030788,0.013108186906804115,0.013108186906804115,0.024079788482056087,0.024079788482056087
ID_UTUSKA,0.024079788482056087,0.024079788482056087,0.011370238931915917,0.011370238931915917,0.012336062148526795,0.012336062148526795,0.024079788482056087,0.024079788482056087
ID_QXI7WO,0.024079788482056087,0.024079788482056087,0.011341235637774274,0.011341235637774274,0.013073652471839205,0.013073652471839205,0.024079788482056087,0.024079788482056087
ID_JUWIIQ,0.024079788482056087,0.024079788482056087,0.011499730380280538,0.011499730380280538,0.013211234983548883,0.013211234983548883,0.024079788482056087,0.024079788482056087
ID_KG679D,0.024079788482056087,0.024079788482056087,0.011083185844660228,0.011083185844660228,0.012336062148526795,0.012336062148526795,0.024079788482056087,0.024079788482056087
ID_0SBJWI,0.024079788482056087,0.024079788482056087,0.011370238931915917,0.011370238931915917,0.012336062148526795,0.012336062148526795,0.024079788482056087,0.024079788482056087
ID_BZ3FXA,0.2927480505494609,0.2927480505494609,0.377497729792999,0.377497729792999,0.29177413189232726,0.29177413189232726,0.2927480505494609,0.2927480505494609
ID_HUWRBN,0.024079788482056087,0.024079788482056087,0.011341235637774274,0.011341235637774274,0.013073652471839205,0.013073652471839205,0.024079788482056087,0.024079788482056087
ID_REHHGY,0.024079788482056087,0.024079788482056087,0.010843229048113728,0.010843229048113728,0.012322677093176884,0.012322677093176884,0.024079788482056087,0.024079788482056087
ID_PMEGO0,0.024079788482056087,0.024079788482056087,0.011083185844660228,0.011083185844660228,0.012336062148526795,0.012336062148526795,0.024079788482056087,0.024079788482056087
ID_IL6LSS,0.024079788482056087,0.024079788482056087,0.011543086901057747,0.011543086901057747,0.013113567699085761,0.013113567699085761,0.024079788482056087,0.024079788482056087
ID_PHPRJV,0.024079788482056087,0.024079788482056087,0.011499730380280538,0.011499730380280538,0.013211234983548883,0.013211234983548883,0.024079788482056087,0.024079788482056087
ID_YZPT9I,0.025593346455342923,0.025593346455342923,0.012689707302970078,0.012689707302970078,0.017727025657338583,0.017727025657338583,0.025593346455342923,0.025593346455342923
ID_INX5GB,0.025000788326050873,0.025000788326050873,0.020720126743381424,0.020720126743381424,0.01780954015659817,0.01780954015659817,0.025000788326050873,0.025000788326050873
ID_SWPYGT,0.4322842719318758,0.4322842719318758,0.2678125010765931,0.2678125010765931,0.24817783536621837,0.24817783536621837,0.4322842719318758,0.4322842719318758
ID_FJI00V,0.4063577285185628,0.4063577285185628,0.30790903746029863,0.30790903746029863,0.12876594757105264,0.12876594757105264,0.4063577285185628,0.4063577285185628
ID_IEX2UL,0.40247637276863274,0.40247637276863274,0.2371782047917309,0.2371782047917309,0.23301876644118663,0.23301876644118663,0.40247637276863274,0.40247637276863274
ID_0O39EX,0.10728172553789644,0.10728172553789644,0.0442454553499293,0.0442454553499293,0.059144714913261634,0.059144714913261634,0.10728172553789644,0.10728172553789644
ID_S4XD8H,0.024076118176518897,0.024076118176518897,0.012107334699739696,0.012107334699739696,0.017825192880044458,0.017825192880044458,0.024076118176518897,0.024076118176518897
ID_T922CM,0.4918865433808205,0.4918865433808205,0.37446229446479107,0.37446229446479107,0.3621240761533518,0.3621240761533518,0.4918865433808205,0.4918865433808205
ID_IZKU1L,0.026667611096183604,0.026667611096183604,0.01992989082971026,0.01992989082971026,0.01976057698408904,0.01976057698408904,0.026667611096183604,0.026667611096183604
ID_HT4WWZ,0.026687635391905128,0.026687635391905128,0.02467664890941238,0.02467664890941238,0.019705062434185554,0.019705062434185554,0.026687635391905128,0.026687635391905128
ID_N57ZY0,0.40034814029711363,0.40034814029711363,0.22929865522993184,0.22929865522993184,0.2614595812800495,0.2614595812800495,0.40034814029711363,0.40034814029711363
ID_97YIMP,0.026687635391905128,0.026687635391905128,0.02467664890941238,0.02467664890941238,0.019705062434185554,0.019705062434185554,0.026687635391905128,0.026687635391905128
ID_D51DKG,0.36485303044584394,0.36485303044584394,0.15801760588984418,0.15801760588984418,0.15082341083202724,0.15082341083202724,0.36485303044584394,0.36485303044584394
ID_8DBGRU,0.10562201776832272,0.10562201776832272,0.041864276146414865,0.041864276146414865,0.057357566318884126,0.057357566318884126,0.10562201776832272,0.10562201776832272
ID_9CQJQW,0.10728172553789644,0.10728172553789644,0.0442454553499293,0.0442454553499293,0.059144714913261634,0.059144714913261634,0.10728172553789644,0.10728172553789644
ID_DZTIC5,0.3890408432575086,0.3890408432575086,0.21680896576474273,0.21680896576474273,0.21865638967308187,0.21865638967308187,0.3890408432575086,0.3890408432575086
ID_RT2NGQ,0.024852847520522244,0.024852847520522244,0.012528591377678618,0.012528591377678618,0.018234413691123635,0.018234413691123635,0.024852847520522244,0.024852847520522244
ID_3TV8X9,0.4038839304072503,0.4038839304072503,0.21078349143577427,0.21078349143577427,0.19062156554663698,0.19062156554663698,0.4038839304072503,0.4038839304072503
ID_JSJFMM,0.3890408432575086,0.3890408432575086,0.21680896576474273,0.21680896576474273,0.21865638967308187,0.21865638967308187,0.3890408432575086,0.3890408432575086
ID_U7DE1J,0.02668872851601213,0.02668872851601213,0.02180346535531538,0.02180346535531538,0.020086035183403333,0.020086035183403333,0.02668872851601213,0.02668872851601213
ID_QYPSZ8,0.025000788326050873,0.025000788326050873,0.020720126743381424,0.020720126743381424,0.01780954015659817,0.01780954015659817,0.025000788326050873,0.025000788326050873
ID_HXWPHV,0.02408666087344936,0.02408666087344936,0.011441094743783953,0.011441094743783953,0.0162144451457402,0.0162144451457402,0.02408666087344936,0.02408666087344936
ID_4XJUM7,0.026787298067008632,0.026787298067008632,0.023149108750601395,0.023149108750601395,0.0192716071700003,0.0192716071700003,0.026787298067008632,0.026787298067008632
ID_OOZOIL,0.025548392289381827,0.025548392289381827,0.011318475492049332,0.011318475492049332,0.01607544821568409,0.01607544821568409,0.025548392289381827,0.025548392289381827
ID_95I388,0.025593346455342923,0.025593346455342923,0.012689707302970078,0.012689707302970078,0.017727025657338583,0.017727025657338583,0.025593346455342923,0.025593346455342923
ID_Z9ECXM,0.026787298067008632,0.026787298067008632,0.023149108750601395,0.023149108750601395,0.0192716071700003,0.0192716071700003,0.026787298067008632,0.026787298067008632
ID_VJMSAU,0.025548392289381827,0.025548392289381827,0.011318475492049332,0.011318475492049332,0.01607544821568409,0.01607544821568409,0.025548392289381827,0.025548392289381827
ID_2SWR73,0.026788215788187023,0.026788215788187023,0.01779110790689463,0.01779110790689463,0.017727103653611916,0.017727103653611916,0.026788215788187023,0.026788215788187023
ID_KEQHOC,0.026667611096183604,0.026667611096183604,0.021240765166024595,0.021240765166024595,0.021576196935867355,0.021576196935867355,0.026667611096183604,0.026667611096183604
ID_59TJN8,0.025548392289381827,0.025548392289381827,0.011318475492049332,0.011318475492049332,0.01607544821568409,0.01607544821568409,0.025548392289381827,0.025548392289381827
ID_Y9ZQLU,0.025593346455342923,0.025593346455342923,0.012689707302970078,0.012689707302970078,0.017727025657338583,0.017727025657338583,0.025593346455342923,0.025593346455342923
ID_KH6UO0,0.025593346455342923,0.025593346455342923,0.012689707302970078,0.012689707302970078,0.017727025657338583,0.017727025657338583,0.025593346455342923,0.025593346455342923
ID_RSQVI7,0.024079788482056087,0.024079788482056087,0.010819245995657688,0.010819245995657688,0.01986105699865281,0.01986105699865281,0.024079788482056087,0.024079788482056087
ID_539EVX,0.02680933320801555,0.02680933320801555,0.019176873994326483,0.019176873994326483,0.01788446236755968,0.01788446236755968,0.02680933320801555,0.02680933320801555
ID_BI2VMU,0.4322842719318758,0.4322842719318758,0.2678125010765931,0.2678125010765931,0.24817783536621837,0.24817783536621837,0.4322842719318758,0.4322842719318758
ID_4D3I04,0.024076118176518897,0.024076118176518897,0.012107334699739696,0.012107334699739696,0.017825192880044458,0.017825192880044458,0.024076118176518897,0.024076118176518897
ID_U45SXA,0.40247637276863274,0.40247637276863274,0.2371782047917309,0.2371782047917309,0.23301876644118663,0.23301876644118663,0.40247637276863274,0.40247637276863274
ID_4JPZY9,0.4322842719318758,0.4322842719318758,0.2678125010765931,0.2678125010765931,0.24817783536621837,0.24817783536621837,0.4322842719318758,0.4322842719318758
ID_EMQNRZ,0.40247637276863274,0.40247637276863274,0.2371782047917309,0.2371782047917309,0.23301876644118663,0.23301876644118663,0.40247637276863274,0.40247637276863274
ID_LP9JYH,0.025593346455342923,0.025593346455342923,0.01242316244371742,0.01242316244371742,0.018105464626004358,0.018105464626004358,0.025593346455342923,0.025593346455342923
ID_XBNGOR,0.026788215788187023,0.026788215788187023,0.01714109905587832,0.01714109905587832,0.017727103653611916,0.017727103653611916,0.026788215788187023,0.026788215788187023
ID_6P6UZG,0.4041809105344168,0.4041809105344168,0.20331014602986608,0.20331014602986608,0.1908692059371211,0.1908692059371211,0.4041809105344168,0.4041809105344168
ID_EVADQD,0.026788215788187023,0.026788215788187023,0.01779110790689463,0.01779110790689463,0.017727103653611916,0.017727103653611916,0.026788215788187023,0.026788215788187023
ID_STBPWO,0.024076118176518897,0.024076118176518897,0.012107334699739696,0.012107334699739696,0.017825192880044458,0.017825192880044458,0.024076118176518897,0.024076118176518897
ID_XU7MY3,0.024853374010269113,0.024853374010269113,0.011967889511904577,0.011967889511904577,0.01658797877957934,0.01658797877957934,0.024853374010269113,0.024853374010269113
ID_UE54M8,0.02407981262055958,0.02407981262055958,0.01218623243793323,0.01218623243793323,0.01842508871299251,0.01842508871299251,0.02407981262055958,0.02407981262055958
ID_0NEC9T,0.024852847520522244,0.024852847520522244,0.012528591377678618,0.012528591377678618,0.018234413691123635,0.018234413691123635,0.024852847520522244,0.024852847520522244
ID_2MDCUV,0.025000788326050873,0.025000788326050873,0.018857561169130777,0.018857561169130777,0.017680035501947973,0.017680035501947973,0.025000788326050873,0.025000788326050873
ID_BXXMB9,0.40247637276863274,0.40247637276863274,0.2371782047917309,0.2371782047917309,0.23301876644118663,0.23301876644118663,0.40247637276863274,0.40247637276863274
ID_F4K9RH,0.02668872851601213,0.02668872851601213,0.02180346535531538,0.02180346535531538,0.020086035183403333,0.020086035183403333,0.02668872851601213,0.02668872851601213
ID_YC2PUL,0.025593346455342923,0.025593346455342923,0.012689707302970078,0.012689707302970078,0.017727025657338583,0.017727025657338583,0.025593346455342923,0.025593346455342923
ID_Q3GQZC,0.02408666087344936,0.02408666087344936,0.011441094743783953,0.011441094743783953,0.0162144451457402,0.0162144451457402,0.02408666087344936,0.02408666087344936
ID_8R80X6,0.02408666087344936,0.02408666087344936,0.011441094743783953,0.011441094743783953,0.0162144451457402,0.0162144451457402,0.02408666087344936,0.02408666087344936
ID_1IESDO,0.02680933320801555,0.02680933320801555,0.019176873994326483,0.019176873994326483,0.01788446236755968,0.01788446236755968,0.02680933320801555,0.02680933320801555
ID_EQG3A7,0.40446074697704393,0.40446074697704393,0.2018652750247479,0.2018652750247479,0.18962792242459006,0.18962792242459006,0.40446074697704393,0.40446074697704393
ID_JMND8O,0.024079788482056087,0.024079788482056087,0.010957928878703393,0.010957928878703393,0.017853765757055867,0.017853765757055867,0.024079788482056087,0.024079788482056087
ID_DNU0QM,0.02793239431029262,0.02793239431029262,0.019770273454654493,0.019770273454654493,0.01899545574002416,0.01899545574002416,0.02793239431029262,0.02793239431029262
ID_5UJIQ7,0.025657044530179068,0.025657044530179068,0.012081288501511968,0.012081288501511968,0.016302241778289366,0.016302241778289366,0.025657044530179068,0.025657044530179068
ID_DGWKWK,0.02680933320801555,0.02680933320801555,0.019176873994326483,0.019176873994326483,0.01788446236755968,0.01788446236755968,0.02680933320801555,0.02680933320801555
ID_8Y16EG,0.026787298067008632,0.026787298067008632,0.023149108750601395,0.023149108750601395,0.0192716071700003,0.0192716071700003,0.026787298067008632,0.026787298067008632
ID_QCEB9N,0.025000788326050873,0.025000788326050873,0.020720126743381424,0.020720126743381424,0.01780954015659817,0.01780954015659817,0.025000788326050873,0.025000788326050873
ID_IB3VU7,0.026687635391905128,0.026687635391905128,0.02467664890941238,0.02467664890941238,0.019705062434185554,0.019705062434185554,0.026687635391905128,0.026687635391905128
ID_OFXODK,0.025593346455342923,0.025593346455342923,0.012689707302970078,0.012689707302970078,0.017727025657338583,0.017727025657338583,0.025593346455342923,0.025593346455342923
ID_1CMCRH,0.024880183634047454,0.024880183634047454,0.023701310636391384,0.023701310636391384,0.01951157941520749,0.01951157941520749,0.024880183634047454,0.024880183634047454
ID_3RH6TN,0.025548392289381827,0.025548392289381827,0.011318475492049332,0.011318475492049332,0.01607544821568409,0.01607544821568409,0.025548392289381827,0.025548392289381827
ID_7HH5IO,0.02632206841337706,0.02632206841337706,0.0404899360813414,0.0404899360813414,0.02851869987078709,0.02851869987078709,0.02632206841337706,0.02632206841337706
ID_BOVCXK,0.0251165382821816,0.0251165382821816,0.015390129820134999,0.015390129820134999,0.01990354344452379,0.01990354344452379,0.0251165382821816,0.0251165382821816
ID_DYZZ59,0.026787298067008632,0.026787298067008632,0.023149108750601395,0.023149108750601395,0.0192716071700003,0.0192716071700003,0.026787298067008632,0.026787298067008632
ID_752ORM,0.026687635391905128,0.026687635391905128,0.02467664890941238,0.02467664890941238,0.019705062434185554,0.019705062434185554,0.026687635391905128,0.026687635391905128
ID_BWW8DE,0.025657044530179068,0.025657044530179068,0.012149961780827171,0.012149961780827171,0.01666483071751098,0.01666483071751098,0.025657044530179068,0.025657044530179068
ID_2J1VXU,0.026788215788187023,0.026788215788187023,0.01714109905587832,0.01714109905587832,0.017727103653611916,0.017727103653611916,0.026788215788187023,0.026788215788187023
ID_895UNA,0.026788215788187023,0.026788215788187023,0.01714109905587832,0.01714109905587832,0.017727103653611916,0.017727103653611916,0.026788215788187023,0.026788215788187023
ID_BF9GRX,0.40247637276863274,0.40247637276863274,0.2371782047917309,0.2371782047917309,0.23301876644118663,0.23301876644118663,0.40247637276863274,0.40247637276863274
ID_S7XMZ6,0.02680841548683716,0.02680841548683716,0.02180346535531538,0.02180346535531538,0.01932339311019102,0.01932339311019102,0.02680841548683716,0.02680841548683716
ID_Q2MLKE,0.026787298067008632,0.026787298067008632,0.017808070330326765,0.017808070330326765,0.017727103653611916,0.017727103653611916,0.026787298067008632,0.026787298067008632
ID_T3NEEY,0.02680841548683716,0.02680841548683716,0.02180346535531538,0.02180346535531538,0.01932339311019102,0.01932339311019102,0.02680841548683716,0.02680841548683716
ID_C2YB30,0.02930084010835833,0.02930084010835833,0.03023016602744932,0.03023016602744932,0.02505376097640923,0.02505376097640923,0.02930084010835833,0.02930084010835833
ID_5RJHPE,0.025657044530179068,0.025657044530179068,0.012162465089994199,0.012162465089994199,0.016358946008829173,0.016358946008829173,0.025657044530179068,0.025657044530179068
ID_0NKOI7,0.40247637276863274,0.40247637276863274,0.2371782047917309,0.2371782047917309,0.23301876644118663,0.23301876644118663,0.40247637276863274,0.40247637276863274
ID_07AJO5,0.025548392289381827,0.025548392289381827,0.011318475492049332,0.011318475492049332,0.01607544821568409,0.01607544821568409,0.025548392289381827,0.025548392289381827
ID_6UV94Z,0.02680841548683716,0.02680841548683716,0.01994814007296767,0.01994814007296767,0.018052388480070174,0.018052388480070174,0.02680841548683716,0.02680841548683716
ID_TVDDBE,0.026667611096183604,0.026667611096183604,0.01992989082971026,0.01992989082971026,0.01976057698408904,0.01976057698408904,0.026667611096183604,0.026667611096183604
ID_876BNL,0.1785001172184943,0.1785001172184943,0.18332446652187992,0.18332446652187992,0.10675600446114591,0.10675600446114591,0.1785001172184943,0.1785001172184943
ID_HDUN96,0.02788226682538721,0.02788226682538721,0.023001796177151257,0.023001796177151257,0.02157346870456881,0.02157346870456881,0.02788226682538721,0.02788226682538721
ID_O7XCVA,0.028386721817338777,0.028386721817338777,0.023519129963786384,0.023519129963786384,0.026426014017873242,0.026426014017873242,0.028386721817338777,0.028386721817338777
ID_HN3Q2B,0.02496084091829768,0.02496084091829768,0.028462127868609167,0.028462127868609167,0.036991836343984015,0.036991836343984015,0.02496084091829768,0.02496084091829768
ID_43WX04,0.024109603628150303,0.024109603628150303,0.011036846381701184,0.011036846381701184,0.014949254036391177,0.014949254036391177,0.024109603628150303,0.024109603628150303
ID_18QI1A,0.029083726780759992,0.029083726780759992,0.018133561124560826,0.018133561124560826,0.022790080034881303,0.022790080034881303,0.029083726780759992,0.029083726780759992
ID_LZIJWN,0.024397795427149517,0.024397795427149517,0.013602161666559968,0.013602161666559968,0.014892260016464232,0.014892260016464232,0.024397795427149517,0.024397795427149517
ID_A8HYQ6,0.024079788482056087,0.024079788482056087,0.012985384368302853,0.012985384368302853,0.015052309364959021,0.015052309364959021,0.024079788482056087,0.024079788482056087
ID_FE5SES,0.024109603628150303,0.024109603628150303,0.011036491870514632,0.011036491870514632,0.014949254036391177,0.014949254036391177,0.024109603628150303,0.024109603628150303
ID_YVKYBF,0.02410422640971982,0.02410422640971982,0.012913533467814705,0.012913533467814705,0.01480184775122774,0.01480184775122774,0.02410422640971982,0.02410422640971982
ID_ML1SA5,0.024109603628150303,0.024109603628150303,0.010784458211378014,0.010784458211378014,0.015609003759341772,0.015609003759341772,0.024109603628150303,0.024109603628150303
ID_DBPJBC,0.0243533916723659,0.0243533916723659,0.011286697914730803,0.011286697914730803,0.014899679636739585,0.014899679636739585,0.0243533916723659,0.0243533916723659
ID_Q51LM9,0.02929352425359596,0.02929352425359596,0.016957706211340226,0.016957706211340226,0.02231997299572817,0.02231997299572817,0.02929352425359596,0.02929352425359596
ID_KSCMRK,0.028175727672672103,0.028175727672672103,0.016226495930220224,0.016226495930220224,0.023003396349061872,0.023003396349061872,0.028175727672672103,0.028175727672672103
ID_YBTPCY,0.024109603628150303,0.024109603628150303,0.010784458211378014,0.010784458211378014,0.015609003759341772,0.015609003759341772,0.024109603628150303,0.024109603628150303
ID_9HS5DB,0.024079788482056087,0.024079788482056087,0.010881370837733308,0.010881370837733308,0.016253066117646944,0.016253066117646944,0.024079788482056087,0.024079788482056087
ID_8GOXK3,0.02410422640971982,0.02410422640971982,0.0109659501073182,0.0109659501073182,0.014809267371503093,0.014809267371503093,0.02410422640971982,0.02410422640971982
ID_PP01G2,0.024079788482056087,0.024079788482056087,0.012941433602656491,0.012941433602656491,0.016742949899234392,0.016742949899234392,0.024079788482056087,0.024079788482056087
ID_R4LUTD,0.024079788482056087,0.024079788482056087,0.010847271364285553,0.010847271364285553,0.015042891155877536,0.015042891155877536,0.024079788482056087,0.024079788482056087
ID_QD9ZYZ,0.024079788482056087,0.024079788482056087,0.010881370837733308,0.010881370837733308,0.016253066117646944,0.016253066117646944,0.024079788482056087,0.024079788482056087
ID_9A3RGH,0.024079788482056087,0.024079788482056087,0.01090222090142051,0.01090222090142051,0.018035199317375343,0.018035199317375343,0.024079788482056087,0.024079788482056087
ID_9SL27X,0.024079788482056087,0.024079788482056087,0.01109257585892439,0.01109257585892439,0.016237292343896897,0.016237292343896897,0.024079788482056087,0.024079788482056087
ID_1JDULR,0.024079788482056087,0.024079788482056087,0.011488081923527455,0.011488081923527455,0.016797405477679717,0.016797405477679717,0.024079788482056087,0.024079788482056087
ID_NPK8WH,0.024079788482056087,0.024079788482056087,0.01088236740305856,0.01088236740305856,0.0160693662313864,0.0160693662313864,0.024079788482056087,0.024079788482056087
ID_UIQ2M6,0.02812699472920232,0.02812699472920232,0.01778979664981753,0.01778979664981753,0.021818811385630323,0.021818811385630323,0.02812699472920232,0.02812699472920232
ID_KZ7WF1,0.024607844598574555,0.024607844598574555,0.011236649161068925,0.011236649161068925,0.014919957184899791,0.014919957184899791,0.024607844598574555,0.024607844598574555
ID_SL826W,0.024079788482056087,0.024079788482056087,0.01139975130729663,0.01139975130729663,0.017608401419955594,0.017608401419955594,0.024079788482056087,0.024079788482056087
ID_JU38M1,0.024079788482056087,0.024079788482056087,0.01089736816217171,0.01089736816217171,0.015803379209535492,0.015803379209535492,0.024079788482056087,0.024079788482056087
ID_2ESPZK,0.024109603628150303,0.024109603628150303,0.011126438150267301,0.011126438150267301,0.015591820875366522,0.015591820875366522,0.024109603628150303,0.024109603628150303
ID_K2YFYU,0.029083726780759992,0.029083726780759992,0.018213560379419867,0.018213560379419867,0.02270474123986509,0.02270474123986509,0.029083726780759992,0.029083726780759992
ID_TBP5FU,0.02410422640971982,0.02410422640971982,0.012984312947373398,0.012984312947373398,0.01478882975184827,0.01478882975184827,0.02410422640971982,0.02410422640971982
ID_35L0LZ,0.024079788482056087,0.024079788482056087,0.010859077962127761,0.010859077962127761,0.016326243521568844,0.016326243521568844,0.024079788482056087,0.024079788482056087
ID_Y4KXQM,0.024079788482056087,0.024079788482056087,0.010797870599798073,0.010797870599798073,0.016215553708172147,0.016215553708172147,0.024079788482056087,0.024079788482056087
ID_DN79ZG,0.024358679335928474,0.024358679335928474,0.011013601549207901,0.011013601549207901,0.014809267371503093,0.014809267371503093,0.024358679335928474,0.024358679335928474
ID_3SXP9A,0.02812699472920232,0.02812699472920232,0.01778979664981753,0.01778979664981753,0.021818811385630323,0.021818811385630323,0.02812699472920232,0.02812699472920232
ID_2V2H8G,0.024079788482056087,0.024079788482056087,0.013063387370066355,0.013063387370066355,0.01820817096831997,0.01820817096831997,0.024079788482056087,0.024079788482056087
ID_X49G2U,0.02413404155581404,0.02413404155581404,0.010796075022916013,0.010796075022916013,0.016165979308520553,0.016165979308520553,0.02413404155581404,0.02413404155581404
ID_7R2JHD,0.024427610573243736,0.024427610573243736,0.011681863957752973,0.011681863957752973,0.016165979308520553,0.016165979308520553,0.024427610573243736,0.024427610573243736
ID_I79GFF,0.23998803745938097,0.23998803745938097,0.24566899760036648,0.24566899760036648,0.19625819055284166,0.19625819055284166,0.23998803745938097,0.23998803745938097
ID_ZC1AQA,0.024079788482056087,0.024079788482056087,0.010801434006123198,0.010801434006123198,0.016048928611731576,0.016048928611731576,0.024079788482056087,0.024079788482056087
ID_D5ZZFS,0.024109603628150303,0.024109603628150303,0.010951118585548132,0.010951118585548132,0.016305965973408637,0.016305965973408637,0.024109603628150303,0.024109603628150303
ID_OJKN2W,0.028313069587521313,0.028313069587521313,0.01895061178790061,0.01895061178790061,0.022898841900570028,0.022898841900570028,0.028313069587521313,0.028313069587521313
ID_B2Z1PP,0.23998803745938097,0.23998803745938097,0.24566899760036648,0.24566899760036648,0.19625819055284166,0.19625819055284166,0.23998803745938097,0.23998803745938097
ID_T7A33E,0.024109603628150303,0.024109603628150303,0.013247961976179504,0.013247961976179504,0.015805161926287118,0.015805161926287118,0.024109603628150303,0.024109603628150303
ID_DL8DPL,0.02410422640971982,0.02410422640971982,0.010754681958202684,0.010754681958202684,0.016075567043284063,0.016075567043284063,0.02410422640971982,0.02410422640971982
ID_7IE517,0.024109603628150303,0.024109603628150303,0.013230905087886671,0.013230905087886671,0.014941619551562323,0.014941619551562323,0.024109603628150303,0.024109603628150303
ID_KV3UHT,0.02812699472920232,0.02812699472920232,0.017529921604174017,0.017529921604174017,0.022608368800233203,0.022608368800233203,0.02812699472920232,0.02812699472920232
ID_GY618Y,0.028313069587521313,0.028313069587521313,0.01895061178790061,0.01895061178790061,0.022898841900570028,0.022898841900570028,0.028313069587521313,0.028313069587521313
ID_7IHCZE,0.024079788482056087,0.024079788482056087,0.013052827518062114,0.013052827518062114,0.01646112692309134,0.01646112692309134,0.024079788482056087,0.024079788482056087
ID_L41OWZ,0.024079788482056087,0.024079788482056087,0.010857632510567396,0.010857632510567396,0.016215553708172147,0.016215553708172147,0.024079788482056087,0.024079788482056087
ID_B2UV3T,0.02413404155581404,0.02413404155581404,0.010796075022916013,0.010796075022916013,0.016165979308520553,0.016165979308520553,0.02413404155581404,0.02413404155581404
ID_T8EQ3F,0.024079788482056087,0.024079788482056087,0.010870381979424408,0.010870381979424408,0.01830823213568907,0.01830823213568907,0.024079788482056087,0.024079788482056087
ID_ZW0DVE,0.024607844598574555,0.024607844598574555,0.011236649161068925,0.011236649161068925,0.014919957184899791,0.014919957184899791,0.024607844598574555,0.024607844598574555
ID_SSS3KA,0.024079788482056087,0.024079788482056087,0.013016476124202949,0.013016476124202949,0.014970992672115926,0.014970992672115926,0.024079788482056087,0.024079788482056087
ID_D4HDFD,0.024358679335928474,0.024358679335928474,0.01324076592745393,0.01324076592745393,0.016300314662785413,0.016300314662785413,0.024358679335928474,0.024358679335928474
ID_T6ZYQU,0.024377996247681125,0.024377996247681125,0.013865201405562683,0.013865201405562683,0.015066109468139383,0.015066109468139383,0.024377996247681125,0.024377996247681125
ID_DWK7UW,0.02410422640971982,0.02410422640971982,0.012949634683178893,0.012949634683178893,0.01480184775122774,0.01480184775122774,0.02410422640971982,0.02410422640971982
ID_RUJKIR,0.024708654934921855,0.024708654934921855,0.01496306799260038,0.01496306799260038,0.01577684018230626,0.01577684018230626,0.024708654934921855,0.024708654934921855
ID_0SN05S,0.024079788482056087,0.024079788482056087,0.01109257585892439,0.01109257585892439,0.016237292343896897,0.016237292343896897,0.024079788482056087,0.024079788482056087
ID_A6J8PW,0.02812699472920232,0.02812699472920232,0.01738482365660698,0.01738482365660698,0.023288019754720574,0.023288019754720574,0.02812699472920232,0.02812699472920232
ID_GH8L5Y,0.024624359787972804,0.024624359787972804,0.015138654404158857,0.015138654404158857,0.015916416665453702,0.015916416665453702,0.024624359787972804,0.024624359787972804
ID_TRDBZE,0.02445270129246724,0.02445270129246724,0.01215155071475072,0.01215155071475072,0.016075567043284063,0.016075567043284063,0.02445270129246724,0.02445270129246724
ID_O3H4R1,0.024079788482056087,0.024079788482056087,0.010827747212136059,0.010827747212136059,0.016454785238967658,0.016454785238967658,0.024079788482056087,0.024079788482056087
ID_TGLP6W,0.024079788482056087,0.024079788482056087,0.010690912238958373,0.010690912238958373,0.014949254036391177,0.014949254036391177,0.024079788482056087,0.024079788482056087
ID_1SXWML,0.02410422640971982,0.02410422640971982,0.010814052777033793,0.010814052777033793,0.01605512942362924,0.01605512942362924,0.02410422640971982,0.02410422640971982
ID_91OUIW,0.02812699472920232,0.02812699472920232,0.017529921604174017,0.017529921604174017,0.022608368800233203,0.022608368800233203,0.02812699472920232,0.02812699472920232
ID_1N0WJJ,0.028313069587521313,0.028313069587521313,0.01895061178790061,0.01895061178790061,0.022898841900570028,0.022898841900570028,0.028313069587521313,0.028313069587521313
ID_UTMX3S,0.024109603628150303,0.024109603628150303,0.011036846381701184,0.011036846381701184,0.014949254036391177,0.014949254036391177,0.024109603628150303,0.024109603628150303
ID_SP2RUN,0.024119193730313238,0.024119193730313238,0.014029747155058472,0.014029747155058472,0.016697706347482376,0.016697706347482376,0.024119193730313238,0.024119193730313238
ID_ZU20XJ,0.024109603628150303,0.024109603628150303,0.010784726358271787,0.010784726358271787,0.015609003759341772,0.015609003759341772,0.024109603628150303,0.024109603628150303
ID_H6JGLH,0.024109603628150303,0.024109603628150303,0.013230905087886671,0.013230905087886671,0.014941619551562323,0.014941619551562323,0.024109603628150303,0.024109603628150303
ID_8IHXOY,0.02465224835335817,0.02465224835335817,0.013808874809100685,0.013808874809100685,0.014912537564624437,0.014912537564624437,0.02465224835335817,0.02465224835335817
ID_4VK4NE,0.02410422640971982,0.02410422640971982,0.012949902830072666,0.012949902830072666,0.01480184775122774,0.01480184775122774,0.02410422640971982,0.02410422640971982
ID_I71IWR,0.024079788482056087,0.024079788482056087,0.01109257585892439,0.01109257585892439,0.016237292343896897,0.016237292343896897,0.024079788482056087,0.024079788482056087
ID_C368SW,0.02812699472920232,0.02812699472920232,0.01778979664981753,0.01778979664981753,0.021818811385630323,0.021818811385630323,0.02812699472920232,0.02812699472920232
ID_VT6L20,0.02410422640971982,0.02410422640971982,0.010718566957855526,0.010718566957855526,0.014809267371503093,0.014809267371503093,0.02410422640971982,0.02410422640971982
ID_6XBTY9,0.024109603628150303,0.024109603628150303,0.010896241231481201,0.010896241231481201,0.015059943849787875,0.015059943849787875,0.024109603628150303,0.024109603628150303
ID_UIEG1P,0.024198248366258588,0.024198248366258588,0.011922496047104904,0.011922496047104904,0.01605512942362924,0.01605512942362924,0.024198248366258588,0.024198248366258588
ID_9HR4BX,0.02410422640971982,0.02410422640971982,0.01304543309715122,0.01304543309715122,0.014899679636739585,0.014899679636739585,0.02410422640971982,0.02410422640971982
ID_OPWJP4,0.024384844500570907,0.024384844500570907,0.01116096567286087,0.01116096567286087,0.015073743952968236,0.015073743952968236,0.024384844500570907,0.024384844500570907
ID_1KUZ5C,0.05541790399597328,0.05541790399597328,0.020949790987833648,0.020949790987833648,0.07703675904582157,0.07703675904582157,0.05541790399597328,0.05541790399597328
ID_KBW7CU,0.042642031598409735,0.042642031598409735,0.04344021089364168,0.04344021089364168,0.05528237644384044,0.05528237644384044,0.042642031598409735,0.042642031598409735
ID_2ILIQY,0.024079788482056087,0.024079788482056087,0.01090222090142051,0.01090222090142051,0.018035199317375343,0.018035199317375343,0.024079788482056087,0.024079788482056087
ID_KFS68B,0.0243533916723659,0.0243533916723659,0.01101395584800198,0.01101395584800198,0.014899679636739585,0.014899679636739585,0.0243533916723659,0.0243533916723659
ID_8P12DQ,0.029002925962997674,0.029002925962997674,0.016869128815174,0.016869128815174,0.02270474123986509,0.02270474123986509,0.029002925962997674,0.029002925962997674
ID_J3426Q,0.024079788482056087,0.024079788482056087,0.01090222090142051,0.01090222090142051,0.018035199317375343,0.018035199317375343,0.024079788482056087,0.024079788482056087
ID_2TM2XS,0.02413404155581404,0.02413404155581404,0.01325260734059066,0.01325260734059066,0.015916416665453702,0.015916416665453702,0.02413404155581404,0.02413404155581404
ID_8CHBZO,0.02812699472920232,0.02812699472920232,0.01778979664981753,0.01778979664981753,0.021818811385630323,0.021818811385630323,0.02812699472920232,0.02812699472920232
ID_F6CFLR,0.02425444197920539,0.02425444197920539,0.045021900264108655,0.045021900264108655,0.07367563589413831,0.07367563589413831,0.02425444197920539,0.02425444197920539
ID_WEUPHB,0.024079788482056087,0.024079788482056087,0.01139975130729663,0.01139975130729663,0.017608401419955594,0.017608401419955594,0.024079788482056087,0.024079788482056087
ID_T9CUR2,0.02413404155581404,0.02413404155581404,0.010796075022916013,0.010796075022916013,0.016165979308520553,0.016165979308520553,0.02413404155581404,0.02413404155581404
ID_6NT1J7,0.024109603628150303,0.024109603628150303,0.013050166998230152,0.013050166998230152,0.014537079537754521,0.014537079537754521,0.024109603628150303,0.024109603628150303
ID_5XJZ15,0.024079788482056087,0.024079788482056087,0.010881370837733308,0.010881370837733308,0.016253066117646944,0.016253066117646944,0.024079788482056087,0.024079788482056087
ID_4C75NZ,0.024079788482056087,0.024079788482056087,0.01090222090142051,0.01090222090142051,0.018035199317375343,0.018035199317375343,0.024079788482056087,0.024079788482056087
ID_4I22LB,0.024079788482056087,0.024079788482056087,0.010859346109021534,0.010859346109021534,0.016326243521568844,0.016326243521568844,0.024079788482056087,0.024079788482056087
ID_71ANPU,0.024682063499452386,0.024682063499452386,0.011862822864905278,0.011862822864905278,0.01618625685668076,0.01618625685668076,0.024682063499452386,0.024682063499452386
ID_TLRRWX,0.024079788482056087,0.024079788482056087,0.01090222090142051,0.01090222090142051,0.018035199317375343,0.018035199317375343,0.024079788482056087,0.024079788482056087
ID_11MWYB,0.024358679335928474,0.024358679335928474,0.010989092618602191,0.010989092618602191,0.014809267371503093,0.014809267371503093,0.024358679335928474,0.024358679335928474
ID_ZJYYTF,0.024079788482056087,0.024079788482056087,0.011488081923527455,0.011488081923527455,0.016797405477679717,0.016797405477679717,0.024079788482056087,0.024079788482056087
ID_XS5IZB,0.024427610573243736,0.024427610573243736,0.011681863957752973,0.011681863957752973,0.016165979308520553,0.016165979308520553,0.024427610573243736,0.024427610573243736
ID_OAMCTD,0.024079788482056087,0.024079788482056087,0.010847271364285553,0.010847271364285553,0.015042891155877536,0.015042891155877536,0.024079788482056087,0.024079788482056087
ID_VZ2BA0,0.024079788482056087,0.024079788482056087,0.010881370837733308,0.010881370837733308,0.016253066117646944,0.016253066117646944,0.024079788482056087,0.024079788482056087
ID_OUFL3R,0.024079788482056087,0.024079788482056087,0.01109257585892439,0.01109257585892439,0.016237292343896897,0.016237292343896897,0.024079788482056087,0.024079788482056087
ID_C9JHEM,0.024577543308572054,0.024577543308572054,0.014662044504824154,0.014662044504824154,0.015916416665453702,0.015916416665453702,0.024577543308572054,0.024577543308572054
ID_ZULTCR,0.02420674078440719,0.02420674078440719,0.021924702455952474,0.021924702455952474,0.026954689870302452,0.026954689870302452,0.02420674078440719,0.02420674078440719
ID_0M1QAK,0.024079979345213647,0.024079979345213647,0.011166689852518535,0.011166689852518535,0.018523364427775375,0.018523364427775375,0.024079979345213647,0.024079979345213647
ID_22EOFV,0.024109794491307863,0.024109794491307863,0.011217228217128745,0.011217228217128745,0.017415069861606174,0.017415069861606174,0.024109794491307863,0.024109794491307863
ID_CC1868,0.028484600729328326,0.028484600729328326,0.015564147258488648,0.015564147258488648,0.029497455473592886,0.029497455473592886,0.028484600729328326,0.028484600729328326
ID_RRHEAY,0.02420674078440719,0.02420674078440719,0.022069388111490812,0.022069388111490812,0.027576016587694364,0.027576016587694364,0.02420674078440719,0.02420674078440719
ID_312RLJ,0.024153150216347168,0.024153150216347168,0.021600627666191898,0.021600627666191898,0.02814863597377585,0.02814863597377585,0.024153150216347168,0.024153150216347168
ID_FW5MN2,0.03233165706895773,0.03233165706895773,0.02342231387946134,0.02342231387946134,0.026152531850929008,0.026152531850929008,0.03233165706895773,0.03233165706895773
ID_UJT70Q,0.024079979345213647,0.024079979345213647,0.011175269737507876,0.011175269737507876,0.01619525662208639,0.01619525662208639,0.024079979345213647,0.024079979345213647
ID_T6DWM5,0.024079979345213647,0.024079979345213647,0.011375189147420653,0.011375189147420653,0.021056088340967807,0.021056088340967807,0.024079979345213647,0.024079979345213647
ID_P35RKU,0.024079979345213647,0.024079979345213647,0.011166689852518535,0.011166689852518535,0.018523364427775375,0.018523364427775375,0.024079979345213647,0.024079979345213647
ID_0LNF2H,0.024079979345213647,0.024079979345213647,0.011124728145419238,0.011124728145419238,0.015892369783614448,0.015892369783614448,0.024079979345213647,0.024079979345213647
ID_FE89WN,0.024079979345213647,0.024079979345213647,0.011166689852518535,0.011166689852518535,0.018523364427775375,0.018523364427775375,0.024079979345213647,0.024079979345213647
ID_FNIMWZ,0.024079979345213647,0.024079979345213647,0.011175269737507876,0.011175269737507876,0.01619525662208639,0.01619525662208639,0.024079979345213647,0.024079979345213647
ID_MRNN7B,0.024079979345213647,0.024079979345213647,0.012043299944860142,0.012043299944860142,0.017940639820805494,0.017940639820805494,0.024079979345213647,0.024079979345213647
ID_J8YA05,0.024079979345213647,0.024079979345213647,0.011508831136999017,0.011508831136999017,0.015874110542830323,0.015874110542830323,0.024079979345213647,0.024079979345213647
ID_6NXJX5,0.024079979345213647,0.024079979345213647,0.012043299944860142,0.012043299944860142,0.017940639820805494,0.017940639820805494,0.024079979345213647,0.024079979345213647
ID_BJV0W6,0.030705315785871254,0.030705315785871254,0.025936883278163264,0.025936883278163264,0.02704824780146607,0.02704824780146607,0.030705315785871254,0.030705315785871254
ID_8L1YW7,0.024216330886570124,0.024216330886570124,0.024629489749383872,0.024629489749383872,0.03174933497262984,0.03174933497262984,0.024216330886570124,0.024216330886570124
ID_XJPLJC,0.024079979345213647,0.024079979345213647,0.011166689852518535,0.011166689852518535,0.018523364427775375,0.018523364427775375,0.024079979345213647,0.024079979345213647
ID_R652CL,0.024153150216347168,0.024153150216347168,0.02162760811230635,0.02162760811230635,0.02814863597377585,0.02814863597377585,0.024153150216347168,0.024153150216347168
ID_E69JOD,0.024079979345213647,0.024079979345213647,0.01107081351370809,0.01107081351370809,0.01966852106559582,0.01966852106559582,0.024079979345213647,0.024079979345213647
ID_CZS6OU,0.024119384593470797,0.024119384593470797,0.011548881042196148,0.011548881042196148,0.018563849330474426,0.018563849330474426,0.024119384593470797,0.024119384593470797
ID_GRQZ05,0.024153150216347168,0.024153150216347168,0.021600627666191898,0.021600627666191898,0.02814863597377585,0.02814863597377585,0.024153150216347168,0.024153150216347168
ID_Y0BSPY,0.024109794491307863,0.024109794491307863,0.01086843549092662,0.01086843549092662,0.017439726239704533,0.017439726239704533,0.024109794491307863,0.024109794491307863
ID_K2JIN9,0.024079979345213647,0.024079979345213647,0.01107081351370809,0.01107081351370809,0.01966852106559582,0.01966852106559582,0.024079979345213647,0.024079979345213647
ID_FUI65H,0.02959602323270597,0.02959602323270597,0.019435349679200947,0.019435349679200947,0.031910890662044236,0.031910890662044236,0.02959602323270597,0.02959602323270597
ID_95L18T,0.024109794491307863,0.024109794491307863,0.010728902310702945,0.010728902310702945,0.019700854335095486,0.019700854335095486,0.024109794491307863,0.024109794491307863
ID_LP5DMO,0.03298971794154265,0.03298971794154265,0.03038901560679482,0.03038901560679482,0.03380394603098517,0.03380394603098517,0.03298971794154265,0.03298971794154265
ID_DMJWXV,0.024109794491307863,0.024109794491307863,0.010714424418881222,0.010714424418881222,0.01795350245367963,0.01795350245367963,0.024109794491307863,0.024109794491307863
ID_DQP3PY,0.024079979345213647,0.024079979345213647,0.011053894533452964,0.011053894533452964,0.01902874275414318,0.01902874275414318,0.024079979345213647,0.024079979345213647
ID_PV90XU,0.02413356991327367,0.02413356991327367,0.026970671062597075,0.026970671062597075,0.03439542411826217,0.03439542411826217,0.02413356991327367,0.02413356991327367
ID_3105ME,0.02420674078440719,0.02420674078440719,0.021951845413284404,0.021951845413284404,0.027576016587694364,0.027576016587694364,0.02420674078440719,0.02420674078440719
ID_YQQHQ3,0.024079979345213647,0.024079979345213647,0.011426312952241459,0.011426312952241459,0.01965900878778335,0.01965900878778335,0.024079979345213647,0.024079979345213647
ID_V44WY3,0.024079979345213647,0.024079979345213647,0.01103788526059554,0.01103788526059554,0.017276610596375145,0.017276610596375145,0.024079979345213647,0.024079979345213647
ID_UCO85D,0.024079979345213647,0.024079979345213647,0.01107081351370809,0.01107081351370809,0.01966852106559582,0.01966852106559582,0.024079979345213647,0.024079979345213647
ID_1XHBUV,0.024079979345213647,0.024079979345213647,0.011460116800954306,0.011460116800954306,0.018391348016172447,0.018391348016172447,0.024079979345213647,0.024079979345213647
ID_6HMBCZ,0.024079979345213647,0.024079979345213647,0.011124728145419238,0.011124728145419238,0.015892369783614448,0.015892369783614448,0.024079979345213647,0.024079979345213647
ID_3AFMQB,0.024079979345213647,0.024079979345213647,0.011175269737507876,0.011175269737507876,0.01619525662208639,0.01619525662208639,0.024079979345213647,0.024079979345213647
ID_0HGHQZ,0.024079979345213647,0.024079979345213647,0.011055853563429753,0.011055853563429753,0.017921169184179964,0.017921169184179964,0.024079979345213647,0.024079979345213647
ID_86OGKU,0.024079979345213647,0.024079979345213647,0.023960946579900826,0.023960946579900826,0.03368982382738489,0.03368982382738489,0.024079979345213647,0.024079979345213647
ID_CIAW5T,0.024109794491307863,0.024109794491307863,0.01086113286868612,0.01086113286868612,0.01905978005124587,0.01905978005124587,0.024109794491307863,0.024109794491307863
ID_SPZWF2,0.02420674078440719,0.02420674078440719,0.022069388111490812,0.022069388111490812,0.027576016587694364,0.027576016587694364,0.02420674078440719,0.02420674078440719
ID_PHOPIB,0.024079979345213647,0.024079979345213647,0.010776898471088021,0.010776898471088021,0.014626070111833476,0.014626070111833476,0.024079979345213647,0.024079979345213647
ID_MNZEHD,0.024079979345213647,0.024079979345213647,0.011491843835182699,0.011491843835182699,0.01856985585737952,0.01856985585737952,0.024079979345213647,0.024079979345213647
ID_797ML8,0.024079979345213647,0.024079979345213647,0.011491843835182699,0.011491843835182699,0.01856985585737952,0.01856985585737952,0.024079979345213647,0.024079979345213647
ID_BYU5HD,0.024079979345213647,0.024079979345213647,0.011388766099713283,0.011388766099713283,0.017268552584397853,0.017268552584397853,0.024079979345213647,0.024079979345213647
ID_RXCEKJ,0.024153150216347168,0.024153150216347168,0.02162760811230635,0.02162760811230635,0.02814863597377585,0.02814863597377585,0.024153150216347168,0.024153150216347168
ID_ELSO35,0.024079979345213647,0.024079979345213647,0.01076098283677864,0.01076098283677864,0.014626070111833476,0.014626070111833476,0.024079979345213647,0.024079979345213647
ID_VINNFK,0.024079979345213647,0.024079979345213647,0.010713843171787387,0.010713843171787387,0.017276610596375145,0.017276610596375145,0.024079979345213647,0.024079979345213647
ID_N6DOKU,0.024079979345213647,0.024079979345213647,0.010713843171787387,0.010713843171787387,0.017276610596375145,0.017276610596375145,0.024079979345213647,0.024079979345213647
ID_0EFT4F,0.02420674078440719,0.02420674078440719,0.021924702455952474,0.021924702455952474,0.026954689870302452,0.026954689870302452,0.02420674078440719,0.02420674078440719
ID_XKQHVP,0.024079979345213647,0.024079979345213647,0.011456965376928854,0.011456965376928854,0.020960471414322338,0.020960471414322338,0.024079979345213647,0.024079979345213647
ID_SU4Q41,0.024079979345213647,0.024079979345213647,0.011676352889128253,0.011676352889128253,0.016320855009639115,0.016320855009639115,0.024079979345213647,0.024079979345213647
ID_D11XF1,0.024153150216347168,0.024153150216347168,0.02162760811230635,0.02162760811230635,0.02814863597377585,0.02814863597377585,0.024153150216347168,0.024153150216347168
ID_P86BG6,0.024079979345213647,0.024079979345213647,0.011053894533452964,0.011053894533452964,0.01902874275414318,0.01902874275414318,0.024079979345213647,0.024079979345213647
ID_PADGJY,0.02420674078440719,0.02420674078440719,0.021924702455952474,0.021924702455952474,0.026954689870302452,0.026954689870302452,0.02420674078440719,0.02420674078440719
ID_7PYROJ,0.024079979345213647,0.024079979345213647,0.011315313175029984,0.011315313175029984,0.01888684395100149,0.01888684395100149,0.024079979345213647,0.024079979345213647
ID_4ZP64K,0.024079979345213647,0.024079979345213647,0.011322452662991807,0.011322452662991807,0.017678272365940703,0.017678272365940703,0.024079979345213647,0.024079979345213647
ID_6UI50R,0.024079979345213647,0.024079979345213647,0.011053894533452964,0.011053894533452964,0.01902874275414318,0.01902874275414318,0.024079979345213647,0.024079979345213647
ID_0CQMTS,0.024079979345213647,0.024079979345213647,0.010713843171787387,0.010713843171787387,0.017276610596375145,0.017276610596375145,0.024079979345213647,0.024079979345213647
ID_GWHZQX,0.024079979345213647,0.024079979345213647,0.010713843171787387,0.010713843171787387,0.017276610596375145,0.017276610596375145,0.024079979345213647,0.024079979345213647
ID_75RX5W,0.024079979345213647,0.024079979345213647,0.011676352889128253,0.011676352889128253,0.016320855009639115,0.016320855009639115,0.024079979345213647,0.024079979345213647
ID_O9HFAP,0.024079979345213647,0.024079979345213647,0.011298475168874281,0.011298475168874281,0.021126277327293327,0.021126277327293327,0.024079979345213647,0.024079979345213647
ID_Y6EXY9,0.024079979345213647,0.024079979345213647,0.011491843835182699,0.011491843835182699,0.01856985585737952,0.01856985585737952,0.024079979345213647,0.024079979345213647
ID_G0KUFV,0.029610733827769384,0.029610733827769384,0.017353546629873408,0.017353546629873408,0.056196982398175624,0.056196982398175624,0.029610733827769384,0.029610733827769384
ID_4U98W5,0.024079979345213647,0.024079979345213647,0.011175269737507876,0.011175269737507876,0.01619525662208639,0.01619525662208639,0.024079979345213647,0.024079979345213647
ID_M6LH16,0.024079979345213647,0.024079979345213647,0.011166689852518535,0.011166689852518535,0.018523364427775375,0.018523364427775375,0.024079979345213647,0.024079979345213647
ID_IBYOA8,0.024079979345213647,0.024079979345213647,0.011175269737507876,0.011175269737507876,0.01619525662208639,0.01619525662208639,0.024079979345213647,0.024079979345213647
ID_JCS18T,0.024153150216347168,0.024153150216347168,0.02155571282016191,0.02155571282016191,0.027364663848340312,0.027364663848340312,0.024153150216347168,0.024153150216347168
ID_PDAYPC,0.024079979345213647,0.024079979345213647,0.011322452662991807,0.011322452662991807,0.017678272365940703,0.017678272365940703,0.024079979345213647,0.024079979345213647
ID_6MSHHO,0.024079979345213647,0.024079979345213647,0.011166689852518535,0.011166689852518535,0.018523364427775375,0.018523364427775375,0.024079979345213647,0.024079979345213647
ID_KXJDXJ,0.02420674078440719,0.02420674078440719,0.021951845413284404,0.021951845413284404,0.027576016587694364,0.027576016587694364,0.02420674078440719,0.02420674078440719
ID_X06P29,0.024079979345213647,0.024079979345213647,0.011175269737507876,0.011175269737507876,0.01619525662208639,0.01619525662208639,0.024079979345213647,0.024079979345213647
ID_SU0E3L,0.024079979345213647,0.024079979345213647,0.011053894533452964,0.011053894533452964,0.01902874275414318,0.01902874275414318,0.024079979345213647,0.024079979345213647
ID_86RCT1,0.024079979345213647,0.024079979345213647,0.010772835929224995,0.010772835929224995,0.014928956950305423,0.014928956950305423,0.024079979345213647,0.024079979345213647
ID_BHSPH0,0.024079979345213647,0.024079979345213647,0.011053894533452964,0.011053894533452964,0.01902874275414318,0.01902874275414318,0.024079979345213647,0.024079979345213647
ID_BSI555,0.024079979345213647,0.024079979345213647,0.011055853563429753,0.011055853563429753,0.017921169184179964,0.017921169184179964,0.024079979345213647,0.024079979345213647
ID_AJZY4W,0.024109794491307863,0.024109794491307863,0.010843299423684522,0.010843299423684522,0.017439726239704533,0.017439726239704533,0.024109794491307863,0.024109794491307863
ID_5JVBFT,0.024079979345213647,0.024079979345213647,0.01120036013898573,0.01120036013898573,0.017270324224350337,0.017270324224350337,0.024079979345213647,0.024079979345213647
ID_KOBTYW,0.03233165706895773,0.03233165706895773,0.02342231387946134,0.02342231387946134,0.026152531850929008,0.026152531850929008,0.03233165706895773,0.03233165706895773
ID_5O17MO,0.024153150216347168,0.024153150216347168,0.02162760811230635,0.02162760811230635,0.02814863597377585,0.02814863597377585,0.024153150216347168,0.024153150216347168
ID_K11Q5X,0.024079979345213647,0.024079979345213647,0.011547777348370961,0.011547777348370961,0.017736840333802746,0.017736840333802746,0.024079979345213647,0.024079979345213647
ID_G7GY5M,0.024109794491307863,0.024109794491307863,0.010728902310702945,0.010728902310702945,0.019700854335095486,0.019700854335095486,0.024109794491307863,0.024109794491307863
ID_WKHNNC,0.024079979345213647,0.024079979345213647,0.011162547584374443,0.011162547584374443,0.01954685155838797,0.01954685155838797,0.024079979345213647,0.024079979345213647
ID_VJ5MEA,0.024109794491307863,0.024109794491307863,0.010714424418881222,0.010714424418881222,0.01795350245367963,0.01795350245367963,0.024109794491307863,0.024109794491307863
ID_Y8KTAQ,0.024079979345213647,0.024079979345213647,0.1810790664266833,0.1810790664266833,0.16885376619861028,0.16885376619861028,0.024079979345213647,0.024079979345213647
ID_9AT8CS,0.024079979345213647,0.024079979345213647,0.12518935858514696,0.12518935858514696,0.13087358214991532,0.13087358214991532,0.024079979345213647,0.024079979345213647
ID_1UYUHI,0.024079979345213647,0.024079979345213647,0.12518935858514696,0.12518935858514696,0.13087358214991532,0.13087358214991532,0.024079979345213647,0.024079979345213647
ID_IW1QYO,0.024079979345213647,0.024079979345213647,0.12713558388235494,0.12713558388235494,0.11361236500799884,0.11361236500799884,0.024079979345213647,0.024079979345213647
ID_C4MM2J,0.024079979345213647,0.024079979345213647,0.12664250118471895,0.12664250118471895,0.11391512830995541,0.11391512830995541,0.024079979345213647,0.024079979345213647
ID_HFZ0HI,0.024079979345213647,0.024079979345213647,0.1575885795140504,0.1575885795140504,0.14136955531038434,0.14136955531038434,0.024079979345213647,0.024079979345213647
ID_ZV17K7,0.024079979345213647,0.024079979345213647,0.12713558388235494,0.12713558388235494,0.11361236500799884,0.11361236500799884,0.024079979345213647,0.024079979345213647
ID_4I93LT,0.024079979345213647,0.024079979345213647,0.1575885795140504,0.1575885795140504,0.14136955531038434,0.14136955531038434,0.024079979345213647,0.024079979345213647
ID_RIUVLU,0.024079979345213647,0.024079979345213647,0.180137390227999,0.180137390227999,0.14620493381099736,0.14620493381099736,0.024079979345213647,0.024079979345213647
ID_GMAXQ3,0.024079979345213647,0.024079979345213647,0.1810790664266833,0.1810790664266833,0.16885376619861028,0.16885376619861028,0.024079979345213647,0.024079979345213647
ID_30V9V7,0.024079979345213647,0.024079979345213647,0.1575885795140504,0.1575885795140504,0.14136955531038434,0.14136955531038434,0.024079979345213647,0.024079979345213647
ID_00D47V,0.024079979345213647,0.024079979345213647,0.15740209925652046,0.15740209925652046,0.1232470286158624,0.1232470286158624,0.024079979345213647,0.024079979345213647
ID_COCODS,0.024079979345213647,0.024079979345213647,0.1810790664266833,0.1810790664266833,0.16885376619861028,0.16885376619861028,0.024079979345213647,0.024079979345213647
ID_HR5HVM,0.024079979345213647,0.024079979345213647,0.12518935858514696,0.12518935858514696,0.13087358214991532,0.13087358214991532,0.024079979345213647,0.024079979345213647
ID_WGYIZG,0.024079979345213647,0.024079979345213647,0.13361696749161853,0.13361696749161853,0.145346985946944,0.145346985946944,0.024079979345213647,0.024079979345213647
ID_O5CFG3,0.024079979345213647,0.024079979345213647,0.1810790664266833,0.1810790664266833,0.16885376619861028,0.16885376619861028,0.024079979345213647,0.024079979345213647
ID_U0K12F,0.024079979345213647,0.024079979345213647,0.15983645609228553,0.15983645609228553,0.12246305649042687,0.12246305649042687,0.024079979345213647,0.024079979345213647
ID_VRYVS7,0.024079979345213647,0.024079979345213647,0.1810790664266833,0.1810790664266833,0.16885376619861028,0.16885376619861028,0.024079979345213647,0.024079979345213647
ID_G4MECV,0.024079979345213647,0.024079979345213647,0.15983645609228553,0.15983645609228553,0.12246305649042687,0.12246305649042687,0.024079979345213647,0.024079979345213647
ID_OXEA7H,0.024079979345213647,0.024079979345213647,0.1801080823175009,0.1801080823175009,0.14620493381099736,0.14620493381099736,0.024079979345213647,0.024079979345213647
ID_DH682H,0.024079979345213647,0.024079979345213647,0.13361696749161853,0.13361696749161853,0.145346985946944,0.145346985946944,0.024079979345213647,0.024079979345213647
ID_4ZJ6HT,0.024079979345213647,0.024079979345213647,0.1810790664266833,0.1810790664266833,0.16885376619861028,0.16885376619861028,0.024079979345213647,0.024079979345213647
ID_1619HA,0.024079979345213647,0.024079979345213647,0.1810790664266833,0.1810790664266833,0.16885376619861028,0.16885376619861028,0.024079979345213647,0.024079979345213647
ID_A66ERH,0.024079979345213647,0.024079979345213647,0.1575885795140504,0.1575885795140504,0.14136955531038434,0.14136955531038434,0.024079979345213647,0.024079979345213647
ID_SRS330,0.024079979345213647,0.024079979345213647,0.1810790664266833,0.1810790664266833,0.16885376619861028,0.16885376619861028,0.024079979345213647,0.024079979345213647
ID_3D2WF7,0.024079979345213647,0.024079979345213647,0.17744675354059522,0.17744675354059522,0.14620493381099736,0.14620493381099736,0.024079979345213647,0.024079979345213647
ID_X8YETU,0.024079979345213647,0.024079979345213647,0.12518935858514696,0.12518935858514696,0.13087358214991532,0.13087358214991532,0.024079979345213647,0.024079979345213647
ID_PQ0W7T,0.024079979345213647,0.024079979345213647,0.1575885795140504,0.1575885795140504,0.14136955531038434,0.14136955531038434,0.024079979345213647,0.024079979345213647
ID_SO28RE,0.024079979345213647,0.024079979345213647,0.1810790664266833,0.1810790664266833,0.16885376619861028,0.16885376619861028,0.024079979345213647,0.024079979345213647
ID_JFSXTY,0.024079979345213647,0.024079979345213647,0.1575885795140504,0.1575885795140504,0.14136955531038434,0.14136955531038434,0.024079979345213647,0.024079979345213647
ID_RPQFKB,0.024079979345213647,0.024079979345213647,0.1810790664266833,0.1810790664266833,0.16885376619861028,0.16885376619861028,0.024079979345213647,0.024079979345213647
ID_EV4Z1I,0.024079979345213647,0.024079979345213647,0.1810790664266833,0.1810790664266833,0.16885376619861028,0.16885376619861028,0.024079979345213647,0.024079979345213647
ID_B9T63O,0.024079979345213647,0.024079979345213647,0.1810790664266833,0.1810790664266833,0.16885376619861028,0.16885376619861028,0.024079979345213647,0.024079979345213647
ID_VLJU6A,0.024079979345213647,0.024079979345213647,0.1575885795140504,0.1575885795140504,0.14136955531038434,0.14136955531038434,0.024079979345213647,0.024079979345213647
ID_FKK9MW,0.024079979345213647,0.024079979345213647,0.12518935858514696,0.12518935858514696,0.13087358214991532,0.13087358214991532,0.024079979345213647,0.024079979345213647
ID_RVEFZ9,0.024079979345213647,0.024079979345213647,0.15986481994162816,0.15986481994162816,0.12262321813048206,0.12262321813048206,0.024079979345213647,0.024079979345213647
ID_VQ4UCJ,0.024079979345213647,0.024079979345213647,0.1575885795140504,0.1575885795140504,0.14136955531038434,0.14136955531038434,0.024079979345213647,0.024079979345213647
ID_2R7V3V,0.024079979345213647,0.024079979345213647,0.1810790664266833,0.1810790664266833,0.16885376619861028,0.16885376619861028,0.024079979345213647,0.024079979345213647
ID_K8P06C,0.024079979345213647,0.024079979345213647,0.1575885795140504,0.1575885795140504,0.14136955531038434,0.14136955531038434,0.024079979345213647,0.024079979345213647
ID_6T87EC,0.024079979345213647,0.024079979345213647,0.1810790664266833,0.1810790664266833,0.16885376619861028,0.16885376619861028,0.024079979345213647,0.024079979345213647
ID_45LBG7,0.024079979345213647,0.024079979345213647,0.13361696749161853,0.13361696749161853,0.145346985946944,0.145346985946944,0.024079979345213647,0.024079979345213647
ID_O1ZMUJ,0.024079979345213647,0.024079979345213647,0.12713558388235494,0.12713558388235494,0.11361236500799884,0.11361236500799884,0.024079979345213647,0.024079979345213647
ID_REIL7X,0.024079979345213647,0.024079979345213647,0.12518935858514696,0.12518935858514696,0.13087358214991532,0.13087358214991532,0.024079979345213647,0.024079979345213647
ID_TLNC9J,0.024079979345213647,0.024079979345213647,0.15983645609228553,0.15983645609228553,0.12246305649042687,0.12246305649042687,0.024079979345213647,0.024079979345213647
ID_F5NEVH,0.024079979345213647,0.024079979345213647,0.13361696749161853,0.13361696749161853,0.145346985946944,0.145346985946944,0.024079979345213647,0.024079979345213647
ID_7OQTQ4,0.024079979345213647,0.024079979345213647,0.12518935858514696,0.12518935858514696,0.13087358214991532,0.13087358214991532,0.024079979345213647,0.024079979345213647
ID_UPPGOC,0.024079979345213647,0.024079979345213647,0.13361696749161853,0.13361696749161853,0.145346985946944,0.145346985946944,0.024079979345213647,0.024079979345213647
ID_WRR93C,0.024079979345213647,0.024079979345213647,0.1575885795140504,0.1575885795140504,0.14136955531038434,0.14136955531038434,0.024079979345213647,0.024079979345213647
ID_UJ3S2W,0.024079979345213647,0.024079979345213647,0.12518935858514696,0.12518935858514696,0.13087358214991532,0.13087358214991532,0.024079979345213647,0.024079979345213647
ID_W3HZK9,0.024079979345213647,0.024079979345213647,0.13361696749161853,0.13361696749161853,0.145346985946944,0.145346985946944,0.024079979345213647,0.024079979345213647
ID_EYK26U,0.024079979345213647,0.024079979345213647,0.13361696749161853,0.13361696749161853,0.145346985946944,0.145346985946944,0.024079979345213647,0.024079979345213647
ID_4KT11I,0.024079979345213647,0.024079979345213647,0.1575885795140504,0.1575885795140504,0.14136955531038434,0.14136955531038434,0.024079979345213647,0.024079979345213647
ID_16FUTF,0.024079979345213647,0.024079979345213647,0.1810790664266833,0.1810790664266833,0.16885376619861028,0.16885376619861028,0.024079979345213647,0.024079979345213647
ID_KO4YXJ,0.024079979345213647,0.024079979345213647,0.1810790664266833,0.1810790664266833,0.16885376619861028,0.16885376619861028,0.024079979345213647,0.024079979345213647
ID_WWKLVE,0.024079979345213647,0.024079979345213647,0.13583825934257096,0.13583825934257096,0.12389478911497225,0.12389478911497225,0.024079979345213647,0.024079979345213647
ID_QY3MHP,0.024079979345213647,0.024079979345213647,0.13361696749161853,0.13361696749161853,0.145346985946944,0.145346985946944,0.024079979345213647,0.024079979345213647
ID_INQA11,0.024079788482056087,0.024079788482056087,0.01093189389824055,0.01093189389824055,0.01232663850988938,0.01232663850988938,0.024079788482056087,0.024079788482056087
ID_S2ISZ6,0.024079788482056087,0.024079788482056087,0.010922882621340623,0.010922882621340623,0.012324702243638385,0.012324702243638385,0.024079788482056087,0.024079788482056087
ID_A5YCBL,0.024079788482056087,0.024079788482056087,0.01080719628826886,0.01080719628826886,0.012327362757039365,0.012327362757039365,0.024079788482056087,0.024079788482056087
ID_LUMWXR,0.024079788482056087,0.024079788482056087,0.010842344590521923,0.010842344590521923,0.012327362757039365,0.012327362757039365,0.024079788482056087,0.024079788482056087
ID_EP24JU,0.048786449785687164,0.048786449785687164,0.06824247588952204,0.06824247588952204,0.027231319633407112,0.027231319633407112,0.048786449785687164,0.048786449785687164
ID_SL31EO,0.09421475783584835,0.09421475783584835,0.09584639389670097,0.09584639389670097,0.10959952939047464,0.10959952939047464,0.09421475783584835,0.09421475783584835
ID_I52U1R,0.6474454836045553,0.6474454836045553,0.5812578127506752,0.5812578127506752,0.591694856856456,0.591694856856456,0.6474454836045553,0.6474454836045553
ID_11K6P1,0.06774820344475493,0.06774820344475493,0.08674121186186984,0.08674121186186984,0.04428100098882192,0.04428100098882192,0.06774820344475493,0.06774820344475493
ID_9MROM2,0.024089378584219022,0.024089378584219022,0.010934029668398468,0.010934029668398468,0.01247380944157476,0.01247380944157476,0.024089378584219022,0.024089378584219022
ID_MXJE6Z,0.06774820344475493,0.06774820344475493,0.08674121186186984,0.08674121186186984,0.04428100098882192,0.04428100098882192,0.06774820344475493,0.06774820344475493
ID_HXOTEN,0.05299793944431347,0.05299793944431347,0.07507995429834749,0.07507995429834749,0.06643889724279854,0.06643889724279854,0.05299793944431347,0.05299793944431347
ID_3GRDZX,0.024079788482056087,0.024079788482056087,0.010881591874018808,0.010881591874018808,0.012327362757039365,0.012327362757039365,0.024079788482056087,0.024079788482056087
ID_QUV2SL,0.037999437592035584,0.037999437592035584,0.06716250424612785,0.06716250424612785,0.020587901901720895,0.020587901901720895,0.037999437592035584,0.037999437592035584
ID_XVD7XJ,0.024079788482056087,0.024079788482056087,0.010928129418242023,0.010928129418242023,0.012340023565239291,0.012340023565239291,0.024079788482056087,0.024079788482056087
ID_D4H6PR,0.06774820344475493,0.06774820344475493,0.08674121186186984,0.08674121186186984,0.04428100098882192,0.04428100098882192,0.06774820344475493,0.06774820344475493
ID_P50S8V,0.6469441759404282,0.6469441759404282,0.597024294619589,0.597024294619589,0.591694856856456,0.591694856856456,0.6469441759404282,0.6469441759404282
ID_B1P8NI,0.6961605956428024,0.6961605956428024,0.7333547948478703,0.7333547948478703,0.7579814456312124,0.7579814456312124,0.6961605956428024,0.6961605956428024
ID_VHAKMG,0.6414235050860906,0.6414235050860906,0.6323534097282254,0.6323534097282254,0.6370225197503391,0.6370225197503391,0.6414235050860906,0.6414235050860906
ID_P1BZK5,0.06416833577238526,0.06416833577238526,0.10438671172615277,0.10438671172615277,0.16394466373785518,0.16394466373785518,0.06416833577238526,0.06416833577238526
ID_1VFWEO,0.4922222550811238,0.4922222550811238,0.3918458621935944,0.3918458621935944,0.3501616128384212,0.3501616128384212,0.4922222550811238,0.4922222550811238
ID_DS7LOZ,0.024079788482056087,0.024079788482056087,0.010934510732434913,0.010934510732434913,0.012324702243638385,0.012324702243638385,0.024079788482056087,0.024079788482056087
ID_3PM5TY,0.024079788482056087,0.024079788482056087,0.010881591874018808,0.010881591874018808,0.012327362757039365,0.012327362757039365,0.024079788482056087,0.024079788482056087
ID_ACVINX,0.054059815948856914,0.054059815948856914,0.09484251640257854,0.09484251640257854,0.0824574755254006,0.0824574755254006,0.054059815948856914,0.054059815948856914
ID_N9WXLE,0.05315455031606782,0.05315455031606782,0.07788352102026128,0.07788352102026128,0.07846548297361222,0.07846548297361222,0.05315455031606782,0.05315455031606782
ID_HOZEHI,0.6472851914058947,0.6472851914058947,0.5538266895284008,0.5538266895284008,0.5590531385892754,0.5590531385892754,0.6472851914058947,0.6472851914058947
ID_ACNM6Y,0.06385045260071641,0.06385045260071641,0.10679470606701548,0.10679470606701548,0.09729096936691417,0.09729096936691417,0.06385045260071641,0.06385045260071641
ID_4E94FT,0.024079788482056087,0.024079788482056087,0.01083646600827399,0.01083646600827399,0.012333384833325611,0.012333384833325611,0.024079788482056087,0.024079788482056087
ID_PCOVC8,0.6385210025071718,0.6385210025071718,0.5116647452794966,0.5116647452794966,0.5088436927862738,0.5088436927862738,0.6385210025071718,0.6385210025071718
ID_Q9IZA8,0.024079788482056087,0.024079788482056087,0.01083646600827399,0.01083646600827399,0.012333384833325611,0.012333384833325611,0.024079788482056087,0.024079788482056087
ID_PBDHXZ,0.05315455031606782,0.05315455031606782,0.07788352102026128,0.07788352102026128,0.07846548297361222,0.07846548297361222,0.05315455031606782,0.05315455031606782
ID_CY8HQK,0.05747953694086238,0.05747953694086238,0.08961848864341279,0.08961848864341279,0.07831978836928649,0.07831978836928649,0.05747953694086238,0.05747953694086238
ID_SPCMX9,0.024079788482056087,0.024079788482056087,0.010919793121117082,0.010919793121117082,0.012338087298988297,0.012338087298988297,0.024079788482056087,0.024079788482056087
ID_T242K8,0.024079788482056087,0.024079788482056087,0.01085549745281006,0.01085549745281006,0.012333384833325611,0.012333384833325611,0.024079788482056087,0.024079788482056087
ID_3B5N8K,0.05315455031606782,0.05315455031606782,0.07788352102026128,0.07788352102026128,0.07846548297361222,0.07846548297361222,0.05315455031606782,0.05315455031606782
ID_5GKAF9,0.024079788482056087,0.024079788482056087,0.01091964705713918,0.01091964705713918,0.012338087298988297,0.012338087298988297,0.024079788482056087,0.024079788482056087
ID_KTCVZC,0.024079788482056087,0.024079788482056087,0.01083646600827399,0.01083646600827399,0.012333384833325611,0.012333384833325611,0.024079788482056087,0.024079788482056087
ID_T2WXE1,0.024079788482056087,0.024079788482056087,0.010935635517684006,0.010935635517684006,0.012324702243638385,0.012324702243638385,0.024079788482056087,0.024079788482056087
ID_6QKMNI,0.054059815948856914,0.054059815948856914,0.09484251640257854,0.09484251640257854,0.0824574755254006,0.0824574755254006,0.054059815948856914,0.054059815948856914
ID_3FZUIO,0.09690577295755234,0.09690577295755234,0.21324219959308946,0.21324219959308946,0.1807873449711383,0.1807873449711383,0.09690577295755234,0.09690577295755234
ID_O00R2A,0.6474454836045553,0.6474454836045553,0.5812578127506752,0.5812578127506752,0.591694856856456,0.591694856856456,0.6474454836045553,0.6474454836045553
ID_XJTAL7,0.024089378584219022,0.024089378584219022,0.01091171500345919,0.01091171500345919,0.012332079392643011,0.012332079392643011,0.024089378584219022,0.024089378584219022
ID_NT0QPX,0.6662665583131793,0.6662665583131793,0.6925000017879244,0.6925000017879244,0.6958700461858535,0.6958700461858535,0.6662665583131793,0.6662665583131793
ID_UQ658O,0.05315455031606782,0.05315455031606782,0.07788352102026128,0.07788352102026128,0.07846548297361222,0.07846548297361222,0.05315455031606782,0.05315455031606782
ID_ZKA4ZO,0.09421475783584835,0.09421475783584835,0.09584639389670097,0.09584639389670097,0.10959952939047464,0.10959952939047464,0.09421475783584835,0.09421475783584835
ID_F7RSFR,0.024079788482056087,0.024079788482056087,0.010919793121117082,0.010919793121117082,0.012338087298988297,0.012338087298988297,0.024079788482056087,0.024079788482056087
ID_2R52MU,0.09690577295755234,0.09690577295755234,0.21324219959308946,0.21324219959308946,0.1807873449711383,0.1807873449711383,0.09690577295755234,0.09690577295755234
ID_134UJF,0.024079788482056087,0.024079788482056087,0.010809043686661055,0.010809043686661055,0.012340747812389277,0.012340747812389277,0.024079788482056087,0.024079788482056087
ID_UX404U,0.024079788482056087,0.024079788482056087,0.010866549079028166,0.010866549079028166,0.012340747812389277,0.012340747812389277,0.024079788482056087,0.024079788482056087
ID_MRF8HI,0.6650563556740017,0.6650563556740017,0.6916180980877278,0.6916180980877278,0.6756002812232931,0.6756002812232931,0.6650563556740017,0.6650563556740017
ID_FPUZW4,0.024079788482056087,0.024079788482056087,0.010919793121117082,0.010919793121117082,0.012338087298988297,0.012338087298988297,0.024079788482056087,0.024079788482056087
ID_J55FHB,0.048786449785687164,0.048786449785687164,0.06824247588952204,0.06824247588952204,0.027231319633407112,0.027231319633407112,0.048786449785687164,0.048786449785687164
ID_NUI7QC,0.06385045260071641,0.06385045260071641,0.10679470606701548,0.10679470606701548,0.09729096936691417,0.09729096936691417,0.06385045260071641,0.06385045260071641
ID_PAH8E7,0.024079788482056087,0.024079788482056087,0.010866549079028166,0.010866549079028166,0.012340747812389277,0.012340747812389277,0.024079788482056087,0.024079788482056087
ID_NPER5O,0.024079788482056087,0.024079788482056087,0.01091964705713918,0.01091964705713918,0.012338087298988297,0.012338087298988297,0.024079788482056087,0.024079788482056087
ID_SXC6H6,0.6474454836045553,0.6474454836045553,0.5662687045397375,0.5662687045397375,0.5891605855721846,0.5891605855721846,0.6474454836045553,0.6474454836045553
ID_9ECTWS,0.6474454836045553,0.6474454836045553,0.5677591619059619,0.5677591619059619,0.5891605855721846,0.5891605855721846,0.6474454836045553,0.6474454836045553
ID_BJ7D96,0.024079788482056087,0.024079788482056087,0.010859086691360237,0.010859086691360237,0.012333384833325611,0.012333384833325611,0.024079788482056087,0.024079788482056087
ID_YSS4R7,0.024079788482056087,0.024079788482056087,0.01091964705713918,0.01091964705713918,0.012338087298988297,0.012338087298988297,0.024079788482056087,0.024079788482056087
ID_HKTMZS,0.024079788482056087,0.024079788482056087,0.01080676602478632,0.01080676602478632,0.012340747812389277,0.012340747812389277,0.024079788482056087,0.024079788482056087
ID_BMNQKP,0.03532751414564782,0.03532751414564782,0.061922148340193134,0.061922148340193134,0.01825057261425008,0.01825057261425008,0.03532751414564782,0.03532751414564782
ID_6SD288,0.054059815948856914,0.054059815948856914,0.09484251640257854,0.09484251640257854,0.0824574755254006,0.0824574755254006,0.054059815948856914,0.054059815948856914
ID_VCUVSI,0.5010379520855679,0.5010379520855679,0.5056599756049036,0.5056599756049036,0.39457673987228004,0.39457673987228004,0.5010379520855679,0.5010379520855679
ID_1E6RRT,0.03637198496318142,0.03637198496318142,0.06321807636437127,0.06321807636437127,0.018454224407861645,0.018454224407861645,0.03637198496318142,0.03637198496318142
ID_QWHDJ6,0.6593333901677345,0.6593333901677345,0.6782718296724406,0.6782718296724406,0.66055097908525,0.66055097908525,0.6593333901677345,0.6593333901677345
ID_7A81Z0,0.037999437592035584,0.037999437592035584,0.06717235561128514,0.06717235561128514,0.019589877904960026,0.019589877904960026,0.037999437592035584,0.037999437592035584
ID_V1IGD1,0.024079788482056087,0.024079788482056087,0.010847318534323965,0.010847318534323965,0.012346769888675523,0.012346769888675523,0.024079788482056087,0.024079788482056087
ID_KGJM6D,0.024079788482056087,0.024079788482056087,0.010863751328739197,0.010863751328739197,0.012333384833325611,0.012333384833325611,0.024079788482056087,0.024079788482056087
ID_PB7GWB,0.024079788482056087,0.024079788482056087,0.010881591874018808,0.010881591874018808,0.012327362757039365,0.012327362757039365,0.024079788482056087,0.024079788482056087
ID_RU0BM2,0.024079788482056087,0.024079788482056087,0.010859086691360237,0.010859086691360237,0.012333384833325611,0.012333384833325611,0.024079788482056087,0.024079788482056087
ID_KQBP25,0.024089378584219022,0.024089378584219022,0.010933559486194941,0.010933559486194941,0.01247380944157476,0.01247380944157476,0.024089378584219022,0.024089378584219022
ID_S12YPO,0.6472672064646569,0.6472672064646569,0.5266114069839951,0.5266114069839951,0.5545349070858805,0.5545349070858805,0.6472672064646569,0.6472672064646569
ID_4STW9Z,0.5125587816792191,0.5125587816792191,0.49591636217721474,0.49591636217721474,0.466252207244693,0.466252207244693,0.5125587816792191,0.5125587816792191
ID_3HJ5U2,0.6526712600092655,0.6526712600092655,0.664805623866306,0.664805623866306,0.6773829192776739,0.6773829192776739,0.6526712600092655,0.6526712600092655
ID_IWBR0X,0.6654480507954743,0.6654480507954743,0.6879121203008498,0.6879121203008498,0.6654388236184446,0.6654388236184446,0.6654480507954743,0.6654480507954743
ID_F702MM,0.024079788482056087,0.024079788482056087,0.010849192572260115,0.010849192572260115,0.012333384833325611,0.012333384833325611,0.024079788482056087,0.024079788482056087
ID_P3UTGI,0.024079788482056087,0.024079788482056087,0.01087905457275709,0.01087905457275709,0.012327517911597087,0.012327517911597087,0.024079788482056087,0.024079788482056087
ID_Z5BDVD,0.08377200070926401,0.08377200070926401,0.16794860008053208,0.16794860008053208,0.09985436716980099,0.09985436716980099,0.08377200070926401,0.08377200070926401
ID_POLQ33,0.3802293888484006,0.3802293888484006,0.29920591782447875,0.29920591782447875,0.25100054065449035,0.25100054065449035,0.3802293888484006,0.3802293888484006
ID_00FGHV,0.6190533154518825,0.6190533154518825,0.5972511142754908,0.5972511142754908,0.694476531873393,0.694476531873393,0.6190533154518825,0.6190533154518825
ID_YDQNRI,0.5041014642765936,0.5041014642765936,0.5342645454335094,0.5342645454335094,0.5162087905656811,0.5162087905656811,0.5041014642765936,0.5041014642765936
ID_GD1YS3,0.38451463886561865,0.38451463886561865,0.21743986680677516,0.21743986680677516,0.18421330254082557,0.18421330254082557,0.38451463886561865,0.38451463886561865
ID_KQNHNN,0.4655425052542213,0.4655425052542213,0.5032925075492951,0.5032925075492951,0.5099285995377723,0.5099285995377723,0.4655425052542213,0.4655425052542213
ID_R4SVZT,0.33794934545638916,0.33794934545638916,0.19596085745917105,0.19596085745917105,0.10126888070309771,0.10126888070309771,0.33794934545638916,0.33794934545638916
ID_ANQ3L6,0.3885208204178608,0.3885208204178608,0.23946221071580465,0.23946221071580465,0.17788062794296264,0.17788062794296264,0.3885208204178608,0.3885208204178608
ID_GGDIMC,0.3387697180439246,0.3387697180439246,0.20376455378038794,0.20376455378038794,0.08948070747277867,0.08948070747277867,0.3387697180439246,0.3387697180439246
ID_DA5QKQ,0.024079788482056087,0.024079788482056087,0.010870383928340034,0.010870383928340034,0.012325724965576589,0.012325724965576589,0.024079788482056087,0.024079788482056087
ID_ENU5TU,0.024079788482056087,0.024079788482056087,0.010836670639732555,0.010836670639732555,0.012325724965576589,0.012325724965576589,0.024079788482056087,0.024079788482056087
ID_IJNDAU,0.024079788482056087,0.024079788482056087,0.01097500924964853,0.01097500924964853,0.012400604702085009,0.012400604702085009,0.024079788482056087,0.024079788482056087
ID_QNWUIA,0.018817247150861572,0.018817247150861572,0.014566092506114662,0.014566092506114662,0.026624751684395993,0.026624751684395993,0.018817247150861572,0.018817247150861572
ID_0WNG6D,0.024079788482056087,0.024079788482056087,0.03132047515800885,0.03132047515800885,0.04347827577664133,0.04347827577664133,0.024079788482056087,0.024079788482056087
ID_8EX44U,0.024409081149631626,0.024409081149631626,0.054472795647753355,0.054472795647753355,0.07629543874003375,0.07629543874003375,0.024409081149631626,0.024409081149631626
ID_92PU7R,0.025244373810829987,0.025244373810829987,0.09864568157055408,0.09864568157055408,0.0753245588411931,0.0753245588411931,0.025244373810829987,0.025244373810829987
ID_N2FZUH,0.024079788482056087,0.024079788482056087,0.012745226098440884,0.012745226098440884,0.013328539179212982,0.013328539179212982,0.024079788482056087,0.024079788482056087
ID_90OLRU,0.024079788482056087,0.024079788482056087,0.012745226098440884,0.012745226098440884,0.013328539179212982,0.013328539179212982,0.024079788482056087,0.024079788482056087
ID_XZY8MP,0.024079788482056087,0.024079788482056087,0.0312769321461749,0.0312769321461749,0.04185501964167768,0.04185501964167768,0.024079788482056087,0.024079788482056087
ID_HAAT76,0.024109603628150303,0.024109603628150303,0.010833669350325176,0.010833669350325176,0.012666722631048299,0.012666722631048299,0.024109603628150303,0.024109603628150303
ID_U088B7,0.024079788482056087,0.024079788482056087,0.027213217288980414,0.027213217288980414,0.03168754084813306,0.03168754084813306,0.024079788482056087,0.024079788482056087
ID_Q8URMK,0.022274344939083555,0.022274344939083555,0.03422739414734471,0.03422739414734471,0.034763174084164516,0.034763174084164516,0.022274344939083555,0.022274344939083555
ID_GS2DIL,0.07575747781079578,0.07575747781079578,0.10368635526269926,0.10368635526269926,0.07876080630043453,0.07876080630043453,0.07575747781079578,0.07575747781079578
ID_C5THPI,0.029660495578904787,0.029660495578904787,0.018906728677100085,0.018906728677100085,0.022185134259819207,0.022185134259819207,0.029660495578904787,0.029660495578904787
ID_JP5OOL,0.027844304338612683,0.027844304338612683,0.016865036192643575,0.016865036192643575,0.02150747992197426,0.02150747992197426,0.027844304338612683,0.027844304338612683
ID_PX9PLQ,0.10476718647453398,0.10476718647453398,0.12935037612751618,0.12935037612751618,0.13094297172819858,0.13094297172819858,0.10476718647453398,0.10476718647453398
ID_7330RT,0.024079788482056087,0.024079788482056087,0.03127085879743237,0.03127085879743237,0.04200340055836982,0.04200340055836982,0.024079788482056087,0.024079788482056087
ID_O33VRI,0.018817247150861572,0.018817247150861572,0.014566092506114662,0.014566092506114662,0.026624751684395993,0.026624751684395993,0.018817247150861572,0.018817247150861572
ID_YF2V6H,0.019215108341884356,0.019215108341884356,0.014659702017741208,0.014659702017741208,0.02660560525935037,0.02660560525935037,0.019215108341884356,0.019215108341884356
ID_Q7ZF74,0.029660495578904787,0.029660495578904787,0.021472452447217107,0.021472452447217107,0.022184034921168636,0.022184034921168636,0.029660495578904787,0.029660495578904787
ID_8J8ZIO,0.14895673346440563,0.14895673346440563,0.14356575904408525,0.14356575904408525,0.13849087838208243,0.13849087838208243,0.14895673346440563,0.14895673346440563
ID_60GJ5S,0.024109603628150303,0.024109603628150303,0.012828957897759863,0.012828957897759863,0.013823689704416506,0.013823689704416506,0.024109603628150303,0.024109603628150303
ID_2OUBT5,0.024079788482056087,0.024079788482056087,0.027976260052096694,0.027976260052096694,0.032322136812397,0.032322136812397,0.024079788482056087,0.024079788482056087
ID_12WOGA,0.018500472100531608,0.018500472100531608,0.014540063461794832,0.014540063461794832,0.025394114482228468,0.025394114482228468,0.018500472100531608,0.018500472100531608
ID_ZWFCLM,0.031195684168875717,0.031195684168875717,0.02483597882402815,0.02483597882402815,0.02263580756888191,0.02263580756888191,0.031195684168875717,0.031195684168875717
ID_VGMTRR,0.024079788482056087,0.024079788482056087,0.010870383928340034,0.010870383928340034,0.012325724965576589,0.012325724965576589,0.024079788482056087,0.024079788482056087
ID_5YECKD,0.018817247150861572,0.018817247150861572,0.014566092506114662,0.014566092506114662,0.026624751684395993,0.026624751684395993,0.018817247150861572,0.018817247150861572
ID_2149G2,0.024079788482056087,0.024079788482056087,0.03132047515800885,0.03132047515800885,0.04347827577664133,0.04347827577664133,0.024079788482056087,0.024079788482056087
ID_KIDIEK,0.024089378584219022,0.024089378584219022,0.01924474494428638,0.01924474494428638,0.04179642361404297,0.04179642361404297,0.024089378584219022,0.024089378584219022
ID_5KFOE3,0.018787432004767356,0.018787432004767356,0.014578526325643647,0.014578526325643647,0.026613211307963843,0.026613211307963843,0.018787432004767356,0.018787432004767356
ID_CJJFN7,0.024109603628150303,0.024109603628150303,0.010833669350325176,0.010833669350325176,0.012666722631048299,0.012666722631048299,0.024109603628150303,0.024109603628150303
ID_KMFM96,0.018817247150861572,0.018817247150861572,0.014566092506114662,0.014566092506114662,0.026624751684395993,0.026624751684395993,0.018817247150861572,0.018817247150861572
ID_XK9L0I,0.024109603628150303,0.024109603628150303,0.01451389005378465,0.01451389005378465,0.013738772605891783,0.013738772605891783,0.024109603628150303,0.024109603628150303
ID_06TUVJ,0.03040157437210699,0.03040157437210699,0.02483597882402815,0.02483597882402815,0.02251907037349303,0.02251907037349303,0.03040157437210699,0.03040157437210699
ID_XHG003,0.029206044019309665,0.029206044019309665,0.018637414701122085,0.018637414701122085,0.02151639014730998,0.02151639014730998,0.029206044019309665,0.029206044019309665
ID_NX5RVU,0.02841356546132218,0.02841356546132218,0.021214002471825266,0.021214002471825266,0.0203313221442844,0.0203313221442844,0.02841356546132218,0.02841356546132218
ID_9TQ75E,0.018817247150861572,0.018817247150861572,0.014566092506114662,0.014566092506114662,0.026624751684395993,0.026624751684395993,0.018817247150861572,0.018817247150861572
ID_N7FKWB,0.024079788482056087,0.024079788482056087,0.010866531309927253,0.010866531309927253,0.012325724965576589,0.012325724965576589,0.024079788482056087,0.024079788482056087
ID_6YYGIZ,0.08800634371036421,0.08800634371036421,0.09690038638572607,0.09690038638572607,0.09597517450933156,0.09597517450933156,0.08800634371036421,0.08800634371036421
ID_2FSC9D,0.024961128692963887,0.024961128692963887,0.017359011940952178,0.017359011940952178,0.020477891645316094,0.020477891645316094,0.024961128692963887,0.024961128692963887
ID_SJQSN7,0.024079788482056087,0.024079788482056087,0.010870383928340034,0.010870383928340034,0.012325724965576589,0.012325724965576589,0.024079788482056087,0.024079788482056087
ID_1D43WK,0.024079788482056087,0.024079788482056087,0.027263971692484283,0.027263971692484283,0.03216362079117043,0.03216362079117043,0.024079788482056087,0.024079788482056087
ID_UPPKDE,0.024079788482056087,0.024079788482056087,0.010870383928340034,0.010870383928340034,0.012325724965576589,0.012325724965576589,0.024079788482056087,0.024079788482056087
ID_WLOGY7,0.024079788482056087,0.024079788482056087,0.032826529993470153,0.032826529993470153,0.03701397213116182,0.03701397213116182,0.024079788482056087,0.024079788482056087
ID_6IE66T,0.02438630613276456,0.02438630613276456,0.014992760162101961,0.014992760162101961,0.015125459143505143,0.015125459143505143,0.02438630613276456,0.02438630613276456
ID_JLGA9S,0.024079788482056087,0.024079788482056087,0.018634883506786423,0.018634883506786423,0.02976246498134478,0.02976246498134478,0.024079788482056087,0.024079788482056087
ID_AWHF2K,0.027627116580499433,0.027627116580499433,0.020531396697268348,0.020531396697268348,0.019959850667769397,0.019959850667769397,0.027627116580499433,0.027627116580499433
ID_UHB821,0.03040157437210699,0.03040157437210699,0.02483597882402815,0.02483597882402815,0.02251907037349303,0.02251907037349303,0.03040157437210699,0.03040157437210699
ID_I1RLPK,0.018787432004767356,0.018787432004767356,0.014578526325643647,0.014578526325643647,0.026613211307963843,0.026613211307963843,0.018787432004767356,0.018787432004767356
ID_FZ714I,0.018817247150861572,0.018817247150861572,0.014566092506114662,0.014566092506114662,0.026624751684395993,0.026624751684395993,0.018817247150861572,0.018817247150861572
ID_BW2KFV,0.024079788482056087,0.024079788482056087,0.010745010024954066,0.010745010024954066,0.012659990477553028,0.012659990477553028,0.024079788482056087,0.024079788482056087
ID_WZ4ZLP,0.024079788482056087,0.024079788482056087,0.0312769321461749,0.0312769321461749,0.04185501964167768,0.04185501964167768,0.024079788482056087,0.024079788482056087
ID_A804C8,0.018817247150861572,0.018817247150861572,0.014566092506114662,0.014566092506114662,0.026624751684395993,0.026624751684395993,0.018817247150861572,0.018817247150861572
ID_O0SAC9,0.02413404155581404,0.02413404155581404,0.014356827560757924,0.014356827560757924,0.013579203632367354,0.013579203632367354,0.02413404155581404,0.02413404155581404
ID_2FZGUI,0.018817247150861572,0.018817247150861572,0.014566092506114662,0.014566092506114662,0.026624751684395993,0.026624751684395993,0.018817247150861572,0.018817247150861572
ID_048GQG,0.018817247150861572,0.018817247150861572,0.014566092506114662,0.014566092506114662,0.026624751684395993,0.026624751684395993,0.018817247150861572,0.018817247150861572
ID_J1UM6R,0.024986839834995084,0.024986839834995084,0.014182923493813294,0.014182923493813294,0.018892869758039808,0.018892869758039808,0.024986839834995084,0.024986839834995084
ID_T5VKMK,0.02410422640971982,0.02410422640971982,0.013049226999710069,0.013049226999710069,0.013423514696706869,0.013423514696706869,0.02410422640971982,0.02410422640971982
ID_0BYJ5N,0.024079788482056087,0.024079788482056087,0.011477573822378462,0.011477573822378462,0.012336062148526795,0.012336062148526795,0.024079788482056087,0.024079788482056087
ID_K8ESYM,0.024079788482056087,0.024079788482056087,0.010853971118856024,0.010853971118856024,0.012326575510425408,0.012326575510425408,0.024079788482056087,0.024079788482056087
ID_KNY5YG,0.024143631657976974,0.024143631657976974,0.01249982630263189,0.01249982630263189,0.014719270232108393,0.014719270232108393,0.024143631657976974,0.024143631657976974
ID_D2DLCV,0.02423491176524259,0.02423491176524259,0.011311932992342323,0.011311932992342323,0.012373108190142855,0.012373108190142855,0.02423491176524259,0.02423491176524259
ID_UYNICE,0.024089378584219022,0.024089378584219022,0.011747202723055607,0.011747202723055607,0.01232737955883957,0.01232737955883957,0.024089378584219022,0.024089378584219022
ID_G60X6Z,0.024079788482056087,0.024079788482056087,0.01328784254000125,0.01328784254000125,0.013136472294283937,0.013136472294283937,0.024079788482056087,0.024079788482056087
ID_HSPNIW,0.02471698649462738,0.02471698649462738,0.018985552640419973,0.018985552640419973,0.012966127124370746,0.012966127124370746,0.02471698649462738,0.02471698649462738
ID_5VE34C,0.024180658691484638,0.024180658691484638,0.01123662038413206,0.01123662038413206,0.012373108190142855,0.012373108190142855,0.024180658691484638,0.024180658691484638
ID_1UIH4F,0.030265420286324705,0.030265420286324705,0.03196132635416904,0.03196132635416904,0.04574586554354991,0.04574586554354991,0.030265420286324705,0.030265420286324705
ID_J6NXSU,0.024079788482056087,0.024079788482056087,0.01328784254000125,0.01328784254000125,0.013136472294283937,0.013136472294283937,0.024079788482056087,0.024079788482056087
ID_VBT4T1,0.024113816511882755,0.024113816511882755,0.012468944717878593,0.012468944717878593,0.013251771741771478,0.013251771741771478,0.024113816511882755,0.024113816511882755
ID_3A48N3,0.024182167303449034,0.024182167303449034,0.012679281213311288,0.012679281213311288,0.015055725141735319,0.015055725141735319,0.024182167303449034,0.024182167303449034
ID_8JDABW,0.02438630613276456,0.02438630613276456,0.011614541324915734,0.011614541324915734,0.014148320624001905,0.014148320624001905,0.02438630613276456,0.02438630613276456
ID_RXFZLF,0.02431309223075146,0.02431309223075146,0.012377550867514419,0.012377550867514419,0.013055068622270573,0.013055068622270573,0.02431309223075146,0.02431309223075146
ID_VFFFGX,0.024624033869783016,0.024624033869783016,0.012695267076953313,0.012695267076953313,0.019840062992674257,0.019840062992674257,0.024624033869783016,0.024624033869783016
ID_NFHSAZ,0.02410422640971982,0.02410422640971982,0.013049226999710069,0.013049226999710069,0.013423514696706869,0.013423514696706869,0.02410422640971982,0.02410422640971982
ID_7ZY0NG,0.024180658691484638,0.024180658691484638,0.01123662038413206,0.01123662038413206,0.012373108190142855,0.012373108190142855,0.024180658691484638,0.024180658691484638
ID_8QIBCL,0.024079788482056087,0.024079788482056087,0.012926384423840856,0.012926384423840856,0.013087903475048037,0.013087903475048037,0.024079788482056087,0.024079788482056087
ID_MNWT6P,0.024113816511882755,0.024113816511882755,0.013056642911429776,0.013056642911429776,0.013414723964126586,0.013414723964126586,0.024113816511882755,0.024113816511882755
ID_S8PJBH,0.02415235215735482,0.02415235215735482,0.013148517391271507,0.013148517391271507,0.01678630785823452,0.01678630785823452,0.02415235215735482,0.02415235215735482
ID_GSOEX8,0.024180658691484638,0.024180658691484638,0.011197036824672421,0.011197036824672421,0.012373108190142855,0.012373108190142855,0.024180658691484638,0.024180658691484638
ID_65S4A3,0.024303502128588526,0.024303502128588526,0.012374380034804061,0.012374380034804061,0.01322299473478107,0.01322299473478107,0.024303502128588526,0.024303502128588526
ID_01C6IY,0.024079788482056087,0.024079788482056087,0.010859336886254359,0.010859336886254359,0.01230752093980226,0.01230752093980226,0.024079788482056087,0.024079788482056087
ID_4QEIOH,0.024180658691484638,0.024180658691484638,0.01123662038413206,0.01123662038413206,0.012373108190142855,0.012373108190142855,0.024180658691484638,0.024180658691484638
ID_KQAT5X,0.02431309223075146,0.02431309223075146,0.012377550867514419,0.012377550867514419,0.013055068622270573,0.013055068622270573,0.02431309223075146,0.02431309223075146
ID_FHFMAM,0.02420362558468907,0.02420362558468907,0.011572142436726426,0.011572142436726426,0.012373108190142855,0.012373108190142855,0.02420362558468907,0.02420362558468907
ID_16IYHJ,0.027007405152700174,0.027007405152700174,0.027420597675438224,0.027420597675438224,0.033273107626669955,0.033273107626669955,0.027007405152700174,0.027007405152700174
ID_S2R9OO,0.024143631657976974,0.024143631657976974,0.011567384797737253,0.011567384797737253,0.012511241658286789,0.012511241658286789,0.024143631657976974,0.024143631657976974
ID_1YPD87,0.024079788482056087,0.024079788482056087,0.010853971118856024,0.010853971118856024,0.012326575510425408,0.012326575510425408,0.024079788482056087,0.024079788482056087
ID_IZPAAG,0.024079788482056087,0.024079788482056087,0.01328784254000125,0.01328784254000125,0.013136472294283937,0.013136472294283937,0.024079788482056087,0.024079788482056087
ID_LU1WVW,0.02410422640971982,0.02410422640971982,0.011642988701814419,0.011642988701814419,0.012834822305860447,0.012834822305860447,0.02410422640971982,0.02410422640971982
ID_JYWA52,0.024415923869167893,0.024415923869167893,0.012373270564969598,0.012373270564969598,0.016960134304760163,0.016960134304760163,0.024415923869167893,0.024415923869167893
ID_DAAUON,0.024079788482056087,0.024079788482056087,0.010949160394116846,0.010949160394116846,0.012326575510425408,0.012326575510425408,0.024079788482056087,0.024079788482056087
ID_63MA7T,0.02423491176524259,0.02423491176524259,0.011273022295946537,0.011273022295946537,0.012373108190142855,0.012373108190142855,0.02423491176524259,0.02423491176524259
ID_WPMWMW,0.024381443022317737,0.024381443022317737,0.013402485704825695,0.013402485704825695,0.01659304077108744,0.01659304077108744,0.024381443022317737,0.024381443022317737
ID_XWS3E2,0.024079788482056087,0.024079788482056087,0.01110724696275177,0.01110724696275177,0.012324538752989313,0.012324538752989313,0.024079788482056087,0.024079788482056087
ID_RQW2NY,0.024079788482056087,0.024079788482056087,0.01328784254000125,0.01328784254000125,0.013136472294283937,0.013136472294283937,0.024079788482056087,0.024079788482056087
ID_CF06U6,0.02415235215735482,0.02415235215735482,0.013148517391271507,0.013148517391271507,0.017288477245683852,0.017288477245683852,0.02415235215735482,0.02415235215735482
ID_K9GCJZ,0.02448894514047558,0.02448894514047558,0.012274311773979127,0.012274311773979127,0.01576727762667909,0.01576727762667909,0.02448894514047558,0.02448894514047558
ID_UDX6J6,0.024180658691484638,0.024180658691484638,0.011197036824672421,0.011197036824672421,0.012373108190142855,0.012373108190142855,0.024180658691484638,0.024180658691484638
ID_YEK3N6,0.024113816511882755,0.024113816511882755,0.011647046848881768,0.011647046848881768,0.012824095307029168,0.012824095307029168,0.024113816511882755,0.024113816511882755
ID_RZMYEA,0.024180658691484638,0.024180658691484638,0.011197036824672421,0.011197036824672421,0.012373108190142855,0.012373108190142855,0.024180658691484638,0.024180658691484638
ID_KGBQSU,0.02438630613276456,0.02438630613276456,0.011633102374437177,0.011633102374437177,0.014142150746007495,0.014142150746007495,0.02438630613276456,0.02438630613276456
ID_ANMF9T,0.024180658691484638,0.024180658691484638,0.01123662038413206,0.01123662038413206,0.012373108190142855,0.012373108190142855,0.024180658691484638,0.024180658691484638
ID_12IR7V,0.024079788482056087,0.024079788482056087,0.013133998179873365,0.013133998179873365,0.01307841683694665,0.01307841683694665,0.024079788482056087,0.024079788482056087
ID_7L6OKC,0.024143631657976974,0.024143631657976974,0.011567384797737253,0.011567384797737253,0.012511241658286789,0.012511241658286789,0.024143631657976974,0.024143631657976974
ID_L18EB0,0.02438630613276456,0.02438630613276456,0.012334206634354295,0.012334206634354295,0.016689158240784874,0.016689158240784874,0.02438630613276456,0.02438630613276456
ID_KS8ESR,0.024079788482056087,0.024079788482056087,0.011804373977768127,0.011804373977768127,0.012329315825090564,0.012329315825090564,0.024079788482056087,0.024079788482056087
ID_MGLJCN,0.024173810438594855,0.024173810438594855,0.01148351063192624,0.01148351063192624,0.012373108190142855,0.012373108190142855,0.024173810438594855,0.024173810438594855
ID_K6VD1U,0.024143631657976974,0.024143631657976974,0.011567384797737253,0.011567384797737253,0.012511241658286789,0.012511241658286789,0.024143631657976974,0.024143631657976974
ID_NBOI6E,0.02423491176524259,0.02423491176524259,0.011311932992342323,0.011311932992342323,0.012373108190142855,0.012373108190142855,0.02423491176524259,0.02423491176524259
ID_295N8V,0.024342907376845677,0.024342907376845677,0.01262883560483507,0.01262883560483507,0.01342506664594318,0.01342506664594318,0.024342907376845677,0.024342907376845677
ID_8GVR4A,0.02410422640971982,0.02410422640971982,0.01304860802663197,0.01304860802663197,0.013423514696706869,0.013423514696706869,0.02410422640971982,0.02410422640971982
ID_92ZY5Y,0.02420362558468907,0.02420362558468907,0.011572142436726426,0.011572142436726426,0.012373108190142855,0.012373108190142855,0.02420362558468907,0.02420362558468907
ID_UOTTW5,0.024113816511882755,0.024113816511882755,0.013056642911429776,0.013056642911429776,0.013414723964126586,0.013414723964126586,0.024113816511882755,0.024113816511882755
ID_NUS824,0.0241725772012861,0.0241725772012861,0.013746080391606009,0.013746080391606009,0.015544989937223534,0.015544989937223534,0.0241725772012861,0.0241725772012861
ID_6M47S2,0.02410422640971982,0.02410422640971982,0.012578669454152855,0.012578669454152855,0.01343232893304086,0.01343232893304086,0.02410422640971982,0.02410422640971982
ID_QU3QNZ,0.024180658691484638,0.024180658691484638,0.011273022295946537,0.011273022295946537,0.012322677093176884,0.012322677093176884,0.024180658691484638,0.024180658691484638
ID_V0BREC,0.024079788482056087,0.024079788482056087,0.011298863536742665,0.011298863536742665,0.012336062148526795,0.012336062148526795,0.024079788482056087,0.024079788482056087
ID_A6QKLH,0.024079788482056087,0.024079788482056087,0.011406423409245863,0.011406423409245863,0.012330195226798272,0.012330195226798272,0.024079788482056087,0.024079788482056087
ID_210G9G,0.02431450677167603,0.02431450677167603,0.012878913210396803,0.012878913210396803,0.012829915408430684,0.012829915408430684,0.02431450677167603,0.02431450677167603
ID_9RATZ5,0.024079788482056087,0.024079788482056087,0.010857659192076574,0.010857659192076574,0.012326575510425408,0.012326575510425408,0.024079788482056087,0.024079788482056087
ID_B0QCIA,0.024180658691484638,0.024180658691484638,0.011311932992342323,0.011311932992342323,0.012322677093176884,0.012322677093176884,0.024180658691484638,0.024180658691484638
ID_EPSM9H,0.024079788482056087,0.024079788482056087,0.01080526446695185,0.01080526446695185,0.012326575510425408,0.012326575510425408,0.024079788482056087,0.024079788482056087
ID_36E2M8,0.02410422640971982,0.02410422640971982,0.011641372905882685,0.011641372905882685,0.012832886039609451,0.012832886039609451,0.02410422640971982,0.02410422640971982
ID_XJB20Q,0.024113816511882755,0.024113816511882755,0.012468170805210545,0.012468170805210545,0.014553177726926676,0.014553177726926676,0.024113816511882755,0.024113816511882755
ID_V6J8WF,0.024089378584219022,0.024089378584219022,0.017257678463428062,0.017257678463428062,0.013669197143650532,0.013669197143650532,0.024089378584219022,0.024089378584219022
ID_B8PE1F,0.02413404155581404,0.02413404155581404,0.013473063618879913,0.013473063618879913,0.016902416926040408,0.016902416926040408,0.02413404155581404,0.02413404155581404
ID_D3HW6G,0.02423491176524259,0.02423491176524259,0.011311932992342323,0.011311932992342323,0.012373108190142855,0.012373108190142855,0.02423491176524259,0.02423491176524259
ID_8L8UWY,0.024180658691484638,0.024180658691484638,0.01123662038413206,0.01123662038413206,0.012373108190142855,0.012373108190142855,0.024180658691484638,0.024180658691484638
ID_C4XYDR,0.02410422640971982,0.02410422640971982,0.012041860256388016,0.012041860256388016,0.013063882858604565,0.013063882858604565,0.02410422640971982,0.02410422640971982
ID_9ZHQSC,0.024143631657976974,0.024143631657976974,0.012704263771406953,0.012704263771406953,0.01573657415958408,0.01573657415958408,0.024143631657976974,0.024143631657976974
ID_VV6B0Z,0.024906875619205935,0.024906875619205935,0.01527156686116179,0.01527156686116179,0.016163830349240852,0.016163830349240852,0.024906875619205935,0.024906875619205935
ID_LJ3UDV,0.028549993754802775,0.028549993754802775,0.052261792046931835,0.052261792046931835,0.045125473646942436,0.045125473646942436,0.028549993754802775,0.028549993754802775
ID_SMRPHF,0.02634512828589295,0.02634512828589295,0.017361065626857446,0.017361065626857446,0.03153596866888715,0.03153596866888715,0.02634512828589295,0.02634512828589295
ID_8P2W83,0.02553357530224213,0.02553357530224213,0.016338989295833238,0.016338989295833238,0.01632078480231161,0.01632078480231161,0.02553357530224213,0.02553357530224213
ID_9AOX8N,0.02575091562411861,0.02575091562411861,0.01604714060390216,0.01604714060390216,0.03584727035868031,0.03584727035868031,0.02575091562411861,0.02575091562411861
ID_0V4XZ0,0.02516132854541459,0.02516132854541459,0.015495755035634873,0.015495755035634873,0.028312533520469193,0.028312533520469193,0.02516132854541459,0.02516132854541459
ID_71YN0L,0.04711150049084247,0.04711150049084247,0.212906132117579,0.212906132117579,0.09358790941185652,0.09358790941185652,0.04711150049084247,0.04711150049084247
ID_BSCWO5,0.16726776423386358,0.16726776423386358,0.07106709795857243,0.07106709795857243,0.0641908800000891,0.0641908800000891,0.16726776423386358,0.16726776423386358
ID_1CJ5FO,0.16639436602672064,0.16639436602672064,0.056628296408268705,0.056628296408268705,0.07441906154905875,0.07441906154905875,0.16639436602672064,0.16639436602672064
ID_L620RV,0.11921087519606585,0.11921087519606585,0.044558022047119464,0.044558022047119464,0.03504019072886875,0.03504019072886875,0.11921087519606585,0.11921087519606585
ID_XQT8TW,0.11987038575426327,0.11987038575426327,0.04700439072316179,0.04700439072316179,0.03326348027142095,0.03326348027142095,0.11987038575426327,0.11987038575426327
ID_N5ZN4G,0.11921087519606585,0.11921087519606585,0.044558022047119464,0.044558022047119464,0.03504019072886875,0.03504019072886875,0.11921087519606585,0.11921087519606585
ID_V12YNL,0.16726776423386358,0.16726776423386358,0.07106709795857243,0.07106709795857243,0.0641908800000891,0.0641908800000891,0.16726776423386358,0.16726776423386358
ID_A3DNUK,0.16726776423386358,0.16726776423386358,0.07106709795857243,0.07106709795857243,0.0641908800000891,0.0641908800000891,0.16726776423386358,0.16726776423386358
ID_5B3NF6,0.16726776423386358,0.16726776423386358,0.07106709795857243,0.07106709795857243,0.0641908800000891,0.0641908800000891,0.16726776423386358,0.16726776423386358
ID_41NZ9C,0.16726776423386358,0.16726776423386358,0.07106709795857243,0.07106709795857243,0.0641908800000891,0.0641908800000891,0.16726776423386358,0.16726776423386358
ID_JDHBFC,0.16726776423386358,0.16726776423386358,0.07106709795857243,0.07106709795857243,0.0641908800000891,0.0641908800000891,0.16726776423386358,0.16726776423386358
ID_IY9L9I,0.2260365538235585,0.2260365538235585,0.22719086057638088,0.22719086057638088,0.25555872236868293,0.25555872236868293,0.2260365538235585,0.2260365538235585
ID_U2SJ08,0.03504421313834733,0.03504421313834733,0.16438823256360804,0.16438823256360804,0.055348568182361564,0.055348568182361564,0.03504421313834733,0.03504421313834733
ID_ESM8N8,0.2581619021247501,0.2581619021247501,0.166388516001429,0.166388516001429,0.3226674588435111,0.3226674588435111,0.2581619021247501,0.2581619021247501
ID_Y8LOYK,0.1070850059340343,0.1070850059340343,0.06405752358694028,0.06405752358694028,0.06316795753795945,0.06316795753795945,0.1070850059340343,0.1070850059340343
ID_B7XTJ9,0.11951500432316413,0.11951500432316413,0.0442042130399001,0.0442042130399001,0.034879440780255164,0.034879440780255164,0.11951500432316413,0.11951500432316413
ID_KE6EOH,0.024248275086380906,0.024248275086380906,0.011406796982295412,0.011406796982295412,0.018285330550454268,0.018285330550454268,0.024248275086380906,0.024248275086380906
ID_ZOEHP1,0.11951500432316413,0.11951500432316413,0.0442042130399001,0.0442042130399001,0.034879440780255164,0.034879440780255164,0.11951500432316413,0.11951500432316413
ID_OF19CG,0.16726776423386358,0.16726776423386358,0.07106709795857243,0.07106709795857243,0.0641908800000891,0.0641908800000891,0.16726776423386358,0.16726776423386358
ID_YUT4M4,0.16726776423386358,0.16726776423386358,0.07106709795857243,0.07106709795857243,0.0641908800000891,0.0641908800000891,0.16726776423386358,0.16726776423386358
ID_CWUZQ1,0.16650682666549707,0.16650682666549707,0.05787236114975389,0.05787236114975389,0.07428441805918368,0.07428441805918368,0.16650682666549707,0.16650682666549707
ID_6FWUC1,0.1669417446198387,0.1669417446198387,0.06672873090979567,0.06672873090979567,0.07575823043154961,0.07575823043154961,0.1669417446198387,0.1669417446198387
ID_4AWIOL,0.11987038575426327,0.11987038575426327,0.04700439072316179,0.04700439072316179,0.03326348027142095,0.03326348027142095,0.11987038575426327,0.11987038575426327
ID_MSJYWZ,0.024126604961456837,0.024126604961456837,0.01088475684813143,0.01088475684813143,0.012710681656660401,0.012710681656660401,0.024126604961456837,0.024126604961456837
ID_N9NW32,0.16726776423386358,0.16726776423386358,0.07106709795857243,0.07106709795857243,0.0641908800000891,0.0641908800000891,0.16726776423386358,0.16726776423386358
ID_STP6PQ,0.21578103625484787,0.21578103625484787,0.20282850796825166,0.20282850796825166,0.247475832128295,0.247475832128295,0.21578103625484787,0.21578103625484787
ID_2Q1AXB,0.16726776423386358,0.16726776423386358,0.07106709795857243,0.07106709795857243,0.0641908800000891,0.0641908800000891,0.16726776423386358,0.16726776423386358
ID_X8CXRN,0.16726776423386358,0.16726776423386358,0.07106709795857243,0.07106709795857243,0.0641908800000891,0.0641908800000891,0.16726776423386358,0.16726776423386358
ID_ZEJHY1,0.16726776423386358,0.16726776423386358,0.07106709795857243,0.07106709795857243,0.0641908800000891,0.0641908800000891,0.16726776423386358,0.16726776423386358
ID_JT0RBZ,0.11987038575426327,0.11987038575426327,0.04700439072316179,0.04700439072316179,0.03326348027142095,0.03326348027142095,0.11987038575426327,0.11987038575426327
ID_GXNTBL,0.07549161704631087,0.07549161704631087,0.03809529884587792,0.03809529884587792,0.02234820141720481,0.02234820141720481,0.07549161704631087,0.07549161704631087
ID_I4N3U4,0.11921087519606585,0.11921087519606585,0.044558022047119464,0.044558022047119464,0.03504019072886875,0.03504019072886875,0.11921087519606585,0.11921087519606585
ID_CFDN0Q,0.37397059460781923,0.37397059460781923,0.22254788595075936,0.22254788595075936,0.1041867565563471,0.1041867565563471,0.37397059460781923,0.37397059460781923
ID_6SL7FX,0.04435587446195767,0.04435587446195767,0.060028176183798465,0.060028176183798465,0.02681472607129256,0.02681472607129256,0.04435587446195767,0.04435587446195767
ID_D4UOPR,0.027573689634376064,0.027573689634376064,0.017191971814663948,0.017191971814663948,0.016777643157317904,0.016777643157317904,0.027573689634376064,0.027573689634376064
ID_V2FWTM,0.02491854981200432,0.02491854981200432,0.011949700905366158,0.011949700905366158,0.01540770563675639,0.01540770563675639,0.02491854981200432,0.02491854981200432
ID_XR61KW,0.40198178758612746,0.40198178758612746,0.1991409808421038,0.1991409808421038,0.23043266935179665,0.23043266935179665,0.40198178758612746,0.40198178758612746
ID_0LJATN,0.04435587446195767,0.04435587446195767,0.060028176183798465,0.060028176183798465,0.02681472607129256,0.02681472607129256,0.04435587446195767,0.04435587446195767
ID_81ZCO6,0.026837553404856836,0.026837553404856836,0.012210139579625173,0.012210139579625173,0.016942523452347733,0.016942523452347733,0.026837553404856836,0.026837553404856836
ID_T74SPZ,0.04435587446195767,0.04435587446195767,0.059571286639818366,0.059571286639818366,0.026698646659284314,0.026698646659284314,0.04435587446195767,0.04435587446195767
ID_2Q0H2I,0.024109603628150303,0.024109603628150303,0.010927187119005727,0.010927187119005727,0.01608314128840552,0.01608314128840552,0.024109603628150303,0.024109603628150303
ID_XZC1XA,0.024173810438594855,0.024173810438594855,0.011634277185763679,0.011634277185763679,0.016434050994404793,0.016434050994404793,0.024173810438594855,0.024173810438594855
ID_9EVQEO,0.4277497611596964,0.4277497611596964,0.2695786704586705,0.2695786704586705,0.2866616676679734,0.2866616676679734,0.4277497611596964,0.4277497611596964
ID_TBMDR7,0.03662706681293203,0.03662706681293203,0.05549507343430129,0.05549507343430129,0.022526788964880855,0.022526788964880855,0.03662706681293203,0.03662706681293203
ID_PX3V1E,0.024079788482056087,0.024079788482056087,0.010895413523983898,0.010895413523983898,0.015737905558907778,0.015737905558907778,0.024079788482056087,0.024079788482056087
ID_GFNMAQ,0.024079788482056087,0.024079788482056087,0.010960736981979956,0.010960736981979956,0.017917189335092454,0.017917189335092454,0.024079788482056087,0.024079788482056087
ID_4IKKFX,0.024134503891881726,0.024134503891881726,0.01125384611798381,0.01125384611798381,0.015138801559125191,0.015138801559125191,0.024134503891881726,0.024134503891881726
ID_PXX6LX,0.036848022772207556,0.036848022772207556,0.05576385609739625,0.05576385609739625,0.02292945017727162,0.02292945017727162,0.036848022772207556,0.036848022772207556
ID_9Y7QYI,0.04435587446195767,0.04435587446195767,0.060028176183798465,0.060028176183798465,0.02681472607129256,0.02681472607129256,0.04435587446195767,0.04435587446195767
ID_NCMGQO,0.024155345854417504,0.024155345854417504,0.011691182932059377,0.011691182932059377,0.016405178863218836,0.016405178863218836,0.024155345854417504,0.024155345854417504
ID_L1RS7T,0.03662706681293203,0.03662706681293203,0.05549507343430129,0.05549507343430129,0.022526788964880855,0.022526788964880855,0.03662706681293203,0.03662706681293203
ID_UBNAI1,0.04435587446195767,0.04435587446195767,0.060028176183798465,0.060028176183798465,0.02681472607129256,0.02681472607129256,0.04435587446195767,0.04435587446195767
ID_ZLFFSD,0.024155345854417504,0.024155345854417504,0.011556457879395158,0.011556457879395158,0.015434593857200935,0.015434593857200935,0.024155345854417504,0.024155345854417504
ID_89E64C,0.04435587446195767,0.04435587446195767,0.060028176183798465,0.060028176183798465,0.02681472607129256,0.02681472607129256,0.04435587446195767,0.04435587446195767
ID_ZGKPYC,0.4277497611596964,0.4277497611596964,0.2695786704586705,0.2695786704586705,0.2866616676679734,0.2866616676679734,0.4277497611596964,0.4277497611596964
ID_TQ2SKG,0.024155345854417504,0.024155345854417504,0.011526514693206405,0.011526514693206405,0.015138801559125191,0.015138801559125191,0.024155345854417504,0.024155345854417504
ID_SYXTO4,0.024109603628150303,0.024109603628150303,0.0108741236395792,0.0108741236395792,0.014816841616624552,0.014816841616624552,0.024109603628150303,0.024109603628150303
ID_4OJFGR,0.024155345854417504,0.024155345854417504,0.011691182932059377,0.011691182932059377,0.016405178863218836,0.016405178863218836,0.024155345854417504,0.024155345854417504
ID_RSKO1F,0.04435587446195767,0.04435587446195767,0.059571286639818366,0.059571286639818366,0.026698646659284314,0.026698646659284314,0.04435587446195767,0.04435587446195767
ID_H8UYPI,0.024109603628150303,0.024109603628150303,0.010889502992709089,0.010889502992709089,0.014816841616624552,0.014816841616624552,0.024109603628150303,0.024109603628150303
ID_8GEYYG,0.4277497611596964,0.4277497611596964,0.2695786704586705,0.2695786704586705,0.2866616676679734,0.2866616676679734,0.4277497611596964,0.4277497611596964
ID_P2D00R,0.03581183535973411,0.03581183535973411,0.05332285924624108,0.05332285924624108,0.027230269631194324,0.027230269631194324,0.03581183535973411,0.03581183535973411
ID_90GUIW,0.027573689634376064,0.027573689634376064,0.01802299392431079,0.01802299392431079,0.016777643157317904,0.016777643157317904,0.027573689634376064,0.027573689634376064
ID_T3J7SY,0.024079788482056087,0.024079788482056087,0.010863852548318885,0.010863852548318885,0.015745459946574,0.015745459946574,0.024079788482056087,0.024079788482056087
ID_2V5UEE,0.024109603628150303,0.024109603628150303,0.010927187119005727,0.010927187119005727,0.01608314128840552,0.01608314128840552,0.024109603628150303,0.024109603628150303
ID_E9CUC6,0.02491854981200432,0.02491854981200432,0.012217721263918766,0.012217721263918766,0.01540770563675639,0.01540770563675639,0.02491854981200432,0.02491854981200432
ID_5R7WSC,0.03215414751127305,0.03215414751127305,0.012243275965621456,0.012243275965621456,0.015110193880986677,0.015110193880986677,0.03215414751127305,0.03215414751127305
ID_OF67ZH,0.040798721575821865,0.040798721575821865,0.058120447029552685,0.058120447029552685,0.03032695284275178,0.03032695284275178,0.040798721575821865,0.040798721575821865
ID_0ZINW1,0.02664787323056604,0.02664787323056604,0.012059861059962023,0.012059861059962023,0.016774597339837237,0.016774597339837237,0.02664787323056604,0.02664787323056604
ID_XCZR6Z,0.04435587446195767,0.04435587446195767,0.060028176183798465,0.060028176183798465,0.02681472607129256,0.02681472607129256,0.04435587446195767,0.04435587446195767
ID_3J6JIM,0.032150687381682024,0.032150687381682024,0.01272751931735935,0.01272751931735935,0.015424871639193847,0.015424871639193847,0.032150687381682024,0.032150687381682024
ID_0KVUYB,0.04435587446195767,0.04435587446195767,0.060028176183798465,0.060028176183798465,0.02681472607129256,0.02681472607129256,0.04435587446195767,0.04435587446195767
ID_31AGWA,0.04435587446195767,0.04435587446195767,0.060028176183798465,0.060028176183798465,0.02681472607129256,0.02681472607129256,0.04435587446195767,0.04435587446195767
ID_JOHIEH,0.0275728022389702,0.0275728022389702,0.02259568386971375,0.02259568386971375,0.01797300917053241,0.01797300917053241,0.0275728022389702,0.0275728022389702
ID_SY5ACF,0.024079788482056087,0.024079788482056087,0.010841419627990744,0.010841419627990744,0.015020474260974578,0.015020474260974578,0.024079788482056087,0.024079788482056087
ID_51HR8B,0.02496536629140507,0.02496536629140507,0.012243285514335334,0.012243285514335334,0.015384525043764476,0.015384525043764476,0.02496536629140507,0.02496536629140507
ID_FBOIDY,0.02491854981200432,0.02491854981200432,0.011949700905366158,0.011949700905366158,0.01540770563675639,0.01540770563675639,0.02491854981200432,0.02491854981200432
ID_KXXYIZ,0.024155345854417504,0.024155345854417504,0.011691182932059377,0.011691182932059377,0.016405178863218836,0.016405178863218836,0.024155345854417504,0.024155345854417504
ID_7JDECQ,0.024079788482056087,0.024079788482056087,0.010906920545315835,0.010906920545315835,0.016248474121178916,0.016248474121178916,0.024079788482056087,0.024079788482056087
ID_ZNDJO0,0.03215414751127305,0.03215414751127305,0.012425904828384612,0.012425904828384612,0.015110193880986677,0.015110193880986677,0.03215414751127305,0.03215414751127305
ID_NO00XI,0.04435587446195767,0.04435587446195767,0.060028176183798465,0.060028176183798465,0.02681472607129256,0.02681472607129256,0.04435587446195767,0.04435587446195767
ID_MXVMHB,0.03215414751127305,0.03215414751127305,0.012243275965621456,0.012243275965621456,0.015110193880986677,0.015110193880986677,0.03215414751127305,0.03215414751127305
ID_47X9RR,0.03001995482409962,0.03001995482409962,0.02943087678463576,0.02943087678463576,0.024220673503858915,0.024220673503858915,0.03001995482409962,0.03001995482409962
ID_875Q3P,0.03662706681293203,0.03662706681293203,0.05549507343430129,0.05549507343430129,0.022526788964880855,0.022526788964880855,0.03662706681293203,0.03662706681293203
ID_0CP43G,0.024079788482056087,0.024079788482056087,0.010813014430116648,0.010813014430116648,0.017016412307319675,0.017016412307319675,0.024079788482056087,0.024079788482056087
ID_BLCTDI,0.024173810438594855,0.024173810438594855,0.011322707665518936,0.011322707665518936,0.015000036641319754,0.015000036641319754,0.024173810438594855,0.024173810438594855
ID_V7NFWN,0.024109603628150303,0.024109603628150303,0.010889502992709089,0.010889502992709089,0.014816841616624552,0.014816841616624552,0.024109603628150303,0.024109603628150303
ID_RZH309,0.027573689634376064,0.027573689634376064,0.018048354155060876,0.018048354155060876,0.016777643157317904,0.016777643157317904,0.027573689634376064,0.027573689634376064
ID_MKWIN3,0.04435587446195767,0.04435587446195767,0.060028176183798465,0.060028176183798465,0.02681472607129256,0.02681472607129256,0.04435587446195767,0.04435587446195767
ID_M5QVXA,0.024397795427149517,0.024397795427149517,0.011764651964494537,0.011764651964494537,0.015922877075357233,0.015922877075357233,0.024397795427149517,0.024397795427149517
ID_KEMXON,0.03228768863296648,0.03228768863296648,0.013667124183129894,0.013667124183129894,0.017353718552732662,0.017353718552732662,0.03228768863296648,0.03228768863296648
ID_UF64U6,0.03662706681293203,0.03662706681293203,0.05549507343430129,0.05549507343430129,0.022526788964880855,0.022526788964880855,0.03662706681293203,0.03662706681293203
ID_390VSL,0.027573689634376064,0.027573689634376064,0.018048354155060876,0.018048354155060876,0.016777643157317904,0.016777643157317904,0.027573689634376064,0.027573689634376064
ID_E1PRPX,0.024079788482056087,0.024079788482056087,0.01089404153935584,0.01089404153935584,0.015806973186121148,0.015806973186121148,0.024079788482056087,0.024079788482056087
ID_4XBB4P,0.024155345854417504,0.024155345854417504,0.011882727090695593,0.011882727090695593,0.01742629690975725,0.01742629690975725,0.024155345854417504,0.024155345854417504
ID_FDZWH6,0.02370422700671201,0.02370422700671201,0.013596649305860038,0.013596649305860038,0.017193462318563116,0.017193462318563116,0.02370422700671201,0.02370422700671201
ID_CYGOO8,0.024079788482056087,0.024079788482056087,0.010812396645177316,0.010812396645177316,0.015020474260974578,0.015020474260974578,0.024079788482056087,0.024079788482056087
ID_7ILHH1,0.026930499128231467,0.026930499128231467,0.01761240146948622,0.01761240146948622,0.01596807836264262,0.01596807836264262,0.026930499128231467,0.026930499128231467
ID_3J4B56,0.03764924924832851,0.03764924924832851,0.05849139152232041,0.05849139152232041,0.022977430023768872,0.022977430023768872,0.03764924924832851,0.03764924924832851
ID_Y5SQ1L,0.026837553404856836,0.026837553404856836,0.012210139579625173,0.012210139579625173,0.016942523452347733,0.016942523452347733,0.026837553404856836,0.026837553404856836
ID_LIBKDI,0.024173810438594855,0.024173810438594855,0.011297216074754026,0.011297216074754026,0.014917224177648498,0.014917224177648498,0.024173810438594855,0.024173810438594855
ID_6S3LGU,0.024173810438594855,0.024173810438594855,0.011634277185763679,0.011634277185763679,0.016434050994404793,0.016434050994404793,0.024173810438594855,0.024173810438594855
ID_CCL3L7,0.024533139553788438,0.024533139553788438,0.01224646241631874,0.01224646241631874,0.015284442107453724,0.015284442107453724,0.024533139553788438,0.024533139553788438
ID_N51IQT,0.03662706681293203,0.03662706681293203,0.05549507343430129,0.05549507343430129,0.022526788964880855,0.022526788964880855,0.03662706681293203,0.03662706681293203
ID_KVRLKK,0.02370422700671201,0.02370422700671201,0.012773821172768353,0.012773821172768353,0.01647781521813249,0.01647781521813249,0.02370422700671201,0.02370422700671201
ID_NH7ABP,0.024079788482056087,0.024079788482056087,0.010887919996763116,0.010887919996763116,0.017324885715479358,0.017324885715479358,0.024079788482056087,0.024079788482056087
ID_VTBHST,0.026837553404856836,0.026837553404856836,0.012210139579625173,0.012210139579625173,0.016942523452347733,0.016942523452347733,0.026837553404856836,0.026837553404856836
ID_4KV1ZV,0.024180658691484638,0.024180658691484638,0.011187488019972614,0.011187488019972614,0.014917224177648498,0.014917224177648498,0.024180658691484638,0.024180658691484638
ID_5Z1DAT,0.04509215221168204,0.04509215221168204,0.0603678644995298,0.0603678644995298,0.029386725384625376,0.029386725384625376,0.04509215221168204,0.04509215221168204
ID_ZXQRP1,0.024109603628150303,0.024109603628150303,0.0108741236395792,0.0108741236395792,0.014816841616624552,0.014816841616624552,0.024109603628150303,0.024109603628150303
ID_16O9TG,0.02496536629140507,0.02496536629140507,0.012243285514335334,0.012243285514335334,0.015384525043764476,0.015384525043764476,0.02496536629140507,0.02496536629140507
ID_86Z5BT,0.02491854981200432,0.02491854981200432,0.011949700905366158,0.011949700905366158,0.01540770563675639,0.01540770563675639,0.02491854981200432,0.02491854981200432
ID_02VGAQ,0.03215414751127305,0.03215414751127305,0.012425904828384612,0.012425904828384612,0.015110193880986677,0.015110193880986677,0.03215414751127305,0.03215414751127305
ID_7UZ111,0.02491854981200432,0.02491854981200432,0.011949700905366158,0.011949700905366158,0.01540770563675639,0.01540770563675639,0.02491854981200432,0.02491854981200432
ID_2X5YMF,0.024079788482056087,0.024079788482056087,0.010812396645177316,0.010812396645177316,0.015020474260974578,0.015020474260974578,0.024079788482056087,0.024079788482056087
ID_PPMQQ3,0.024180658691484638,0.024180658691484638,0.01127316984117296,0.01127316984117296,0.015000036641319754,0.015000036641319754,0.024180658691484638,0.024180658691484638
ID_IR01XD,0.024155345854417504,0.024155345854417504,0.011827897420495153,0.011827897420495153,0.016957184187924648,0.016957184187924648,0.024155345854417504,0.024155345854417504
ID_GEWJ3P,0.0275728022389702,0.0275728022389702,0.02259568386971375,0.02259568386971375,0.01797300917053241,0.01797300917053241,0.0275728022389702,0.0275728022389702
ID_H3GX6C,0.032150687381682024,0.032150687381682024,0.012555388914418644,0.012555388914418644,0.015110193880986677,0.015110193880986677,0.032150687381682024,0.032150687381682024
ID_DJ6NAP,0.03215414751127305,0.03215414751127305,0.012425904828384612,0.012425904828384612,0.015110193880986677,0.015110193880986677,0.03215414751127305,0.03215414751127305
ID_QLXTHH,0.04435587446195767,0.04435587446195767,0.059571286639818366,0.059571286639818366,0.026698646659284314,0.026698646659284314,0.04435587446195767,0.04435587446195767
ID_E1CQQL,0.03339065820589793,0.03339065820589793,0.012777092378839774,0.012777092378839774,0.01648319414536685,0.01648319414536685,0.03339065820589793,0.03339065820589793
ID_1LB0SW,0.024397795427149517,0.024397795427149517,0.011764651964494537,0.011764651964494537,0.015922877075357233,0.015922877075357233,0.024397795427149517,0.024397795427149517
ID_LRT2RR,0.02496536629140507,0.02496536629140507,0.012243285514335334,0.012243285514335334,0.015384525043764476,0.015384525043764476,0.02496536629140507,0.02496536629140507
ID_4OCPML,0.02496536629140507,0.02496536629140507,0.012243285514335334,0.012243285514335334,0.015384525043764476,0.015384525043764476,0.02496536629140507,0.02496536629140507
ID_3PPVTQ,0.024173810438594855,0.024173810438594855,0.011297216074754026,0.011297216074754026,0.014917224177648498,0.014917224177648498,0.024173810438594855,0.024173810438594855
ID_OHA3B2,0.024109603628150303,0.024109603628150303,0.010927187119005727,0.010927187119005727,0.01608314128840552,0.01608314128840552,0.024109603628150303,0.024109603628150303
ID_X2EZX0,0.02491854981200432,0.02491854981200432,0.012217721263918766,0.012217721263918766,0.01540770563675639,0.01540770563675639,0.02491854981200432,0.02491854981200432
ID_N7CKJM,0.04435587446195767,0.04435587446195767,0.059571286639818366,0.059571286639818366,0.026698646659284314,0.026698646659284314,0.04435587446195767,0.04435587446195767
ID_ED5XL6,0.024079788482056087,0.024079788482056087,0.010906920545315835,0.010906920545315835,0.016248474121178916,0.016248474121178916,0.024079788482056087,0.024079788482056087
ID_UPMG2P,0.04435587446195767,0.04435587446195767,0.060028176183798465,0.060028176183798465,0.02681472607129256,0.02681472607129256,0.04435587446195767,0.04435587446195767
ID_I8ZJUM,0.024079788482056087,0.024079788482056087,0.010835642932933551,0.010835642932933551,0.01645448861405962,0.01645448861405962,0.024079788482056087,0.024079788482056087
ID_T01X1E,0.0243533916723659,0.0243533916723659,0.01103886167105069,0.01103886167105069,0.014656577403576263,0.014656577403576263,0.0243533916723659,0.0243533916723659
ID_TX3T1U,0.024109603628150303,0.024109603628150303,0.010889502992709089,0.010889502992709089,0.014816841616624552,0.014816841616624552,0.024109603628150303,0.024109603628150303
ID_BK85LX,0.024109603628150303,0.024109603628150303,0.010927187119005727,0.010927187119005727,0.01608314128840552,0.01608314128840552,0.024109603628150303,0.024109603628150303
ID_I3EHXO,0.0243533916723659,0.0243533916723659,0.01101589464550447,0.01101589464550447,0.014656577403576263,0.014656577403576263,0.0243533916723659,0.0243533916723659
ID_S6GDVH,0.027500197084609466,0.027500197084609466,0.021240384738831733,0.021240384738831733,0.021699991245101073,0.021699991245101073,0.027500197084609466,0.027500197084609466
ID_Q29IAO,0.024079788482056087,0.024079788482056087,0.010951987698707807,0.010951987698707807,0.01737628950564008,0.01737628950564008,0.024079788482056087,0.024079788482056087
ID_CM5IWG,0.024109603628150303,0.024109603628150303,0.010889502992709089,0.010889502992709089,0.014816841616624552,0.014816841616624552,0.024109603628150303,0.024109603628150303
ID_Y0V2PI,0.024079788482056087,0.024079788482056087,0.010833995042904419,0.010833995042904419,0.015020474260974578,0.015020474260974578,0.024079788482056087,0.024079788482056087
ID_9QINRQ,0.03662706681293203,0.03662706681293203,0.055038183890321196,0.055038183890321196,0.022414419279856282,0.022414419279856282,0.03662706681293203,0.03662706681293203
ID_JFKDW9,0.04435587446195767,0.04435587446195767,0.060028176183798465,0.060028176183798465,0.02681472607129256,0.02681472607129256,0.04435587446195767,0.04435587446195767
ID_GO0M2G,0.04435587446195767,0.04435587446195767,0.060028176183798465,0.060028176183798465,0.02681472607129256,0.02681472607129256,0.04435587446195767,0.04435587446195767
ID_PIGI7K,0.024109603628150303,0.024109603628150303,0.010927187119005727,0.010927187119005727,0.01608314128840552,0.01608314128840552,0.024109603628150303,0.024109603628150303
ID_IJXCEY,0.024109603628150303,0.024109603628150303,0.0108741236395792,0.0108741236395792,0.014816841616624552,0.014816841616624552,0.024109603628150303,0.024109603628150303
ID_VI4U4R,0.026837553404856836,0.026837553404856836,0.012210139579625173,0.012210139579625173,0.016942523452347733,0.016942523452347733,0.026837553404856836,0.026837553404856836
ID_258MZC,0.024180658691484638,0.024180658691484638,0.011187488019972614,0.011187488019972614,0.014917224177648498,0.014917224177648498,0.024180658691484638,0.024180658691484638
ID_H18RCQ,0.024079788482056087,0.024079788482056087,0.010887919996763116,0.010887919996763116,0.017324885715479358,0.017324885715479358,0.024079788482056087,0.024079788482056087
ID_07BV8U,0.02370422700671201,0.02370422700671201,0.013596649305860038,0.013596649305860038,0.017193462318563116,0.017193462318563116,0.02370422700671201,0.02370422700671201
ID_VZICF1,0.024109603628150303,0.024109603628150303,0.010889502992709089,0.010889502992709089,0.014816841616624552,0.014816841616624552,0.024109603628150303,0.024109603628150303
ID_WRL982,0.024180658691484638,0.024180658691484638,0.011187488019972614,0.011187488019972614,0.014917224177648498,0.014917224177648498,0.024180658691484638,0.024180658691484638
ID_9YG2KN,0.04435587446195767,0.04435587446195767,0.060028176183798465,0.060028176183798465,0.02681472607129256,0.02681472607129256,0.04435587446195767,0.04435587446195767
ID_KERY7T,0.3948491697169164,0.3948491697169164,0.23415429716335104,0.23415429716335104,0.235123187982389,0.235123187982389,0.3948491697169164,0.3948491697169164
ID_SZCEKW,0.024109603628150303,0.024109603628150303,0.010889502992709089,0.010889502992709089,0.014816841616624552,0.014816841616624552,0.024109603628150303,0.024109603628150303
ID_6O5TR9,0.032150687381682024,0.032150687381682024,0.013547089742616968,0.013547089742616968,0.01825333643622266,0.01825333643622266,0.032150687381682024,0.032150687381682024
ID_2VWEN3,0.04435587446195767,0.04435587446195767,0.060028176183798465,0.060028176183798465,0.02681472607129256,0.02681472607129256,0.04435587446195767,0.04435587446195767
ID_390114,0.024109603628150303,0.024109603628150303,0.010889502992709089,0.010889502992709089,0.014816841616624552,0.014816841616624552,0.024109603628150303,0.024109603628150303
ID_414HOK,0.024109603628150303,0.024109603628150303,0.0109119484086656,0.0109119484086656,0.014816841616624552,0.014816841616624552,0.024109603628150303,0.024109603628150303
ID_OM9I7H,0.21238182017289242,0.21238182017289242,0.18620607611910456,0.18620607611910456,0.09983334338554913,0.09983334338554913,0.21238182017289242,0.21238182017289242
ID_UAFWJ8,0.02717687840580994,0.02717687840580994,0.023429986037049395,0.023429986037049395,0.028032920958004248,0.028032920958004248,0.02717687840580994,0.02717687840580994
ID_JEO0RE,0.029244791310126177,0.029244791310126177,0.016506077853142863,0.016506077853142863,0.02431785918640144,0.02431785918640144,0.029244791310126177,0.029244791310126177
ID_2FK7L8,0.024079788482056087,0.024079788482056087,0.012331211292511494,0.012331211292511494,0.020244104347926884,0.020244104347926884,0.024079788482056087,0.024079788482056087
ID_BR0ZVK,0.024079788482056087,0.024079788482056087,0.012331211292511494,0.012331211292511494,0.020244104347926884,0.020244104347926884,0.024079788482056087,0.024079788482056087
ID_4XW3SG,0.024109603628150303,0.024109603628150303,0.011043309719392136,0.011043309719392136,0.01591764394190765,0.01591764394190765,0.024109603628150303,0.024109603628150303
ID_ND0JUF,0.032987186846355654,0.032987186846355654,0.036524295125243855,0.036524295125243855,0.06604820751818573,0.06604820751818573,0.032987186846355654,0.032987186846355654
ID_LRK0VM,0.0310767742230241,0.0310767742230241,0.02618316940049821,0.02618316940049821,0.05627734689072228,0.05627734689072228,0.0310767742230241,0.0310767742230241
ID_F9LL3S,0.029244791310126177,0.029244791310126177,0.01586932117541679,0.01586932117541679,0.024147205730462973,0.024147205730462973,0.029244791310126177,0.029244791310126177
ID_QYNGUD,0.03862010379870216,0.03862010379870216,0.04043030660844778,0.04043030660844778,0.13428193342484007,0.13428193342484007,0.03862010379870216,0.03862010379870216
ID_RZE5NT,0.024109603628150303,0.024109603628150303,0.010969341547813627,0.010969341547813627,0.015475634770372578,0.015475634770372578,0.024109603628150303,0.024109603628150303
ID_Y3XGHG,0.024109603628150303,0.024109603628150303,0.010969341547813627,0.010969341547813627,0.015475634770372578,0.015475634770372578,0.024109603628150303,0.024109603628150303
ID_PAN2FG,0.024109603628150303,0.024109603628150303,0.011043309719392136,0.011043309719392136,0.01591764394190765,0.01591764394190765,0.024109603628150303,0.024109603628150303
ID_E1VE1N,0.024163194196210325,0.024163194196210325,0.01159161517158357,0.01159161517158357,0.016249871848160128,0.016249871848160128,0.024163194196210325,0.024163194196210325
ID_V9V15D,0.04227459276326566,0.04227459276326566,0.07447106115942313,0.07447106115942313,0.2970968569823902,0.2970968569823902,0.04227459276326566,0.04227459276326566
ID_6LSQM7,0.024079788482056087,0.024079788482056087,0.010875677991489707,0.010875677991489707,0.016400542490611424,0.016400542490611424,0.024079788482056087,0.024079788482056087
ID_O5CMPP,0.029140876813148097,0.029140876813148097,0.017236947583696507,0.017236947583696507,0.0229966764580652,0.0229966764580652,0.029140876813148097,0.029140876813148097
ID_7UEYP5,0.024079788482056087,0.024079788482056087,0.010787969084804916,0.010787969084804916,0.017306183184328083,0.017306183184328083,0.024079788482056087,0.024079788482056087
ID_GE4M9Q,0.024109603628150303,0.024109603628150303,0.01078587511556779,0.01078587511556779,0.015458451886397329,0.015458451886397329,0.024109603628150303,0.024109603628150303
ID_V2I3KR,0.029140876813148097,0.029140876813148097,0.016051735320159938,0.016051735320159938,0.02136364874115006,0.02136364874115006,0.029140876813148097,0.029140876813148097
ID_O59IL2,0.03780071913426729,0.03780071913426729,0.035422370993310956,0.035422370993310956,0.10201859484003106,0.10201859484003106,0.03780071913426729,0.03780071913426729
ID_2RX566,0.024109603628150303,0.024109603628150303,0.011257635442487725,0.011257635442487725,0.014209335098591609,0.014209335098591609,0.024109603628150303,0.024109603628150303
ID_3TZG4C,0.029244791310126177,0.029244791310126177,0.016064986703351995,0.016064986703351995,0.024382310568883993,0.024382310568883993,0.029244791310126177,0.029244791310126177
ID_QB7IZK,0.024109603628150303,0.024109603628150303,0.010969341547813627,0.010969341547813627,0.015475634770372578,0.015475634770372578,0.024109603628150303,0.024109603628150303
ID_XCQ47J,0.02413337905011611,0.02413337905011611,0.011673355171676662,0.011673355171676662,0.018583537480735306,0.018583537480735306,0.02413337905011611,0.02413337905011611
ID_GEIU3Q,0.04402180874552733,0.04402180874552733,0.049890402997679065,0.049890402997679065,0.09593256231821841,0.09593256231821841,0.04402180874552733,0.04402180874552733
ID_BAJPY0,0.02662922777522393,0.02662922777522393,0.030820261935135214,0.030820261935135214,0.07676512613979576,0.07676512613979576,0.02662922777522393,0.02662922777522393
ID_BSVNKG,0.02789030592342638,0.02789030592342638,0.015510737228796492,0.015510737228796492,0.0227559902390331,0.0227559902390331,0.02789030592342638,0.02789030592342638
ID_QM4O2S,0.024109603628150303,0.024109603628150303,0.011655408997021,0.011655408997021,0.018821800128587154,0.018821800128587154,0.024109603628150303,0.024109603628150303
ID_ZB10X6,0.024109603628150303,0.024109603628150303,0.011043309719392136,0.011043309719392136,0.01591764394190765,0.01591764394190765,0.024109603628150303,0.024109603628150303
ID_VLOALM,0.23675122862979703,0.23675122862979703,0.3188765245046917,0.3188765245046917,0.3884213304848214,0.3884213304848214,0.23675122862979703,0.23675122862979703
ID_CG3L2H,0.024079788482056087,0.024079788482056087,0.011127479485621051,0.011127479485621051,0.01465134427012668,0.01465134427012668,0.024079788482056087,0.024079788482056087
ID_VAG0Q5,0.029910202299199745,0.029910202299199745,0.029713406852058224,0.029713406852058224,0.08629799780869132,0.08629799780869132,0.029910202299199745,0.029910202299199745
ID_7J1S3Y,0.027914743851090114,0.027914743851090114,0.014882893444056966,0.014882893444056966,0.019979958829791027,0.019979958829791027,0.027914743851090114,0.027914743851090114
ID_JW1LBC,0.03862010379870216,0.03862010379870216,0.037589017235978336,0.037589017235978336,0.23750499505327546,0.23750499505327546,0.03862010379870216,0.03862010379870216
ID_083PSL,0.024079788482056087,0.024079788482056087,0.010875677991489707,0.010875677991489707,0.016400542490611424,0.016400542490611424,0.024079788482056087,0.024079788482056087
ID_EALA41,0.03862010379870216,0.03862010379870216,0.03803370105514495,0.03803370105514495,0.13428193342484007,0.13428193342484007,0.03862010379870216,0.03862010379870216
ID_3ZIHQR,0.024109603628150303,0.024109603628150303,0.010803002121833567,0.010803002121833567,0.016072493652031394,0.016072493652031394,0.024109603628150303,0.024109603628150303
ID_F5HANJ,0.028596983288481377,0.028596983288481377,0.022651980220699686,0.022651980220699686,0.13762846131720727,0.13762846131720727,0.028596983288481377,0.028596983288481377
ID_DHARBL,0.029244791310126177,0.029244791310126177,0.016506077853142863,0.016506077853142863,0.02431785918640144,0.02431785918640144,0.029244791310126177,0.029244791310126177
ID_H3K94A,0.029244791310126177,0.029244791310126177,0.016506077853142863,0.016506077853142863,0.02431785918640144,0.02431785918640144,0.029244791310126177,0.029244791310126177
ID_BV33ZV,0.024109603628150303,0.024109603628150303,0.011655408997021,0.011655408997021,0.018821800128587154,0.018821800128587154,0.024109603628150303,0.024109603628150303
ID_GOSZ8L,0.024109603628150303,0.024109603628150303,0.010903937300891767,0.010903937300891767,0.01591764394190765,0.01591764394190765,0.024109603628150303,0.024109603628150303
ID_S9JF8F,0.034225649845900215,0.034225649845900215,0.0329273585055018,0.0329273585055018,0.09691332980417894,0.09691332980417894,0.034225649845900215,0.034225649845900215
ID_UOLBI5,0.0282309092261804,0.0282309092261804,0.015880973557962093,0.015880973557962093,0.024523478397257627,0.024523478397257627,0.0282309092261804,0.0282309092261804
ID_K3PNUV,0.024079788482056087,0.024079788482056087,0.010780884426320485,0.010780884426320485,0.014209335098591609,0.014209335098591609,0.024079788482056087,0.024079788482056087
ID_ANWYJ9,0.024109603628150303,0.024109603628150303,0.01078587511556779,0.01078587511556779,0.015458451886397329,0.015458451886397329,0.024109603628150303,0.024109603628150303
ID_AMSE7R,0.024109603628150303,0.024109603628150303,0.011043309719392136,0.011043309719392136,0.01591764394190765,0.01591764394190765,0.024109603628150303,0.024109603628150303
ID_I88AP8,0.0282309092261804,0.0282309092261804,0.01713438899862265,0.01713438899862265,0.024511481380936628,0.024511481380936628,0.0282309092261804,0.0282309092261804
ID_NWA3L6,0.024156420107551053,0.024156420107551053,0.010998350177412483,0.010998350177412483,0.015475634770372578,0.015475634770372578,0.024156420107551053,0.024156420107551053
ID_BEJ4NZ,0.08647723288883336,0.08647723288883336,0.09675233118245628,0.09675233118245628,0.2577878295876574,0.2577878295876574,0.08647723288883336,0.08647723288883336
ID_QW38O7,0.02852150751677869,0.02852150751677869,0.016079966946473376,0.016079966946473376,0.021025046428031307,0.021025046428031307,0.02852150751677869,0.02852150751677869
ID_0BO03Q,0.032655255184064355,0.032655255184064355,0.030229730898197478,0.030229730898197478,0.09377546983640217,0.09377546983640217,0.032655255184064355,0.032655255184064355
ID_CKOUOI,0.03986254858922407,0.03986254858922407,0.044710994535902854,0.044710994535902854,0.0796167850000021,0.0796167850000021,0.03986254858922407,0.03986254858922407
ID_LB4MOB,0.024079788482056087,0.024079788482056087,0.010875677991489707,0.010875677991489707,0.016400542490611424,0.016400542490611424,0.024079788482056087,0.024079788482056087
ID_M3EGOP,0.039054647253047595,0.039054647253047595,0.04328098542611438,0.04328098542611438,0.25535773560750924,0.25535773560750924,0.039054647253047595,0.039054647253047595
ID_3DR3OC,0.02852150751677869,0.02852150751677869,0.016088474923581304,0.016088474923581304,0.022814148245702874,0.022814148245702874,0.02852150751677869,0.02852150751677869
ID_CII7S2,0.024079788482056087,0.024079788482056087,0.010863685555257073,0.010863685555257073,0.018475961512685744,0.018475961512685744,0.024079788482056087,0.024079788482056087
ID_PS36LP,0.024109603628150303,0.024109603628150303,0.011655408997021,0.011655408997021,0.018821800128587154,0.018821800128587154,0.024109603628150303,0.024109603628150303
ID_UMATGZ,0.029244791310126177,0.029244791310126177,0.016506077853142863,0.016506077853142863,0.02431785918640144,0.02431785918640144,0.029244791310126177,0.029244791310126177
ID_RZXWDX,0.024079788482056087,0.024079788482056087,0.010929061602911442,0.010929061602911442,0.016561998810310365,0.016561998810310365,0.024079788482056087,0.024079788482056087
ID_MBP2SR,0.024109603628150303,0.024109603628150303,0.01078587511556779,0.01078587511556779,0.015458451886397329,0.015458451886397329,0.024109603628150303,0.024109603628150303
ID_26D5YY,0.024109603628150303,0.024109603628150303,0.010787700937911144,0.010787700937911144,0.015475634770372578,0.015475634770372578,0.024109603628150303,0.024109603628150303
ID_F7H73Q,0.024109603628150303,0.024109603628150303,0.011043309719392136,0.011043309719392136,0.01591764394190765,0.01591764394190765,0.024109603628150303,0.024109603628150303
ID_W4PRR2,0.024109603628150303,0.024109603628150303,0.010787700937911144,0.010787700937911144,0.015475634770372578,0.015475634770372578,0.024109603628150303,0.024109603628150303
ID_UY4Z5F,0.024109603628150303,0.024109603628150303,0.01078587511556779,0.01078587511556779,0.015458451886397329,0.015458451886397329,0.024109603628150303,0.024109603628150303
ID_Y8KQBZ,0.028596983288481377,0.028596983288481377,0.02156357715428378,0.02156357715428378,0.1025251600612668,0.1025251600612668,0.028596983288481377,0.028596983288481377
ID_QVEUCL,0.034225649845900215,0.034225649845900215,0.0329273585055018,0.0329273585055018,0.09650436836305723,0.09650436836305723,0.034225649845900215,0.034225649845900215
ID_4ZRHI7,0.032987186846355654,0.032987186846355654,0.036524295125243855,0.036524295125243855,0.06604820751818573,0.06604820751818573,0.032987186846355654,0.032987186846355654
ID_WLTHN7,0.033906516885688076,0.033906516885688076,0.029578510996694847,0.029578510996694847,0.07028815053757265,0.07028815053757265,0.033906516885688076,0.033906516885688076
ID_1FYJNL,0.02789030592342638,0.02789030592342638,0.015660356244446623,0.015660356244446623,0.023915662663396536,0.023915662663396536,0.02789030592342638,0.02789030592342638
ID_D9L64Q,0.029244791310126177,0.029244791310126177,0.016506077853142863,0.016506077853142863,0.02431785918640144,0.02431785918640144,0.029244791310126177,0.029244791310126177
ID_86WW5J,0.02789030592342638,0.02789030592342638,0.01536141908951208,0.01536141908951208,0.02112522925383993,0.02112522925383993,0.02789030592342638,0.02789030592342638
ID_7Y6T5F,0.04535574437534943,0.04535574437534943,0.04097995096989113,0.04097995096989113,0.13103005300525483,0.13103005300525483,0.04535574437534943,0.04535574437534943
ID_H6BCXL,0.024109603628150303,0.024109603628150303,0.011075256446383507,0.011075256446383507,0.014209335098591609,0.014209335098591609,0.024109603628150303,0.024109603628150303
ID_HWUQNT,0.029140876813148097,0.029140876813148097,0.017224925943751718,0.017224925943751718,0.020559426791693487,0.020559426791693487,0.029140876813148097,0.029140876813148097
ID_42K0G3,0.029244791310126177,0.029244791310126177,0.016506077853142863,0.016506077853142863,0.02431785918640144,0.02431785918640144,0.029244791310126177,0.029244791310126177
ID_RJA1CY,0.02789030592342638,0.02789030592342638,0.015510737228796492,0.015510737228796492,0.0227559902390331,0.0227559902390331,0.02789030592342638,0.02789030592342638
ID_KUD6LS,0.024163194196210325,0.024163194196210325,0.01159161517158357,0.01159161517158357,0.016249871848160128,0.016249871848160128,0.024163194196210325,0.024163194196210325
ID_YF4XAS,0.03780071913426729,0.03780071913426729,0.03426405653986016,0.03426405653986016,0.10146623162143256,0.10146623162143256,0.03780071913426729,0.03780071913426729
ID_9L5QZW,0.024079788482056087,0.024079788482056087,0.01134153187158539,0.01134153187158539,0.016044379248254238,0.016044379248254238,0.024079788482056087,0.024079788482056087
ID_PKRBWM,0.029244791310126177,0.029244791310126177,0.01586932117541679,0.01586932117541679,0.024147205730462973,0.024147205730462973,0.029244791310126177,0.029244791310126177
ID_KV5X78,0.02841759301980061,0.02841759301980061,0.015685938800211276,0.015685938800211276,0.022647718421333975,0.022647718421333975,0.02841759301980061,0.02841759301980061
ID_K05FSC,0.024079788482056087,0.024079788482056087,0.01082504474383237,0.01082504474383237,0.018055126968596086,0.018055126968596086,0.024079788482056087,0.024079788482056087
ID_VKADHX,0.03167364832404691,0.03167364832404691,0.30819771706951,0.30819771706951,0.32303156930670296,0.32303156930670296,0.03167364832404691,0.03167364832404691
ID_FJ9WOU,0.0418750603476443,0.0418750603476443,0.04468848893074467,0.04468848893074467,0.07736845549469867,0.07736845549469867,0.0418750603476443,0.0418750603476443
ID_42T9XM,0.024109603628150303,0.024109603628150303,0.011043309719392136,0.011043309719392136,0.01591764394190765,0.01591764394190765,0.024109603628150303,0.024109603628150303
ID_9ZLKG2,0.024109603628150303,0.024109603628150303,0.010761722077549359,0.010761722077549359,0.015612373530958942,0.015612373530958942,0.024109603628150303,0.024109603628150303
ID_HXOU9G,0.032748374122012744,0.032748374122012744,0.02652947060518846,0.02652947060518846,0.07327244089604106,0.07327244089604106,0.032748374122012744,0.032748374122012744
ID_WB4AC6,0.02852150751677869,0.02852150751677869,0.016066438548403582,0.016066438548403582,0.021393492502467602,0.021393492502467602,0.02852150751677869,0.02852150751677869
ID_I62XI1,0.02852150751677869,0.02852150751677869,0.01586231466187291,0.01586231466187291,0.02076009782829274,0.02076009782829274,0.02852150751677869,0.02852150751677869
ID_3ZWI9L,0.024079788482056087,0.024079788482056087,0.01090384942824361,0.01090384942824361,0.01917202423662241,0.01917202423662241,0.024079788482056087,0.024079788482056087
ID_3SR2CY,0.03780071913426729,0.03780071913426729,0.0354115913429,0.0354115913429,0.10201859484003106,0.10201859484003106,0.03780071913426729,0.03780071913426729
ID_ZBZKT1,0.024163194196210325,0.024163194196210325,0.01159161517158357,0.01159161517158357,0.016249871848160128,0.016249871848160128,0.024163194196210325,0.024163194196210325
ID_O4VQ7G,0.024109603628150303,0.024109603628150303,0.010787700937911144,0.010787700937911144,0.015475634770372578,0.015475634770372578,0.024109603628150303,0.024109603628150303
ID_N744FI,0.024109603628150303,0.024109603628150303,0.01095748850557376,0.01095748850557376,0.014209335098591609,0.014209335098591609,0.024109603628150303,0.024109603628150303
ID_TV8IEH,0.024109603628150303,0.024109603628150303,0.011655408997021,0.011655408997021,0.018821800128587154,0.018821800128587154,0.024109603628150303,0.024109603628150303
ID_NMAF4Q,0.029244791310126177,0.029244791310126177,0.016506077853142863,0.016506077853142863,0.02431785918640144,0.02431785918640144,0.029244791310126177,0.029244791310126177
ID_K2ZCCX,0.024079788482056087,0.024079788482056087,0.010928793456017669,0.010928793456017669,0.016561998810310365,0.016561998810310365,0.024079788482056087,0.024079788482056087
ID_R18GZ6,0.024079788482056087,0.024079788482056087,0.010764691398189542,0.010764691398189542,0.015710272334657407,0.015710272334657407,0.024079788482056087,0.024079788482056087
ID_IFP722,0.024156420107551053,0.024156420107551053,0.010991512247753155,0.010991512247753155,0.014209335098591609,0.014209335098591609,0.024156420107551053,0.024156420107551053
ID_IR8CDY,0.03822920880638728,0.03822920880638728,0.03608140915515352,0.03608140915515352,0.1757193177194914,0.1757193177194914,0.03822920880638728,0.03822920880638728
ID_Z2I4JV,0.029244791310126177,0.029244791310126177,0.016506077853142863,0.016506077853142863,0.02431785918640144,0.02431785918640144,0.029244791310126177,0.029244791310126177
ID_6KEY2P,0.024079788482056087,0.024079788482056087,0.010928793456017669,0.010928793456017669,0.016561998810310365,0.016561998810310365,0.024079788482056087,0.024079788482056087
ID_5S0DH2,0.024109603628150303,0.024109603628150303,0.011655408997021,0.011655408997021,0.018821800128587154,0.018821800128587154,0.024109603628150303,0.024109603628150303
ID_XNJ95S,0.024109603628150303,0.024109603628150303,0.011043309719392136,0.011043309719392136,0.01591764394190765,0.01591764394190765,0.024109603628150303,0.024109603628150303
ID_H6CCOD,0.024079788482056087,0.024079788482056087,0.010818674613529405,0.010818674613529405,0.015413394555928514,0.015413394555928514,0.024079788482056087,0.024079788482056087
ID_WQCUST,0.03862010379870216,0.03862010379870216,0.036464203423271016,0.036464203423271016,0.13428193342484007,0.13428193342484007,0.03862010379870216,0.03862010379870216
ID_T75BT1,0.02413356991327367,0.02413356991327367,0.010877503438583904,0.010877503438583904,0.017118865624428967,0.017118865624428967,0.02413356991327367,0.02413356991327367
ID_XS9OXI,0.024079979345213647,0.024079979345213647,0.010802228183476845,0.010802228183476845,0.016722619779014552,0.016722619779014552,0.024079979345213647,0.024079979345213647
ID_EA1206,0.024079979345213647,0.024079979345213647,0.011168443467614137,0.011168443467614137,0.018523364427775375,0.018523364427775375,0.024079979345213647,0.024079979345213647
ID_YH37JO,0.02544450217381399,0.02544450217381399,0.01583656818025287,0.01583656818025287,0.026620700846088544,0.026620700846088544,0.02544450217381399,0.02544450217381399
ID_B8H7AK,0.024079979345213647,0.024079979345213647,0.011168443467614137,0.011168443467614137,0.018523364427775375,0.018523364427775375,0.024079979345213647,0.024079979345213647
ID_C09NJ3,0.024079979345213647,0.024079979345213647,0.010836935916051695,0.010836935916051695,0.015631247072792533,0.015631247072792533,0.024079979345213647,0.024079979345213647
ID_0P1U7I,0.024079979345213647,0.024079979345213647,0.01107050358018233,0.01107050358018233,0.016081587524360653,0.016081587524360653,0.024079979345213647,0.024079979345213647
ID_KJZGN2,0.024079979345213647,0.024079979345213647,0.010802228183476845,0.010802228183476845,0.016722619779014552,0.016722619779014552,0.024079979345213647,0.024079979345213647
ID_XBCJ33,0.024079979345213647,0.024079979345213647,0.010802228183476845,0.010802228183476845,0.016722619779014552,0.016722619779014552,0.024079979345213647,0.024079979345213647
ID_QPKPCR,0.024079979345213647,0.024079979345213647,0.010818960206238772,0.010818960206238772,0.01909229085375201,0.01909229085375201,0.024079979345213647,0.024079979345213647
ID_GAOAHL,0.02472016569596741,0.02472016569596741,0.01077835673406927,0.01077835673406927,0.016419729214014703,0.016419729214014703,0.02472016569596741,0.02472016569596741
ID_9KT6CB,0.024079979345213647,0.024079979345213647,0.010821223200746707,0.010821223200746707,0.01911769111477018,0.01911769111477018,0.024079979345213647,0.024079979345213647
ID_KUJ9FC,0.024079979345213647,0.024079979345213647,0.011335447333991793,0.011335447333991793,0.017019998200729556,0.017019998200729556,0.024079979345213647,0.024079979345213647
ID_I81UCW,0.024079979345213647,0.024079979345213647,0.010818960206238772,0.010818960206238772,0.01909229085375201,0.01909229085375201,0.024079979345213647,0.024079979345213647
ID_GB2SDS,0.02472016569596741,0.02472016569596741,0.01077835673406927,0.01077835673406927,0.016419729214014703,0.016419729214014703,0.02472016569596741,0.02472016569596741
ID_X9A4JH,0.024079979345213647,0.024079979345213647,0.01077835673406927,0.01077835673406927,0.01823621135436604,0.01823621135436604,0.024079979345213647,0.024079979345213647
ID_RTGELG,0.024773756264027433,0.024773756264027433,0.010759112735183984,0.010759112735183984,0.016440969339258562,0.016440969339258562,0.024773756264027433,0.024773756264027433
ID_HNXAGO,0.024079979345213647,0.024079979345213647,0.010783474190223711,0.010783474190223711,0.017678272365940703,0.017678272365940703,0.024079979345213647,0.024079979345213647
ID_5FC3QJ,0.02460617804353237,0.02460617804353237,0.016096777299650585,0.016096777299650585,0.02773488470102892,0.02773488470102892,0.02460617804353237,0.02460617804353237
ID_CWTFLH,0.024079979345213647,0.024079979345213647,0.010758600265004926,0.010758600265004926,0.016081587524360653,0.016081587524360653,0.024079979345213647,0.024079979345213647
ID_B38JUX,0.025203242358926067,0.025203242358926067,0.016421999886976592,0.016421999886976592,0.02773344391102525,0.02773344391102525,0.025203242358926067,0.025203242358926067
ID_UH1KTJ,0.025203242358926067,0.025203242358926067,0.016421999886976592,0.016421999886976592,0.02773344391102525,0.02773344391102525,0.025203242358926067,0.025203242358926067
ID_5LLHBD,0.02472016569596741,0.02472016569596741,0.010780173969817855,0.010780173969817855,0.016440969339258562,0.016440969339258562,0.02472016569596741,0.02472016569596741
ID_3YY9DP,0.02472016569596741,0.02472016569596741,0.010780173969817855,0.010780173969817855,0.016440969339258562,0.016440969339258562,0.02472016569596741,0.02472016569596741
ID_744ERE,0.024773756264027433,0.024773756264027433,0.010759112735183984,0.010759112735183984,0.016440969339258562,0.016440969339258562,0.024773756264027433,0.024773756264027433
ID_QV8YW3,0.024079979345213647,0.024079979345213647,0.010746232837304517,0.010746232837304517,0.015267005770894026,0.015267005770894026,0.024079979345213647,0.024079979345213647
ID_G5ERJR,0.024079979345213647,0.024079979345213647,0.010780442116711628,0.010780442116711628,0.01825659624308708,0.01825659624308708,0.024079979345213647,0.024079979345213647
ID_MNB1L3,0.02472016569596741,0.02472016569596741,0.01077835673406927,0.01077835673406927,0.016419729214014703,0.016419729214014703,0.02472016569596741,0.02472016569596741
ID_B84S8R,0.024079979345213647,0.024079979345213647,0.010802228183476845,0.010802228183476845,0.016722619779014552,0.016722619779014552,0.024079979345213647,0.024079979345213647
ID_VI1CDO,0.02413356991327367,0.02413356991327367,0.011118224767613321,0.011118224767613321,0.017023154719913274,0.017023154719913274,0.02413356991327367,0.02413356991327367
ID_31K8SP,0.024079979345213647,0.024079979345213647,0.010802228183476845,0.010802228183476845,0.016722619779014552,0.016722619779014552,0.024079979345213647,0.024079979345213647
ID_3F8T7O,0.024079979345213647,0.024079979345213647,0.010780173969817855,0.010780173969817855,0.01825659624308708,0.01825659624308708,0.024079979345213647,0.024079979345213647
ID_RW3Q5J,0.024079979345213647,0.024079979345213647,0.010780442116711628,0.010780442116711628,0.01825659624308708,0.01825659624308708,0.024079979345213647,0.024079979345213647
ID_T3FYEA,0.025203242358926067,0.025203242358926067,0.016421999886976592,0.016421999886976592,0.02773344391102525,0.02773344391102525,0.025203242358926067,0.025203242358926067
ID_OZU9F0,0.025203242358926067,0.025203242358926067,0.01640870209146915,0.01640870209146915,0.028248716139678054,0.028248716139678054,0.025203242358926067,0.025203242358926067
ID_JLNANL,0.024079979345213647,0.024079979345213647,0.010780442116711628,0.010780442116711628,0.016440969339258562,0.016440969339258562,0.024079979345213647,0.024079979345213647
ID_09QFQF,0.024079979345213647,0.024079979345213647,0.01077835673406927,0.01077835673406927,0.01823621135436604,0.01823621135436604,0.024079979345213647,0.024079979345213647
ID_CJR13W,0.024079979345213647,0.024079979345213647,0.010780442116711628,0.010780442116711628,0.016440969339258562,0.016440969339258562,0.024079979345213647,0.024079979345213647
ID_1U5ABT,0.024079979345213647,0.024079979345213647,0.01077835673406927,0.01077835673406927,0.01823621135436604,0.01823621135436604,0.024079979345213647,0.024079979345213647
ID_J3WB2P,0.024079979345213647,0.024079979345213647,0.011077929837870518,0.011077929837870518,0.015167250047202234,0.015167250047202234,0.024079979345213647,0.024079979345213647
ID_CYJMO0,0.024079979345213647,0.024079979345213647,0.011359485785420474,0.011359485785420474,0.016346159930146334,0.016346159930146334,0.024079979345213647,0.024079979345213647
ID_RIZD06,0.024079979345213647,0.024079979345213647,0.010802228183476845,0.010802228183476845,0.016722619779014552,0.016722619779014552,0.024079979345213647,0.024079979345213647
ID_K565PV,0.024079979345213647,0.024079979345213647,0.01077835673406927,0.01077835673406927,0.01823621135436604,0.01823621135436604,0.024079979345213647,0.024079979345213647
ID_KGPDZS,0.024079979345213647,0.024079979345213647,0.010780442116711628,0.010780442116711628,0.01825659624308708,0.01825659624308708,0.024079979345213647,0.024079979345213647
ID_PD7IH8,0.024079979345213647,0.024079979345213647,0.010821223200746707,0.010821223200746707,0.01911769111477018,0.01911769111477018,0.024079979345213647,0.024079979345213647
ID_FM7JHM,0.024079979345213647,0.024079979345213647,0.010818960206238772,0.010818960206238772,0.01909229085375201,0.01909229085375201,0.024079979345213647,0.024079979345213647
ID_JKUDBT,0.025203242358926067,0.025203242358926067,0.016421999886976592,0.016421999886976592,0.02773344391102525,0.02773344391102525,0.025203242358926067,0.025203242358926067
ID_ZSTDRG,0.024079979345213647,0.024079979345213647,0.010780442116711628,0.010780442116711628,0.01825659624308708,0.01825659624308708,0.024079979345213647,0.024079979345213647
ID_WM2OCW,0.024079979345213647,0.024079979345213647,0.010802228183476845,0.010802228183476845,0.016722619779014552,0.016722619779014552,0.024079979345213647,0.024079979345213647
ID_V2VKWX,0.024079979345213647,0.024079979345213647,0.01077835673406927,0.01077835673406927,0.01823621135436604,0.01823621135436604,0.024079979345213647,0.024079979345213647
ID_Z0V4IF,0.024079979345213647,0.024079979345213647,0.011335447333991793,0.011335447333991793,0.017019998200729556,0.017019998200729556,0.024079979345213647,0.024079979345213647
ID_ZKWY5H,0.025203242358926067,0.025203242358926067,0.016421999886976592,0.016421999886976592,0.02773344391102525,0.02773344391102525,0.025203242358926067,0.025203242358926067
ID_Y92YDT,0.024773756264027433,0.024773756264027433,0.010759112735183984,0.010759112735183984,0.016440969339258562,0.016440969339258562,0.024773756264027433,0.024773756264027433
ID_SUKNX3,0.02472016569596741,0.02472016569596741,0.010780173969817855,0.010780173969817855,0.016440969339258562,0.016440969339258562,0.02472016569596741,0.02472016569596741
ID_UQ2MN7,0.024079979345213647,0.024079979345213647,0.01077835673406927,0.01077835673406927,0.01823621135436604,0.01823621135436604,0.024079979345213647,0.024079979345213647
ID_R4B5Y3,0.02460617804353237,0.02460617804353237,0.016096777299650585,0.016096777299650585,0.02773488470102892,0.02773488470102892,0.02460617804353237,0.02460617804353237
ID_5FIQN2,0.02472016569596741,0.02472016569596741,0.010780173969817855,0.010780173969817855,0.016440969339258562,0.016440969339258562,0.02472016569596741,0.02472016569596741
ID_CK7R8V,0.024079979345213647,0.024079979345213647,0.01075986285364333,0.01075986285364333,0.01517466966747759,0.01517466966747759,0.024079979345213647,0.024079979345213647
ID_9CKT1G,0.025203242358926067,0.025203242358926067,0.01629090531927248,0.01629090531927248,0.02672597365139337,0.02672597365139337,0.025203242358926067,0.025203242358926067
ID_OP7PVS,0.024079979345213647,0.024079979345213647,0.010818960206238772,0.010818960206238772,0.01909229085375201,0.01909229085375201,0.024079979345213647,0.024079979345213647
ID_E958NN,0.024079979345213647,0.024079979345213647,0.010818960206238772,0.010818960206238772,0.01909229085375201,0.01909229085375201,0.024079979345213647,0.024079979345213647
ID_DEFSVV,0.024079979345213647,0.024079979345213647,0.011335447333991793,0.011335447333991793,0.017019998200729556,0.017019998200729556,0.024079979345213647,0.024079979345213647
ID_BKDCXA,0.024089569447376582,0.024089569447376582,0.011333127198429846,0.011333127198429846,0.017439052674614493,0.017439052674614493,0.024089569447376582,0.024089569447376582
ID_I0OGOO,0.024079979345213647,0.024079979345213647,0.010802228183476845,0.010802228183476845,0.016722619779014552,0.016722619779014552,0.024079979345213647,0.024079979345213647
ID_5A0PRD,0.024079979345213647,0.024079979345213647,0.010818960206238772,0.010818960206238772,0.01909229085375201,0.01909229085375201,0.024079979345213647,0.024079979345213647
ID_KEK3CV,0.024079979345213647,0.024079979345213647,0.010821223200746707,0.010821223200746707,0.01911769111477018,0.01911769111477018,0.024079979345213647,0.024079979345213647
ID_G5CBCM,0.024079979345213647,0.024079979345213647,0.011335447333991793,0.011335447333991793,0.017019998200729556,0.017019998200729556,0.024079979345213647,0.024079979345213647
ID_6K7MP9,0.024079979345213647,0.024079979345213647,0.011054436698747316,0.011054436698747316,0.015167250047202234,0.015167250047202234,0.024079979345213647,0.024079979345213647
ID_9972R1,0.02472016569596741,0.02472016569596741,0.010780173969817855,0.010780173969817855,0.016440969339258562,0.016440969339258562,0.02472016569596741,0.02472016569596741
ID_PNK92C,0.024079788482056087,0.024079788482056087,0.010859979959511535,0.010859979959511535,0.012383951482914018,0.012383951482914018,0.024079788482056087,0.024079788482056087
ID_W39B3I,0.024079788482056087,0.024079788482056087,0.01098408496857765,0.01098408496857765,0.012383951482914018,0.012383951482914018,0.024079788482056087,0.024079788482056087
ID_HD9ID6,0.024079788482056087,0.024079788482056087,0.010859979959511535,0.010859979959511535,0.012383951482914018,0.012383951482914018,0.024079788482056087,0.024079788482056087
ID_BN91DN,0.024079788482056087,0.024079788482056087,0.010855575866268275,0.010855575866268275,0.012383951482914018,0.012383951482914018,0.024079788482056087,0.024079788482056087
ID_3GOCN3,0.6351084681515796,0.6351084681515796,0.6194149423775388,0.6194149423775388,0.6932339120695767,0.6932339120695767,0.6351084681515796,0.6351084681515796
ID_ET6KNZ,0.6058918011881635,0.6058918011881635,0.5700236646962424,0.5700236646962424,0.6570942053078466,0.6570942053078466,0.6058918011881635,0.6058918011881635
ID_OTOWTK,0.024079788482056087,0.024079788482056087,0.010821986914173257,0.010821986914173257,0.01239733653826393,0.01239733653826393,0.024079788482056087,0.024079788482056087
ID_WX5YV9,0.024079788482056087,0.024079788482056087,0.010914033175560514,0.010914033175560514,0.012375283063167753,0.012375283063167753,0.024079788482056087,0.024079788482056087
ID_BKG1JJ,0.024079788482056087,0.024079788482056087,0.01085690366259782,0.01085690366259782,0.01239733653826393,0.01239733653826393,0.024079788482056087,0.024079788482056087
ID_N7EE5X,0.6301654978229175,0.6301654978229175,0.644553038422145,0.644553038422145,0.6980190389468575,0.6980190389468575,0.6301654978229175,0.6301654978229175
ID_3HJF2B,0.6157445206700881,0.6157445206700881,0.5675669528553686,0.5675669528553686,0.5779435007624194,0.5779435007624194,0.6157445206700881,0.6157445206700881
ID_L77EMA,0.024079788482056087,0.024079788482056087,0.010859979959511535,0.010859979959511535,0.012383951482914018,0.012383951482914018,0.024079788482056087,0.024079788482056087
ID_UONM6Q,0.024079788482056087,0.024079788482056087,0.01098408496857765,0.01098408496857765,0.012383951482914018,0.012383951482914018,0.024079788482056087,0.024079788482056087
ID_ZCOCP7,0.024079788482056087,0.024079788482056087,0.010832460885115393,0.010832460885115393,0.012383951482914018,0.012383951482914018,0.024079788482056087,0.024079788482056087
ID_9HPWEF,0.6162691888532431,0.6162691888532431,0.5341496058444897,0.5341496058444897,0.5818123170997329,0.5818123170997329,0.6162691888532431,0.6162691888532431
ID_48PTGW,0.024079788482056087,0.024079788482056087,0.010866401376859474,0.010866401376859474,0.012378096883919403,0.012378096883919403,0.024079788482056087,0.024079788482056087
ID_GSHF7X,0.024079788482056087,0.024079788482056087,0.010859979959511535,0.010859979959511535,0.012383951482914018,0.012383951482914018,0.024079788482056087,0.024079788482056087
ID_72DBE5,0.024079788482056087,0.024079788482056087,0.010826634565936863,0.010826634565936863,0.01239733653826393,0.01239733653826393,0.024079788482056087,0.024079788482056087
ID_H8FI6N,0.024079788482056087,0.024079788482056087,0.010859979959511535,0.010859979959511535,0.012383951482914018,0.012383951482914018,0.024079788482056087,0.024079788482056087
ID_897NU8,0.024079788482056087,0.024079788482056087,0.010855575866268275,0.010855575866268275,0.012383951482914018,0.012383951482914018,0.024079788482056087,0.024079788482056087
ID_PS57CR,0.024079788482056087,0.024079788482056087,0.01098408496857765,0.01098408496857765,0.012383951482914018,0.012383951482914018,0.024079788482056087,0.024079788482056087
ID_VLC084,0.024079788482056087,0.024079788482056087,0.010914073834025241,0.010914073834025241,0.012375283063167753,0.012375283063167753,0.024079788482056087,0.024079788482056087
ID_0TQQFQ,0.024079788482056087,0.024079788482056087,0.010859979959511535,0.010859979959511535,0.012383951482914018,0.012383951482914018,0.024079788482056087,0.024079788482056087
ID_E94KOM,0.6361686329763285,0.6361686329763285,0.6546026568989295,0.6546026568989295,0.6612598058120981,0.6612598058120981,0.6361686329763285,0.6361686329763285
ID_DBOXYC,0.024079788482056087,0.024079788482056087,0.010859979959511535,0.010859979959511535,0.012383951482914018,0.012383951482914018,0.024079788482056087,0.024079788482056087
ID_Z8WJLG,0.024079788482056087,0.024079788482056087,0.010859979959511535,0.010859979959511535,0.012383951482914018,0.012383951482914018,0.024079788482056087,0.024079788482056087
ID_D7H9P4,0.024079788482056087,0.024079788482056087,0.010826634565936863,0.010826634565936863,0.01239733653826393,0.01239733653826393,0.024079788482056087,0.024079788482056087
ID_HNBXAQ,0.024079788482056087,0.024079788482056087,0.010855575866268275,0.010855575866268275,0.012383951482914018,0.012383951482914018,0.024079788482056087,0.024079788482056087
ID_T0YIRE,0.024079788482056087,0.024079788482056087,0.010859979959511535,0.010859979959511535,0.012383951482914018,0.012383951482914018,0.024079788482056087,0.024079788482056087
ID_9PTBA8,0.6162691888532431,0.6162691888532431,0.5476787540700481,0.5476787540700481,0.5898505375405199,0.5898505375405199,0.6162691888532431,0.6162691888532431
ID_7GNPFS,0.4213632789658693,0.4213632789658693,0.35516620419029754,0.35516620419029754,0.37570825697505716,0.37570825697505716,0.4213632789658693,0.4213632789658693
ID_LDL582,0.024079788482056087,0.024079788482056087,0.010855575866268275,0.010855575866268275,0.012383951482914018,0.012383951482914018,0.024079788482056087,0.024079788482056087
ID_QDFKYG,0.025240293676199763,0.025240293676199763,0.014639219441927004,0.014639219441927004,0.02335061908312912,0.02335061908312912,0.025240293676199763,0.025240293676199763
ID_E9HXCI,0.02293536000335218,0.02293536000335218,0.01450923004250886,0.01450923004250886,0.025189778878032646,0.025189778878032646,0.02293536000335218,0.02293536000335218
ID_VXNUAB,0.025240293676199763,0.025240293676199763,0.014620653629428437,0.014620653629428437,0.02520146239514383,0.02520146239514383,0.025240293676199763,0.025240293676199763
ID_7X3ANU,0.023040948702629765,0.023040948702629765,0.01449006509699917,0.01449006509699917,0.02641475088270623,0.02641475088270623,0.023040948702629765,0.023040948702629765
ID_JHEJ6C,0.027622980799965162,0.027622980799965162,0.019846579043244106,0.019846579043244106,0.0732069837176858,0.0732069837176858,0.027622980799965162,0.027622980799965162
ID_PQEFSA,0.025814710275676254,0.025814710275676254,0.014677753400100555,0.014677753400100555,0.026407287974771786,0.026407287974771786,0.025814710275676254,0.025814710275676254
ID_74362O,0.024089378584219022,0.024089378584219022,0.011899481154164546,0.011899481154164546,0.01334130580291095,0.01334130580291095,0.024089378584219022,0.024089378584219022
ID_ZYEPM4,0.027622980799965162,0.027622980799965162,0.01846177260312448,0.01846177260312448,0.07346480083892518,0.07346480083892518,0.027622980799965162,0.027622980799965162
ID_NO41LI,0.02413404155581404,0.02413404155581404,0.02620999127850284,0.02620999127850284,0.035542327080073835,0.035542327080073835,0.02413404155581404,0.02413404155581404
ID_A1BP0L,0.025240293676199763,0.025240293676199763,0.014620653629428437,0.014620653629428437,0.02520146239514383,0.02520146239514383,0.025240293676199763,0.025240293676199763
ID_833EID,0.03115357750780479,0.03115357750780479,0.031351129255780624,0.031351129255780624,0.0631353036667783,0.0631353036667783,0.03115357750780479,0.03115357750780479
ID_QVFOVQ,0.02413404155581404,0.02413404155581404,0.019529319109374485,0.019529319109374485,0.02200582659194018,0.02200582659194018,0.02413404155581404,0.02413404155581404
ID_E8JXTE,0.3156946258094587,0.3156946258094587,0.346630643135378,0.346630643135378,0.33951797295579206,0.33951797295579206,0.3156946258094587,0.3156946258094587
ID_SW35TS,0.024841789490068097,0.024841789490068097,0.02620797926793503,0.02620797926793503,0.058301537009664034,0.058301537009664034,0.024841789490068097,0.024841789490068097
ID_UE2F8Y,0.025814710275676254,0.025814710275676254,0.014677753400100555,0.014677753400100555,0.026407287974771786,0.026407287974771786,0.025814710275676254,0.025814710275676254
ID_EW9NJ2,0.024841789490068097,0.024841789490068097,0.02620797926793503,0.02620797926793503,0.058301537009664034,0.058301537009664034,0.024841789490068097,0.024841789490068097
ID_J6FHL2,0.03115357750780479,0.03115357750780479,0.031351129255780624,0.031351129255780624,0.0631353036667783,0.0631353036667783,0.03115357750780479,0.03115357750780479
ID_UGEC57,0.024562865145014743,0.024562865145014743,0.01801396504088916,0.01801396504088916,0.021021030195439928,0.021021030195439928,0.024562865145014743,0.024562865145014743
ID_VSQBO6,0.02413404155581404,0.02413404155581404,0.018153585895807463,0.018153585895807463,0.019821514365440947,0.019821514365440947,0.02413404155581404,0.02413404155581404
ID_UVXMIM,0.09062311776442801,0.09062311776442801,0.19228463108106017,0.19228463108106017,0.2532815684681491,0.2532815684681491,0.09062311776442801,0.09062311776442801
ID_T058KG,0.024079788482056087,0.024079788482056087,0.010971638828026467,0.010971638828026467,0.012554258227697405,0.012554258227697405,0.024079788482056087,0.024079788482056087
ID_VACRZA,0.024079788482056087,0.024079788482056087,0.010914218224297799,0.010914218224297799,0.012385281233205654,0.012385281233205654,0.024079788482056087,0.024079788482056087
ID_Y56MW9,0.024173810438594855,0.024173810438594855,0.01173238095646582,0.01173238095646582,0.012349721427299586,0.012349721427299586,0.024173810438594855,0.024173810438594855
ID_0DPIA8,0.024079788482056087,0.024079788482056087,0.010927316318584887,0.010927316318584887,0.012326684425473968,0.012326684425473968,0.024079788482056087,0.024079788482056087
ID_3U9J6G,0.024079788482056087,0.024079788482056087,0.010924957268056474,0.010924957268056474,0.012326684425473968,0.012326684425473968,0.024079788482056087,0.024079788482056087
ID_EUSZBN,0.024079788482056087,0.024079788482056087,0.010895836419794074,0.010895836419794074,0.012326684425473968,0.012326684425473968,0.024079788482056087,0.024079788482056087
ID_9E5OMC,0.024079788482056087,0.024079788482056087,0.010914218224297799,0.010914218224297799,0.012385281233205654,0.012385281233205654,0.024079788482056087,0.024079788482056087
ID_3R6KBU,0.024173810438594855,0.024173810438594855,0.01140720792322563,0.01140720792322563,0.012313510033894713,0.012313510033894713,0.024173810438594855,0.024173810438594855
ID_4TGSZ9,0.024173810438594855,0.024173810438594855,0.012323659145403279,0.012323659145403279,0.013024459089812297,0.013024459089812297,0.024173810438594855,0.024173810438594855
ID_NX8EEE,0.02457755163866445,0.02457755163866445,0.011797667009804587,0.011797667009804587,0.012808542562752849,0.012808542562752849,0.02457755163866445,0.02457755163866445
ID_RWKSD3,0.02410422640971982,0.02410422640971982,0.012336519199937022,0.012336519199937022,0.01343769093733613,0.01343769093733613,0.02410422640971982,0.02410422640971982
ID_7X97V1,0.024113816511882755,0.024113816511882755,0.0123903344592728,0.0123903344592728,0.012831136034442052,0.012831136034442052,0.024113816511882755,0.024113816511882755
ID_2AFQRA,0.024079788482056087,0.024079788482056087,0.010953640989536549,0.010953640989536549,0.012696278365800017,0.012696278365800017,0.024079788482056087,0.024079788482056087
ID_Q1RU6X,0.024173810438594855,0.024173810438594855,0.012323659145403279,0.012323659145403279,0.013024459089812297,0.013024459089812297,0.024173810438594855,0.024173810438594855
ID_YC254M,0.024079788482056087,0.024079788482056087,0.010861741014123657,0.010861741014123657,0.01244915931312824,0.01244915931312824,0.024079788482056087,0.024079788482056087
ID_UNWPJB,0.024079788482056087,0.024079788482056087,0.010924957268056474,0.010924957268056474,0.012326684425473968,0.012326684425473968,0.024079788482056087,0.024079788482056087
ID_B660BU,0.024079788482056087,0.024079788482056087,0.0109783723303943,0.0109783723303943,0.012367306020418746,0.012367306020418746,0.024079788482056087,0.024079788482056087
ID_4ORCRP,0.024079788482056087,0.024079788482056087,0.010953640989536549,0.010953640989536549,0.012696278365800017,0.012696278365800017,0.024079788482056087,0.024079788482056087
ID_YFLCSJ,0.024079788482056087,0.024079788482056087,0.010996104285839138,0.010996104285839138,0.012318005482453069,0.012318005482453069,0.024079788482056087,0.024079788482056087
ID_733Z0L,0.024079788482056087,0.024079788482056087,0.010971638828026467,0.010971638828026467,0.012554258227697405,0.012554258227697405,0.024079788482056087,0.024079788482056087
ID_KB7EEN,0.024079788482056087,0.024079788482056087,0.010924957268056474,0.010924957268056474,0.012326684425473968,0.012326684425473968,0.024079788482056087,0.024079788482056087
ID_066CHB,0.024079788482056087,0.024079788482056087,0.010916519088150558,0.010916519088150558,0.012372121792203355,0.012372121792203355,0.024079788482056087,0.024079788482056087
ID_BEU1N6,0.024079788482056087,0.024079788482056087,0.010924957268056474,0.010924957268056474,0.01236289581887884,0.01236289581887884,0.024079788482056087,0.024079788482056087
ID_C8R4WH,0.024079788482056087,0.024079788482056087,0.01087054692216412,0.01087054692216412,0.0126334351580742,0.0126334351580742,0.024079788482056087,0.024079788482056087
ID_PI3I2J,0.024079788482056087,0.024079788482056087,0.010953640989536549,0.010953640989536549,0.012696278365800017,0.012696278365800017,0.024079788482056087,0.024079788482056087
ID_9PMVYR,0.024079788482056087,0.024079788482056087,0.01087054692216412,0.01087054692216412,0.0126334351580742,0.0126334351580742,0.024079788482056087,0.024079788482056087
ID_Q7EXXO,0.024079788482056087,0.024079788482056087,0.01087054692216412,0.01087054692216412,0.0126334351580742,0.0126334351580742,0.024079788482056087,0.024079788482056087
ID_CQKKBK,0.024079788482056087,0.024079788482056087,0.010914218224297799,0.010914218224297799,0.012385281233205654,0.012385281233205654,0.024079788482056087,0.024079788482056087
ID_9QR9WA,0.024079788482056087,0.024079788482056087,0.01100945458762352,0.01100945458762352,0.01244048037010734,0.01244048037010734,0.024079788482056087,0.024079788482056087
ID_FELSNU,0.024079788482056087,0.024079788482056087,0.01100945458762352,0.01100945458762352,0.01244048037010734,0.01244048037010734,0.024079788482056087,0.024079788482056087
ID_PNKANZ,0.02410422640971982,0.02410422640971982,0.01166970502787285,0.01166970502787285,0.012680834563143135,0.012680834563143135,0.02410422640971982,0.02410422640971982
ID_22JIZ1,0.02410422640971982,0.02410422640971982,0.011714990423276752,0.011714990423276752,0.012535907026911252,0.012535907026911252,0.02410422640971982,0.02410422640971982
ID_IRZOS2,0.07756375773049592,0.07756375773049592,0.031857045372626576,0.031857045372626576,0.02638859399967383,0.02638859399967383,0.07756375773049592,0.07756375773049592
ID_PHQQ0F,0.07921864954937545,0.07921864954937545,0.03546387149252503,0.03546387149252503,0.026908882479830566,0.026908882479830566,0.07921864954937545,0.07921864954937545
ID_IW2314,0.08038843713933881,0.08038843713933881,0.03578942951995606,0.03578942951995606,0.026723540617077688,0.026723540617077688,0.08038843713933881,0.08038843713933881
ID_8UX59T,0.02410422640971982,0.02410422640971982,0.012254124382565417,0.012254124382565417,0.013179677171791845,0.013179677171791845,0.02410422640971982,0.02410422640971982
ID_4VMFY1,0.024079788482056087,0.024079788482056087,0.011108836782692545,0.011108836782692545,0.012336062148526795,0.012336062148526795,0.024079788482056087,0.024079788482056087
ID_NAS5OH,0.024079788482056087,0.024079788482056087,0.010869091702730515,0.010869091702730515,0.01270942152905517,0.01270942152905517,0.024079788482056087,0.024079788482056087
ID_B5C6RJ,0.024079788482056087,0.024079788482056087,0.010953640989536549,0.010953640989536549,0.012696278365800017,0.012696278365800017,0.024079788482056087,0.024079788482056087
ID_PXCAKA,0.024173810438594855,0.024173810438594855,0.01173238095646582,0.01173238095646582,0.012349721427299586,0.012349721427299586,0.024173810438594855,0.024173810438594855
ID_T7JWJL,0.02410422640971982,0.02410422640971982,0.012256364679470782,0.012256364679470782,0.013005900900208993,0.013005900900208993,0.02410422640971982,0.02410422640971982
ID_Z40GIH,0.02410422640971982,0.02410422640971982,0.012323024599397586,0.012323024599397586,0.01343769093733613,0.01343769093733613,0.02410422640971982,0.02410422640971982
ID_7B6TSR,0.024079788482056087,0.024079788482056087,0.010924957268056474,0.010924957268056474,0.012326684425473968,0.012326684425473968,0.024079788482056087,0.024079788482056087
ID_T8UE85,0.024173810438594855,0.024173810438594855,0.01173238095646582,0.01173238095646582,0.012349721427299586,0.012349721427299586,0.024173810438594855,0.024173810438594855
ID_N2GA6J,0.024079788482056087,0.024079788482056087,0.010972350393181014,0.010972350393181014,0.012554258227697405,0.012554258227697405,0.024079788482056087,0.024079788482056087
ID_X7QNEK,0.024126604961456837,0.024126604961456837,0.010893373599265038,0.010893373599265038,0.012799838946328478,0.012799838946328478,0.024126604961456837,0.024126604961456837
ID_L03W0G,0.024113816511882755,0.024113816511882755,0.01235447326336309,0.01235447326336309,0.012994297012431799,0.012994297012431799,0.024113816511882755,0.024113816511882755
ID_5UDF18,0.024079788482056087,0.024079788482056087,0.010971638828026467,0.010971638828026467,0.012554258227697405,0.012554258227697405,0.024079788482056087,0.024079788482056087
ID_TT098H,0.024079788482056087,0.024079788482056087,0.010976590216493167,0.010976590216493167,0.012443292391399716,0.012443292391399716,0.024079788482056087,0.024079788482056087
ID_5QZP6R,0.024126604961456837,0.024126604961456837,0.010901383138941368,0.010901383138941368,0.012330016908466504,0.012330016908466504,0.024126604961456837,0.024126604961456837
ID_EH54DK,0.07995836048217553,0.07995836048217553,0.034024707268161467,0.034024707268161467,0.021906144072162348,0.021906144072162348,0.07995836048217553,0.07995836048217553
ID_PALW0Q,0.024572949228191848,0.024572949228191848,0.012078265637502875,0.012078265637502875,0.014922415981911926,0.014922415981911926,0.024572949228191848,0.024572949228191848
ID_KSA6SI,0.024079788482056087,0.024079788482056087,0.010971638828026467,0.010971638828026467,0.012554258227697405,0.012554258227697405,0.024079788482056087,0.024079788482056087
ID_YDQ1KZ,0.02410422640971982,0.02410422640971982,0.012336519199937022,0.012336519199937022,0.01343769093733613,0.01343769093733613,0.02410422640971982,0.02410422640971982
ID_7TRIGH,0.024079788482056087,0.024079788482056087,0.01087054692216412,0.01087054692216412,0.0126334351580742,0.0126334351580742,0.024079788482056087,0.024079788482056087
ID_T2KMPX,0.024079788482056087,0.024079788482056087,0.010924957268056474,0.010924957268056474,0.012326684425473968,0.012326684425473968,0.024079788482056087,0.024079788482056087
ID_W6H2GG,0.024079788482056087,0.024079788482056087,0.010953640989536549,0.010953640989536549,0.012696278365800017,0.012696278365800017,0.024079788482056087,0.024079788482056087
ID_CQOM1C,0.024079788482056087,0.024079788482056087,0.01091914368957595,0.01091914368957595,0.012326684425473968,0.012326684425473968,0.024079788482056087,0.024079788482056087
ID_V4PFS3,0.024079788482056087,0.024079788482056087,0.010887783775844742,0.010887783775844742,0.01242839825194323,0.01242839825194323,0.024079788482056087,0.024079788482056087
ID_7SSXA0,0.024079788482056087,0.024079788482056087,0.010846164581334397,0.010846164581334397,0.01244915931312824,0.01244915931312824,0.024079788482056087,0.024079788482056087
ID_904OMU,0.024079788482056087,0.024079788482056087,0.01087054692216412,0.01087054692216412,0.0126334351580742,0.0126334351580742,0.024079788482056087,0.024079788482056087
ID_UPD1SQ,0.024156420107551053,0.024156420107551053,0.01090266964701652,0.01090266964701652,0.012330016908466504,0.012330016908466504,0.024156420107551053,0.024156420107551053
ID_3BE6BK,0.024079788482056087,0.024079788482056087,0.010844872200940438,0.010844872200940438,0.012322677093176884,0.012322677093176884,0.024079788482056087,0.024079788482056087
ID_ROX1RX,0.024079788482056087,0.024079788482056087,0.010895836419794074,0.010895836419794074,0.012326684425473968,0.012326684425473968,0.024079788482056087,0.024079788482056087
ID_HJN7VE,0.024079788482056087,0.024079788482056087,0.011099036820387492,0.011099036820387492,0.01237941431147713,0.01237941431147713,0.024079788482056087,0.024079788482056087
ID_HQT8FR,0.07756375773049592,0.07756375773049592,0.029643180585429627,0.029643180585429627,0.0263554341180291,0.0263554341180291,0.07756375773049592,0.07756375773049592
ID_IT2HDM,0.02410422640971982,0.02410422640971982,0.01166970502787285,0.01166970502787285,0.012680834563143135,0.012680834563143135,0.02410422640971982,0.02410422640971982
ID_YNKD7B,0.08491091001553666,0.08491091001553666,0.03468582897205594,0.03468582897205594,0.03448824784221574,0.03448824784221574,0.08491091001553666,0.08491091001553666
ID_9QKC85,0.024156420107551053,0.024156420107551053,0.01090266964701652,0.01090266964701652,0.012330016908466504,0.012330016908466504,0.024156420107551053,0.024156420107551053
ID_QO4II7,0.024079788482056087,0.024079788482056087,0.011124951868103913,0.011124951868103913,0.012313510033894713,0.012313510033894713,0.024079788482056087,0.024079788482056087
ID_EXZ3UM,0.024079788482056087,0.024079788482056087,0.011126551041222682,0.011126551041222682,0.012372121792203355,0.012372121792203355,0.024079788482056087,0.024079788482056087
ID_REKC8W,0.024173810438594855,0.024173810438594855,0.01173238095646582,0.01173238095646582,0.012349721427299586,0.012349721427299586,0.024173810438594855,0.024173810438594855
ID_ATOZFV,0.024126604961456837,0.024126604961456837,0.010892004721211589,0.010892004721211589,0.012330016908466504,0.012330016908466504,0.024126604961456837,0.024126604961456837
ID_XUPA46,0.024228063512352807,0.024228063512352807,0.012081129019345629,0.012081129019345629,0.012559940732825202,0.012559940732825202,0.024228063512352807,0.024228063512352807
ID_BTIN8A,0.024126604961456837,0.024126604961456837,0.010892004721211589,0.010892004721211589,0.012330016908466504,0.012330016908466504,0.024126604961456837,0.024126604961456837
ID_4A8R3V,0.024537678083945365,0.024537678083945365,0.012317265127760421,0.012317265127760421,0.014027087408676378,0.014027087408676378,0.024537678083945365,0.024537678083945365
ID_QPZL6F,0.024079788482056087,0.024079788482056087,0.01087054692216412,0.01087054692216412,0.0126334351580742,0.0126334351580742,0.024079788482056087,0.024079788482056087
ID_45449H,0.024079788482056087,0.024079788482056087,0.01101536315416668,0.01101536315416668,0.012545579284676504,0.012545579284676504,0.024079788482056087,0.024079788482056087
ID_3QF1JY,0.02410422640971982,0.02410422640971982,0.011792633812319979,0.011792633812319979,0.013046908333443116,0.013046908333443116,0.02410422640971982,0.02410422640971982
ID_ZO8KHA,0.024079788482056087,0.024079788482056087,0.011026057595217,0.011026057595217,0.012430218680772853,0.012430218680772853,0.024079788482056087,0.024079788482056087
ID_K9PYT8,0.024079788482056087,0.024079788482056087,0.011099036820387492,0.011099036820387492,0.01237941431147713,0.01237941431147713,0.024079788482056087,0.024079788482056087
ID_QI8JG9,0.024537678083945365,0.024537678083945365,0.01222230531439487,0.01222230531439487,0.014027087408676378,0.014027087408676378,0.024537678083945365,0.024537678083945365
ID_QQTRMM,0.024079788482056087,0.024079788482056087,0.010937728035643208,0.010937728035643208,0.012385281233205654,0.012385281233205654,0.024079788482056087,0.024079788482056087
ID_TH808E,0.024173810438594855,0.024173810438594855,0.01173238095646582,0.01173238095646582,0.012349721427299586,0.012349721427299586,0.024173810438594855,0.024173810438594855
ID_LMWRAC,0.024079788482056087,0.024079788482056087,0.010937728035643208,0.010937728035643208,0.012385281233205654,0.012385281233205654,0.024079788482056087,0.024079788482056087
ID_AW91U7,0.024079788482056087,0.024079788482056087,0.010869091702730515,0.010869091702730515,0.01270942152905517,0.01270942152905517,0.024079788482056087,0.024079788482056087
ID_G90D2D,0.07995836048217553,0.07995836048217553,0.034024707268161467,0.034024707268161467,0.021906144072162348,0.021906144072162348,0.07995836048217553,0.07995836048217553
ID_RAVU77,0.024126604961456837,0.024126604961456837,0.010903574105225269,0.010903574105225269,0.012316631853116593,0.012316631853116593,0.024126604961456837,0.024126604961456837
ID_61GEC6,0.10210026966346661,0.10210026966346661,0.07290744340108882,0.07290744340108882,0.037953196577638695,0.037953196577638695,0.10210026966346661,0.10210026966346661
ID_MVNZ8F,0.08491091001553666,0.08491091001553666,0.03468582897205594,0.03468582897205594,0.03448824784221574,0.03448824784221574,0.08491091001553666,0.08491091001553666
ID_1QI418,0.024126604961456837,0.024126604961456837,0.010902233201174777,0.010902233201174777,0.01237576042930481,0.01237576042930481,0.024126604961456837,0.024126604961456837
ID_DQP75D,0.024079788482056087,0.024079788482056087,0.01087054692216412,0.01087054692216412,0.0126334351580742,0.0126334351580742,0.024079788482056087,0.024079788482056087
ID_TKOQON,0.02425044206408982,0.02425044206408982,0.011286807737205529,0.011286807737205529,0.012316631853116593,0.012316631853116593,0.02425044206408982,0.02425044206408982
ID_3HTFW1,0.08184372533078071,0.08184372533078071,0.03250581275138595,0.03250581275138595,0.027630396568737305,0.027630396568737305,0.08184372533078071,0.08184372533078071
ID_8KEJPH,0.024079788482056087,0.024079788482056087,0.011084255604073069,0.011084255604073069,0.012313510033894713,0.012313510033894713,0.024079788482056087,0.024079788482056087
ID_J8AEJ1,0.024156420107551053,0.024156420107551053,0.01090266964701652,0.01090266964701652,0.012330016908466504,0.012330016908466504,0.024156420107551053,0.024156420107551053
ID_ECH1M4,0.024126604961456837,0.024126604961456837,0.010903574105225269,0.010903574105225269,0.012316631853116593,0.012316631853116593,0.024126604961456837,0.024126604961456837
ID_D88GUO,0.024113816511882755,0.024113816511882755,0.011275199892571072,0.011275199892571072,0.012555852465907605,0.012555852465907605,0.024113816511882755,0.024113816511882755
ID_6U3FDV,0.024126604961456837,0.024126604961456837,0.010973648643653989,0.010973648643653989,0.012321348488720239,0.012321348488720239,0.024126604961456837,0.024126604961456837
ID_IITBB8,0.024126604961456837,0.024126604961456837,0.010892004721211589,0.010892004721211589,0.012330016908466504,0.012330016908466504,0.024126604961456837,0.024126604961456837
ID_1NH2JD,0.024079788482056087,0.024079788482056087,0.010924957268056474,0.010924957268056474,0.012326684425473968,0.012326684425473968,0.024079788482056087,0.024079788482056087
ID_83W49H,0.024079788482056087,0.024079788482056087,0.01087054692216412,0.01087054692216412,0.0126334351580742,0.0126334351580742,0.024079788482056087,0.024079788482056087
ID_W9M82U,0.024173810438594855,0.024173810438594855,0.01173238095646582,0.01173238095646582,0.012349721427299586,0.012349721427299586,0.024173810438594855,0.024173810438594855
ID_TJ3MK7,0.024079788482056087,0.024079788482056087,0.010943592119617736,0.010943592119617736,0.012385281233205654,0.012385281233205654,0.024079788482056087,0.024079788482056087
ID_45IHF3,0.02410422640971982,0.02410422640971982,0.012190708436042991,0.012190708436042991,0.01301175105928135,0.01301175105928135,0.02410422640971982,0.02410422640971982
ID_W9UTJU,0.024126604961456837,0.024126604961456837,0.010903574105225269,0.010903574105225269,0.012316631853116593,0.012316631853116593,0.024126604961456837,0.024126604961456837
ID_GFQSV3,0.024156420107551053,0.024156420107551053,0.01090266964701652,0.01090266964701652,0.012330016908466504,0.012330016908466504,0.024156420107551053,0.024156420107551053
ID_G8MQYI,0.02410422640971982,0.02410422640971982,0.011206391063771219,0.011206391063771219,0.012535907026911252,0.012535907026911252,0.02410422640971982,0.02410422640971982
ID_K9FWUG,0.04002134746517058,0.04002134746517058,0.02592846902456731,0.02592846902456731,0.019216885146680927,0.019216885146680927,0.04002134746517058,0.04002134746517058
ID_2CCRSP,0.024079788482056087,0.024079788482056087,0.010923215661403798,0.010923215661403798,0.012325509777160919,0.012325509777160919,0.024079788482056087,0.024079788482056087
ID_U1ST6M,0.024079788482056087,0.024079788482056087,0.0109755100346607,0.0109755100346607,0.012430149228144564,0.012430149228144564,0.024079788482056087,0.024079788482056087
ID_BIBW8E,0.024079788482056087,0.024079788482056087,0.010937728035643208,0.010937728035643208,0.012385281233205654,0.012385281233205654,0.024079788482056087,0.024079788482056087
ID_G1TRLN,0.024173810438594855,0.024173810438594855,0.01173238095646582,0.01173238095646582,0.012349721427299586,0.012349721427299586,0.024173810438594855,0.024173810438594855
ID_ZDCCE5,0.024079788482056087,0.024079788482056087,0.010943592119617736,0.010943592119617736,0.012385281233205654,0.012385281233205654,0.024079788482056087,0.024079788482056087
ID_GJ1X0Y,0.024157816977779842,0.024157816977779842,0.012112383537132957,0.012112383537132957,0.013070759849701255,0.013070759849701255,0.024157816977779842,0.024157816977779842
ID_6R8K2I,0.02410422640971982,0.02410422640971982,0.01169602511107309,0.01169602511107309,0.012680834563143135,0.012680834563143135,0.02410422640971982,0.02410422640971982
ID_SB5WMN,0.02410422640971982,0.02410422640971982,0.011287972138159425,0.011287972138159425,0.01274125190068561,0.01274125190068561,0.02410422640971982,0.02410422640971982
ID_IDNZZO,0.024126604961456837,0.024126604961456837,0.010903574105225269,0.010903574105225269,0.012316631853116593,0.012316631853116593,0.024126604961456837,0.024126604961456837
ID_1QOW1W,0.024126604961456837,0.024126604961456837,0.010892004721211589,0.010892004721211589,0.012330016908466504,0.012330016908466504,0.024126604961456837,0.024126604961456837
ID_8WP8VX,0.024277570638634876,0.024277570638634876,0.011109172411715065,0.011109172411715065,0.012649702305171597,0.012649702305171597,0.024277570638634876,0.024277570638634876
ID_XELVEF,0.024126604961456837,0.024126604961456837,0.010984063973343077,0.010984063973343077,0.01238241333115945,0.01238241333115945,0.024126604961456837,0.024126604961456837
ID_54OCQC,0.1761222373503597,0.1761222373503597,0.19208456012021322,0.19208456012021322,0.21069503447106502,0.21069503447106502,0.1761222373503597,0.1761222373503597
ID_8PAGNV,0.14710558723540287,0.14710558723540287,0.13085485198411034,0.13085485198411034,0.13998433926759873,0.13998433926759873,0.14710558723540287,0.14710558723540287
ID_GYR7IN,0.02440549624497793,0.02440549624497793,0.013870736226024258,0.013870736226024258,0.014939988742968079,0.014939988742968079,0.02440549624497793,0.02440549624497793
ID_FLBXIB,0.19040265696922803,0.19040265696922803,0.2110675829625399,0.2110675829625399,0.21654530064167732,0.21654530064167732,0.19040265696922803,0.19040265696922803
ID_5VQXP0,0.1524017787709666,0.1524017787709666,0.15059082494961384,0.15059082494961384,0.15663745147711944,0.15663745147711944,0.1524017787709666,0.1524017787709666
ID_C85QWY,0.34765758929672574,0.34765758929672574,0.1536128825168726,0.1536128825168726,0.11382024376104596,0.11382024376104596,0.34765758929672574,0.34765758929672574
ID_HMDPWN,0.02426631878223029,0.02426631878223029,0.011010016617726964,0.011010016617726964,0.013572549414143,0.013572549414143,0.02426631878223029,0.02426631878223029
ID_S213JS,0.024079788482056087,0.024079788482056087,0.010962743328529248,0.010962743328529248,0.012320035732366051,0.012320035732366051,0.024079788482056087,0.024079788482056087
ID_JJB0N9,0.3552240688786978,0.3552240688786978,0.18298642516672975,0.18298642516672975,0.14855113018348415,0.14855113018348415,0.3552240688786978,0.3552240688786978
ID_JI09Z4,0.02426631878223029,0.02426631878223029,0.011010016617726964,0.011010016617726964,0.013572549414143,0.013572549414143,0.02426631878223029,0.02426631878223029
ID_XQD518,0.0727017856983318,0.0727017856983318,0.035880015334454965,0.035880015334454965,0.03472108743648448,0.03472108743648448,0.0727017856983318,0.0727017856983318
ID_6WA8X2,0.024079788482056087,0.024079788482056087,0.010943224691400733,0.010943224691400733,0.01233629752763314,0.01233629752763314,0.024079788482056087,0.024079788482056087
ID_LV4Z3X,0.024079788482056087,0.024079788482056087,0.010945197724354903,0.010945197724354903,0.012319843693641893,0.012319843693641893,0.024079788482056087,0.024079788482056087
ID_HG6O68,0.024079788482056087,0.024079788482056087,0.010962743328529248,0.010962743328529248,0.012320035732366051,0.012320035732366051,0.024079788482056087,0.024079788482056087
ID_U5R2MX,0.024079788482056087,0.024079788482056087,0.010964003253541375,0.010964003253541375,0.012389181375671913,0.012389181375671913,0.024079788482056087,0.024079788482056087
ID_P91KWI,0.02426631878223029,0.02426631878223029,0.011020765729424184,0.011020765729424184,0.013572549414143,0.013572549414143,0.02426631878223029,0.02426631878223029
ID_1LR5GS,0.02426631878223029,0.02426631878223029,0.011010016617726964,0.011010016617726964,0.013572549414143,0.013572549414143,0.02426631878223029,0.02426631878223029
ID_4V99R0,0.024126604961456837,0.024126604961456837,0.010923385932693224,0.010923385932693224,0.01330937393733539,0.01330937393733539,0.024126604961456837,0.024126604961456837
ID_K7VOHK,0.4445674436006383,0.4445674436006383,0.3592349909358673,0.3592349909358673,0.3181926037597234,0.3181926037597234,0.4445674436006383,0.4445674436006383
ID_CW7BS0,0.0727017856983318,0.0727017856983318,0.035880015334454965,0.035880015334454965,0.03472108743648448,0.03472108743648448,0.0727017856983318,0.0727017856983318
ID_AFAB4R,0.024445714235191086,0.024445714235191086,0.011042207768749016,0.011042207768749016,0.013529396932867876,0.013529396932867876,0.024445714235191086,0.024445714235191086
ID_78AWWK,0.024079788482056087,0.024079788482056087,0.0109082315159892,0.0109082315159892,0.012388844409646693,0.012388844409646693,0.024079788482056087,0.024079788482056087
ID_STJEV5,0.024109603628150303,0.024109603628150303,0.010903856008481394,0.010903856008481394,0.0123840527776383,0.0123840527776383,0.024109603628150303,0.024109603628150303
ID_SNEFWM,0.024261853210348988,0.024261853210348988,0.011065215346252842,0.011065215346252842,0.013485246809059442,0.013485246809059442,0.024261853210348988,0.024261853210348988
ID_1Z5H24,0.024079788482056087,0.024079788482056087,0.010828216279358519,0.010828216279358519,0.012381313953291397,0.012381313953291397,0.024079788482056087,0.024079788482056087
ID_5Y7E9L,0.024261853210348988,0.024261853210348988,0.011065215346252842,0.011065215346252842,0.013485246809059442,0.013485246809059442,0.024261853210348988,0.024261853210348988
ID_SQPD1Y,0.024079788482056087,0.024079788482056087,0.010926859772889468,0.010926859772889468,0.012327374149997189,0.012327374149997189,0.024079788482056087,0.024079788482056087
ID_QGJOBR,0.02426631878223029,0.02426631878223029,0.011010016617726964,0.011010016617726964,0.013572549414143,0.013572549414143,0.02426631878223029,0.02426631878223029
ID_FK332O,0.024261853210348988,0.024261853210348988,0.011065215346252842,0.011065215346252842,0.013485246809059442,0.013485246809059442,0.024261853210348988,0.024261853210348988
ID_W4K932,0.024079788482056087,0.024079788482056087,0.010919549479776561,0.010919549479776561,0.012394699008641308,0.012394699008641308,0.024079788482056087,0.024079788482056087
ID_5C4970,0.02426631878223029,0.02426631878223029,0.011010016617726964,0.011010016617726964,0.013572549414143,0.013572549414143,0.02426631878223029,0.02426631878223029
ID_0QG01H,0.07488373906958823,0.07488373906958823,0.04598120619071578,0.04598120619071578,0.03483631087077055,0.03483631087077055,0.07488373906958823,0.07488373906958823
ID_E1URRC,0.024126604961456837,0.024126604961456837,0.010923385932693224,0.010923385932693224,0.01330937393733539,0.01330937393733539,0.024126604961456837,0.024126604961456837
ID_ND44I5,0.024126604961456837,0.024126604961456837,0.010879156448402346,0.010879156448402346,0.012948727479818982,0.012948727479818982,0.024126604961456837,0.024126604961456837
ID_MOKPZ9,0.024079788482056087,0.024079788482056087,0.01093678248906624,0.01093678248906624,0.012395820107585593,0.012395820107585593,0.024079788482056087,0.024079788482056087
ID_YKQU0Q,0.024079788482056087,0.024079788482056087,0.010943224691400733,0.010943224691400733,0.01233629752763314,0.01233629752763314,0.024079788482056087,0.024079788482056087
ID_20X7IL,0.024079788482056087,0.024079788482056087,0.010943224691400733,0.010943224691400733,0.01233629752763314,0.01233629752763314,0.024079788482056087,0.024079788482056087
ID_XNR8IL,0.07488373906958823,0.07488373906958823,0.04598120619071578,0.04598120619071578,0.03483631087077055,0.03483631087077055,0.07488373906958823,0.07488373906958823
ID_PKK3GF,0.02426631878223029,0.02426631878223029,0.011010016617726964,0.011010016617726964,0.013572549414143,0.013572549414143,0.02426631878223029,0.02426631878223029
ID_L8XKD7,0.024079788482056087,0.024079788482056087,0.010990369303946205,0.010990369303946205,0.01232762979191178,0.01232762979191178,0.024079788482056087,0.024079788482056087
ID_W6BRD9,0.024079788482056087,0.024079788482056087,0.010884956623355585,0.010884956623355585,0.0123966995092933,0.0123966995092933,0.024079788482056087,0.024079788482056087
ID_YR9NYE,0.024079788482056087,0.024079788482056087,0.010943224691400733,0.010943224691400733,0.01233629752763314,0.01233629752763314,0.024079788482056087,0.024079788482056087
ID_C9SGUI,0.02426631878223029,0.02426631878223029,0.011010016617726964,0.011010016617726964,0.013572549414143,0.013572549414143,0.02426631878223029,0.02426631878223029
ID_MTQKCA,0.024079788482056087,0.024079788482056087,0.010896227470267299,0.010896227470267299,0.012394699008641308,0.012394699008641308,0.024079788482056087,0.024079788482056087
ID_PVWOIW,0.024310586153818776,0.024310586153818776,0.011095974725576593,0.011095974725576593,0.013145018052029205,0.013145018052029205,0.024310586153818776,0.024310586153818776
ID_QE0PJR,0.02426974199156874,0.02426974199156874,0.011020160515734376,0.011020160515734376,0.012876659208337646,0.012876659208337646,0.02426974199156874,0.02426974199156874
ID_XFDKO4,0.02426631878223029,0.02426631878223029,0.011010016617726964,0.011010016617726964,0.013572549414143,0.013572549414143,0.02426631878223029,0.02426631878223029
ID_V3C88O,0.024079788482056087,0.024079788482056087,0.010964003253541375,0.010964003253541375,0.012389181375671913,0.012389181375671913,0.024079788482056087,0.024079788482056087
ID_HW2F25,0.024079788482056087,0.024079788482056087,0.01091262413326419,0.01091262413326419,0.012391897790720013,0.012391897790720013,0.024079788482056087,0.024079788482056087
ID_02IJBN,0.024079788482056087,0.024079788482056087,0.01091262413326419,0.01091262413326419,0.012391897790720013,0.012391897790720013,0.024079788482056087,0.024079788482056087
ID_N3R2G6,0.024126604961456837,0.024126604961456837,0.010923385932693224,0.010923385932693224,0.01330937393733539,0.01330937393733539,0.024126604961456837,0.024126604961456837
ID_MPKREV,0.02426631878223029,0.02426631878223029,0.011010016617726964,0.011010016617726964,0.013572549414143,0.013572549414143,0.02426631878223029,0.02426631878223029
ID_4NOKI6,0.024079788482056087,0.024079788482056087,0.010943224691400733,0.010943224691400733,0.01233629752763314,0.01233629752763314,0.024079788482056087,0.024079788482056087
ID_0UNLYT,0.024109603628150303,0.024109603628150303,0.010928041501341216,0.010928041501341216,0.01238331445394339,0.01238331445394339,0.024109603628150303,0.024109603628150303
ID_TYEL0C,0.024079788482056087,0.024079788482056087,0.010943224691400733,0.010943224691400733,0.012333228748991804,0.012333228748991804,0.024079788482056087,0.024079788482056087
ID_FEV7BL,0.024079788482056087,0.024079788482056087,0.010943224691400733,0.010943224691400733,0.012333228748991804,0.012333228748991804,0.024079788482056087,0.024079788482056087
ID_X1R31L,0.024079788482056087,0.024079788482056087,0.010962743328529248,0.010962743328529248,0.012320035732366051,0.012320035732366051,0.024079788482056087,0.024079788482056087
ID_XOOML1,0.04875861825942973,0.04875861825942973,0.03288854378736049,0.03288854378736049,0.024012378898137086,0.024012378898137086,0.04875861825942973,0.04875861825942973
ID_UHO4EX,0.02426631878223029,0.02426631878223029,0.011010016617726964,0.011010016617726964,0.013572549414143,0.013572549414143,0.02426631878223029,0.02426631878223029
ID_FREVOR,0.024079788482056087,0.024079788482056087,0.010896422099655334,0.010896422099655334,0.012402566431021824,0.012402566431021824,0.024079788482056087,0.024079788482056087
ID_KB7C08,0.024079788482056087,0.024079788482056087,0.010919549479776561,0.010919549479776561,0.012394699008641308,0.012394699008641308,0.024079788482056087,0.024079788482056087
ID_PTA13J,0.024079788482056087,0.024079788482056087,0.010943224691400733,0.010943224691400733,0.01233629752763314,0.01233629752763314,0.024079788482056087,0.024079788482056087
ID_PE2XKW,0.02426631878223029,0.02426631878223029,0.011010016617726964,0.011010016617726964,0.013572549414143,0.013572549414143,0.02426631878223029,0.02426631878223029
ID_D4AGS1,0.02426631878223029,0.02426631878223029,0.011010016617726964,0.011010016617726964,0.013572549414143,0.013572549414143,0.02426631878223029,0.02426631878223029
ID_8NHTDF,0.21256032100624792,0.21256032100624792,0.11607877074118927,0.11607877074118927,0.09816395493171712,0.09816395493171712,0.21256032100624792,0.21256032100624792
ID_HL6L8P,0.024079788482056087,0.024079788482056087,0.010919549479776561,0.010919549479776561,0.012394699008641308,0.012394699008641308,0.024079788482056087,0.024079788482056087
ID_2LQ63Z,0.024126604961456837,0.024126604961456837,0.010923385932693224,0.010923385932693224,0.01330937393733539,0.01330937393733539,0.024126604961456837,0.024126604961456837
ID_MRS220,0.02426631878223029,0.02426631878223029,0.011010016617726964,0.011010016617726964,0.013572549414143,0.013572549414143,0.02426631878223029,0.02426631878223029
ID_ZAG8Y6,0.07488373906958823,0.07488373906958823,0.04598120619071578,0.04598120619071578,0.03483631087077055,0.03483631087077055,0.07488373906958823,0.07488373906958823
ID_F9LA3J,0.42124245298893187,0.42124245298893187,0.4161147177334852,0.4161147177334852,0.4980473967978791,0.4980473967978791,0.42124245298893187,0.42124245298893187
ID_Y9DABF,0.026881205969728435,0.026881205969728435,0.024892011853928322,0.024892011853928322,0.01845837894281199,0.01845837894281199,0.026881205969728435,0.026881205969728435
ID_V3AI5Z,0.4697447272426083,0.4697447272426083,0.3402858250144314,0.3402858250144314,0.3154096084514658,0.3154096084514658,0.4697447272426083,0.4697447272426083
ID_88JV6U,0.026881205969728435,0.026881205969728435,0.024892011853928322,0.024892011853928322,0.01845837894281199,0.01845837894281199,0.026881205969728435,0.026881205969728435
ID_RNX724,0.023545415958894207,0.023545415958894207,0.013110914943188504,0.013110914943188504,0.016620627748898383,0.016620627748898383,0.023545415958894207,0.023545415958894207
ID_HGRAVW,0.023545415958894207,0.023545415958894207,0.013110914943188504,0.013110914943188504,0.016620627748898383,0.016620627748898383,0.023545415958894207,0.023545415958894207
ID_CJRB1K,0.026524303495287355,0.026524303495287355,0.0223645171779226,0.0223645171779226,0.017792642210111887,0.017792642210111887,0.026524303495287355,0.026524303495287355
ID_PTSP80,0.025668325842247975,0.025668325842247975,0.0236921606260794,0.0236921606260794,0.017867269006063124,0.017867269006063124,0.025668325842247975,0.025668325842247975
ID_9EAVDN,0.025668325842247975,0.025668325842247975,0.0236921606260794,0.0236921606260794,0.017867269006063124,0.017867269006063124,0.025668325842247975,0.025668325842247975
ID_YM45P0,0.026524303495287355,0.026524303495287355,0.0223645171779226,0.0223645171779226,0.017792642210111887,0.017792642210111887,0.026524303495287355,0.026524303495287355
ID_01A97D,0.025668325842247975,0.025668325842247975,0.0236921606260794,0.0236921606260794,0.017867269006063124,0.017867269006063124,0.025668325842247975,0.025668325842247975
ID_A1ECJZ,0.025668325842247975,0.025668325842247975,0.0236921606260794,0.0236921606260794,0.017867269006063124,0.017867269006063124,0.025668325842247975,0.025668325842247975
ID_JOQSKL,0.026312428210448713,0.026312428210448713,0.015496361655663385,0.015496361655663385,0.015541365004581016,0.015541365004581016,0.026312428210448713,0.026312428210448713
ID_C5CLUE,0.02763657748105354,0.02763657748105354,0.027841348545658697,0.027841348545658697,0.02384840528361408,0.02384840528361408,0.02763657748105354,0.02763657748105354
ID_0C8KZH,0.47053666018270607,0.47053666018270607,0.4062323916400035,0.4062323916400035,0.49315391255286223,0.49315391255286223,0.47053666018270607,0.47053666018270607
ID_YHO3I2,0.026881205969728435,0.026881205969728435,0.024892011853928322,0.024892011853928322,0.01845837894281199,0.01845837894281199,0.026881205969728435,0.026881205969728435
ID_AHK206,0.02424137040161866,0.02424137040161866,0.011582161866169867,0.011582161866169867,0.015811213137682256,0.015811213137682256,0.02424137040161866,0.02424137040161866
ID_ERLXBG,0.02424137040161866,0.02424137040161866,0.011302704304117648,0.011302704304117648,0.015578890369377738,0.015578890369377738,0.02424137040161866,0.02424137040161866
ID_3HL2C9,0.024079788482056087,0.024079788482056087,0.011621978950300614,0.011621978950300614,0.017989501842988226,0.017989501842988226,0.024079788482056087,0.024079788482056087
ID_5VE6UT,0.025172413740489813,0.025172413740489813,0.013928838892384984,0.013928838892384984,0.027451096260819086,0.027451096260819086,0.025172413740489813,0.025172413740489813
ID_3E2WXH,0.02424137040161866,0.02424137040161866,0.011582161866169867,0.011582161866169867,0.015811213137682256,0.015811213137682256,0.02424137040161866,0.02424137040161866
ID_1BWM6H,0.02424137040161866,0.02424137040161866,0.011582161866169867,0.011582161866169867,0.015811213137682256,0.015811213137682256,0.02424137040161866,0.02424137040161866
ID_NQVDII,0.02424137040161866,0.02424137040161866,0.011582161866169867,0.011582161866169867,0.015811213137682256,0.015811213137682256,0.02424137040161866,0.02424137040161866
ID_9MXZMG,0.024079788482056087,0.024079788482056087,0.011621978950300614,0.011621978950300614,0.017989501842988226,0.017989501842988226,0.024079788482056087,0.024079788482056087
ID_LVAH3V,0.024248218654508442,0.024248218654508442,0.011047338330945075,0.011047338330945075,0.014544913465901288,0.014544913465901288,0.024248218654508442,0.024248218654508442
ID_QA38KR,0.02424137040161866,0.02424137040161866,0.011582161866169867,0.011582161866169867,0.015811213137682256,0.015811213137682256,0.02424137040161866,0.02424137040161866
ID_QUPBR5,0.02424137040161866,0.02424137040161866,0.011582161866169867,0.011582161866169867,0.015811213137682256,0.015811213137682256,0.02424137040161866,0.02424137040161866
ID_7DOD5R,0.024079788482056087,0.024079788482056087,0.01136755140410976,0.01136755140410976,0.01614832488412959,0.01614832488412959,0.024079788482056087,0.024079788482056087
ID_VNBIPS,0.024079788482056087,0.024079788482056087,0.011621978950300614,0.011621978950300614,0.017989501842988226,0.017989501842988226,0.024079788482056087,0.024079788482056087
ID_6P7N3B,0.03857073682337335,0.03857073682337335,0.10970520206893156,0.10970520206893156,0.22397448491278735,0.22397448491278735,0.03857073682337335,0.03857073682337335
ID_ZO2QTR,0.02498176787194252,0.02498176787194252,0.014566849375205703,0.014566849375205703,0.029180046662087924,0.029180046662087924,0.02498176787194252,0.02498176787194252
ID_FYU27B,0.024079788482056087,0.024079788482056087,0.011621978950300614,0.011621978950300614,0.017989501842988226,0.017989501842988226,0.024079788482056087,0.024079788482056087
ID_DBX7DS,0.025156138534934574,0.025156138534934574,0.014348327286374512,0.014348327286374512,0.024948361582022238,0.024948361582022238,0.025156138534934574,0.025156138534934574
ID_W5VGS0,0.024089378584219022,0.024089378584219022,0.011706406058731161,0.011706406058731161,0.018774727684169278,0.018774727684169278,0.024089378584219022,0.024089378584219022
ID_DF3WU7,0.024079788482056087,0.024079788482056087,0.011621978950300614,0.011621978950300614,0.017989501842988226,0.017989501842988226,0.024079788482056087,0.024079788482056087
ID_I2M4VZ,0.02651800724047838,0.02651800724047838,0.013022432022052182,0.013022432022052182,0.017321378395797143,0.017321378395797143,0.02651800724047838,0.02651800724047838
ID_ERFJWP,0.02527348813781472,0.02527348813781472,0.014864245932975296,0.014864245932975296,0.030049659153754744,0.030049659153754744,0.02527348813781472,0.02527348813781472
ID_9P61Y7,0.02438849448202269,0.02438849448202269,0.011824423711754767,0.011824423711754767,0.016341856622851623,0.016341856622851623,0.02438849448202269,0.02438849448202269
ID_BF8224,0.024173810438594855,0.024173810438594855,0.011309433882353207,0.011309433882353207,0.015578890369377738,0.015578890369377738,0.024173810438594855,0.024173810438594855
ID_KNHULM,0.02424137040161866,0.02424137040161866,0.011302704304117648,0.011302704304117648,0.015578890369377738,0.015578890369377738,0.02424137040161866,0.02424137040161866
ID_WZ8Q7B,0.024079788482056087,0.024079788482056087,0.011621978950300614,0.011621978950300614,0.017989501842988226,0.017989501842988226,0.024079788482056087,0.024079788482056087
ID_D9GW24,0.02423491176524259,0.02423491176524259,0.011293060514708561,0.011293060514708561,0.014544913465901288,0.014544913465901288,0.02423491176524259,0.02423491176524259
ID_R6P82I,0.030356554749559027,0.030356554749559027,0.018456377324890604,0.018456377324890604,0.040411451735199395,0.040411451735199395,0.030356554749559027,0.030356554749559027
ID_OEPZP1,0.025156138534934574,0.025156138534934574,0.014090409101812982,0.014090409101812982,0.024956033863754078,0.024956033863754078,0.025156138534934574,0.025156138534934574
ID_AWGISG,0.02424137040161866,0.02424137040161866,0.011582161866169867,0.011582161866169867,0.015811213137682256,0.015811213137682256,0.02424137040161866,0.02424137040161866
ID_U5TTSQ,0.02424137040161866,0.02424137040161866,0.011302704304117648,0.011302704304117648,0.015578890369377738,0.015578890369377738,0.02424137040161866,0.02424137040161866
ID_58G5VW,0.024450409495003517,0.024450409495003517,0.013273521027406542,0.013273521027406542,0.030499061386918033,0.030499061386918033,0.024450409495003517,0.024450409495003517
ID_D53KBD,0.024198248366258588,0.024198248366258588,0.011342194699111135,0.011342194699111135,0.015561707485402488,0.015561707485402488,0.024198248366258588,0.024198248366258588
ID_L5XIHQ,0.024079788482056087,0.024079788482056087,0.010791007204010274,0.010791007204010274,0.015578890369377738,0.015578890369377738,0.024079788482056087,0.024079788482056087
ID_QJGRN9,0.02498176787194252,0.02498176787194252,0.014566849375205703,0.014566849375205703,0.029180046662087924,0.029180046662087924,0.02498176787194252,0.02498176787194252
ID_ANC2EL,0.025877146061992044,0.025877146061992044,0.013651043795028852,0.013651043795028852,0.026333186366135332,0.026333186366135332,0.025877146061992044,0.025877146061992044
ID_UND8Q0,0.02527348813781472,0.02527348813781472,0.014348327286374512,0.014348327286374512,0.024948361582022238,0.024948361582022238,0.02527348813781472,0.02527348813781472
ID_ZAKPQT,0.02527348813781472,0.02527348813781472,0.014348327286374512,0.014348327286374512,0.024948361582022238,0.024948361582022238,0.02527348813781472,0.02527348813781472
ID_V44OGQ,0.025156138534934574,0.025156138534934574,0.014348327286374512,0.014348327286374512,0.024948361582022238,0.024948361582022238,0.025156138534934574,0.025156138534934574
ID_RXMSOV,0.02410422640971982,0.02410422640971982,0.010780376231866829,0.010780376231866829,0.015550809209694453,0.015550809209694453,0.02410422640971982,0.02410422640971982
ID_RD8R38,0.02410422640971982,0.02410422640971982,0.010805265484248752,0.010805265484248752,0.015561707485402488,0.015561707485402488,0.02410422640971982,0.02410422640971982
ID_HPEF5S,0.02410422640971982,0.02410422640971982,0.010805265484248752,0.010805265484248752,0.015561707485402488,0.015561707485402488,0.02410422640971982,0.02410422640971982
ID_NY1UNI,0.02410422640971982,0.02410422640971982,0.010805265484248752,0.010805265484248752,0.015561707485402488,0.015561707485402488,0.02410422640971982,0.02410422640971982
ID_GS6HXS,0.03491833326686449,0.03491833326686449,0.09493195236663846,0.09493195236663846,0.22141057474356265,0.22141057474356265,0.03491833326686449,0.03491833326686449
ID_CPYKMJ,0.02410422640971982,0.02410422640971982,0.010805265484248752,0.010805265484248752,0.015561707485402488,0.015561707485402488,0.02410422640971982,0.02410422640971982
ID_V6RK3N,0.02527348813781472,0.02527348813781472,0.014348327286374512,0.014348327286374512,0.024948361582022238,0.024948361582022238,0.02527348813781472,0.02527348813781472
ID_VHNKKG,0.02424137040161866,0.02424137040161866,0.011582161866169867,0.011582161866169867,0.015811213137682256,0.015811213137682256,0.02424137040161866,0.02424137040161866
ID_912IN5,0.02424137040161866,0.02424137040161866,0.011302704304117648,0.011302704304117648,0.015578890369377738,0.015578890369377738,0.02424137040161866,0.02424137040161866
ID_XJ8UQJ,0.02424137040161866,0.02424137040161866,0.011582161866169867,0.011582161866169867,0.015811213137682256,0.015811213137682256,0.02424137040161866,0.02424137040161866
ID_SLUC5Z,0.025156138534934574,0.025156138534934574,0.014348327286374512,0.014348327286374512,0.024948361582022238,0.024948361582022238,0.025156138534934574,0.025156138534934574
ID_B3GS6V,0.024079788482056087,0.024079788482056087,0.01136755140410976,0.01136755140410976,0.01614832488412959,0.01614832488412959,0.024079788482056087,0.024079788482056087
ID_HCZVFD,0.024079788482056087,0.024079788482056087,0.01136755140410976,0.01136755140410976,0.01614832488412959,0.01614832488412959,0.024079788482056087,0.024079788482056087
ID_11LXBP,0.02498176787194252,0.02498176787194252,0.014566849375205703,0.014566849375205703,0.029180046662087924,0.029180046662087924,0.02498176787194252,0.02498176787194252
ID_943TOK,0.024173810438594855,0.024173810438594855,0.011309433882353207,0.011309433882353207,0.015578890369377738,0.015578890369377738,0.024173810438594855,0.024173810438594855
ID_98OF3U,0.02424137040161866,0.02424137040161866,0.011582161866169867,0.011582161866169867,0.015811213137682256,0.015811213137682256,0.02424137040161866,0.02424137040161866
ID_AIQRMM,0.02527348813781472,0.02527348813781472,0.014348327286374512,0.014348327286374512,0.024948361582022238,0.024948361582022238,0.02527348813781472,0.02527348813781472
ID_8AKZAI,0.04244728726691353,0.04244728726691353,0.14592666993383802,0.14592666993383802,0.23662516659431793,0.23662516659431793,0.04244728726691353,0.04244728726691353
ID_3ERPGD,0.02527348813781472,0.02527348813781472,0.014348327286374512,0.014348327286374512,0.024948361582022238,0.024948361582022238,0.02527348813781472,0.02527348813781472
ID_9N2BZ0,0.024079788482056087,0.024079788482056087,0.011687777575814394,0.011687777575814394,0.016140905263854234,0.016140905263854234,0.024079788482056087,0.024079788482056087
ID_ELGE1U,0.024079788482056087,0.024079788482056087,0.01136755140410976,0.01136755140410976,0.01614832488412959,0.01614832488412959,0.024079788482056087,0.024079788482056087
ID_NSSWZI,0.025156138534934574,0.025156138534934574,0.014090409101812982,0.014090409101812982,0.024956033863754078,0.024956033863754078,0.025156138534934574,0.025156138534934574
ID_RI54E7,0.02498176787194252,0.02498176787194252,0.014566849375205703,0.014566849375205703,0.029180046662087924,0.029180046662087924,0.02498176787194252,0.02498176787194252
ID_7E6BAM,0.024079788482056087,0.024079788482056087,0.011621978950300614,0.011621978950300614,0.017989501842988226,0.017989501842988226,0.024079788482056087,0.024079788482056087
ID_8T01EV,0.024525638473921526,0.024525638473921526,0.012950020263046542,0.012950020263046542,0.016341856622851623,0.016341856622851623,0.024525638473921526,0.024525638473921526
ID_XQNM9U,0.024079788482056087,0.024079788482056087,0.011621978950300614,0.011621978950300614,0.017989501842988226,0.017989501842988226,0.024079788482056087,0.024079788482056087
ID_5T9X89,0.02424137040161866,0.02424137040161866,0.011302704304117648,0.011302704304117648,0.015578890369377738,0.015578890369377738,0.02424137040161866,0.02424137040161866
ID_UNCSDQ,0.03512394231066601,0.03512394231066601,0.013615602255044788,0.013615602255044788,0.019578116036166618,0.019578116036166618,0.03512394231066601,0.03512394231066601
ID_NN5TUZ,0.03971924018173495,0.03971924018173495,0.12718095808550284,0.12718095808550284,0.2318883401793575,0.2318883401793575,0.03971924018173495,0.03971924018173495
ID_VRS6GC,0.309084068692428,0.309084068692428,0.30330388211868614,0.30330388211868614,0.46374195252773825,0.46374195252773825,0.309084068692428,0.309084068692428
ID_13DMQK,0.02501869810750575,0.02501869810750575,0.012840673960330026,0.012840673960330026,0.028129280308313343,0.028129280308313343,0.02501869810750575,0.02501869810750575
ID_ZP9WX2,0.02424137040161866,0.02424137040161866,0.011302704304117648,0.011302704304117648,0.015578890369377738,0.015578890369377738,0.02424137040161866,0.02424137040161866
ID_1I109E,0.024079788482056087,0.024079788482056087,0.011621978950300614,0.011621978950300614,0.017989501842988226,0.017989501842988226,0.024079788482056087,0.024079788482056087
ID_VSSJY6,0.024079788482056087,0.024079788482056087,0.010791007204010274,0.010791007204010274,0.015578890369377738,0.015578890369377738,0.024079788482056087,0.024079788482056087
ID_IEMM1P,0.024450409495003517,0.024450409495003517,0.013273521027406542,0.013273521027406542,0.03021515378593726,0.03021515378593726,0.024450409495003517,0.024450409495003517
ID_1ZVAM5,0.024450409495003517,0.024450409495003517,0.013273521027406542,0.013273521027406542,0.030499061386918033,0.030499061386918033,0.024450409495003517,0.024450409495003517
ID_YOQAQP,0.02424137040161866,0.02424137040161866,0.011302704304117648,0.011302704304117648,0.015578890369377738,0.015578890369377738,0.02424137040161866,0.02424137040161866
ID_ZHA6W2,0.02420362558468907,0.02420362558468907,0.011203670688603722,0.011203670688603722,0.015567992093669703,0.015567992093669703,0.02420362558468907,0.02420362558468907
ID_F3ZEOL,0.024079788482056087,0.024079788482056087,0.011621978950300614,0.011621978950300614,0.017989501842988226,0.017989501842988226,0.024079788482056087,0.024079788482056087
ID_4LITIF,0.024079788482056087,0.024079788482056087,0.011621978950300614,0.011621978950300614,0.017989501842988226,0.017989501842988226,0.024079788482056087,0.024079788482056087
ID_5ETGVM,0.025229897838412067,0.025229897838412067,0.013209531916612921,0.013209531916612921,0.027806920940703108,0.027806920940703108,0.025229897838412067,0.025229897838412067
ID_PQC182,0.034114138963810145,0.034114138963810145,0.020049414273047492,0.020049414273047492,0.04756822600045291,0.04756822600045291,0.034114138963810145,0.034114138963810145
ID_CS57AE,0.025110032036974338,0.025110032036974338,0.013723804999232165,0.013723804999232165,0.025162372150168318,0.025162372150168318,0.025110032036974338,0.025110032036974338
ID_9DOYYB,0.024079788482056087,0.024079788482056087,0.01136755140410976,0.01136755140410976,0.01614832488412959,0.01614832488412959,0.024079788482056087,0.024079788482056087
ID_3L5YZU,0.02424137040161866,0.02424137040161866,0.011302704304117648,0.011302704304117648,0.015578890369377738,0.015578890369377738,0.02424137040161866,0.02424137040161866
ID_6XOCO5,0.029844474356254435,0.029844474356254435,0.017609612953673297,0.017609612953673297,0.039445815045892875,0.039445815045892875,0.029844474356254435,0.029844474356254435
ID_9X5DUT,0.02424137040161866,0.02424137040161866,0.011582161866169867,0.011582161866169867,0.015811213137682256,0.015811213137682256,0.02424137040161866,0.02424137040161866
ID_SH20YB,0.024884060959280526,0.024884060959280526,0.013049277718940837,0.013049277718940837,0.028717275196930403,0.028717275196930403,0.024884060959280526,0.024884060959280526
ID_FHGVV9,0.025156138534934574,0.025156138534934574,0.014348327286374512,0.014348327286374512,0.024948361582022238,0.024948361582022238,0.025156138534934574,0.025156138534934574
ID_L4O697,0.02424137040161866,0.02424137040161866,0.011582161866169867,0.011582161866169867,0.015811213137682256,0.015811213137682256,0.02424137040161866,0.02424137040161866
ID_FC6AVA,0.024437860498884408,0.024437860498884408,0.013459683579361857,0.013459683579361857,0.03025352506816346,0.03025352506816346,0.024437860498884408,0.024437860498884408
ID_IX1XZE,0.02413404155581404,0.02413404155581404,0.01120967874090514,0.01120967874090514,0.014544913465901288,0.014544913465901288,0.02413404155581404,0.02413404155581404
ID_WLB3OY,0.02424137040161866,0.02424137040161866,0.011302704304117648,0.011302704304117648,0.015578890369377738,0.015578890369377738,0.02424137040161866,0.02424137040161866
ID_IVGM81,0.024079788482056087,0.024079788482056087,0.01136755140410976,0.01136755140410976,0.01614832488412959,0.01614832488412959,0.024079788482056087,0.024079788482056087
ID_OU57VU,0.2782894636520613,0.2782894636520613,0.23994408793734978,0.23994408793734978,0.37503531854991934,0.37503531854991934,0.2782894636520613,0.2782894636520613
ID_5ESG41,0.02424137040161866,0.02424137040161866,0.011582161866169867,0.011582161866169867,0.015811213137682256,0.015811213137682256,0.02424137040161866,0.02424137040161866
ID_J8UC33,0.02413337905011611,0.02413337905011611,0.01450612725809252,0.01450612725809252,0.019140491174759112,0.019140491174759112,0.02413337905011611,0.02413337905011611
ID_RZTGRM,0.024079788482056087,0.024079788482056087,0.011310441730438676,0.011310441730438676,0.020319204283796865,0.020319204283796865,0.024079788482056087,0.024079788482056087
ID_X20N3V,0.028326270448071022,0.028326270448071022,0.02104160097439815,0.02104160097439815,0.04112697064178014,0.04112697064178014,0.028326270448071022,0.028326270448071022
ID_FJEDHF,0.024079788482056087,0.024079788482056087,0.017470981250699007,0.017470981250699007,0.023234070270602678,0.023234070270602678,0.024079788482056087,0.024079788482056087
ID_SJE34O,0.02410422640971982,0.02410422640971982,0.010107130031977425,0.010107130031977425,0.017186848172047978,0.017186848172047978,0.02410422640971982,0.02410422640971982
ID_RZ9Y4F,0.027562607331778503,0.027562607331778503,0.12012229249832093,0.12012229249832093,0.2799660431069388,0.2799660431069388,0.027562607331778503,0.027562607331778503
ID_RS03YH,0.024079788482056087,0.024079788482056087,0.011222698221440551,0.011222698221440551,0.019349794304861948,0.019349794304861948,0.024079788482056087,0.024079788482056087
ID_T3ZPB4,0.02410422640971982,0.02410422640971982,0.010433519509675642,0.010433519509675642,0.017656871097754653,0.017656871097754653,0.02410422640971982,0.02410422640971982
ID_BKMKQW,0.024089378584219022,0.024089378584219022,0.011315498021134194,0.011315498021134194,0.021389988507205318,0.021389988507205318,0.024089378584219022,0.024089378584219022
ID_VR1KM6,0.024330571744295083,0.024330571744295083,0.019527063501328573,0.019527063501328573,0.0606114968134362,0.0606114968134362,0.024330571744295083,0.024330571744295083
ID_SVZ7XA,0.02413337905011611,0.02413337905011611,0.01450612725809252,0.01450612725809252,0.019140491174759112,0.019140491174759112,0.02413337905011611,0.02413337905011611
ID_FXZJ9P,0.028136584831365254,0.028136584831365254,0.020475159908272606,0.020475159908272606,0.030413723107550687,0.030413723107550687,0.028136584831365254,0.028136584831365254
ID_KNMLWQ,0.028326270448071022,0.028326270448071022,0.0196666871015031,0.0196666871015031,0.02851982476387768,0.02851982476387768,0.028326270448071022,0.028326270448071022
ID_IKARHH,0.024079788482056087,0.024079788482056087,0.013966226779676485,0.013966226779676485,0.019819617285970724,0.019819617285970724,0.024079788482056087,0.024079788482056087
ID_EG3WG1,0.024079788482056087,0.024079788482056087,0.017470981250699007,0.017470981250699007,0.023234070270602678,0.023234070270602678,0.024079788482056087,0.024079788482056087
ID_5YP67S,0.02413337905011611,0.02413337905011611,0.01450612725809252,0.01450612725809252,0.019140491174759112,0.019140491174759112,0.02413337905011611,0.02413337905011611
ID_KHCER6,0.024079788482056087,0.024079788482056087,0.017470981250699007,0.017470981250699007,0.023234070270602678,0.023234070270602678,0.024079788482056087,0.024079788482056087
ID_LB1ZVJ,0.02413337905011611,0.02413337905011611,0.01450612725809252,0.01450612725809252,0.019140491174759112,0.019140491174759112,0.02413337905011611,0.02413337905011611
ID_HXW1NS,0.02410422640971982,0.02410422640971982,0.010453862112890967,0.010453862112890967,0.01732683483693606,0.01732683483693606,0.02410422640971982,0.02410422640971982
ID_025265,0.031195684168875717,0.031195684168875717,0.027548568362639407,0.027548568362639407,0.04733111593391419,0.04733111593391419,0.031195684168875717,0.031195684168875717
ID_TUZVTJ,0.024079788482056087,0.024079788482056087,0.016027665913918895,0.016027665913918895,0.0257228640466048,0.0257228640466048,0.024079788482056087,0.024079788482056087
ID_8412IY,0.024079788482056087,0.024079788482056087,0.010775647803535092,0.010775647803535092,0.019515874186642575,0.019515874186642575,0.024079788482056087,0.024079788482056087
ID_YS28JJ,0.024079788482056087,0.024079788482056087,0.016027665913918895,0.016027665913918895,0.0257228640466048,0.0257228640466048,0.024079788482056087,0.024079788482056087
ID_KV57PL,0.031195684168875717,0.031195684168875717,0.027548568362639407,0.027548568362639407,0.04733111593391419,0.04733111593391419,0.031195684168875717,0.031195684168875717
ID_R7MUTH,0.028326270448071022,0.028326270448071022,0.02104160097439815,0.02104160097439815,0.04112697064178014,0.04112697064178014,0.028326270448071022,0.028326270448071022
ID_7W8OTR,0.028136584831365254,0.028136584831365254,0.020468231687648508,0.020468231687648508,0.027989801518835265,0.027989801518835265,0.028136584831365254,0.028136584831365254
ID_RLR27L,0.024079788482056087,0.024079788482056087,0.010532340400243274,0.010532340400243274,0.019092360980568546,0.019092360980568546,0.024079788482056087,0.024079788482056087
ID_K810PX,0.02812699472920232,0.02812699472920232,0.019355811382646637,0.019355811382646637,0.024875090620120496,0.024875090620120496,0.02812699472920232,0.02812699472920232
ID_IV0V7P,0.02433929224367293,0.02433929224367293,0.019607732419396326,0.019607732419396326,0.05954306516395136,0.05954306516395136,0.02433929224367293,0.02433929224367293
ID_JWVELH,0.02410422640971982,0.02410422640971982,0.010433519509675642,0.010433519509675642,0.017656871097754653,0.017656871097754653,0.02410422640971982,0.02410422640971982
ID_YK437J,0.02410422640971982,0.02410422640971982,0.013637172953503564,0.013637172953503564,0.019178358250563125,0.019178358250563125,0.02410422640971982,0.02410422640971982
ID_M8HQOP,0.02410422640971982,0.02410422640971982,0.01020101852161844,0.01020101852161844,0.017656871097754653,0.017656871097754653,0.02410422640971982,0.02410422640971982
ID_P53TGF,0.02410422640971982,0.02410422640971982,0.010501056098944611,0.010501056098944611,0.019092360980568546,0.019092360980568546,0.02410422640971982,0.02410422640971982
ID_0GMSEZ,0.02812699472920232,0.02812699472920232,0.019332114618236543,0.019332114618236543,0.024875090620120496,0.024875090620120496,0.02812699472920232,0.02812699472920232
ID_O8GCOX,0.024079788482056087,0.024079788482056087,0.013643661125716413,0.013643661125716413,0.01931834491545121,0.01931834491545121,0.024079788482056087,0.024079788482056087
ID_IZ6LA1,0.024079788482056087,0.024079788482056087,0.013858766654531542,0.013858766654531542,0.020284509361154737,0.020284509361154737,0.024079788482056087,0.024079788482056087
ID_BTYO7S,0.024109603628150303,0.024109603628150303,0.013769092200714744,0.013769092200714744,0.01887366753772131,0.01887366753772131,0.024109603628150303,0.024109603628150303
ID_C4SULL,0.02410422640971982,0.02410422640971982,0.013637172953503564,0.013637172953503564,0.019178358250563125,0.019178358250563125,0.02410422640971982,0.02410422640971982
ID_78O60N,0.024572949228191848,0.024572949228191848,0.01824864735803604,0.01824864735803604,0.06282708894422051,0.06282708894422051,0.024572949228191848,0.024572949228191848
ID_5PJW4M,0.02812699472920232,0.02812699472920232,0.019355811382646637,0.019355811382646637,0.024875090620120496,0.024875090620120496,0.02812699472920232,0.02812699472920232
ID_QW7JWQ,0.02413404155581404,0.02413404155581404,0.010159452607541067,0.010159452607541067,0.016060535165155092,0.016060535165155092,0.02413404155581404,0.02413404155581404
ID_6FCK76,0.024079788482056087,0.024079788482056087,0.013830225509480687,0.013830225509480687,0.018728921900465476,0.018728921900465476,0.024079788482056087,0.024079788482056087
ID_J5T35I,0.024875817519894764,0.024875817519894764,0.0385560283361473,0.0385560283361473,0.27498154397708297,0.27498154397708297,0.024875817519894764,0.024875817519894764
ID_FIKPR0,0.024079788482056087,0.024079788482056087,0.010861400499994464,0.010861400499994464,0.0192943709001907,0.0192943709001907,0.024079788482056087,0.024079788482056087
ID_U4XVP2,0.024079788482056087,0.024079788482056087,0.011191272274325738,0.011191272274325738,0.018765346182221927,0.018765346182221927,0.024079788482056087,0.024079788482056087
ID_5DLUXE,0.024624033869783016,0.024624033869783016,0.02044790637304615,0.02044790637304615,0.06682727924744548,0.06682727924744548,0.024624033869783016,0.024624033869783016
ID_X86LHN,0.024416121278858775,0.024416121278858775,0.015695710445737206,0.015695710445737206,0.06032351895107443,0.06032351895107443,0.024416121278858775,0.024416121278858775
ID_14Q6RD,0.02812699472920232,0.02812699472920232,0.019342898850282585,0.019342898850282585,0.024865079972343704,0.024865079972343704,0.02812699472920232,0.02812699472920232
ID_2X0LF9,0.024079788482056087,0.024079788482056087,0.010486545389097528,0.010486545389097528,0.01732683483693606,0.01732683483693606,0.024079788482056087,0.024079788482056087
ID_PZT1O4,0.024079788482056087,0.024079788482056087,0.013858766654531542,0.013858766654531542,0.020284509361154737,0.020284509361154737,0.024079788482056087,0.024079788482056087
ID_T0VXOC,0.024079788482056087,0.024079788482056087,0.010940972174625675,0.010940972174625675,0.01994563621798444,0.01994563621798444,0.024079788482056087,0.024079788482056087
ID_B8SSFI,0.02413337905011611,0.02413337905011611,0.01450612725809252,0.01450612725809252,0.019140491174759112,0.019140491174759112,0.02413337905011611,0.02413337905011611
ID_2P5Y4J,0.028326270448071022,0.028326270448071022,0.02104160097439815,0.02104160097439815,0.04112697064178014,0.04112697064178014,0.028326270448071022,0.028326270448071022
ID_X3NJBT,0.02442703012749475,0.02442703012749475,0.015864071829819235,0.015864071829819235,0.019498374421624096,0.019498374421624096,0.02442703012749475,0.02442703012749475
ID_KVD9F9,0.02410422640971982,0.02410422640971982,0.011055399900635737,0.011055399900635737,0.019209807639973864,0.019209807639973864,0.02410422640971982,0.02410422640971982
ID_IT07FQ,0.024079788482056087,0.024079788482056087,0.013854389397364646,0.013854389397364646,0.020433990360013747,0.020433990360013747,0.024079788482056087,0.024079788482056087
ID_USJ774,0.02410422640971982,0.02410422640971982,0.013169269372742197,0.013169269372742197,0.017598932481657767,0.017598932481657767,0.02410422640971982,0.02410422640971982
ID_88K33G,0.024416121278858775,0.024416121278858775,0.015695710445737206,0.015695710445737206,0.06032351895107443,0.06032351895107443,0.024416121278858775,0.024416121278858775
ID_QY83BU,0.024242897867950426,0.024242897867950426,0.02266600281503315,0.02266600281503315,0.08530360198718663,0.08530360198718663,0.024242897867950426,0.024242897867950426
ID_UF7243,0.037166397029356944,0.037166397029356944,0.029605018534778375,0.029605018534778375,0.059474508334684845,0.059474508334684845,0.037166397029356944,0.037166397029356944
ID_B6RUJE,0.02812699472920232,0.02812699472920232,0.01934508402863674,0.01934508402863674,0.026881691344103367,0.026881691344103367,0.02812699472920232,0.02812699472920232
ID_KVI6CR,0.02812699472920232,0.02812699472920232,0.014544930751886466,0.014544930751886466,0.02587538400842325,0.02587538400842325,0.02812699472920232,0.02812699472920232
ID_TCPBQ5,0.02410422640971982,0.02410422640971982,0.013637172953503564,0.013637172953503564,0.019178358250563125,0.019178358250563125,0.02410422640971982,0.02410422640971982
ID_0A3D61,0.028326270448071022,0.028326270448071022,0.02104160097439815,0.02104160097439815,0.04112697064178014,0.04112697064178014,0.028326270448071022,0.028326270448071022
ID_IUNS0S,0.02812699472920232,0.02812699472920232,0.019342898850282585,0.019342898850282585,0.024865079972343704,0.024865079972343704,0.02812699472920232,0.02812699472920232
ID_BAL7PW,0.02812699472920232,0.02812699472920232,0.019042379969488356,0.019042379969488356,0.024875090620120496,0.024875090620120496,0.02812699472920232,0.02812699472920232
ID_HIBJMU,0.02410422640971982,0.02410422640971982,0.01037527565153566,0.01037527565153566,0.016060535165155092,0.016060535165155092,0.02410422640971982,0.02410422640971982
ID_YA57G5,0.03477075345724279,0.03477075345724279,0.029670267250761603,0.029670267250761603,0.052737633615048324,0.052737633615048324,0.03477075345724279,0.03477075345724279
ID_TP1FM0,0.02410422640971982,0.02410422640971982,0.013637172953503564,0.013637172953503564,0.019178358250563125,0.019178358250563125,0.02410422640971982,0.02410422640971982
ID_NEHNAT,0.02442703012749475,0.02442703012749475,0.01211894787367446,0.01211894787367446,0.018397447135192205,0.018397447135192205,0.02442703012749475,0.02442703012749475
ID_GJ6EAI,0.02812699472920232,0.02812699472920232,0.019332114618236543,0.019332114618236543,0.024875090620120496,0.024875090620120496,0.02812699472920232,0.02812699472920232
ID_0CIEHB,0.024079788482056087,0.024079788482056087,0.010775647803535092,0.010775647803535092,0.019515874186642575,0.019515874186642575,0.024079788482056087,0.024079788482056087
ID_7Y89QF,0.02442703012749475,0.02442703012749475,0.01211894787367446,0.01211894787367446,0.018397447135192205,0.018397447135192205,0.02442703012749475,0.02442703012749475
ID_6T0VAE,0.02812699472920232,0.02812699472920232,0.0176229689840891,0.0176229689840891,0.023496108498098148,0.023496108498098148,0.02812699472920232,0.02812699472920232
ID_IKW38H,0.024079788482056087,0.024079788482056087,0.016508468126134043,0.016508468126134043,0.02148692982039325,0.02148692982039325,0.024079788482056087,0.024079788482056087
ID_ZML7ZV,0.02410422640971982,0.02410422640971982,0.01037527565153566,0.01037527565153566,0.016060535165155092,0.016060535165155092,0.02410422640971982,0.02410422640971982
ID_5UAGTH,0.024079788482056087,0.024079788482056087,0.017470981250699007,0.017470981250699007,0.023234070270602678,0.023234070270602678,0.024079788482056087,0.024079788482056087
ID_YKM2IB,0.028326270448071022,0.028326270448071022,0.02104160097439815,0.02104160097439815,0.04112697064178014,0.04112697064178014,0.028326270448071022,0.028326270448071022
ID_RNJTWY,0.02410422640971982,0.02410422640971982,0.013415985659477353,0.013415985659477353,0.017598932481657767,0.017598932481657767,0.02410422640971982,0.02410422640971982
ID_A33GZ8,0.02812699472920232,0.02812699472920232,0.019614600493942758,0.019614600493942758,0.024875090620120496,0.024875090620120496,0.02812699472920232,0.02812699472920232
ID_LO3Q82,0.02442703012749475,0.02442703012749475,0.015864071829819235,0.015864071829819235,0.019498374421624096,0.019498374421624096,0.02442703012749475,0.02442703012749475
ID_1QHERL,0.024113816511882755,0.024113816511882755,0.01053078067589477,0.01053078067589477,0.019341827111451864,0.019341827111451864,0.024113816511882755,0.024113816511882755
ID_LG9GE0,0.02812699472920232,0.02812699472920232,0.019332114618236543,0.019332114618236543,0.024875090620120496,0.024875090620120496,0.02812699472920232,0.02812699472920232
ID_VNZ3QZ,0.02413404155581404,0.02413404155581404,0.012260636286521548,0.012260636286521548,0.02064297495708484,0.02064297495708484,0.02413404155581404,0.02413404155581404
ID_LIDJSX,0.02812699472920232,0.02812699472920232,0.019332114618236543,0.019332114618236543,0.024875090620120496,0.024875090620120496,0.02812699472920232,0.02812699472920232
ID_KNMCFG,0.02812699472920232,0.02812699472920232,0.019754382106709847,0.019754382106709847,0.02774183835907614,0.02774183835907614,0.02812699472920232,0.02812699472920232
ID_GG3PR8,0.024416121278858775,0.024416121278858775,0.015695710445737206,0.015695710445737206,0.06032351895107443,0.06032351895107443,0.024416121278858775,0.024416121278858775
ID_5NP8O2,0.024079788482056087,0.024079788482056087,0.013858766654531542,0.013858766654531542,0.020284509361154737,0.020284509361154737,0.024079788482056087,0.024079788482056087
ID_RGOMLT,0.024624033869783016,0.024624033869783016,0.019599330546178368,0.019599330546178368,0.06811084513436658,0.06811084513436658,0.024624033869783016,0.024624033869783016
ID_P5VG1W,0.024079788482056087,0.024079788482056087,0.013570139477390237,0.013570139477390237,0.020566122380395454,0.020566122380395454,0.024079788482056087,0.024079788482056087
ID_0MM662,0.02812699472920232,0.02812699472920232,0.019332114618236543,0.019332114618236543,0.024875090620120496,0.024875090620120496,0.02812699472920232,0.02812699472920232
ID_J5Y7PU,0.02410422640971982,0.02410422640971982,0.013637172953503564,0.013637172953503564,0.019178358250563125,0.019178358250563125,0.02410422640971982,0.02410422640971982
ID_ZEHDY0,0.02443739077435573,0.02443739077435573,0.020901584315304932,0.020901584315304932,0.051876611622952394,0.051876611622952394,0.02443739077435573,0.02443739077435573
ID_RIZO46,0.024079788482056087,0.024079788482056087,0.016276350988311726,0.016276350988311726,0.0214791051624087,0.0214791051624087,0.024079788482056087,0.024079788482056087
ID_QSKCAZ,0.02812699472920232,0.02812699472920232,0.019327875722947297,0.019327875722947297,0.026613089441122652,0.026613089441122652,0.02812699472920232,0.02812699472920232
ID_JKMK9T,0.02410422640971982,0.02410422640971982,0.01020880577445405,0.01020880577445405,0.0176489774642033,0.0176489774642033,0.02410422640971982,0.02410422640971982
ID_3C2BK1,0.02812699472920232,0.02812699472920232,0.019355811382646637,0.019355811382646637,0.024875090620120496,0.024875090620120496,0.02812699472920232,0.02812699472920232
ID_86AMRV,0.02812699472920232,0.02812699472920232,0.019614600493942758,0.019614600493942758,0.024875090620120496,0.024875090620120496,0.02812699472920232,0.02812699472920232
ID_KKMWCT,0.02413337905011611,0.02413337905011611,0.01450612725809252,0.01450612725809252,0.019140491174759112,0.019140491174759112,0.02413337905011611,0.02413337905011611
ID_KFTO2Q,0.02812699472920232,0.02812699472920232,0.019327875722947297,0.019327875722947297,0.026613089441122652,0.026613089441122652,0.02812699472920232,0.02812699472920232
ID_C9EOF9,0.02812699472920232,0.02812699472920232,0.019614600493942758,0.019614600493942758,0.024875090620120496,0.024875090620120496,0.02812699472920232,0.02812699472920232
ID_VCCV99,0.02812699472920232,0.02812699472920232,0.01934508402863674,0.01934508402863674,0.026881691344103367,0.026881691344103367,0.02812699472920232,0.02812699472920232
ID_11L375,0.028326270448071022,0.028326270448071022,0.0196666871015031,0.0196666871015031,0.02851982476387768,0.02851982476387768,0.028326270448071022,0.028326270448071022
ID_Z0ZX8Q,0.028376610103311137,0.028376610103311137,0.019100719388714413,0.019100719388714413,0.04130328915694553,0.04130328915694553,0.028376610103311137,0.028376610103311137
ID_0XYW8F,0.02812699472920232,0.02812699472920232,0.019042379969488356,0.019042379969488356,0.024875090620120496,0.024875090620120496,0.02812699472920232,0.02812699472920232
ID_0221N3,0.02812699472920232,0.02812699472920232,0.019342898850282585,0.019342898850282585,0.024865079972343704,0.024865079972343704,0.02812699472920232,0.02812699472920232
ID_X5LN7Q,0.02413404155581404,0.02413404155581404,0.015437914023279715,0.015437914023279715,0.021296668854907365,0.021296668854907365,0.02413404155581404,0.02413404155581404
ID_TN8FUY,0.02410422640971982,0.02410422640971982,0.010453862112890967,0.010453862112890967,0.01732683483693606,0.01732683483693606,0.02410422640971982,0.02410422640971982
ID_3S3Q6C,0.02410422640971982,0.02410422640971982,0.013637172953503564,0.013637172953503564,0.019178358250563125,0.019178358250563125,0.02410422640971982,0.02410422640971982
ID_TQK7PN,0.024079788482056087,0.024079788482056087,0.013858766654531542,0.013858766654531542,0.020284509361154737,0.020284509361154737,0.024079788482056087,0.024079788482056087
ID_026QJO,0.028326270448071022,0.028326270448071022,0.02104160097439815,0.02104160097439815,0.04112697064178014,0.04112697064178014,0.028326270448071022,0.028326270448071022
ID_GI6XEF,0.02812699472920232,0.02812699472920232,0.019342898850282585,0.019342898850282585,0.024865079972343704,0.024865079972343704,0.02812699472920232,0.02812699472920232
ID_KQKFQH,0.02410422640971982,0.02410422640971982,0.010107130031977425,0.010107130031977425,0.017186848172047978,0.017186848172047978,0.02410422640971982,0.02410422640971982
ID_569S5F,0.02812699472920232,0.02812699472920232,0.019332114618236543,0.019332114618236543,0.024875090620120496,0.024875090620120496,0.02812699472920232,0.02812699472920232
ID_087YXO,0.02812699472920232,0.02812699472920232,0.019332114618236543,0.019332114618236543,0.024875090620120496,0.024875090620120496,0.02812699472920232,0.02812699472920232
ID_GHFIYF,0.02413404155581404,0.02413404155581404,0.01197090243791592,0.01197090243791592,0.019068872261484276,0.019068872261484276,0.02413404155581404,0.02413404155581404
ID_M2VJSV,0.028326270448071022,0.028326270448071022,0.02104160097439815,0.02104160097439815,0.04112697064178014,0.04112697064178014,0.028326270448071022,0.028326270448071022
ID_J41EOZ,0.024089378584219022,0.024089378584219022,0.01659525979975456,0.01659525979975456,0.02409640420957491,0.02409640420957491,0.024089378584219022,0.024089378584219022
ID_L9AYVK,0.02413337905011611,0.02413337905011611,0.01450612725809252,0.01450612725809252,0.019140491174759112,0.019140491174759112,0.02413337905011611,0.02413337905011611
ID_7LRO3G,0.02812699472920232,0.02812699472920232,0.019342898850282585,0.019342898850282585,0.025411493636078468,0.025411493636078468,0.02812699472920232,0.02812699472920232
ID_6FXFJ0,0.03477075345724279,0.03477075345724279,0.029670267250761603,0.029670267250761603,0.052737633615048324,0.052737633615048324,0.03477075345724279,0.03477075345724279
ID_99UIDN,0.4287347334024797,0.4287347334024797,0.2426728603040386,0.2426728603040386,0.38244041564026654,0.38244041564026654,0.4287347334024797,0.4287347334024797
ID_9ZXQCO,0.38815794197596337,0.38815794197596337,0.3023271823523451,0.3023271823523451,0.3745416691264657,0.3745416691264657,0.38815794197596337,0.38815794197596337
ID_KEVQ52,0.05643901888268313,0.05643901888268313,0.04220712999700673,0.04220712999700673,0.03328559367437517,0.03328559367437517,0.05643901888268313,0.05643901888268313
ID_4OHGZ7,0.3315266088651567,0.3315266088651567,0.20945610080758464,0.20945610080758464,0.25339093464921325,0.25339093464921325,0.3315266088651567,0.3315266088651567
ID_BTUU06,0.3383541279178602,0.3383541279178602,0.24180521825843734,0.24180521825843734,0.2625342521078254,0.2625342521078254,0.3383541279178602,0.3383541279178602
ID_G7Z3UK,0.04736122152806166,0.04736122152806166,0.03521620785541948,0.03521620785541948,0.03053581900562654,0.03053581900562654,0.04736122152806166,0.04736122152806166
ID_E5C3ZB,0.44586144834396146,0.44586144834396146,0.3189333573745161,0.3189333573745161,0.39705315130567176,0.39705315130567176,0.44586144834396146,0.44586144834396146
ID_EPH6A9,0.3468043541397193,0.3468043541397193,0.19524170993785375,0.19524170993785375,0.3521577986159747,0.3521577986159747,0.3468043541397193,0.3468043541397193
ID_Z0SOKW,0.3020205894467706,0.3020205894467706,0.22457236468970082,0.22457236468970082,0.2588055056831223,0.2588055056831223,0.3020205894467706,0.3020205894467706
ID_WNJ45A,0.35868513587969897,0.35868513587969897,0.2543066630431544,0.2543066630431544,0.2719044145057208,0.2719044145057208,0.35868513587969897,0.35868513587969897
ID_4E33DR,0.2996325757507794,0.2996325757507794,0.19767114422229423,0.19767114422229423,0.23472130071522923,0.23472130071522923,0.2996325757507794,0.2996325757507794
ID_NHY4V0,0.44359527442557234,0.44359527442557234,0.3017233390522296,0.3017233390522296,0.3195702213766313,0.3195702213766313,0.44359527442557234,0.44359527442557234
ID_NNBK1Y,0.33425406940822,0.33425406940822,0.23925916585002063,0.23925916585002063,0.2638910874775039,0.2638910874775039,0.33425406940822,0.33425406940822
ID_CV1BRR,0.5110352322241989,0.5110352322241989,0.2889765055130035,0.2889765055130035,0.3868241640070488,0.3868241640070488,0.5110352322241989,0.5110352322241989
ID_X70RUE,0.05609973420470211,0.05609973420470211,0.04241176394620288,0.04241176394620288,0.03153207119725758,0.03153207119725758,0.05609973420470211,0.05609973420470211
ID_ZYKJPD,0.505716905750033,0.505716905750033,0.2999114359816658,0.2999114359816658,0.4244823356959956,0.4244823356959956,0.505716905750033,0.505716905750033
ID_RFKV4T,0.4450928065288648,0.4450928065288648,0.3189333573745161,0.3189333573745161,0.39831083179722326,0.39831083179722326,0.4450928065288648,0.4450928065288648
ID_46V35V,0.40673715082063877,0.40673715082063877,0.24505572221394023,0.24505572221394023,0.3028067765206198,0.3028067765206198,0.40673715082063877,0.40673715082063877
ID_HXFJXO,0.38608424008309694,0.38608424008309694,0.24907443367070553,0.24907443367070553,0.29337655098436344,0.29337655098436344,0.38608424008309694,0.38608424008309694
ID_766C2X,0.3271053330932603,0.3271053330932603,0.25650246063603027,0.25650246063603027,0.26997110661170376,0.26997110661170376,0.3271053330932603,0.3271053330932603
ID_B522KP,0.6277027815265377,0.6277027815265377,0.6353159501136744,0.6353159501136744,0.6512400767697446,0.6512400767697446,0.6277027815265377,0.6277027815265377
ID_NNZRQ5,0.024109603628150303,0.024109603628150303,0.012799508137179925,0.012799508137179925,0.013494464668979168,0.013494464668979168,0.024109603628150303,0.024109603628150303
ID_6REZPV,0.024079788482056087,0.024079788482056087,0.011276284515031727,0.011276284515031727,0.013071803690734534,0.013071803690734534,0.024079788482056087,0.024079788482056087
ID_0B522U,0.02446215551469046,0.02446215551469046,0.012745656526952599,0.012745656526952599,0.04446258375573073,0.04446258375573073,0.02446215551469046,0.02446215551469046
ID_YDE5FQ,0.02438849448202269,0.02438849448202269,0.018365609801537952,0.018365609801537952,0.028593633812904123,0.028593633812904123,0.02438849448202269,0.02438849448202269
ID_QPQC3A,0.024079788482056087,0.024079788482056087,0.010841044968144458,0.010841044968144458,0.012326575510425408,0.012326575510425408,0.024079788482056087,0.024079788482056087
ID_QFC5OG,0.024079788482056087,0.024079788482056087,0.013137696573664199,0.013137696573664199,0.013550365854713281,0.013550365854713281,0.024079788482056087,0.024079788482056087
ID_RDR60H,0.028865795457163806,0.028865795457163806,0.02622628745711981,0.02622628745711981,0.047261450439321125,0.047261450439321125,0.028865795457163806,0.028865795457163806
ID_MIR1LK,0.024109603628150303,0.024109603628150303,0.012750694513536302,0.012750694513536302,0.013494464668979168,0.013494464668979168,0.024109603628150303,0.024109603628150303
ID_I3HT44,0.024109603628150303,0.024109603628150303,0.01104660905925167,0.01104660905925167,0.012480176975090629,0.012480176975090629,0.024109603628150303,0.024109603628150303
ID_OUCMMB,0.03809452518582929,0.03809452518582929,0.0907324494543729,0.0907324494543729,0.06000039978041515,0.06000039978041515,0.03809452518582929,0.03809452518582929
ID_K1OC1B,0.024079788482056087,0.024079788482056087,0.013137696573664199,0.013137696573664199,0.013550365854713281,0.013550365854713281,0.024079788482056087,0.024079788482056087
ID_KZ62H4,0.024079788482056087,0.024079788482056087,0.011023163709643097,0.011023163709643097,0.012405663140444785,0.012405663140444785,0.024079788482056087,0.024079788482056087
ID_UMT74G,0.02446215551469046,0.02446215551469046,0.012472154903431593,0.012472154903431593,0.04454187382403664,0.04454187382403664,0.02446215551469046,0.02446215551469046
ID_N8VDI6,0.024079788482056087,0.024079788482056087,0.011457069363123198,0.011457069363123198,0.013842866021772673,0.013842866021772673,0.024079788482056087,0.024079788482056087
ID_E2CZGL,0.024079788482056087,0.024079788482056087,0.011005269678097769,0.011005269678097769,0.012326575510425408,0.012326575510425408,0.024079788482056087,0.024079788482056087
ID_WFD1TM,0.024109603628150303,0.024109603628150303,0.012750694513536302,0.012750694513536302,0.013494464668979168,0.013494464668979168,0.024109603628150303,0.024109603628150303
ID_RNAW7W,0.024079788482056087,0.024079788482056087,0.01150990865206407,0.01150990865206407,0.013214039593653016,0.013214039593653016,0.024079788482056087,0.024079788482056087
ID_BD754O,0.024079788482056087,0.024079788482056087,0.012661372480327362,0.012661372480327362,0.01324078269098723,0.01324078269098723,0.024079788482056087,0.024079788482056087
ID_HAG65N,0.024079788482056087,0.024079788482056087,0.010839878342784687,0.010839878342784687,0.012320708588696884,0.012320708588696884,0.024079788482056087,0.024079788482056087
ID_92CEAO,0.02450786293785115,0.02450786293785115,0.012550233057691033,0.012550233057691033,0.03952382280121655,0.03952382280121655,0.02450786293785115,0.02450786293785115
ID_MO5XSX,0.024079788482056087,0.024079788482056087,0.011057750309219664,0.011057750309219664,0.012317892920738182,0.012317892920738182,0.024079788482056087,0.024079788482056087
ID_WDQMGW,0.024079788482056087,0.024079788482056087,0.011146620285670875,0.011146620285670875,0.012326575510425408,0.012326575510425408,0.024079788482056087,0.024079788482056087
ID_NCVJVG,0.024079788482056087,0.024079788482056087,0.01100981241895862,0.01100981241895862,0.012326575510425408,0.012326575510425408,0.024079788482056087,0.024079788482056087
ID_SE5AT9,0.1582599360868136,0.1582599360868136,0.2659196099679417,0.2659196099679417,0.25035354723111924,0.25035354723111924,0.1582599360868136,0.1582599360868136
ID_452A1U,0.024079788482056087,0.024079788482056087,0.010890881024947353,0.010890881024947353,0.012319829186989177,0.012319829186989177,0.024079788482056087,0.024079788482056087
ID_WY389E,0.02457950511757061,0.02457950511757061,0.012788325585905124,0.012788325585905124,0.04438839289975373,0.04438839289975373,0.02457950511757061,0.02457950511757061
ID_Z5G2VW,0.024361868205100827,0.024361868205100827,0.012296867456383295,0.012296867456383295,0.046834173994797,0.046834173994797,0.024361868205100827,0.024361868205100827
ID_8QW09D,0.02765693172659365,0.02765693172659365,0.10579714493652118,0.10579714493652118,0.10284716510679934,0.10284716510679934,0.02765693172659365,0.02765693172659365
ID_9W65RB,0.024109603628150303,0.024109603628150303,0.01242539375702008,0.01242539375702008,0.013494464668979168,0.013494464668979168,0.024109603628150303,0.024109603628150303
ID_IAR1TC,0.030121618560985913,0.030121618560985913,0.022300206280173648,0.022300206280173648,0.04352215445744024,0.04352215445744024,0.030121618560985913,0.030121618560985913
ID_2PVFDX,0.024079788482056087,0.024079788482056087,0.011778302957933487,0.011778302957933487,0.01321990651538154,0.01321990651538154,0.024079788482056087,0.024079788482056087
ID_T5TMGO,0.2997182581849502,0.2997182581849502,0.3844850583317292,0.3844850583317292,0.3910217558703293,0.3910217558703293,0.2997182581849502,0.2997182581849502
ID_IIJINI,0.02446215551469046,0.02446215551469046,0.012472154903431593,0.012472154903431593,0.04454187382403664,0.04454187382403664,0.02446215551469046,0.02446215551469046
ID_JYRV1A,0.027126325414361916,0.027126325414361916,0.06005141753289862,0.06005141753289862,0.06189350672896942,0.06189350672896942,0.027126325414361916,0.027126325414361916
ID_BRIWDT,0.02457950511757061,0.02457950511757061,0.012923012910978228,0.012923012910978228,0.044306855240230654,0.044306855240230654,0.02457950511757061,0.02457950511757061
ID_KVYYM5,0.024079788482056087,0.024079788482056087,0.01155888293065806,0.01155888293065806,0.012978249854923435,0.012978249854923435,0.024079788482056087,0.024079788482056087
ID_FMLX4W,0.02413404155581404,0.02413404155581404,0.017505731747216667,0.017505731747216667,0.02814019652853952,0.02814019652853952,0.02413404155581404,0.02413404155581404
ID_UX47K8,0.024079788482056087,0.024079788482056087,0.011005269678097769,0.011005269678097769,0.012326575510425408,0.012326575510425408,0.024079788482056087,0.024079788482056087
ID_QRS3Q0,0.024079788482056087,0.024079788482056087,0.01145504729070617,0.01145504729070617,0.013171001642566642,0.013171001642566642,0.024079788482056087,0.024079788482056087
ID_UU46AR,0.024079788482056087,0.024079788482056087,0.011008763970028597,0.011008763970028597,0.012320708588696884,0.012320708588696884,0.024079788482056087,0.024079788482056087
ID_FVZ6BG,0.024079788482056087,0.024079788482056087,0.011005269678097769,0.011005269678097769,0.012326575510425408,0.012326575510425408,0.024079788482056087,0.024079788482056087
ID_APXA0T,0.024079788482056087,0.024079788482056087,0.011276284515031727,0.011276284515031727,0.013071803690734534,0.013071803690734534,0.024079788482056087,0.024079788482056087
ID_JAUDVH,0.024079788482056087,0.024079788482056087,0.01182330549914603,0.01182330549914603,0.01321990651538154,0.01321990651538154,0.024079788482056087,0.024079788482056087
ID_78D5FE,0.02446215551469046,0.02446215551469046,0.012745656526952599,0.012745656526952599,0.04446258375573073,0.04446258375573073,0.02446215551469046,0.02446215551469046
ID_ZEPE89,0.024079788482056087,0.024079788482056087,0.01182330549914603,0.01182330549914603,0.01321990651538154,0.01321990651538154,0.024079788482056087,0.024079788482056087
ID_EGC3FR,0.02457950511757061,0.02457950511757061,0.012923012910978228,0.012923012910978228,0.044306855240230654,0.044306855240230654,0.02457950511757061,0.02457950511757061
ID_5VF785,0.024412952846691996,0.024412952846691996,0.01262953495990557,0.01262953495990557,0.027723232517138374,0.027723232517138374,0.024412952846691996,0.024412952846691996
ID_AFNCWF,0.024079788482056087,0.024079788482056087,0.011505022439676228,0.011505022439676228,0.01388575568275656,0.01388575568275656,0.024079788482056087,0.024079788482056087
ID_NO738V,0.024079788482056087,0.024079788482056087,0.011457069363123198,0.011457069363123198,0.013842866021772673,0.013842866021772673,0.024079788482056087,0.024079788482056087
ID_T24610,0.024079788482056087,0.024079788482056087,0.011146620285670875,0.011146620285670875,0.012326575510425408,0.012326575510425408,0.024079788482056087,0.024079788482056087
ID_B6UXCI,0.31608004911312676,0.31608004911312676,0.34525821924417416,0.34525821924417416,0.3807019011782548,0.3807019011782548,0.31608004911312676,0.31608004911312676
ID_G17P84,0.02563292614434094,0.02563292614434094,0.013226244872379181,0.013226244872379181,0.05081229391666994,0.05081229391666994,0.02563292614434094,0.02563292614434094
ID_I8PCQM,0.02586559335183112,0.02586559335183112,0.04356719484421574,0.04356719484421574,0.11099554902322609,0.11099554902322609,0.02586559335183112,0.02586559335183112
ID_LK2JX0,0.024089378584219022,0.024089378584219022,0.011060080935842752,0.011060080935842752,0.012317892920738182,0.012317892920738182,0.024089378584219022,0.024089378584219022
ID_A2QCM8,0.024486593442354196,0.024486593442354196,0.012351459107789528,0.012351459107789528,0.04937462169245018,0.04937462169245018,0.024486593442354196,0.024486593442354196
ID_B7QGQV,0.02454851130052811,0.02454851130052811,0.013562330812071527,0.013562330812071527,0.050380967779555426,0.050380967779555426,0.02454851130052811,0.02454851130052811
ID_NX6J76,0.024079788482056087,0.024079788482056087,0.01083599017012891,0.01083599017012891,0.012326575510425408,0.012326575510425408,0.024079788482056087,0.024079788482056087
ID_2L8F6L,0.02486622741773183,0.02486622741773183,0.013376494860887864,0.013376494860887864,0.08486383485482447,0.08486383485482447,0.02486622741773183,0.02486622741773183
ID_RNO3VS,0.024079788482056087,0.024079788482056087,0.010888694018256878,0.010888694018256878,0.012317892920738182,0.012317892920738182,0.024079788482056087,0.024079788482056087
ID_WNRVPK,0.024079788482056087,0.024079788482056087,0.011866138649385748,0.011866138649385748,0.013214039593653016,0.013214039593653016,0.024079788482056087,0.024079788482056087
ID_R6NB1B,0.024486593442354196,0.024486593442354196,0.012351459107789528,0.012351459107789528,0.04937462169245018,0.04937462169245018,0.024486593442354196,0.024486593442354196
ID_64SW9F,0.024079788482056087,0.024079788482056087,0.010806449080226259,0.010806449080226259,0.012316203529489485,0.012316203529489485,0.024079788482056087,0.024079788482056087
ID_4GDTVN,0.024079788482056087,0.024079788482056087,0.010888655701137069,0.010888655701137069,0.012317892920738182,0.012317892920738182,0.024079788482056087,0.024079788482056087
ID_TDEU9C,0.02438630613276456,0.02438630613276456,0.012214639921530393,0.012214639921530393,0.01973133129315418,0.01973133129315418,0.02438630613276456,0.02438630613276456
ID_SJVVC9,0.024079788482056087,0.024079788482056087,0.013137696573664199,0.013137696573664199,0.013550365854713281,0.013550365854713281,0.024079788482056087,0.024079788482056087
ID_25Z5FR,0.024079788482056087,0.024079788482056087,0.010890881024947353,0.010890881024947353,0.012319829186989177,0.012319829186989177,0.024079788482056087,0.024079788482056087
ID_L34AJW,0.024079788482056087,0.024079788482056087,0.011505022439676228,0.011505022439676228,0.01388575568275656,0.01388575568275656,0.024079788482056087,0.024079788482056087
ID_ZOSYAP,0.02454851130052811,0.02454851130052811,0.013562330812071527,0.013562330812071527,0.050380967779555426,0.050380967779555426,0.02454851130052811,0.02454851130052811
ID_CI0346,0.024079788482056087,0.024079788482056087,0.011008763970028597,0.011008763970028597,0.012320708588696884,0.012320708588696884,0.024079788482056087,0.024079788482056087
ID_VGEYOE,0.024079788482056087,0.024079788482056087,0.012135787457049888,0.012135787457049888,0.013025002273420933,0.013025002273420933,0.024079788482056087,0.024079788482056087
ID_O9X1LL,0.024109603628150303,0.024109603628150303,0.012750694513536302,0.012750694513536302,0.013494464668979168,0.013494464668979168,0.024109603628150303,0.024109603628150303
ID_M5NPEN,0.02446215551469046,0.02446215551469046,0.012472154903431593,0.012472154903431593,0.04454187382403664,0.04454187382403664,0.02446215551469046,0.02446215551469046
ID_YD2GMW,0.024079788482056087,0.024079788482056087,0.010841878500891307,0.010841878500891307,0.012316203529489485,0.012316203529489485,0.024079788482056087,0.024079788482056087
ID_ETCHDH,0.024079788482056087,0.024079788482056087,0.011374777305014901,0.011374777305014901,0.012978249854923435,0.012978249854923435,0.024079788482056087,0.024079788482056087
ID_J78U93,0.024079788482056087,0.024079788482056087,0.011008763970028597,0.011008763970028597,0.012320708588696884,0.012320708588696884,0.024079788482056087,0.024079788482056087
ID_5A0ZN0,0.024109603628150303,0.024109603628150303,0.01242539375702008,0.01242539375702008,0.013494464668979168,0.013494464668979168,0.024109603628150303,0.024109603628150303
ID_CY607Z,0.024079788482056087,0.024079788482056087,0.013137696573664199,0.013137696573664199,0.013550365854713281,0.013550365854713281,0.024079788482056087,0.024079788482056087
ID_KXY99G,0.024109603628150303,0.024109603628150303,0.012750694513536302,0.012750694513536302,0.013494464668979168,0.013494464668979168,0.024109603628150303,0.024109603628150303
ID_TJMU1U,0.024079788482056087,0.024079788482056087,0.011778302957933487,0.011778302957933487,0.01321990651538154,0.01321990651538154,0.024079788482056087,0.024079788482056087
ID_987N4I,0.024079788482056087,0.024079788482056087,0.011778302957933487,0.011778302957933487,0.01321990651538154,0.01321990651538154,0.024079788482056087,0.024079788482056087
ID_MV3Y4E,0.5314742713334494,0.5314742713334494,0.47753755004842247,0.47753755004842247,0.298729395245704,0.298729395245704,0.5314742713334494,0.5314742713334494
ID_G4C6ER,0.6158827916724121,0.6158827916724121,0.639232796385574,0.639232796385574,0.6659428455868738,0.6659428455868738,0.6158827916724121,0.6158827916724121
ID_QJEGY8,0.6009256117372155,0.6009256117372155,0.644329541235477,0.644329541235477,0.6587911765675386,0.6587911765675386,0.6009256117372155,0.6009256117372155
ID_F3SZAG,0.6322739015003458,0.6322739015003458,0.6416830867868109,0.6416830867868109,0.6944391264959164,0.6944391264959164,0.6322739015003458,0.6322739015003458
ID_SDLCZW,0.48047718267800277,0.48047718267800277,0.5226930088848225,0.5226930088848225,0.5117218883165956,0.5117218883165956,0.48047718267800277,0.48047718267800277
ID_8AQIX3,0.4383221863613912,0.4383221863613912,0.5158920099229578,0.5158920099229578,0.5098246801849667,0.5098246801849667,0.4383221863613912,0.4383221863613912
ID_CZ9O4I,0.5342303160613221,0.5342303160613221,0.45733196343155724,0.45733196343155724,0.29036029515678247,0.29036029515678247,0.5342303160613221,0.5342303160613221
ID_3J4A5T,0.024079788482056087,0.024079788482056087,0.010979625716158514,0.010979625716158514,0.012585744525341471,0.012585744525341471,0.024079788482056087,0.024079788482056087
ID_4PIPGN,0.463978284226508,0.463978284226508,0.5070350716899623,0.5070350716899623,0.5207561980234513,0.5207561980234513,0.463978284226508,0.463978284226508
ID_SVI077,0.5976908729708759,0.5976908729708759,0.5713161428143532,0.5713161428143532,0.6561890780389482,0.6561890780389482,0.5976908729708759,0.5976908729708759
ID_PCP2DX,0.412900994095494,0.412900994095494,0.25440436227314883,0.25440436227314883,0.24114493548749227,0.24114493548749227,0.412900994095494,0.412900994095494
ID_NHGKW9,0.6312125852211733,0.6312125852211733,0.6239510510579674,0.6239510510579674,0.6903876588209041,0.6903876588209041,0.6312125852211733,0.6312125852211733
ID_PJLFLZ,0.5222371802667692,0.5222371802667692,0.5876047474942497,0.5876047474942497,0.597910569993288,0.597910569993288,0.5222371802667692,0.5222371802667692
ID_UEI7E1,0.5875168127208811,0.5875168127208811,0.5952820758841946,0.5952820758841946,0.6429718066414767,0.6429718066414767,0.5875168127208811,0.5875168127208811
ID_6Q3C3P,0.5829359642780358,0.5829359642780358,0.5914925252061237,0.5914925252061237,0.6501017808936287,0.6501017808936287,0.5829359642780358,0.5829359642780358
ID_748PIZ,0.02410422640971982,0.02410422640971982,0.010928323779175736,0.010928323779175736,0.012400604702085009,0.012400604702085009,0.02410422640971982,0.02410422640971982
ID_05V8OI,0.024388657830885944,0.024388657830885944,0.012478613837042355,0.012478613837042355,0.01566826011280891,0.01566826011280891,0.024388657830885944,0.024388657830885944
ID_PB8UGU,0.024412952846691996,0.024412952846691996,0.012025016496899379,0.012025016496899379,0.015705598037877747,0.015705598037877747,0.024412952846691996,0.024412952846691996
ID_18BEK3,0.23326279154995952,0.23326279154995952,0.15544469715684248,0.15544469715684248,0.27297104075717193,0.27297104075717193,0.23326279154995952,0.23326279154995952
ID_AKH3DX,0.024388657830885944,0.024388657830885944,0.012629669104304544,0.012629669104304544,0.01566826011280891,0.01566826011280891,0.024388657830885944,0.024388657830885944
ID_PG1ZJ9,0.02410422640971982,0.02410422640971982,0.01094250051591203,0.01094250051591203,0.012386493245492767,0.012386493245492767,0.02410422640971982,0.02410422640971982
ID_U2N5AM,0.2630581922508885,0.2630581922508885,0.2479971722186015,0.2479971722186015,0.35902262934711276,0.35902262934711276,0.2630581922508885,0.2630581922508885
ID_ONDIOU,0.024388657830885944,0.024388657830885944,0.012662311248476665,0.012662311248476665,0.015977111758103367,0.015977111758103367,0.024388657830885944,0.024388657830885944
ID_8O0VLW,0.024079788482056087,0.024079788482056087,0.010932194257559473,0.010932194257559473,0.012325724965576589,0.012325724965576589,0.024079788482056087,0.024079788482056087
ID_24IP3N,0.02410422640971982,0.02410422640971982,0.0109535838101397,0.0109535838101397,0.012482272165199633,0.012482272165199633,0.02410422640971982,0.02410422640971982
ID_X9HSZT,0.02410422640971982,0.02410422640971982,0.011709946648806929,0.011709946648806929,0.012386493245492767,0.012386493245492767,0.02410422640971982,0.02410422640971982
ID_DEHJ7B,0.02410422640971982,0.02410422640971982,0.010928323779175736,0.010928323779175736,0.012400604702085009,0.012400604702085009,0.02410422640971982,0.02410422640971982
ID_V9REXI,0.024079788482056087,0.024079788482056087,0.01091971026690735,0.01091971026690735,0.012318978642140358,0.012318978642140358,0.024079788482056087,0.024079788482056087
ID_Q0JIB7,0.024221009048098957,0.024221009048098957,0.011201335378283401,0.011201335378283401,0.013264370495653146,0.013264370495653146,0.024221009048098957,0.024221009048098957
ID_4Q4645,0.26413518149101767,0.26413518149101767,0.24988697686473066,0.24988697686473066,0.3586806744761808,0.3586806744761808,0.26413518149101767,0.26413518149101767
ID_ZKTVQN,0.02410422640971982,0.02410422640971982,0.010949023504065377,0.010949023504065377,0.012394737780356485,0.012394737780356485,0.02410422640971982,0.02410422640971982
ID_HHOTC8,0.02410422640971982,0.02410422640971982,0.011097389303343823,0.011097389303343823,0.012482272165199633,0.012482272165199633,0.02410422640971982,0.02410422640971982
ID_2VK1VV,0.02410422640971982,0.02410422640971982,0.010935088219268087,0.010935088219268087,0.012400604702085009,0.012400604702085009,0.02410422640971982,0.02410422640971982
ID_1LR1PB,0.024079788482056087,0.024079788482056087,0.010932194257559473,0.010932194257559473,0.012325724965576589,0.012325724965576589,0.024079788482056087,0.024079788482056087
ID_UFG3WK,0.024079788482056087,0.024079788482056087,0.010958938909073419,0.010958938909073419,0.012400604702085009,0.012400604702085009,0.024079788482056087,0.024079788482056087
ID_30POCS,0.02413404155581404,0.02413404155581404,0.011131984246983884,0.011131984246983884,0.012492940805501444,0.012492940805501444,0.02413404155581404,0.02413404155581404
ID_O1JBTD,0.02410422640971982,0.02410422640971982,0.010852569443268496,0.010852569443268496,0.012386493245492767,0.012386493245492767,0.02410422640971982,0.02410422640971982
ID_L28R04,0.024388657830885944,0.024388657830885944,0.012426781995913978,0.012426781995913978,0.01587313200966181,0.01587313200966181,0.024388657830885944,0.024388657830885944
ID_4XQIY8,0.024388657830885944,0.024388657830885944,0.012662155275234545,0.012662155275234545,0.015977111758103367,0.015977111758103367,0.024388657830885944,0.024388657830885944
ID_6YKZ60,0.024079788482056087,0.024079788482056087,0.010813229477050885,0.010813229477050885,0.012325724965576589,0.012325724965576589,0.024079788482056087,0.024079788482056087
ID_SR4OPG,0.02410422640971982,0.02410422640971982,0.011128289787581304,0.011128289787581304,0.012468887109849721,0.012468887109849721,0.02410422640971982,0.02410422640971982
ID_7Y58VC,0.024079788482056087,0.024079788482056087,0.010932194257559473,0.010932194257559473,0.012325724965576589,0.012325724965576589,0.024079788482056087,0.024079788482056087
ID_MIGRJM,0.024079788482056087,0.024079788482056087,0.010958938909073419,0.010958938909073419,0.012400604702085009,0.012400604702085009,0.024079788482056087,0.024079788482056087
ID_MBHYWK,0.024388657830885944,0.024388657830885944,0.012662311248476665,0.012662311248476665,0.015977111758103367,0.015977111758103367,0.024388657830885944,0.024388657830885944
ID_R1RKC8,0.024079788482056087,0.024079788482056087,0.010932194257559473,0.010932194257559473,0.012325724965576589,0.012325724965576589,0.024079788482056087,0.024079788482056087
ID_042DMN,0.02413404155581404,0.02413404155581404,0.014712698645389172,0.014712698645389172,0.013579203632367354,0.013579203632367354,0.02413404155581404,0.02413404155581404
ID_76QVHP,0.024388657830885944,0.024388657830885944,0.012662155275234545,0.012662155275234545,0.015977111758103367,0.015977111758103367,0.024388657830885944,0.024388657830885944
ID_M7ZQB5,0.23434176019063627,0.23434176019063627,0.15519641764200576,0.15519641764200576,0.27101326974276774,0.27101326974276774,0.23434176019063627,0.23434176019063627
ID_EVURSU,0.024388657830885944,0.024388657830885944,0.012662311248476665,0.012662311248476665,0.015977111758103367,0.015977111758103367,0.024388657830885944,0.024388657830885944
ID_BR285V,0.28489105982439666,0.28489105982439666,0.2611262515549378,0.2611262515549378,0.38865752069852905,0.38865752069852905,0.28489105982439666,0.28489105982439666
ID_24TLS4,0.32543406059083047,0.32543406059083047,0.2892639552274221,0.2892639552274221,0.4457944438098932,0.4457944438098932,0.32543406059083047,0.32543406059083047
ID_J10FQO,0.024388657830885944,0.024388657830885944,0.012426781995913978,0.012426781995913978,0.01587313200966181,0.01587313200966181,0.024388657830885944,0.024388657830885944
ID_UPIF9C,0.024079788482056087,0.024079788482056087,0.010958938909073419,0.010958938909073419,0.012400604702085009,0.012400604702085009,0.024079788482056087,0.024079788482056087
ID_J2UW6P,0.02410422640971982,0.02410422640971982,0.011328118871936278,0.011328118871936278,0.012386493245492767,0.012386493245492767,0.02410422640971982,0.02410422640971982
ID_FECS1U,0.024388657830885944,0.024388657830885944,0.0126929603773436,0.0126929603773436,0.01605155370396985,0.01605155370396985,0.024388657830885944,0.024388657830885944
ID_ZLJNIO,0.024388657830885944,0.024388657830885944,0.012662311248476665,0.012662311248476665,0.015977111758103367,0.015977111758103367,0.024388657830885944,0.024388657830885944
ID_HM6F95,0.02410422640971982,0.02410422640971982,0.010949023504065377,0.010949023504065377,0.012394737780356485,0.012394737780356485,0.02410422640971982,0.02410422640971982
ID_S17LP1,0.024388657830885944,0.024388657830885944,0.012449935362970609,0.012449935362970609,0.01587313200966181,0.01587313200966181,0.024388657830885944,0.024388657830885944
ID_01FXDQ,0.02410422640971982,0.02410422640971982,0.010912334975025105,0.010912334975025105,0.012386493245492767,0.012386493245492767,0.02410422640971982,0.02410422640971982
ID_3IPYPF,0.024555075882381948,0.024555075882381948,0.012514935876032593,0.012514935876032593,0.01676162726775044,0.01676162726775044,0.024555075882381948,0.024555075882381948
ID_YWE7MS,0.024388657830885944,0.024388657830885944,0.012629669104304544,0.012629669104304544,0.01566826011280891,0.01566826011280891,0.024388657830885944,0.024388657830885944
ID_TCB67J,0.02410422640971982,0.02410422640971982,0.010949023504065377,0.010949023504065377,0.012394737780356485,0.012394737780356485,0.02410422640971982,0.02410422640971982
ID_XD9SHW,0.02410422640971982,0.02410422640971982,0.010949023504065377,0.010949023504065377,0.012394737780356485,0.012394737780356485,0.02410422640971982,0.02410422640971982
ID_3TL22U,0.024122910517416156,0.024122910517416156,0.011329914055245001,0.011329914055245001,0.013528365251065844,0.013528365251065844,0.024122910517416156,0.024122910517416156
ID_I19UPL,0.23434176019063627,0.23434176019063627,0.15519641764200576,0.15519641764200576,0.27101326974276774,0.27101326974276774,0.23434176019063627,0.23434176019063627
ID_29ISKS,0.024079788482056087,0.024079788482056087,0.010932194257559473,0.010932194257559473,0.012325724965576589,0.012325724965576589,0.024079788482056087,0.024079788482056087
ID_JGCMOM,0.024079788482056087,0.024079788482056087,0.010843824502797675,0.010843824502797675,0.012400604702085009,0.012400604702085009,0.024079788482056087,0.024079788482056087
ID_71UMTJ,0.2871814201334062,0.2871814201334062,0.2522478416660622,0.2522478416660622,0.39765290459441355,0.39765290459441355,0.2871814201334062,0.2871814201334062
ID_54K01O,0.024221009048098957,0.024221009048098957,0.011201335378283401,0.011201335378283401,0.013264370495653146,0.013264370495653146,0.024221009048098957,0.024221009048098957
ID_1YO3DO,0.024079788482056087,0.024079788482056087,0.01083496522501686,0.01083496522501686,0.012325724965576589,0.012325724965576589,0.024079788482056087,0.024079788482056087
ID_27PFIW,0.02410422640971982,0.02410422640971982,0.010927333109954996,0.010927333109954996,0.012386493245492767,0.012386493245492767,0.02410422640971982,0.02410422640971982
ID_BKVJQA,0.02410422640971982,0.02410422640971982,0.010949023504065377,0.010949023504065377,0.012394737780356485,0.012394737780356485,0.02410422640971982,0.02410422640971982
ID_PUB0ZI,0.024079788482056087,0.024079788482056087,0.010958938909073419,0.010958938909073419,0.012400604702085009,0.012400604702085009,0.024079788482056087,0.024079788482056087
ID_V6SMN3,0.024388657830885944,0.024388657830885944,0.012662155275234545,0.012662155275234545,0.015977111758103367,0.015977111758103367,0.024388657830885944,0.024388657830885944
ID_0ZOFHK,0.02410422640971982,0.02410422640971982,0.010961456971965879,0.010961456971965879,0.01238065154129505,0.01238065154129505,0.02410422640971982,0.02410422640971982
ID_M94TW1,0.024079788482056087,0.024079788482056087,0.0109716042468296,0.0109716042468296,0.012400604702085009,0.012400604702085009,0.024079788482056087,0.024079788482056087
ID_C823SH,0.02410422640971982,0.02410422640971982,0.010912334975025105,0.010912334975025105,0.012386493245492767,0.012386493245492767,0.02410422640971982,0.02410422640971982
ID_SC50OJ,0.02410422640971982,0.02410422640971982,0.010821566245401686,0.010821566245401686,0.012373108190142855,0.012373108190142855,0.02410422640971982,0.02410422640971982
ID_YAUV4R,0.024079788482056087,0.024079788482056087,0.011503943340365985,0.011503943340365985,0.012826539242548207,0.012826539242548207,0.024079788482056087,0.024079788482056087
ID_IOMDD3,0.024079788482056087,0.024079788482056087,0.010932194257559473,0.010932194257559473,0.012325724965576589,0.012325724965576589,0.024079788482056087,0.024079788482056087
ID_HE3Y73,0.265957501643038,0.265957501643038,0.25061356718153155,0.25061356718153155,0.3595150958101678,0.3595150958101678,0.265957501643038,0.265957501643038
ID_CAWMEQ,0.024388657830885944,0.024388657830885944,0.012662155275234545,0.012662155275234545,0.015977111758103367,0.015977111758103367,0.024388657830885944,0.024388657830885944
ID_81IJ38,0.02413404155581404,0.02413404155581404,0.012000860738219531,0.012000860738219531,0.0129633994109297,0.0129633994109297,0.02413404155581404,0.02413404155581404
ID_QFUX50,0.024079788482056087,0.024079788482056087,0.01084426459310842,0.01084426459310842,0.012336062148526795,0.012336062148526795,0.024079788482056087,0.024079788482056087
ID_U13QTT,0.024079788482056087,0.024079788482056087,0.010913938893673678,0.010913938893673678,0.01232737955883957,0.01232737955883957,0.024079788482056087,0.024079788482056087
ID_UEDSUL,0.024079788482056087,0.024079788482056087,0.010867167719228634,0.010867167719228634,0.012330016908466504,0.012330016908466504,0.024079788482056087,0.024079788482056087
ID_0TWM69,0.024079788482056087,0.024079788482056087,0.010803133599069339,0.010803133599069339,0.012330016908466504,0.012330016908466504,0.024079788482056087,0.024079788482056087
ID_CTIYZN,0.024143631657976974,0.024143631657976974,0.01099556408734192,0.01099556408734192,0.012421536091085627,0.012421536091085627,0.024143631657976974,0.024143631657976974
ID_5CERRE,0.024079788482056087,0.024079788482056087,0.010812311222720325,0.010812311222720325,0.012336062148526795,0.012336062148526795,0.024079788482056087,0.024079788482056087
ID_KC1ZNC,0.02413404155581404,0.02413404155581404,0.01099314590282144,0.01099314590282144,0.012421536091085627,0.012421536091085627,0.02413404155581404,0.02413404155581404
ID_8Q3LRH,0.02413404155581404,0.02413404155581404,0.01129024289692317,0.01129024289692317,0.012598144793283347,0.012598144793283347,0.02413404155581404,0.02413404155581404
ID_9CDLA5,0.14273735746091887,0.14273735746091887,0.07792394045294913,0.07792394045294913,0.06220550486019836,0.06220550486019836,0.14273735746091887,0.14273735746091887
ID_7HDOB8,0.02413404155581404,0.02413404155581404,0.011552609366936356,0.011552609366936356,0.012629555804641016,0.012629555804641016,0.02413404155581404,0.02413404155581404
ID_6B1SIE,0.024079788482056087,0.024079788482056087,0.010898156632021786,0.010898156632021786,0.012394699008641308,0.012394699008641308,0.024079788482056087,0.024079788482056087
ID_DVVRGO,0.024079788482056087,0.024079788482056087,0.010847410301150794,0.010847410301150794,0.012322677093176884,0.012322677093176884,0.024079788482056087,0.024079788482056087
ID_2QTOY9,0.024109603628150303,0.024109603628150303,0.010842160670651132,0.010842160670651132,0.012322677093176884,0.012322677093176884,0.024109603628150303,0.024109603628150303
ID_41UVG1,0.024109603628150303,0.024109603628150303,0.011051198898021494,0.011051198898021494,0.01242235301188294,0.01242235301188294,0.024109603628150303,0.024109603628150303
ID_8XSPVV,0.024109603628150303,0.024109603628150303,0.010842160670651132,0.010842160670651132,0.012322677093176884,0.012322677093176884,0.024109603628150303,0.024109603628150303
ID_8DRNO4,0.024079788482056087,0.024079788482056087,0.010843523773923669,0.010843523773923669,0.012322677093176884,0.012322677093176884,0.024079788482056087,0.024079788482056087
ID_IHC0B4,0.024089378584219022,0.024089378584219022,0.010985183524223677,0.010985183524223677,0.012476486756775944,0.012476486756775944,0.024089378584219022,0.024089378584219022
ID_UPSVCG,0.024079788482056087,0.024079788482056087,0.012126067647042181,0.012126067647042181,0.013540736140508247,0.013540736140508247,0.024079788482056087,0.024079788482056087
ID_V1EWHV,0.024079788482056087,0.024079788482056087,0.010803133599069339,0.010803133599069339,0.012330016908466504,0.012330016908466504,0.024079788482056087,0.024079788482056087
ID_EDRP5J,0.024079788482056087,0.024079788482056087,0.010886612170394284,0.010886612170394284,0.012316631853116593,0.012316631853116593,0.024079788482056087,0.024079788482056087
ID_6ZT49S,0.024079788482056087,0.024079788482056087,0.010867167719228634,0.010867167719228634,0.012330016908466504,0.012330016908466504,0.024079788482056087,0.024079788482056087
ID_688DSZ,0.024079788482056087,0.024079788482056087,0.010988496522253465,0.010988496522253465,0.012325724965576589,0.012325724965576589,0.024079788482056087,0.024079788482056087
ID_KTRS8U,0.024079788482056087,0.024079788482056087,0.010927403488074174,0.010927403488074174,0.012394699008641308,0.012394699008641308,0.024079788482056087,0.024079788482056087
ID_HAVFMX,0.02430841221880609,0.02430841221880609,0.012394952430674365,0.012394952430674365,0.013140356016434901,0.013140356016434901,0.02430841221880609,0.02430841221880609
ID_4OHSTT,0.024079788482056087,0.024079788482056087,0.013695842718077108,0.013695842718077108,0.014213737574366194,0.014213737574366194,0.024079788482056087,0.024079788482056087
ID_D14DB2,0.02430841221880609,0.02430841221880609,0.011861346007370871,0.011861346007370871,0.012812621715625461,0.012812621715625461,0.02430841221880609,0.02430841221880609
ID_DMKQ4R,0.024507687937674796,0.024507687937674796,0.011827811678262922,0.011827811678262922,0.012641164402777894,0.012641164402777894,0.024507687937674796,0.024507687937674796
ID_9EU6JS,0.02413404155581404,0.02413404155581404,0.011652868476246227,0.011652868476246227,0.0124838101904204,0.0124838101904204,0.02413404155581404,0.02413404155581404
ID_UPM0YG,0.02413404155581404,0.02413404155581404,0.01162175969709505,0.01162175969709505,0.012492473504689667,0.012492473504689667,0.02413404155581404,0.02413404155581404
ID_V86OOM,0.02413404155581404,0.02413404155581404,0.011852592356434117,0.011852592356434117,0.012818471874697817,0.012818471874697817,0.02413404155581404,0.02413404155581404
ID_FQ80WS,0.024113816511882755,0.024113816511882755,0.011042017353440332,0.011042017353440332,0.012399360303155433,0.012399360303155433,0.024113816511882755,0.024113816511882755
ID_RDEBO6,0.024113816511882755,0.024113816511882755,0.010951660115320573,0.010951660115320573,0.012408151035735716,0.012408151035735716,0.024113816511882755,0.024113816511882755
ID_NC8O5T,0.10892451207434255,0.10892451207434255,0.05589908902092633,0.05589908902092633,0.08906382724385273,0.08906382724385273,0.10892451207434255,0.10892451207434255
ID_HDPRVI,0.024079788482056087,0.024079788482056087,0.01091260840794778,0.01091260840794778,0.01232737955883957,0.01232737955883957,0.024079788482056087,0.024079788482056087
ID_N9EYVU,0.024143631657976974,0.024143631657976974,0.011329252801820029,0.011329252801820029,0.012580671471015839,0.012580671471015839,0.024143631657976974,0.024143631657976974
ID_JI8Q5T,0.024143631657976974,0.024143631657976974,0.01132971659279505,0.01132971659279505,0.012580671471015839,0.012580671471015839,0.024143631657976974,0.024143631657976974
ID_34Y9DR,0.02413404155581404,0.02413404155581404,0.012293857205784048,0.012293857205784048,0.013149019330704167,0.013149019330704167,0.02413404155581404,0.02413404155581404
ID_E8WY7K,0.02413404155581404,0.02413404155581404,0.01099806590285429,0.01099806590285429,0.012584759737933436,0.012584759737933436,0.02413404155581404,0.02413404155581404
ID_RW510L,0.02413404155581404,0.02413404155581404,0.010920041942687446,0.010920041942687446,0.01242235301188294,0.01242235301188294,0.02413404155581404,0.02413404155581404
ID_1H0I48,0.024079788482056087,0.024079788482056087,0.010920300707578129,0.010920300707578129,0.012394699008641308,0.012394699008641308,0.024079788482056087,0.024079788482056087
ID_EGA5JQ,0.024079788482056087,0.024079788482056087,0.010920578823457408,0.010920578823457408,0.012325724965576589,0.012325724965576589,0.024079788482056087,0.024079788482056087
ID_OTN1F3,0.024079788482056087,0.024079788482056087,0.010827668987869497,0.010827668987869497,0.01238331445394339,0.01238331445394339,0.024079788482056087,0.024079788482056087
ID_QDACDO,0.024109603628150303,0.024109603628150303,0.011028256176253845,0.011028256176253845,0.01242235301188294,0.01242235301188294,0.024109603628150303,0.024109603628150303
ID_ZEMQI5,0.024079788482056087,0.024079788482056087,0.01094667111918259,0.01094667111918259,0.012319686319413582,0.012319686319413582,0.024079788482056087,0.024079788482056087
ID_63M4X7,0.024079788482056087,0.024079788482056087,0.010847410301150794,0.010847410301150794,0.012322677093176884,0.012322677093176884,0.024079788482056087,0.024079788482056087
ID_KR841V,0.024079788482056087,0.024079788482056087,0.010867167719228634,0.010867167719228634,0.012330016908466504,0.012330016908466504,0.024079788482056087,0.024079788482056087
ID_WR0XZG,0.09275603522398856,0.09275603522398856,0.07242151607566188,0.07242151607566188,0.07608094146183922,0.07608094146183922,0.09275603522398856,0.09275603522398856
ID_Z70N5M,0.024079788482056087,0.024079788482056087,0.01084426459310842,0.01084426459310842,0.012336062148526795,0.012336062148526795,0.024079788482056087,0.024079788482056087
ID_PVJLRL,0.024079788482056087,0.024079788482056087,0.010858346377565366,0.010858346377565366,0.012389181375671913,0.012389181375671913,0.024079788482056087,0.024079788482056087
ID_7EDQMR,0.02413404155581404,0.02413404155581404,0.012077718911009817,0.012077718911009817,0.012629555804641016,0.012629555804641016,0.02413404155581404,0.02413404155581404
ID_BU5Z0R,0.024079788482056087,0.024079788482056087,0.010920578823457408,0.010920578823457408,0.012325724965576589,0.012325724965576589,0.024079788482056087,0.024079788482056087
ID_8MRLEX,0.024079788482056087,0.024079788482056087,0.010872849760563857,0.010872849760563857,0.012380498785984687,0.012380498785984687,0.024079788482056087,0.024079788482056087
ID_8JEWLP,0.024079788482056087,0.024079788482056087,0.010803133599069339,0.010803133599069339,0.012330016908466504,0.012330016908466504,0.024079788482056087,0.024079788482056087
ID_CSVCR9,0.02430841221880609,0.02430841221880609,0.012441376383250477,0.012441376383250477,0.013135336225693722,0.013135336225693722,0.02430841221880609,0.02430841221880609
ID_J8IE72,0.02413404155581404,0.02413404155581404,0.012293857205784048,0.012293857205784048,0.013149019330704167,0.013149019330704167,0.02413404155581404,0.02413404155581404
ID_U9P7FY,0.02413404155581404,0.02413404155581404,0.01099009658137475,0.01099009658137475,0.012430218680772853,0.012430218680772853,0.02413404155581404,0.02413404155581404
ID_WSV31O,0.024079788482056087,0.024079788482056087,0.010884621914114928,0.010884621914114928,0.012381313953291397,0.012381313953291397,0.024079788482056087,0.024079788482056087
ID_BBFEO3,0.024109603628150303,0.024109603628150303,0.011051198898021494,0.011051198898021494,0.01242235301188294,0.01242235301188294,0.024109603628150303,0.024109603628150303
ID_4LQISD,0.14273735746091887,0.14273735746091887,0.07792394045294913,0.07792394045294913,0.06220550486019836,0.06220550486019836,0.14273735746091887,0.14273735746091887
ID_N7X5SU,0.02413404155581404,0.02413404155581404,0.012077718911009817,0.012077718911009817,0.012629555804641016,0.012629555804641016,0.02413404155581404,0.02413404155581404
ID_CO0M1V,0.14379015327620634,0.14379015327620634,0.08547805663897388,0.08547805663897388,0.06355442124601697,0.06355442124601697,0.14379015327620634,0.14379015327620634
ID_1TX26Q,0.024079788482056087,0.024079788482056087,0.0108516770312102,0.0108516770312102,0.012336062148526795,0.012336062148526795,0.024079788482056087,0.024079788482056087
ID_YBOUBP,0.024079788482056087,0.024079788482056087,0.01085649973615233,0.01085649973615233,0.012330195226798272,0.012330195226798272,0.024079788482056087,0.024079788482056087
ID_TY7PYV,0.024079788482056087,0.024079788482056087,0.010920578823457408,0.010920578823457408,0.012325724965576589,0.012325724965576589,0.024079788482056087,0.024079788482056087
ID_GFJBOO,0.02413404155581404,0.02413404155581404,0.012077718911009817,0.012077718911009817,0.012629555804641016,0.012629555804641016,0.02413404155581404,0.02413404155581404
ID_0QIEVZ,0.024109603628150303,0.024109603628150303,0.011028256176253845,0.011028256176253845,0.01242235301188294,0.01242235301188294,0.024109603628150303,0.024109603628150303
ID_W7HMMW,0.02413404155581404,0.02413404155581404,0.010967381475813854,0.010967381475813854,0.012590279124393434,0.012590279124393434,0.02413404155581404,0.02413404155581404
ID_2KKV8S,0.4966239090230111,0.4966239090230111,0.46056631077442656,0.46056631077442656,0.4444636002884556,0.4444636002884556,0.4966239090230111,0.4966239090230111
ID_XPJCQ1,0.02413404155581404,0.02413404155581404,0.011876356625541247,0.011876356625541247,0.012818471874697817,0.012818471874697817,0.02413404155581404,0.02413404155581404
ID_8VQ82J,0.024079788482056087,0.024079788482056087,0.010867167719228634,0.010867167719228634,0.012330016908466504,0.012330016908466504,0.024079788482056087,0.024079788482056087
ID_7YOW0E,0.0241725772012861,0.0241725772012861,0.012306029947680439,0.012306029947680439,0.013353419132332242,0.013353419132332242,0.0241725772012861,0.0241725772012861
ID_LNZ9ED,0.024079788482056087,0.024079788482056087,0.010945659848734031,0.010945659848734031,0.012319858043848065,0.012319858043848065,0.024079788482056087,0.024079788482056087
ID_7M8G3A,0.024079788482056087,0.024079788482056087,0.01081225157346641,0.01081225157346641,0.012336062148526795,0.012336062148526795,0.024079788482056087,0.024079788482056087
ID_REY7Y4,0.024109603628150303,0.024109603628150303,0.011029476266762863,0.011029476266762863,0.01242235301188294,0.01242235301188294,0.024109603628150303,0.024109603628150303
ID_Y4B4O7,0.024079788482056087,0.024079788482056087,0.010928775265824777,0.010928775265824777,0.012325724965576589,0.012325724965576589,0.024079788482056087,0.024079788482056087
ID_71E57J,0.024079788482056087,0.024079788482056087,0.010843797547788022,0.010843797547788022,0.012389181375671913,0.012389181375671913,0.024079788482056087,0.024079788482056087
ID_YS77QO,0.024079788482056087,0.024079788482056087,0.010827492110009895,0.010827492110009895,0.012336062148526795,0.012336062148526795,0.024079788482056087,0.024079788482056087
ID_VP4TIY,0.024079788482056087,0.024079788482056087,0.01084426459310842,0.01084426459310842,0.012336062148526795,0.012336062148526795,0.024079788482056087,0.024079788482056087
ID_0ZSP1X,0.02413404155581404,0.02413404155581404,0.012077718911009817,0.012077718911009817,0.012629555804641016,0.012629555804641016,0.02413404155581404,0.02413404155581404
ID_EQ3DBB,0.024109603628150303,0.024109603628150303,0.011028256176253845,0.011028256176253845,0.01242235301188294,0.01242235301188294,0.024109603628150303,0.024109603628150303
ID_H173PI,0.02413404155581404,0.02413404155581404,0.010931626944750618,0.010931626944750618,0.01242235301188294,0.01242235301188294,0.02413404155581404,0.02413404155581404
ID_DP48N0,0.024089378584219022,0.024089378584219022,0.010875180387186944,0.010875180387186944,0.012529605983921062,0.012529605983921062,0.024089378584219022,0.024089378584219022
ID_NTGPZG,0.14346025955441913,0.14346025955441913,0.06862046146718036,0.06862046146718036,0.0752002947558546,0.0752002947558546,0.14346025955441913,0.14346025955441913
ID_R4BZEG,0.024109603628150303,0.024109603628150303,0.011028256176253845,0.011028256176253845,0.01242235301188294,0.01242235301188294,0.024109603628150303,0.024109603628150303
ID_F4C1ZX,0.024079788482056087,0.024079788482056087,0.010898651687515765,0.010898651687515765,0.012325724965576589,0.012325724965576589,0.024079788482056087,0.024079788482056087
ID_AR4HAO,0.02413404155581404,0.02413404155581404,0.010993215987070688,0.010993215987070688,0.012421536091085627,0.012421536091085627,0.02413404155581404,0.02413404155581404
ID_TJAXJ8,0.1525588872967481,0.1525588872967481,0.08261626517323678,0.08261626517323678,0.07124976551123711,0.07124976551123711,0.1525588872967481,0.1525588872967481
ID_TMKXE2,0.02413404155581404,0.02413404155581404,0.010994522889725829,0.010994522889725829,0.012408967956533028,0.012408967956533028,0.02413404155581404,0.02413404155581404
ID_XO28FQ,0.024109603628150303,0.024109603628150303,0.011028256176253845,0.011028256176253845,0.01242235301188294,0.01242235301188294,0.024109603628150303,0.024109603628150303
ID_UG6RWR,0.024079788482056087,0.024079788482056087,0.010945659848734031,0.010945659848734031,0.012319858043848065,0.012319858043848065,0.024079788482056087,0.024079788482056087
ID_MH9N99,0.024109603628150303,0.024109603628150303,0.011028256176253845,0.011028256176253845,0.01242235301188294,0.01242235301188294,0.024109603628150303,0.024109603628150303
ID_ZWWJ7W,0.02430841221880609,0.02430841221880609,0.011861346007370871,0.011861346007370871,0.012812621715625461,0.012812621715625461,0.02430841221880609,0.02430841221880609
ID_UVRWGM,0.024079788482056087,0.024079788482056087,0.010858866659261201,0.010858866659261201,0.012322677093176884,0.012322677093176884,0.024079788482056087,0.024079788482056087
ID_XKPJF3,0.02413404155581404,0.02413404155581404,0.011852592356434117,0.011852592356434117,0.012818471874697817,0.012818471874697817,0.02413404155581404,0.02413404155581404
ID_B66QBT,0.0241725772012861,0.0241725772012861,0.012306029947680439,0.012306029947680439,0.013353419132332242,0.013353419132332242,0.0241725772012861,0.0241725772012861
ID_868CQL,0.02413404155581404,0.02413404155581404,0.01091948092738687,0.01091948092738687,0.01242235301188294,0.01242235301188294,0.02413404155581404,0.02413404155581404
ID_PKPLAW,0.02413404155581404,0.02413404155581404,0.010961341821635969,0.010961341821635969,0.012416498412888324,0.012416498412888324,0.02413404155581404,0.02413404155581404
ID_Q3035H,0.02413404155581404,0.02413404155581404,0.011330243834595062,0.011330243834595062,0.012602018810608127,0.012602018810608127,0.02413404155581404,0.02413404155581404
ID_Z5AMC6,0.024079788482056087,0.024079788482056087,0.010928775265824777,0.010928775265824777,0.012325724965576589,0.012325724965576589,0.024079788482056087,0.024079788482056087
ID_W0DZUH,0.02413404155581404,0.02413404155581404,0.012077718911009817,0.012077718911009817,0.012629555804641016,0.012629555804641016,0.02413404155581404,0.02413404155581404
ID_HY51VX,0.024416121278858775,0.024416121278858775,0.01223986572403699,0.01223986572403699,0.01762957247278965,0.01762957247278965,0.024416121278858775,0.024416121278858775
ID_GOGWE0,0.02413404155581404,0.02413404155581404,0.011931698927317371,0.011931698927317371,0.012949716305919253,0.012949716305919253,0.02413404155581404,0.02413404155581404
ID_56RYGV,0.15183493895530886,0.15183493895530886,0.0755679075001553,0.0755679075001553,0.06625759033389049,0.06625759033389049,0.15183493895530886,0.15183493895530886
ID_S94Q2Y,0.024079788482056087,0.024079788482056087,0.010803133599069339,0.010803133599069339,0.012330016908466504,0.012330016908466504,0.024079788482056087,0.024079788482056087
ID_YZ2N8C,0.024109603628150303,0.024109603628150303,0.011028256176253845,0.011028256176253845,0.01242235301188294,0.01242235301188294,0.024109603628150303,0.024109603628150303
ID_UGRWIB,0.02413404155581404,0.02413404155581404,0.011327368207639549,0.011327368207639549,0.012591398469847116,0.012591398469847116,0.02413404155581404,0.02413404155581404
ID_N80HPR,0.024109603628150303,0.024109603628150303,0.011051198898021494,0.011051198898021494,0.01242235301188294,0.01242235301188294,0.024109603628150303,0.024109603628150303
ID_3CW0MI,0.024079788482056087,0.024079788482056087,0.01084426459310842,0.01084426459310842,0.012336062148526795,0.012336062148526795,0.024079788482056087,0.024079788482056087
ID_HDCRX0,0.02430841221880609,0.02430841221880609,0.0118806949944734,0.0118806949944734,0.012616170749291104,0.012616170749291104,0.02430841221880609,0.02430841221880609
ID_044W19,0.024079788482056087,0.024079788482056087,0.010817393745966226,0.010817393745966226,0.012389181375671913,0.012389181375671913,0.024079788482056087,0.024079788482056087
ID_R67PHH,0.02410422640971982,0.02410422640971982,0.011001930758119761,0.011001930758119761,0.012410966703694418,0.012410966703694418,0.02410422640971982,0.02410422640971982
ID_TIOYYB,0.02410422640971982,0.02410422640971982,0.010992260503198688,0.010992260503198688,0.012416833625422941,0.012416833625422941,0.02410422640971982,0.02410422640971982
ID_6AVKC3,0.024079788482056087,0.024079788482056087,0.01088003400332041,0.01088003400332041,0.012382435052235682,0.012382435052235682,0.024079788482056087,0.024079788482056087
ID_BEGWIW,0.024079788482056087,0.024079788482056087,0.01081225157346641,0.01081225157346641,0.012336062148526795,0.012336062148526795,0.024079788482056087,0.024079788482056087
ID_9NJBM8,0.02413404155581404,0.02413404155581404,0.011336152911022355,0.011336152911022355,0.012596151888879603,0.012596151888879603,0.02413404155581404,0.02413404155581404
ID_4C1Q9A,0.02413404155581404,0.02413404155581404,0.011348713546665378,0.011348713546665378,0.012602018810608127,0.012602018810608127,0.02413404155581404,0.02413404155581404
ID_8VXM2R,0.02413404155581404,0.02413404155581404,0.010937023370829541,0.010937023370829541,0.012430218680772853,0.012430218680772853,0.02413404155581404,0.02413404155581404
ID_Q617Y8,0.024079788482056087,0.024079788482056087,0.010945659848734031,0.010945659848734031,0.012319858043848065,0.012319858043848065,0.024079788482056087,0.024079788482056087
ID_DT00FS,0.13619599309429886,0.13619599309429886,0.12076324186192544,0.12076324186192544,0.14065238405437328,0.14065238405437328,0.13619599309429886,0.13619599309429886
ID_A9SOTW,0.02413404155581404,0.02413404155581404,0.01094305474872135,0.01094305474872135,0.01242435175904433,0.01242435175904433,0.02413404155581404,0.02413404155581404
ID_DYWKN3,0.024089378584219022,0.024089378584219022,0.010988024449941083,0.010988024449941083,0.012466149573825738,0.012466149573825738,0.024089378584219022,0.024089378584219022
ID_T5W7V2,0.1525588872967481,0.1525588872967481,0.08261626517323678,0.08261626517323678,0.07124976551123711,0.07124976551123711,0.1525588872967481,0.1525588872967481
ID_OYJ407,0.14140016169326888,0.14140016169326888,0.04890234695567248,0.04890234695567248,0.052956048201633285,0.052956048201633285,0.14140016169326888,0.14140016169326888
ID_4APUQG,0.02410422640971982,0.02410422640971982,0.011019866147824166,0.011019866147824166,0.012416833625422941,0.012416833625422941,0.02410422640971982,0.02410422640971982
ID_8X42H1,0.024079788482056087,0.024079788482056087,0.010901300102022077,0.010901300102022077,0.012394699008641308,0.012394699008641308,0.024079788482056087,0.024079788482056087
ID_QQLIOB,0.024079788482056087,0.024079788482056087,0.011154347483039135,0.011154347483039135,0.012738971156605468,0.012738971156605468,0.024079788482056087,0.024079788482056087
ID_49V07R,0.02413404155581404,0.02413404155581404,0.011330243834595062,0.011330243834595062,0.012602018810608127,0.012602018810608127,0.02413404155581404,0.02413404155581404
ID_LW7SED,0.02413404155581404,0.02413404155581404,0.011333148269488382,0.011333148269488382,0.012602018810608127,0.012602018810608127,0.02413404155581404,0.02413404155581404
ID_8ZC0YJ,0.02413404155581404,0.02413404155581404,0.011469164855987195,0.011469164855987195,0.01263740104092155,0.01263740104092155,0.02413404155581404,0.02413404155581404
ID_BLJHKO,0.138869244827669,0.138869244827669,0.0666157311882454,0.0666157311882454,0.056462933391611514,0.056462933391611514,0.138869244827669,0.138869244827669
ID_4YQQ0B,0.024079788482056087,0.024079788482056087,0.010847410301150794,0.010847410301150794,0.012322677093176884,0.012322677093176884,0.024079788482056087,0.024079788482056087
ID_YUWGLN,0.024079788482056087,0.024079788482056087,0.010984556359304367,0.010984556359304367,0.012336062148526795,0.012336062148526795,0.024079788482056087,0.024079788482056087
ID_D31ZVW,0.14352216012590477,0.14352216012590477,0.0699854461368386,0.0699854461368386,0.0755154975206481,0.0755154975206481,0.14352216012590477,0.14352216012590477
ID_P1YZ4X,0.024109603628150303,0.024109603628150303,0.011028256176253845,0.011028256176253845,0.01242235301188294,0.01242235301188294,0.024109603628150303,0.024109603628150303
ID_23SIGG,0.032569479515533496,0.032569479515533496,0.15618162494344862,0.15618162494344862,0.05783495824921632,0.05783495824921632,0.032569479515533496,0.032569479515533496
ID_AIAL8Y,0.11630941979618363,0.11630941979618363,0.05178713986124937,0.05178713986124937,0.09441201608279665,0.09441201608279665,0.11630941979618363,0.11630941979618363
ID_TA7IDX,0.02413404155581404,0.02413404155581404,0.01091948092738687,0.01091948092738687,0.01242235301188294,0.01242235301188294,0.02413404155581404,0.02413404155581404
ID_K4V6T1,0.02413404155581404,0.02413404155581404,0.010990908619742973,0.010990908619742973,0.012598144793283347,0.012598144793283347,0.02413404155581404,0.02413404155581404
ID_SFRXLD,0.024079788482056087,0.024079788482056087,0.010945659848734031,0.010945659848734031,0.012319858043848065,0.012319858043848065,0.024079788482056087,0.024079788482056087
ID_GI1C93,0.024109603628150303,0.024109603628150303,0.011051198898021494,0.011051198898021494,0.01242235301188294,0.01242235301188294,0.024109603628150303,0.024109603628150303
ID_WMD60I,0.024079788482056087,0.024079788482056087,0.010920578823457408,0.010920578823457408,0.012325724965576589,0.012325724965576589,0.024079788482056087,0.024079788482056087
ID_HADVCG,0.02413404155581404,0.02413404155581404,0.010892868719826183,0.010892868719826183,0.012430218680772853,0.012430218680772853,0.02413404155581404,0.02413404155581404
ID_IB0RDU,0.024109603628150303,0.024109603628150303,0.011051198898021494,0.011051198898021494,0.01242235301188294,0.01242235301188294,0.024109603628150303,0.024109603628150303
ID_QVH6R4,0.024079788482056087,0.024079788482056087,0.010920578823457408,0.010920578823457408,0.012325724965576589,0.012325724965576589,0.024079788482056087,0.024079788482056087
ID_C7RAXJ,0.024079788482056087,0.024079788482056087,0.010843797547788022,0.010843797547788022,0.012389181375671913,0.012389181375671913,0.024079788482056087,0.024079788482056087
ID_P2MHXW,0.02410422640971982,0.02410422640971982,0.011019866147824166,0.011019866147824166,0.012416833625422941,0.012416833625422941,0.02410422640971982,0.02410422640971982
ID_YT67RP,0.02413404155581404,0.02413404155581404,0.01094305474872135,0.01094305474872135,0.01242435175904433,0.01242435175904433,0.02413404155581404,0.02413404155581404
ID_G0I7ZK,0.02413404155581404,0.02413404155581404,0.011348713546665378,0.011348713546665378,0.012602018810608127,0.012602018810608127,0.02413404155581404,0.02413404155581404
ID_A43PS9,0.4341143516663741,0.4341143516663741,0.4121625968469827,0.4121625968469827,0.44055971738722116,0.44055971738722116,0.4341143516663741,0.4341143516663741
ID_04V1AG,0.049943996655825475,0.049943996655825475,0.01399448679858312,0.01399448679858312,0.017589145496355037,0.017589145496355037,0.049943996655825475,0.049943996655825475
ID_6KEAHS,0.024143631657976974,0.024143631657976974,0.011025597589069026,0.011025597589069026,0.012572819972066886,0.012572819972066886,0.024143631657976974,0.024143631657976974
ID_HTMQPW,0.02410422640971982,0.02410422640971982,0.010993492493186123,0.010993492493186123,0.012416833625422941,0.012416833625422941,0.02410422640971982,0.02410422640971982
ID_XF0297,0.02430841221880609,0.02430841221880609,0.01177792926026066,0.01177792926026066,0.012492473504689667,0.012492473504689667,0.02430841221880609,0.02430841221880609
ID_D9F7JY,0.024113816511882755,0.024113816511882755,0.010958187403663331,0.010958187403663331,0.012399360303155433,0.012399360303155433,0.024113816511882755,0.024113816511882755
ID_7M63MY,0.02413404155581404,0.02413404155581404,0.01162175969709505,0.01162175969709505,0.012492473504689667,0.012492473504689667,0.02413404155581404,0.02413404155581404
ID_ASOI1C,0.02410422640971982,0.02410422640971982,0.011088368356547773,0.011088368356547773,0.012476388881054736,0.012476388881054736,0.02410422640971982,0.02410422640971982
ID_QWK1QC,0.14379015327620634,0.14379015327620634,0.08547805663897388,0.08547805663897388,0.06355442124601697,0.06355442124601697,0.14379015327620634,0.14379015327620634
ID_K9FTZZ,0.024079788482056087,0.024079788482056087,0.010927403488074174,0.010927403488074174,0.012394699008641308,0.012394699008641308,0.024079788482056087,0.024079788482056087
ID_H8TZYV,0.02430841221880609,0.02430841221880609,0.011918195409979711,0.011918195409979711,0.012811744826679544,0.012811744826679544,0.02430841221880609,0.02430841221880609
ID_EMRQ4T,0.02413404155581404,0.02413404155581404,0.010990908619742973,0.010990908619742973,0.012598144793283347,0.012598144793283347,0.02413404155581404,0.02413404155581404
ID_HFVMM8,0.024079788482056087,0.024079788482056087,0.010817393745966226,0.010817393745966226,0.012389181375671913,0.012389181375671913,0.024079788482056087,0.024079788482056087
ID_3240TG,0.11630941979618363,0.11630941979618363,0.05178713986124937,0.05178713986124937,0.09441201608279665,0.09441201608279665,0.11630941979618363,0.11630941979618363
ID_YC9T6R,0.02430841221880609,0.02430841221880609,0.011760686820756977,0.011760686820756977,0.012492473504689667,0.012492473504689667,0.02430841221880609,0.02430841221880609
ID_QMXHOW,0.02413404155581404,0.02413404155581404,0.010937023370829541,0.010937023370829541,0.012430218680772853,0.012430218680772853,0.02413404155581404,0.02413404155581404
ID_49CDQ6,0.024109603628150303,0.024109603628150303,0.011028256176253845,0.011028256176253845,0.01242235301188294,0.01242235301188294,0.024109603628150303,0.024109603628150303
ID_5GE0S1,0.024109603628150303,0.024109603628150303,0.011028256176253845,0.011028256176253845,0.01242235301188294,0.01242235301188294,0.024109603628150303,0.024109603628150303
ID_OMU4UR,0.024333317274682742,0.024333317274682742,0.011790140552013186,0.011790140552013186,0.012791942098082135,0.012791942098082135,0.024333317274682742,0.024333317274682742
ID_G44DHO,0.024109603628150303,0.024109603628150303,0.011028256176253845,0.011028256176253845,0.01242235301188294,0.01242235301188294,0.024109603628150303,0.024109603628150303
ID_JU8JNI,0.02413404155581404,0.02413404155581404,0.01129024289692317,0.01129024289692317,0.012598144793283347,0.012598144793283347,0.02413404155581404,0.02413404155581404
ID_1C4G5E,0.024079788482056087,0.024079788482056087,0.010984556359304367,0.010984556359304367,0.012336062148526795,0.012336062148526795,0.024079788482056087,0.024079788482056087
ID_IWBKMP,0.024079788482056087,0.024079788482056087,0.010849846187957368,0.010849846187957368,0.012336062148526795,0.012336062148526795,0.024079788482056087,0.024079788482056087
ID_VKBJCE,0.024109603628150303,0.024109603628150303,0.011028256176253845,0.011028256176253845,0.01242235301188294,0.01242235301188294,0.024109603628150303,0.024109603628150303
ID_3H40OX,0.024333317274682742,0.024333317274682742,0.011790140552013186,0.011790140552013186,0.012791942098082135,0.012791942098082135,0.024333317274682742,0.024333317274682742
ID_8F3PFC,0.02413404155581404,0.02413404155581404,0.011381694666649228,0.011381694666649228,0.012595272487171896,0.012595272487171896,0.02413404155581404,0.02413404155581404
ID_F4HS1L,0.024079788482056087,0.024079788482056087,0.010867167719228634,0.010867167719228634,0.012330016908466504,0.012330016908466504,0.024079788482056087,0.024079788482056087
ID_BZWK10,0.024089378584219022,0.024089378584219022,0.010899478643299525,0.010899478643299525,0.012476486756775944,0.012476486756775944,0.024089378584219022,0.024089378584219022
ID_EEW8DG,0.024113816511882755,0.024113816511882755,0.01104102716771155,0.01104102716771155,0.012399360303155433,0.012399360303155433,0.024113816511882755,0.024113816511882755
ID_HTIWJ2,0.02413404155581404,0.02413404155581404,0.011348713546665378,0.011348713546665378,0.012602018810608127,0.012602018810608127,0.02413404155581404,0.02413404155581404
ID_ZCM6MI,0.02413404155581404,0.02413404155581404,0.011876356625541247,0.011876356625541247,0.012818471874697817,0.012818471874697817,0.02413404155581404,0.02413404155581404
ID_RMH9OL,0.024143631657976974,0.024143631657976974,0.011462870918689175,0.011462870918689175,0.012584545488340619,0.012584545488340619,0.024143631657976974,0.024143631657976974
ID_2TX4D4,0.024079788482056087,0.024079788482056087,0.010803133599069339,0.010803133599069339,0.012330016908466504,0.012330016908466504,0.024079788482056087,0.024079788482056087
ID_7D7P9D,0.02413404155581404,0.02413404155581404,0.011053301472278511,0.011053301472278511,0.012413684592136674,0.012413684592136674,0.02413404155581404,0.02413404155581404
ID_C43FWU,0.024079788482056087,0.024079788482056087,0.010847410301150794,0.010847410301150794,0.012322677093176884,0.012322677093176884,0.024079788482056087,0.024079788482056087
ID_42P9TZ,0.024079788482056087,0.024079788482056087,0.010920300707578129,0.010920300707578129,0.012394699008641308,0.012394699008641308,0.024079788482056087,0.024079788482056087
ID_NCE574,0.024109603628150303,0.024109603628150303,0.011051198898021494,0.011051198898021494,0.01242235301188294,0.01242235301188294,0.024109603628150303,0.024109603628150303
ID_ZJBV7B,0.024143631657976974,0.024143631657976974,0.010994695100414011,0.010994695100414011,0.012421536091085627,0.012421536091085627,0.024143631657976974,0.024143631657976974
ID_2IW233,0.024079788482056087,0.024079788482056087,0.010985536276753038,0.010985536276753038,0.012317042375889363,0.012317042375889363,0.024079788482056087,0.024079788482056087
ID_GQWO42,0.02413404155581404,0.02413404155581404,0.011852592356434117,0.011852592356434117,0.012818471874697817,0.012818471874697817,0.02413404155581404,0.02413404155581404
ID_R6M083,0.024079788482056087,0.024079788482056087,0.010928775265824777,0.010928775265824777,0.012325724965576589,0.012325724965576589,0.024079788482056087,0.024079788482056087
ID_TLY302,0.024079788482056087,0.024079788482056087,0.010803133599069339,0.010803133599069339,0.012330016908466504,0.012330016908466504,0.024079788482056087,0.024079788482056087
ID_LT6OU6,0.024079788482056087,0.024079788482056087,0.011164546495842274,0.011164546495842274,0.012505508746705099,0.012505508746705099,0.024079788482056087,0.024079788482056087
ID_0F7RHU,0.04702363742314237,0.04702363742314237,0.026703571702096966,0.026703571702096966,0.3038150682507428,0.3038150682507428,0.04702363742314237,0.04702363742314237
ID_EDMKFB,0.03043437176938215,0.03043437176938215,0.0174519990191729,0.0174519990191729,0.1850231245536732,0.1850231245536732,0.03043437176938215,0.03043437176938215
ID_25FHZZ,0.029651500612996564,0.029651500612996564,0.016510863159037464,0.016510863159037464,0.20004103821460845,0.20004103821460845,0.029651500612996564,0.029651500612996564
ID_1VP0UC,0.024923248477843732,0.024923248477843732,0.01681974194158146,0.01681974194158146,0.02541397204107811,0.02541397204107811,0.024923248477843732,0.024923248477843732
ID_MQ3635,0.02474712248149302,0.02474712248149302,0.01599387679697939,0.01599387679697939,0.023493484535007145,0.023493484535007145,0.02474712248149302,0.02474712248149302
ID_RHFPED,0.024687610819273682,0.024687610819273682,0.01647927299003661,0.01647927299003661,0.025117064132318616,0.025117064132318616,0.024687610819273682,0.024687610819273682
ID_RHJPOV,0.024599595942119284,0.024599595942119284,0.014113472954025413,0.014113472954025413,0.05020510121306912,0.05020510121306912,0.024599595942119284,0.024599595942119284
ID_8F379N,0.024079788482056087,0.024079788482056087,0.02153767253928541,0.02153767253928541,0.030553390928598677,0.030553390928598677,0.024079788482056087,0.024079788482056087
ID_LVX4OV,0.23215526630913674,0.23215526630913674,0.14622160070510423,0.14622160070510423,0.3644333678746308,0.3644333678746308,0.23215526630913674,0.23215526630913674
ID_H5M15A,0.028646240323438377,0.028646240323438377,0.027189878083519615,0.027189878083519615,0.23616620187974557,0.23616620187974557,0.028646240323438377,0.028646240323438377
ID_LEWKQY,0.024079788482056087,0.024079788482056087,0.02155366870327705,0.02155366870327705,0.028437235028774155,0.028437235028774155,0.024079788482056087,0.024079788482056087
ID_DY6IPH,0.24908571616052438,0.24908571616052438,0.14445994776364685,0.14445994776364685,0.29853033420690833,0.29853033420690833,0.24908571616052438,0.24908571616052438
ID_E4DAHN,0.024513240156281632,0.024513240156281632,0.012445244674875596,0.012445244674875596,0.0545300646189829,0.0545300646189829,0.024513240156281632,0.024513240156281632
ID_Z2FP8D,0.024463730502657287,0.024463730502657287,0.015287241690809096,0.015287241690809096,0.02753399801199917,0.02753399801199917,0.024463730502657287,0.024463730502657287
ID_3MQ2M6,0.02459049194185083,0.02459049194185083,0.016426238767219315,0.016426238767219315,0.024529428081038772,0.024529428081038772,0.02459049194185083,0.02459049194185083
ID_44QD5W,0.030032011650263573,0.030032011650263573,0.021040744185850058,0.021040744185850058,0.20111748411864055,0.20111748411864055,0.030032011650263573,0.030032011650263573
ID_41T2UA,0.02471694554499943,0.02471694554499943,0.016891092517992184,0.016891092517992184,0.04470282439227402,0.04470282439227402,0.02471694554499943,0.02471694554499943
ID_WKIX11,0.024463730502657287,0.024463730502657287,0.015287241690809096,0.015287241690809096,0.02753399801199917,0.02753399801199917,0.024463730502657287,0.024463730502657287
ID_LM76KQ,0.024513240156281632,0.024513240156281632,0.012445244674875596,0.012445244674875596,0.0545300646189829,0.0545300646189829,0.024513240156281632,0.024513240156281632
ID_0YXFYC,0.024841789490068097,0.024841789490068097,0.016221480735458833,0.016221480735458833,0.04044838254382465,0.04044838254382465,0.024841789490068097,0.024841789490068097
ID_WYY6XC,0.02489881055018,0.02489881055018,0.017081631484670432,0.017081631484670432,0.02551344663091547,0.02551344663091547,0.02489881055018,0.02489881055018
ID_1QBGM5,0.024404277542081625,0.024404277542081625,0.010665813352789254,0.010665813352789254,0.04533092220393384,0.04533092220393384,0.024404277542081625,0.024404277542081625
ID_L8X1MO,0.03533813189963464,0.03533813189963464,0.02561289728426334,0.02561289728426334,0.13868981890974041,0.13868981890974041,0.03533813189963464,0.03533813189963464
ID_Z8OE4O,0.030032011650263573,0.030032011650263573,0.021040744185850058,0.021040744185850058,0.20111748411864055,0.20111748411864055,0.030032011650263573,0.030032011650263573
ID_PFTRFZ,0.02458779323421273,0.02458779323421273,0.01700951741237426,0.01700951741237426,0.025939001353462686,0.025939001353462686,0.02458779323421273,0.02458779323421273
ID_WFLX1D,0.024599595942119284,0.024599595942119284,0.014113472954025413,0.014113472954025413,0.05020510121306912,0.05020510121306912,0.024599595942119284,0.024599595942119284
ID_3M1E7H,0.024079788482056087,0.024079788482056087,0.023283366057034887,0.023283366057034887,0.03255703738918664,0.03255703738918664,0.024079788482056087,0.024079788482056087
ID_QBGS5I,0.024404277542081625,0.024404277542081625,0.010665813352789254,0.010665813352789254,0.04533092220393384,0.04533092220393384,0.024404277542081625,0.024404277542081625
ID_YQA4VN,0.02444963278484896,0.02444963278484896,0.015970611716828554,0.015970611716828554,0.027904646270562678,0.027904646270562678,0.02444963278484896,0.02444963278484896
ID_F0GA7T,0.02459049194185083,0.02459049194185083,0.016381215161099822,0.016381215161099822,0.024529428081038772,0.024529428081038772,0.02459049194185083,0.02459049194185083
ID_HZO9J4,0.024463730502657287,0.024463730502657287,0.015287241690809096,0.015287241690809096,0.02753399801199917,0.02753399801199917,0.024463730502657287,0.024463730502657287
ID_ARK4JP,0.024551956296378765,0.024551956296378765,0.016267840685844137,0.016267840685844137,0.02810455607223853,0.02810455607223853,0.024551956296378765,0.024551956296378765
ID_A8N019,0.03508613106170147,0.03508613106170147,0.04717268201178604,0.04717268201178604,0.06255260848249657,0.06255260848249657,0.03508613106170147,0.03508613106170147
ID_62960A,0.024513240156281632,0.024513240156281632,0.01252578487448344,0.01252578487448344,0.0545300646189829,0.0545300646189829,0.024513240156281632,0.024513240156281632
ID_B8VYG3,0.02458779323421273,0.02458779323421273,0.01700951741237426,0.01700951741237426,0.025939001353462686,0.025939001353462686,0.02458779323421273,0.02458779323421273
ID_DUQWFQ,0.024334241408264737,0.024334241408264737,0.021591769936453124,0.021591769936453124,0.02908287712599311,0.02908287712599311,0.024334241408264737,0.024334241408264737
ID_S27JQO,0.024923248477843732,0.024923248477843732,0.016431469028926574,0.016431469028926574,0.02381911608869747,0.02381911608869747,0.024923248477843732,0.024923248477843732
ID_473RDP,0.024079788482056087,0.024079788482056087,0.025630478482856177,0.025630478482856177,0.038970583638482416,0.038970583638482416,0.024079788482056087,0.024079788482056087
ID_Z1D6V7,0.040036814149950535,0.040036814149950535,0.047993240372402504,0.047993240372402504,0.07262305475848295,0.07262305475848295,0.040036814149950535,0.040036814149950535
ID_YXCK0F,0.02419954214291112,0.02419954214291112,0.015758238603395168,0.015758238603395168,0.02794514063127092,0.02794514063127092,0.02419954214291112,0.02419954214291112
ID_KJ3TCA,0.024599595942119284,0.024599595942119284,0.012382746855497374,0.012382746855497374,0.040790656257483376,0.040790656257483376,0.024599595942119284,0.024599595942119284
ID_7Q07MF,0.024223980070574854,0.024223980070574854,0.015852923140490024,0.015852923140490024,0.027830100360605355,0.027830100360605355,0.024223980070574854,0.024223980070574854
ID_WO830L,0.02458779323421273,0.02458779323421273,0.01700951741237426,0.01700951741237426,0.025939001353462686,0.025939001353462686,0.02458779323421273,0.02458779323421273
ID_JD38LC,0.03533813189963464,0.03533813189963464,0.02561289728426334,0.02561289728426334,0.13868981890974041,0.13868981890974041,0.03533813189963464,0.03533813189963464
ID_4A6IYY,0.02444963278484896,0.02444963278484896,0.015521901083454206,0.015521901083454206,0.028008621038898066,0.028008621038898066,0.02444963278484896,0.02444963278484896
ID_75SAQ1,0.024660766695655367,0.024660766695655367,0.01592739632200509,0.01592739632200509,0.023158042233778667,0.023158042233778667,0.024660766695655367,0.024660766695655367
ID_5OFBIB,0.02458779323421273,0.02458779323421273,0.01700951741237426,0.01700951741237426,0.025939001353462686,0.025939001353462686,0.02458779323421273,0.02458779323421273
ID_ALY7ZZ,0.02458779323421273,0.02458779323421273,0.01700951741237426,0.01700951741237426,0.025939001353462686,0.025939001353462686,0.02458779323421273,0.02458779323421273
ID_00SYAM,0.024223980070574854,0.024223980070574854,0.015852923140490024,0.015852923140490024,0.027830100360605355,0.027830100360605355,0.024223980070574854,0.024223980070574854
ID_RNR77F,0.02485137959223103,0.02485137959223103,0.016224907322399756,0.016224907322399756,0.04010469312127116,0.04010469312127116,0.02485137959223103,0.02485137959223103
ID_ANWPH8,0.024513240156281632,0.024513240156281632,0.01252578487448344,0.01252578487448344,0.0545300646189829,0.0545300646189829,0.024513240156281632,0.024513240156281632
ID_U2WF21,0.024079788482056087,0.024079788482056087,0.01770974419817839,0.01770974419817839,0.022071163350647786,0.022071163350647786,0.024079788482056087,0.024079788482056087
ID_IC7OWJ,0.024079788482056087,0.024079788482056087,0.024641875938329852,0.024641875938329852,0.03913538724374654,0.03913538724374654,0.024079788482056087,0.024079788482056087
ID_5AS1RL,0.02765693172659365,0.02765693172659365,0.02006332640175589,0.02006332640175589,0.21979618648522387,0.21979618648522387,0.02765693172659365,0.02765693172659365
ID_2T7D9G,0.024079788482056087,0.024079788482056087,0.023283366057034887,0.023283366057034887,0.03255703738918664,0.03255703738918664,0.024079788482056087,0.024079788482056087
ID_HJ5KUJ,0.024513240156281632,0.024513240156281632,0.012445244674875596,0.012445244674875596,0.0545300646189829,0.0545300646189829,0.024513240156281632,0.024513240156281632
ID_3GOFCW,0.024463730502657287,0.024463730502657287,0.015287241690809096,0.015287241690809096,0.02753399801199917,0.02753399801199917,0.024463730502657287,0.024463730502657287
ID_7O1I32,0.024079788482056087,0.024079788482056087,0.02155366870327705,0.02155366870327705,0.028437235028774155,0.028437235028774155,0.024079788482056087,0.024079788482056087
ID_WYA35N,0.04193239386424972,0.04193239386424972,0.049793080451407984,0.049793080451407984,0.10241780546259285,0.10241780546259285,0.04193239386424972,0.04193239386424972
ID_W5DHJ2,0.02458779323421273,0.02458779323421273,0.01700951741237426,0.01700951741237426,0.025939001353462686,0.025939001353462686,0.02458779323421273,0.02458779323421273
ID_T05X66,0.024726535647162366,0.024726535647162366,0.016901473210943586,0.016901473210943586,0.044643685930472146,0.044643685930472146,0.024726535647162366,0.024726535647162366
ID_CRM4RV,0.23215526630913674,0.23215526630913674,0.14622160070510423,0.14622160070510423,0.3644333678746308,0.3644333678746308,0.23215526630913674,0.23215526630913674
ID_ITNBRH,0.030032011650263573,0.030032011650263573,0.021040744185850058,0.021040744185850058,0.20111748411864055,0.20111748411864055,0.030032011650263573,0.030032011650263573
ID_UYPZ03,0.030032011650263573,0.030032011650263573,0.021040744185850058,0.021040744185850058,0.20111748411864055,0.20111748411864055,0.030032011650263573,0.030032011650263573
ID_PNZ4JF,0.024551956296378765,0.024551956296378765,0.0156967755970322,0.0156967755970322,0.028267118160771695,0.028267118160771695,0.024551956296378765,0.024551956296378765
ID_F91RCT,0.024404277542081625,0.024404277542081625,0.010665813352789254,0.010665813352789254,0.04533092220393384,0.04533092220393384,0.024404277542081625,0.024404277542081625
ID_3XSANB,0.02458779323421273,0.02458779323421273,0.01700951741237426,0.01700951741237426,0.025939001353462686,0.025939001353462686,0.02458779323421273,0.02458779323421273
ID_6J7QV5,0.024463730502657287,0.024463730502657287,0.015287241690809096,0.015287241690809096,0.02753399801199917,0.02753399801199917,0.024463730502657287,0.024463730502657287
ID_P30MQ0,0.024923248477843732,0.024923248477843732,0.016864765547700954,0.016864765547700954,0.02541397204107811,0.02541397204107811,0.024923248477843732,0.024923248477843732
ID_JST03I,0.02458779323421273,0.02458779323421273,0.021339372737383653,0.021339372737383653,0.02546530936562059,0.02546530936562059,0.02458779323421273,0.02458779323421273
ID_Z94PSF,0.02458779323421273,0.02458779323421273,0.01700951741237426,0.01700951741237426,0.025939001353462686,0.025939001353462686,0.02458779323421273,0.02458779323421273
ID_OJ2LYR,0.02518263129707451,0.02518263129707451,0.015867733574410403,0.015867733574410403,0.041881471416515374,0.041881471416515374,0.02518263129707451,0.02518263129707451
ID_GZ2CK3,0.024463730502657287,0.024463730502657287,0.015328710130223933,0.015328710130223933,0.027607448465181057,0.027607448465181057,0.024463730502657287,0.024463730502657287
ID_KNUO6I,0.024079788482056087,0.024079788482056087,0.01078736066243132,0.01078736066243132,0.016093333196495682,0.016093333196495682,0.024079788482056087,0.024079788482056087
ID_DOW1PY,0.024109603628150303,0.024109603628150303,0.010845308528596814,0.010845308528596814,0.015478468174590117,0.015478468174590117,0.024109603628150303,0.024109603628150303
ID_HWML2X,0.024079788482056087,0.024079788482056087,0.010776406996827992,0.010776406996827992,0.017292531507780304,0.017292531507780304,0.024079788482056087,0.024079788482056087
ID_EVIF8F,0.024079788482056087,0.024079788482056087,0.010795159025691139,0.010795159025691139,0.01765575933555146,0.01765575933555146,0.024079788482056087,0.024079788482056087
ID_ENM2XK,0.024079788482056087,0.024079788482056087,0.010785819177440597,0.010785819177440597,0.016076333566646103,0.016076333566646103,0.024079788482056087,0.024079788482056087
ID_48WC8Z,0.024109603628150303,0.024109603628150303,0.010996372543417274,0.010996372543417274,0.016484281563589564,0.016484281563589564,0.024109603628150303,0.024109603628150303
ID_D326DS,0.024109603628150303,0.024109603628150303,0.011239511826711988,0.011239511826711988,0.016012813449541623,0.016012813449541623,0.024109603628150303,0.024109603628150303
ID_USYVL3,0.02410422640971982,0.02410422640971982,0.010637742101036069,0.010637742101036069,0.017989036909573798,0.017989036909573798,0.02410422640971982,0.02410422640971982
ID_5TKD3W,0.024079788482056087,0.024079788482056087,0.01078736066243132,0.01078736066243132,0.016093333196495682,0.016093333196495682,0.024079788482056087,0.024079788482056087
ID_0JC6LT,0.024109603628150303,0.024109603628150303,0.010889744998273412,0.010889744998273412,0.01608138970524952,0.01608138970524952,0.024109603628150303,0.024109603628150303
ID_INW8YA,0.024089378584219022,0.024089378584219022,0.011213595653412695,0.011213595653412695,0.018285058506730435,0.018285058506730435,0.024089378584219022,0.024089378584219022
ID_ICQGA8,0.024358679335928474,0.024358679335928474,0.010637742101036069,0.010637742101036069,0.01624278672395235,0.01624278672395235,0.024358679335928474,0.024358679335928474
ID_IWB0AZ,0.024089378584219022,0.024089378584219022,0.011213595653412695,0.011213595653412695,0.018285058506730435,0.018285058506730435,0.024089378584219022,0.024089378584219022
ID_GS6GIY,0.024079788482056087,0.024079788482056087,0.012751121820909974,0.012751121820909974,0.01978757861873159,0.01978757861873159,0.024079788482056087,0.024079788482056087
ID_YYMTTZ,0.024358679335928474,0.024358679335928474,0.010637742101036069,0.010637742101036069,0.01624278672395235,0.01624278672395235,0.024358679335928474,0.024358679335928474
ID_WNL2AW,0.024358679335928474,0.024358679335928474,0.010898553315216757,0.010898553315216757,0.015849552343943828,0.015849552343943828,0.024358679335928474,0.024358679335928474
ID_WIPE3M,0.024079788482056087,0.024079788482056087,0.010805871406934146,0.010805871406934146,0.016988353168534608,0.016988353168534608,0.024079788482056087,0.024079788482056087
ID_475RRJ,0.024079788482056087,0.024079788482056087,0.010832045003456138,0.010832045003456138,0.018585038010114657,0.018585038010114657,0.024079788482056087,0.024079788482056087
ID_78W3J6,0.024079788482056087,0.024079788482056087,0.010686504340822914,0.010686504340822914,0.018006036539423374,0.018006036539423374,0.024079788482056087,0.024079788482056087
ID_7I6AN6,0.026398472706656663,0.026398472706656663,0.018615609663213968,0.018615609663213968,0.16882070496077511,0.16882070496077511,0.026398472706656663,0.026398472706656663
ID_M32EDR,0.024109603628150303,0.024109603628150303,0.011074085173657957,0.011074085173657957,0.01593016951668613,0.01593016951668613,0.024109603628150303,0.024109603628150303
ID_9AIPRL,0.024109603628150303,0.024109603628150303,0.010650991012001804,0.010650991012001804,0.01482965457141993,0.01482965457141993,0.024109603628150303,0.024109603628150303
ID_LZ4OU6,0.024109603628150303,0.024109603628150303,0.01087508286704676,0.01087508286704676,0.016012813449541623,0.016012813449541623,0.024109603628150303,0.024109603628150303
ID_PR92PR,0.024079788482056087,0.024079788482056087,0.010615387541875142,0.010615387541875142,0.016538046949603584,0.016538046949603584,0.024079788482056087,0.024079788482056087
ID_6E3A6Z,0.024079788482056087,0.024079788482056087,0.010822766044839276,0.010822766044839276,0.016917238226069067,0.016917238226069067,0.024079788482056087,0.024079788482056087
ID_X41NOX,0.02410422640971982,0.02410422640971982,0.010637742101036069,0.010637742101036069,0.017989036909573798,0.017989036909573798,0.02410422640971982,0.02410422640971982
ID_FI825B,0.024358679335928474,0.024358679335928474,0.010914887545777028,0.010914887545777028,0.01482197780215687,0.01482197780215687,0.024358679335928474,0.024358679335928474
ID_89CEYW,0.024109603628150303,0.024109603628150303,0.010757443144321662,0.010757443144321662,0.015478468174590117,0.015478468174590117,0.024109603628150303,0.024109603628150303
ID_7BTHXK,0.024079788482056087,0.024079788482056087,0.010776406996827992,0.010776406996827992,0.017292531507780304,0.017292531507780304,0.024079788482056087,0.024079788482056087
ID_QZP05P,0.024089378584219022,0.024089378584219022,0.011205608615054558,0.011205608615054558,0.01650269520458262,0.01650269520458262,0.024089378584219022,0.024089378584219022
ID_PDTOSK,0.024089378584219022,0.024089378584219022,0.01132711597229861,0.01132711597229861,0.01877665146784329,0.01877665146784329,0.024089378584219022,0.024089378584219022
ID_JSWVHL,0.024109603628150303,0.024109603628150303,0.010845308528596814,0.010845308528596814,0.015478468174590117,0.015478468174590117,0.024109603628150303,0.024109603628150303
ID_0PDI5J,0.024079788482056087,0.024079788482056087,0.010615726733254794,0.010615726733254794,0.01806224149569644,0.01806224149569644,0.024079788482056087,0.024079788482056087
ID_B8EFZT,0.024079788482056087,0.024079788482056087,0.011399354260400733,0.011399354260400733,0.016139548755888213,0.016139548755888213,0.024079788482056087,0.024079788482056087
ID_2WABYN,0.024079788482056087,0.024079788482056087,0.010598590976497367,0.010598590976497367,0.01482965457141993,0.01482965457141993,0.024079788482056087,0.024079788482056087
ID_JG81AP,0.024079788482056087,0.024079788482056087,0.010822766044839276,0.010822766044839276,0.016917238226069067,0.016917238226069067,0.024079788482056087,0.024079788482056087
ID_HWS14O,0.024358679335928474,0.024358679335928474,0.010637162139783331,0.010637162139783331,0.016260505099481078,0.016260505099481078,0.024358679335928474,0.024358679335928474
ID_O4F4HX,0.024079788482056087,0.024079788482056087,0.010996149598905183,0.010996149598905183,0.016484281563589564,0.016484281563589564,0.024079788482056087,0.024079788482056087
ID_19G3H2,0.024358679335928474,0.024358679335928474,0.010637162139783331,0.010637162139783331,0.016260505099481078,0.016260505099481078,0.024358679335928474,0.024358679335928474
ID_DVT2Y2,0.024079788482056087,0.024079788482056087,0.010590643308539495,0.010590643308539495,0.016411328488403303,0.016411328488403303,0.024079788482056087,0.024079788482056087
ID_6R6JX6,0.02410422640971982,0.02410422640971982,0.010637742101036069,0.010637742101036069,0.017989036909573798,0.017989036909573798,0.02410422640971982,0.02410422640971982
ID_OWEKY6,0.024079788482056087,0.024079788482056087,0.010763121718505913,0.010763121718505913,0.016076333566646103,0.016076333566646103,0.024079788482056087,0.024079788482056087
ID_5CKDQ8,0.024079788482056087,0.024079788482056087,0.010795159025691139,0.010795159025691139,0.01765575933555146,0.01765575933555146,0.024079788482056087,0.024079788482056087
ID_OJSWXZ,0.024079788482056087,0.024079788482056087,0.010822766044839276,0.010822766044839276,0.016917238226069067,0.016917238226069067,0.024079788482056087,0.024079788482056087
ID_WH760F,0.024358679335928474,0.024358679335928474,0.010637162139783331,0.010637162139783331,0.016260505099481078,0.016260505099481078,0.024358679335928474,0.024358679335928474
ID_I2QI8W,0.024079788482056087,0.024079788482056087,0.010625023158443667,0.010625023158443667,0.016411328488403303,0.016411328488403303,0.024079788482056087,0.024079788482056087
ID_ZUZ5IB,0.024079788482056087,0.024079788482056087,0.01076599617713775,0.01076599617713775,0.016093333196495682,0.016093333196495682,0.024079788482056087,0.024079788482056087
ID_S21QRP,0.024079788482056087,0.024079788482056087,0.010573963151975119,0.010573963151975119,0.01482965457141993,0.01482965457141993,0.024079788482056087,0.024079788482056087
ID_NC0DIX,0.024358679335928474,0.024358679335928474,0.010637162139783331,0.010637162139783331,0.016260505099481078,0.016260505099481078,0.024358679335928474,0.024358679335928474
ID_R76V65,0.024358679335928474,0.024358679335928474,0.010637385084295422,0.010637385084295422,0.016260505099481078,0.016260505099481078,0.024358679335928474,0.024358679335928474
ID_HKYOVX,0.024089378584219022,0.024089378584219022,0.011213191017922317,0.011213191017922317,0.01650269520458262,0.01650269520458262,0.024089378584219022,0.024089378584219022
ID_EZT9L4,0.024079788482056087,0.024079788482056087,0.012314631849018669,0.012314631849018669,0.019603763390653055,0.019603763390653055,0.024079788482056087,0.024079788482056087
ID_I8C23T,0.024358679335928474,0.024358679335928474,0.011118490946089188,0.011118490946089188,0.015849552343943828,0.015849552343943828,0.024358679335928474,0.024358679335928474
ID_UCBT8P,0.024358679335928474,0.024358679335928474,0.011118490946089188,0.011118490946089188,0.015849552343943828,0.015849552343943828,0.024358679335928474,0.024358679335928474
ID_4EFHFH,0.024079788482056087,0.024079788482056087,0.011063587423947708,0.011063587423947708,0.019482642522196312,0.019482642522196312,0.024079788482056087,0.024079788482056087
ID_WJZODY,0.024079788482056087,0.024079788482056087,0.010795159025691139,0.010795159025691139,0.01765575933555146,0.01765575933555146,0.024079788482056087,0.024079788482056087
ID_5O4DK2,0.024079788482056087,0.024079788482056087,0.010795159025691139,0.010795159025691139,0.01765575933555146,0.01765575933555146,0.024079788482056087,0.024079788482056087
ID_1QQANC,0.02436826943809141,0.02436826943809141,0.011122296234000788,0.011122296234000788,0.01650269520458262,0.01650269520458262,0.02436826943809141,0.02436826943809141
ID_GW57CP,0.024079788482056087,0.024079788482056087,0.010805871406934146,0.010805871406934146,0.016988353168534608,0.016988353168534608,0.024079788482056087,0.024079788482056087
ID_V5IB8S,0.024079788482056087,0.024079788482056087,0.01076599617713775,0.01076599617713775,0.016093333196495682,0.016093333196495682,0.024079788482056087,0.024079788482056087
ID_6RK6HI,0.026398472706656663,0.026398472706656663,0.018615609663213968,0.018615609663213968,0.16882070496077511,0.16882070496077511,0.026398472706656663,0.026398472706656663
ID_WR3P0Q,0.024079788482056087,0.024079788482056087,0.010989613418955511,0.010989613418955511,0.016245060284388265,0.016245060284388265,0.024079788482056087,0.024079788482056087
ID_DHHPAZ,0.02410422640971982,0.02410422640971982,0.010637742101036069,0.010637742101036069,0.017989036909573798,0.017989036909573798,0.02410422640971982,0.02410422640971982
ID_0919CJ,0.024358679335928474,0.024358679335928474,0.010637162139783331,0.010637162139783331,0.016260505099481078,0.016260505099481078,0.024358679335928474,0.024358679335928474
ID_J841FF,0.024358679335928474,0.024358679335928474,0.010898553315216757,0.010898553315216757,0.015849552343943828,0.015849552343943828,0.024358679335928474,0.024358679335928474
ID_KL7CZ1,0.024358679335928474,0.024358679335928474,0.010898553315216757,0.010898553315216757,0.015849552343943828,0.015849552343943828,0.024358679335928474,0.024358679335928474
ID_N8STMV,0.024109603628150303,0.024109603628150303,0.010757443144321662,0.010757443144321662,0.015478468174590117,0.015478468174590117,0.024109603628150303,0.024109603628150303
ID_C1JCO4,0.024079788482056087,0.024079788482056087,0.010763121718505913,0.010763121718505913,0.016076333566646103,0.016076333566646103,0.024079788482056087,0.024079788482056087
ID_4KNGLU,0.024079788482056087,0.024079788482056087,0.010805871406934146,0.010805871406934146,0.016988353168534608,0.016988353168534608,0.024079788482056087,0.024079788482056087
ID_LJ63XA,0.024079788482056087,0.024079788482056087,0.01078736066243132,0.01078736066243132,0.016093333196495682,0.016093333196495682,0.024079788482056087,0.024079788482056087
ID_KI0M9B,0.024079788482056087,0.024079788482056087,0.010686504340822914,0.010686504340822914,0.016260505099481078,0.016260505099481078,0.024079788482056087,0.024079788482056087
ID_BMD6D9,0.024079788482056087,0.024079788482056087,0.010650991012001804,0.010650991012001804,0.01626205991423784,0.01626205991423784,0.024079788482056087,0.024079788482056087
ID_QSILOT,0.024079788482056087,0.024079788482056087,0.01078736066243132,0.01078736066243132,0.016093333196495682,0.016093333196495682,0.024079788482056087,0.024079788482056087
ID_K0TAT7,0.024417647122418975,0.024417647122418975,0.010772498052880733,0.010772498052880733,0.015621269584177068,0.015621269584177068,0.024417647122418975,0.024417647122418975
ID_ZM6SCU,0.024079788482056087,0.024079788482056087,0.01078736066243132,0.01078736066243132,0.016093333196495682,0.016093333196495682,0.024079788482056087,0.024079788482056087
ID_2EUTBC,0.024079788482056087,0.024079788482056087,0.010894748394700287,0.010894748394700287,0.016310588101247844,0.016310588101247844,0.024079788482056087,0.024079788482056087
ID_H4EEPQ,0.024079788482056087,0.024079788482056087,0.010817879324990499,0.010817879324990499,0.018078544946363167,0.018078544946363167,0.024079788482056087,0.024079788482056087
ID_GPGXMS,0.024109603628150303,0.024109603628150303,0.010778239447443225,0.010778239447443225,0.017309016588545622,0.017309016588545622,0.024109603628150303,0.024109603628150303
ID_OWB724,0.024109603628150303,0.024109603628150303,0.01084347607798158,0.01084347607798158,0.015461285290614867,0.015461285290614867,0.024109603628150303,0.024109603628150303
ID_8XK367,0.024079788482056087,0.024079788482056087,0.010615726733254794,0.010615726733254794,0.01806224149569644,0.01806224149569644,0.024079788482056087,0.024079788482056087
ID_11KV3S,0.024358679335928474,0.024358679335928474,0.010637162139783331,0.010637162139783331,0.016260505099481078,0.016260505099481078,0.024358679335928474,0.024358679335928474
ID_QWOZQ4,0.02436826943809141,0.02436826943809141,0.011122296234000788,0.011122296234000788,0.01650269520458262,0.01650269520458262,0.02436826943809141,0.02436826943809141
ID_F6BTEU,0.024079788482056087,0.024079788482056087,0.012751121820909974,0.012751121820909974,0.01978757861873159,0.01978757861873159,0.024079788482056087,0.024079788482056087
ID_WUQWL2,0.024079788482056087,0.024079788482056087,0.010686281396310822,0.010686281396310822,0.016260505099481078,0.016260505099481078,0.024079788482056087,0.024079788482056087
ID_2LDNB9,0.024079788482056087,0.024079788482056087,0.01133340650813838,0.01133340650813838,0.016012813449541623,0.016012813449541623,0.024079788482056087,0.024079788482056087
ID_CKGVN9,0.024079788482056087,0.024079788482056087,0.010686281396310822,0.010686281396310822,0.016260505099481078,0.016260505099481078,0.024079788482056087,0.024079788482056087
ID_BBB09D,0.024079788482056087,0.024079788482056087,0.010622612287170322,0.010622612287170322,0.018285285090118925,0.018285285090118925,0.024079788482056087,0.024079788482056087
ID_KF1S3W,0.026884499121475648,0.026884499121475648,0.017152789440070728,0.017152789440070728,0.16476793037684478,0.16476793037684478,0.026884499121475648,0.026884499121475648
ID_O79B2I,0.024358679335928474,0.024358679335928474,0.011118490946089188,0.011118490946089188,0.015849552343943828,0.015849552343943828,0.024358679335928474,0.024358679335928474
ID_VV9U6R,0.024079788482056087,0.024079788482056087,0.010622612287170322,0.010622612287170322,0.018285285090118925,0.018285285090118925,0.024079788482056087,0.024079788482056087
ID_YJYMCF,0.024358679335928474,0.024358679335928474,0.01115046365814206,0.01115046365814206,0.0158318339684151,0.0158318339684151,0.024358679335928474,0.024358679335928474
ID_JR89XU,0.024079788482056087,0.024079788482056087,0.010795159025691139,0.010795159025691139,0.01765575933555146,0.01765575933555146,0.024079788482056087,0.024079788482056087
ID_BKQMY3,0.024079788482056087,0.024079788482056087,0.01078736066243132,0.01078736066243132,0.016093333196495682,0.016093333196495682,0.024079788482056087,0.024079788482056087
ID_WGZT3N,0.024079788482056087,0.024079788482056087,0.01088404837896525,0.01088404837896525,0.016318264870510905,0.016318264870510905,0.024079788482056087,0.024079788482056087
ID_O53XSO,0.024079788482056087,0.024079788482056087,0.010840039502997383,0.010840039502997383,0.016387714260184236,0.016387714260184236,0.024079788482056087,0.024079788482056087
ID_4B4BTZ,0.024358679335928474,0.024358679335928474,0.01059922870845979,0.01059922870845979,0.01482965457141993,0.01482965457141993,0.024358679335928474,0.024358679335928474
ID_1UBHGG,0.024079788482056087,0.024079788482056087,0.010785819177440597,0.010785819177440597,0.016076333566646103,0.016076333566646103,0.024079788482056087,0.024079788482056087
ID_9TPR5H,0.024079788482056087,0.024079788482056087,0.010795159025691139,0.010795159025691139,0.01765575933555146,0.01765575933555146,0.024079788482056087,0.024079788482056087
ID_PHORWR,0.024109603628150303,0.024109603628150303,0.010889744998273412,0.010889744998273412,0.01608138970524952,0.01608138970524952,0.024109603628150303,0.024109603628150303
ID_8LZPFU,0.024079788482056087,0.024079788482056087,0.010815798051494123,0.010815798051494123,0.01815029647623006,0.01815029647623006,0.024079788482056087,0.024079788482056087
ID_EELQZS,0.024079788482056087,0.024079788482056087,0.010763121718505913,0.010763121718505913,0.016076333566646103,0.016076333566646103,0.024079788482056087,0.024079788482056087
ID_R92G3Q,0.024089378584219022,0.024089378584219022,0.011213191017922317,0.011213191017922317,0.01650269520458262,0.01650269520458262,0.024089378584219022,0.024089378584219022
ID_KT51IW,0.02905071193355873,0.02905071193355873,0.02110540937052492,0.02110540937052492,0.10635597628598871,0.10635597628598871,0.02905071193355873,0.02905071193355873
ID_Y5D83X,0.024079788482056087,0.024079788482056087,0.010805871406934146,0.010805871406934146,0.016988353168534608,0.016988353168534608,0.024079788482056087,0.024079788482056087
ID_NNYC99,0.024079788482056087,0.024079788482056087,0.010815798051494123,0.010815798051494123,0.01815029647623006,0.01815029647623006,0.024079788482056087,0.024079788482056087
ID_H7MJ3S,0.024109603628150303,0.024109603628150303,0.011239511826711988,0.011239511826711988,0.016012813449541623,0.016012813449541623,0.024109603628150303,0.024109603628150303
ID_CIHIWL,0.024079788482056087,0.024079788482056087,0.010805871406934146,0.010805871406934146,0.016988353168534608,0.016988353168534608,0.024079788482056087,0.024079788482056087
ID_ZYM82A,0.024079788482056087,0.024079788482056087,0.010805871406934146,0.010805871406934146,0.016988353168534608,0.016988353168534608,0.024079788482056087,0.024079788482056087
ID_HCCTFN,0.024079788482056087,0.024079788482056087,0.0108949229576372,0.0108949229576372,0.01927439292442578,0.01927439292442578,0.024079788482056087,0.024079788482056087
ID_71RVRZ,0.024358679335928474,0.024358679335928474,0.010914664601264935,0.010914664601264935,0.01482197780215687,0.01482197780215687,0.024358679335928474,0.024358679335928474
ID_PZHU8F,0.026398472706656663,0.026398472706656663,0.02059824555143125,0.02059824555143125,0.2055845570195733,0.2055845570195733,0.026398472706656663,0.026398472706656663
ID_1DWT84,0.02517279131383482,0.02517279131383482,0.026573384099381328,0.026573384099381328,0.20837572670924184,0.20837572670924184,0.02517279131383482,0.02517279131383482
ID_5I0I2K,0.024079788482056087,0.024079788482056087,0.010763121718505913,0.010763121718505913,0.016076333566646103,0.016076333566646103,0.024079788482056087,0.024079788482056087
ID_ZY3YB7,0.024079788482056087,0.024079788482056087,0.01097743950794897,0.01097743950794897,0.015849552343943828,0.015849552343943828,0.024079788482056087,0.024079788482056087
ID_OZV41J,0.024358679335928474,0.024358679335928474,0.01059922870845979,0.01059922870845979,0.01482965457141993,0.01482965457141993,0.024358679335928474,0.024358679335928474
ID_Q0SPQ2,0.024079788482056087,0.024079788482056087,0.01078736066243132,0.01078736066243132,0.016093333196495682,0.016093333196495682,0.024079788482056087,0.024079788482056087
ID_X5CALQ,0.024109603628150303,0.024109603628150303,0.01087508286704676,0.01087508286704676,0.016012813449541623,0.016012813449541623,0.024109603628150303,0.024109603628150303
ID_ZLSF1Q,0.024109603628150303,0.024109603628150303,0.010757443144321662,0.010757443144321662,0.015478468174590117,0.015478468174590117,0.024109603628150303,0.024109603628150303
ID_X0QGMF,0.024109603628150303,0.024109603628150303,0.012077137886758219,0.012077137886758219,0.0181749929681815,0.0181749929681815,0.024109603628150303,0.024109603628150303
ID_P3URU3,0.024079788482056087,0.024079788482056087,0.01076599617713775,0.01076599617713775,0.016093333196495682,0.016093333196495682,0.024079788482056087,0.024079788482056087
ID_WD7CSJ,0.024079788482056087,0.024079788482056087,0.010615726733254794,0.010615726733254794,0.01806224149569644,0.01806224149569644,0.024079788482056087,0.024079788482056087
ID_OP2YUN,0.02410422640971982,0.02410422640971982,0.010637385084295422,0.010637385084295422,0.018006036539423374,0.018006036539423374,0.02410422640971982,0.02410422640971982
ID_TS28A2,0.024109603628150303,0.024109603628150303,0.011239511826711988,0.011239511826711988,0.016012813449541623,0.016012813449541623,0.024109603628150303,0.024109603628150303
ID_EUSUFK,0.024079788482056087,0.024079788482056087,0.010815798051494123,0.010815798051494123,0.01815029647623006,0.01815029647623006,0.024079788482056087,0.024079788482056087
ID_VTZ497,0.0293415869996667,0.0293415869996667,0.022277741434738173,0.022277741434738173,0.1020095044392941,0.1020095044392941,0.0293415869996667,0.0293415869996667
ID_KJVX1G,0.024079788482056087,0.024079788482056087,0.010686504340822914,0.010686504340822914,0.018006036539423374,0.018006036539423374,0.024079788482056087,0.024079788482056087
ID_25E701,0.024358679335928474,0.024358679335928474,0.010637742101036069,0.010637742101036069,0.01624278672395235,0.01624278672395235,0.024358679335928474,0.024358679335928474
ID_U9FC9H,0.024358679335928474,0.024358679335928474,0.010626103854529048,0.010626103854529048,0.01482965457141993,0.01482965457141993,0.024358679335928474,0.024358679335928474
ID_0KWKO6,0.024109603628150303,0.024109603628150303,0.010889744998273412,0.010889744998273412,0.01608138970524952,0.01608138970524952,0.024109603628150303,0.024109603628150303
ID_NA80NQ,0.024079788482056087,0.024079788482056087,0.010590643308539495,0.010590643308539495,0.016411328488403303,0.016411328488403303,0.024079788482056087,0.024079788482056087
ID_SEZMK4,0.02436826943809141,0.02436826943809141,0.011122296234000788,0.011122296234000788,0.015849552343943828,0.015849552343943828,0.02436826943809141,0.02436826943809141
ID_EUISRV,0.024089378584219022,0.024089378584219022,0.011703721430292819,0.011703721430292819,0.017747916805685562,0.017747916805685562,0.024089378584219022,0.024089378584219022
ID_5XO6JY,0.024109603628150303,0.024109603628150303,0.01104677400532922,0.01104677400532922,0.014212168502809147,0.014212168502809147,0.024109603628150303,0.024109603628150303
ID_EK7ZWC,0.024109603628150303,0.024109603628150303,0.01104677400532922,0.01104677400532922,0.014212168502809147,0.014212168502809147,0.024109603628150303,0.024109603628150303
ID_V796K5,0.024109794491307863,0.024109794491307863,0.01126445401658598,0.01126445401658598,0.01786191258141369,0.01786191258141369,0.024109794491307863,0.024109794491307863
ID_Y827KG,0.024109794491307863,0.024109794491307863,0.010561901087418743,0.010561901087418743,0.016716719013898814,0.016716719013898814,0.024109794491307863,0.024109794491307863
ID_2HM4QW,0.024109794491307863,0.024109794491307863,0.010561901087418743,0.010561901087418743,0.016716719013898814,0.016716719013898814,0.024109794491307863,0.024109794491307863
ID_SCXJL3,0.024109794491307863,0.024109794491307863,0.010561901087418743,0.010561901087418743,0.016716719013898814,0.016716719013898814,0.024109794491307863,0.024109794491307863
ID_JZPTYE,0.024079979345213647,0.024079979345213647,0.01106301305122806,0.01106301305122806,0.018338580959547244,0.018338580959547244,0.024079979345213647,0.024079979345213647
ID_Q2IGYG,0.024079979345213647,0.024079979345213647,0.011262366485912497,0.011262366485912497,0.017843076209236933,0.017843076209236933,0.024079979345213647,0.024079979345213647
ID_M4NSBL,0.024089569447376582,0.024089569447376582,0.011488505202501303,0.011488505202501303,0.017843076209236933,0.017843076209236933,0.024089569447376582,0.024089569447376582
ID_ZEY77T,0.024079979345213647,0.024079979345213647,0.011251788962559413,0.011251788962559413,0.016594604334361714,0.016594604334361714,0.024079979345213647,0.024079979345213647
ID_0GZHJB,0.024079979345213647,0.024079979345213647,0.01106301305122806,0.01106301305122806,0.018338580959547244,0.018338580959547244,0.024079979345213647,0.024079979345213647
ID_O98AFI,0.024109794491307863,0.024109794491307863,0.010906728673625639,0.010906728673625639,0.016716719013898814,0.016716719013898814,0.024109794491307863,0.024109794491307863
ID_GTVZ8B,0.024109794491307863,0.024109794491307863,0.010561901087418743,0.010561901087418743,0.016716719013898814,0.016716719013898814,0.024109794491307863,0.024109794491307863
ID_TUWRO6,0.024079979345213647,0.024079979345213647,0.01090425419894152,0.01090425419894152,0.01669690747807077,0.01669690747807077,0.024079979345213647,0.024079979345213647
ID_53NI04,0.024079979345213647,0.024079979345213647,0.010928383219183048,0.010928383219183048,0.01669690747807077,0.01669690747807077,0.024079979345213647,0.024079979345213647
ID_G8ISGB,0.024109794491307863,0.024109794491307863,0.01126445401658598,0.01126445401658598,0.01786191258141369,0.01786191258141369,0.024109794491307863,0.024109794491307863
ID_NO0C5D,0.024079979345213647,0.024079979345213647,0.01090425419894152,0.01090425419894152,0.01669690747807077,0.01669690747807077,0.024079979345213647,0.024079979345213647
ID_HPAY1U,0.024109794491307863,0.024109794491307863,0.010561901087418743,0.010561901087418743,0.016716719013898814,0.016716719013898814,0.024109794491307863,0.024109794491307863
ID_VYY1I9,0.024079979345213647,0.024079979345213647,0.01090425419894152,0.01090425419894152,0.01669690747807077,0.01669690747807077,0.024079979345213647,0.024079979345213647
ID_05VYW1,0.024079979345213647,0.024079979345213647,0.01090425419894152,0.01090425419894152,0.01669690747807077,0.01669690747807077,0.024079979345213647,0.024079979345213647
ID_QMN5FR,0.024079979345213647,0.024079979345213647,0.01106301305122806,0.01106301305122806,0.018338580959547244,0.018338580959547244,0.024079979345213647,0.024079979345213647
ID_DTD1QY,0.024079979345213647,0.024079979345213647,0.01106301305122806,0.01106301305122806,0.018338580959547244,0.018338580959547244,0.024079979345213647,0.024079979345213647
ID_3HTURM,0.024079979345213647,0.024079979345213647,0.01090425419894152,0.01090425419894152,0.01669690747807077,0.01669690747807077,0.024079979345213647,0.024079979345213647
ID_58WL51,0.024109794491307863,0.024109794491307863,0.0109315902762471,0.0109315902762471,0.018357417331724,0.018357417331724,0.024109794491307863,0.024109794491307863
ID_EWS3VY,0.024109794491307863,0.024109794491307863,0.0109315902762471,0.0109315902762471,0.018357417331724,0.018357417331724,0.024109794491307863,0.024109794491307863
ID_WIZJEA,0.024109794491307863,0.024109794491307863,0.010906728673625639,0.010906728673625639,0.016716719013898814,0.016716719013898814,0.024109794491307863,0.024109794491307863
ID_3TOQ4O,0.024079979345213647,0.024079979345213647,0.01090425419894152,0.01090425419894152,0.01669690747807077,0.01669690747807077,0.024079979345213647,0.024079979345213647
ID_065SOK,0.692375181322227,0.692375181322227,0.7404522810548105,0.7404522810548105,0.75516492505353,0.75516492505353,0.692375181322227,0.692375181322227
ID_U016SO,0.6768608536661438,0.6768608536661438,0.7125729714961668,0.7125729714961668,0.7336873355999086,0.7336873355999086,0.6768608536661438,0.6768608536661438
ID_CNKSHK,0.6697286892502017,0.6697286892502017,0.7261659773588796,0.7261659773588796,0.7454441094579685,0.7454441094579685,0.6697286892502017,0.6697286892502017
ID_Z84N1L,0.6796386492607672,0.6796386492607672,0.7365302001705227,0.7365302001705227,0.7576314587058577,0.7576314587058577,0.6796386492607672,0.6796386492607672
ID_R0KEPU,0.6790418479888937,0.6790418479888937,0.7278626141191316,0.7278626141191316,0.7511347393812875,0.7511347393812875,0.6790418479888937,0.6790418479888937
ID_Y7BC44,0.6445970802174794,0.6445970802174794,0.6452263838180344,0.6452263838180344,0.7150671472818166,0.7150671472818166,0.6445970802174794,0.6445970802174794
ID_8TH4YE,0.6687284285055417,0.6687284285055417,0.7043487552004901,0.7043487552004901,0.7358852491278022,0.7358852491278022,0.6687284285055417,0.6687284285055417
ID_HRAQSM,0.024079788482056087,0.024079788482056087,0.010846945830955497,0.010846945830955497,0.012334893213394661,0.012334893213394661,0.024079788482056087,0.024079788482056087
ID_UZLDLE,0.024089378584219022,0.024089378584219022,0.01088285812469265,0.01088285812469265,0.012481186590579386,0.012481186590579386,0.024089378584219022,0.024089378584219022
ID_6IHIP0,0.024079788482056087,0.024079788482056087,0.010880074634151863,0.010880074634151863,0.012337161008218312,0.012337161008218312,0.024079788482056087,0.024079788482056087
ID_J0QHSL,0.024079788482056087,0.024079788482056087,0.010862579806157985,0.010862579806157985,0.01232150815804475,0.01232150815804475,0.024079788482056087,0.024079788482056087
ID_HBC5QX,0.024079788482056087,0.024079788482056087,0.010800887061700324,0.010800887061700324,0.012340747812389277,0.012340747812389277,0.024079788482056087,0.024079788482056087
ID_J3EJ0R,0.024079788482056087,0.024079788482056087,0.010825881244826963,0.010825881244826963,0.012340747812389277,0.012340747812389277,0.024079788482056087,0.024079788482056087
ID_HO7OER,0.024079788482056087,0.024079788482056087,0.010876544037635587,0.010876544037635587,0.012340747812389277,0.012340747812389277,0.024079788482056087,0.024079788482056087
ID_ZM023T,0.024079788482056087,0.024079788482056087,0.01083408713936401,0.01083408713936401,0.012337161008218312,0.012337161008218312,0.024079788482056087,0.024079788482056087
ID_1ANEBT,0.024152959353189608,0.024152959353189608,0.01118423437553362,0.01118423437553362,0.012453905486583596,0.012453905486583596,0.024152959353189608,0.024152959353189608
ID_OGR2VR,0.024079788482056087,0.024079788482056087,0.010919793121117082,0.010919793121117082,0.012328478418531087,0.012328478418531087,0.024079788482056087,0.024079788482056087
ID_9B87OV,0.5173518821739748,0.5173518821739748,0.45186578907741076,0.45186578907741076,0.540127377022511,0.540127377022511,0.5173518821739748,0.5173518821739748
ID_HJT0CJ,0.024152959353189608,0.024152959353189608,0.01118423437553362,0.01118423437553362,0.012453905486583596,0.012453905486583596,0.024152959353189608,0.024152959353189608
ID_775Y66,0.33261769796835666,0.33261769796835666,0.3319845673325344,0.3319845673325344,0.42749081159322067,0.42749081159322067,0.33261769796835666,0.33261769796835666
ID_Q04AX8,0.024659400135789968,0.024659400135789968,0.011358872424696315,0.011358872424696315,0.012753507976793905,0.012753507976793905,0.024659400135789968,0.024659400135789968
ID_VXCY4G,0.024079788482056087,0.024079788482056087,0.010899642217187647,0.010899642217187647,0.012330414684782081,0.012330414684782081,0.024079788482056087,0.024079788482056087
ID_SSO9SH,0.024079788482056087,0.024079788482056087,0.01082136545802646,0.01082136545802646,0.012337161008218312,0.012337161008218312,0.024079788482056087,0.024079788482056087
ID_RIZUYK,0.024079788482056087,0.024079788482056087,0.01081159608762195,0.01081159608762195,0.012340747812389277,0.012340747812389277,0.024079788482056087,0.024079788482056087
ID_S6WJDK,0.024079788482056087,0.024079788482056087,0.010890103364884857,0.010890103364884857,0.012334015658894006,0.012334015658894006,0.024079788482056087,0.024079788482056087
ID_K59VOO,0.024079788482056087,0.024079788482056087,0.010831579299654375,0.010831579299654375,0.012340747812389277,0.012340747812389277,0.024079788482056087,0.024079788482056087
ID_DHVX41,0.024079788482056087,0.024079788482056087,0.010817912086065824,0.010817912086065824,0.012327362757039365,0.012327362757039365,0.024079788482056087,0.024079788482056087
ID_GBOV5S,0.024079788482056087,0.024079788482056087,0.010847318534323965,0.010847318534323965,0.012337161008218312,0.012337161008218312,0.024079788482056087,0.024079788482056087
ID_06KAJU,0.334048287064625,0.334048287064625,0.3376207259054507,0.3376207259054507,0.43902055933901285,0.43902055933901285,0.334048287064625,0.334048287064625
ID_04DJLK,0.024079788482056087,0.024079788482056087,0.010880074634151863,0.010880074634151863,0.012337161008218312,0.012337161008218312,0.024079788482056087,0.024079788482056087
ID_I85AHY,0.024079788482056087,0.024079788482056087,0.010831579299654375,0.010831579299654375,0.012340747812389277,0.012340747812389277,0.024079788482056087,0.024079788482056087
ID_W5OFQ8,0.024079788482056087,0.024079788482056087,0.010825881244826963,0.010825881244826963,0.012340747812389277,0.012340747812389277,0.024079788482056087,0.024079788482056087
ID_ROZN49,0.024079788482056087,0.024079788482056087,0.010826803822874048,0.010826803822874048,0.012337161008218312,0.012337161008218312,0.024079788482056087,0.024079788482056087
ID_O99TDC,0.024079788482056087,0.024079788482056087,0.01089186888674753,0.01089186888674753,0.012328478418531087,0.012328478418531087,0.024079788482056087,0.024079788482056087
ID_9VAPA3,0.024079788482056087,0.024079788482056087,0.01084534294501227,0.01084534294501227,0.0123237759528684,0.0123237759528684,0.024079788482056087,0.024079788482056087
ID_9Q3QYV,0.024079788482056087,0.024079788482056087,0.01081159608762195,0.01081159608762195,0.012340747812389277,0.012340747812389277,0.024079788482056087,0.024079788482056087
ID_VCDH1M,0.024079788482056087,0.024079788482056087,0.010853253179498992,0.010853253179498992,0.012337161008218312,0.012337161008218312,0.024079788482056087,0.024079788482056087
ID_1UREW6,0.024079788482056087,0.024079788482056087,0.010809240723167308,0.010809240723167308,0.012337161008218312,0.012337161008218312,0.024079788482056087,0.024079788482056087
ID_NHXVVR,0.024079788482056087,0.024079788482056087,0.010928129418242023,0.010928129418242023,0.012330414684782081,0.012330414684782081,0.024079788482056087,0.024079788482056087
ID_HYYD9X,0.024649810033627033,0.024649810033627033,0.01140959035356937,0.01140959035356937,0.01276071318271354,0.01276071318271354,0.024649810033627033,0.024649810033627033
ID_S9EWZ6,0.024079788482056087,0.024079788482056087,0.010907345319243972,0.010907345319243972,0.0123237759528684,0.0123237759528684,0.024079788482056087,0.024079788482056087
ID_3OK7WP,0.024079788482056087,0.024079788482056087,0.010846945830955497,0.010846945830955497,0.012334893213394661,0.012334893213394661,0.024079788482056087,0.024079788482056087
ID_NZU26W,0.024162549455352542,0.024162549455352542,0.011197979747624617,0.011197979747624617,0.01260301268451997,0.01260301268451997,0.024162549455352542,0.024162549455352542
ID_QSKDPI,0.024079788482056087,0.024079788482056087,0.010853253179498992,0.010853253179498992,0.012337161008218312,0.012337161008218312,0.024079788482056087,0.024079788482056087
ID_AUEQB1,0.024649810033627033,0.024649810033627033,0.011232985296070317,0.011232985296070317,0.012484076857904149,0.012484076857904149,0.024649810033627033,0.024649810033627033
ID_1KJ6HF,0.024079788482056087,0.024079788482056087,0.010869058794928789,0.010869058794928789,0.0123237759528684,0.0123237759528684,0.024079788482056087,0.024079788482056087
ID_9T9YY4,0.024079788482056087,0.024079788482056087,0.01086617979144227,0.01086617979144227,0.0123237759528684,0.0123237759528684,0.024079788482056087,0.024079788482056087
ID_DCQ2HB,0.024079788482056087,0.024079788482056087,0.010919793121117082,0.010919793121117082,0.012328478418531087,0.012328478418531087,0.024079788482056087,0.024079788482056087
ID_ZNSKYP,0.024079788482056087,0.024079788482056087,0.010874476887452472,0.010874476887452472,0.012331294086489789,0.012331294086489789,0.024079788482056087,0.024079788482056087
ID_B97PWM,0.024079788482056087,0.024079788482056087,0.010876544037635587,0.010876544037635587,0.012340747812389277,0.012340747812389277,0.024079788482056087,0.024079788482056087
ID_SSTMBL,0.024079788482056087,0.024079788482056087,0.010919793121117082,0.010919793121117082,0.012328478418531087,0.012328478418531087,0.024079788482056087,0.024079788482056087
ID_UC68W2,0.024079788482056087,0.024079788482056087,0.01081317742930414,0.01081317742930414,0.012340747812389277,0.012340747812389277,0.024079788482056087,0.024079788482056087
ID_ABA2EL,0.024079788482056087,0.024079788482056087,0.010919793121117082,0.010919793121117082,0.012328478418531087,0.012328478418531087,0.024079788482056087,0.024079788482056087
ID_C2EX4C,0.024079788482056087,0.024079788482056087,0.010874476887452472,0.010874476887452472,0.012331294086489789,0.012331294086489789,0.024079788482056087,0.024079788482056087
ID_9A0ZFU,0.024079788482056087,0.024079788482056087,0.010830294755751332,0.010830294755751332,0.01232150815804475,0.01232150815804475,0.024079788482056087,0.024079788482056087
ID_1SUIYY,0.024079788482056087,0.024079788482056087,0.01081317742930414,0.01081317742930414,0.012340747812389277,0.012340747812389277,0.024079788482056087,0.024079788482056087
ID_OYD76O,0.024079788482056087,0.024079788482056087,0.01083408713936401,0.01083408713936401,0.012337161008218312,0.012337161008218312,0.024079788482056087,0.024079788482056087
ID_KB433X,0.024079788482056087,0.024079788482056087,0.010816925203664686,0.010816925203664686,0.012340747812389277,0.012340747812389277,0.024079788482056087,0.024079788482056087
ID_ZQLRCB,0.3347225610015733,0.3347225610015733,0.34393765051928427,0.34393765051928427,0.4335894400852177,0.4335894400852177,0.3347225610015733,0.3347225610015733
ID_B52MTK,0.024079788482056087,0.024079788482056087,0.010928129418242023,0.010928129418242023,0.012330414684782081,0.012330414684782081,0.024079788482056087,0.024079788482056087
ID_TH3FZH,0.024079788482056087,0.024079788482056087,0.010919793121117082,0.010919793121117082,0.012328478418531087,0.012328478418531087,0.024079788482056087,0.024079788482056087
ID_F6UFCA,0.024079788482056087,0.024079788482056087,0.01081159608762195,0.01081159608762195,0.012340747812389277,0.012340747812389277,0.024079788482056087,0.024079788482056087
ID_M460YA,0.024079788482056087,0.024079788482056087,0.010846660500280094,0.010846660500280094,0.01231310731256659,0.01231310731256659,0.024079788482056087,0.024079788482056087
ID_RGMKFC,0.024079788482056087,0.024079788482056087,0.010847318534323965,0.010847318534323965,0.012337161008218312,0.012337161008218312,0.024079788482056087,0.024079788482056087
ID_HYF240,0.024079788482056087,0.024079788482056087,0.01081317742930414,0.01081317742930414,0.012340747812389277,0.012340747812389277,0.024079788482056087,0.024079788482056087
ID_F4Z9QP,0.024649810033627033,0.024649810033627033,0.01135595922318743,0.01135595922318743,0.012490773035339159,0.012490773035339159,0.024649810033627033,0.024649810033627033
ID_NP3XTP,0.024079788482056087,0.024079788482056087,0.010831579299654375,0.010831579299654375,0.012340747812389277,0.012340747812389277,0.024079788482056087,0.024079788482056087
ID_4RB4RW,0.024079788482056087,0.024079788482056087,0.010874476887452472,0.010874476887452472,0.012331294086489789,0.012331294086489789,0.024079788482056087,0.024079788482056087
ID_28Y3QD,0.024089378584219022,0.024089378584219022,0.010922123747740169,0.010922123747740169,0.012328478418531087,0.012328478418531087,0.024089378584219022,0.024089378584219022
ID_8V1UTS,0.024079788482056087,0.024079788482056087,0.01081317742930414,0.01081317742930414,0.012340747812389277,0.012340747812389277,0.024079788482056087,0.024079788482056087
ID_Y3B64A,0.024079788482056087,0.024079788482056087,0.010831579299654375,0.010831579299654375,0.012340747812389277,0.012340747812389277,0.024079788482056087,0.024079788482056087
ID_U3CTLW,0.024079788482056087,0.024079788482056087,0.011272351000933494,0.011272351000933494,0.01392982859124202,0.01392982859124202,0.024079788482056087,0.024079788482056087
ID_HIYHM9,0.024079788482056087,0.024079788482056087,0.010899064028639976,0.010899064028639976,0.012332079392643011,0.012332079392643011,0.024079788482056087,0.024079788482056087
ID_0LI4KO,0.024649810033627033,0.024649810033627033,0.011355617942031899,0.011355617942031899,0.012475451713738253,0.012475451713738253,0.024649810033627033,0.024649810033627033
ID_WZY98V,0.024079788482056087,0.024079788482056087,0.010847318534323965,0.010847318534323965,0.012337161008218312,0.012337161008218312,0.024079788482056087,0.024079788482056087
ID_D3WNMR,0.024079788482056087,0.024079788482056087,0.01091964705713918,0.01091964705713918,0.012328478418531087,0.012328478418531087,0.024079788482056087,0.024079788482056087
ID_C4A9AI,0.024079788482056087,0.024079788482056087,0.010862747453385183,0.010862747453385183,0.0123264923679165,0.0123264923679165,0.024079788482056087,0.024079788482056087
ID_9DMQEB,0.03571521390081442,0.03571521390081442,0.01847618967316504,0.01847618967316504,0.019698138161970413,0.019698138161970413,0.03571521390081442,0.03571521390081442
ID_WYTA25,0.033051279714573625,0.033051279714573625,0.027481532957568194,0.027481532957568194,0.024716108082891694,0.024716108082891694,0.033051279714573625,0.033051279714573625
ID_ZJP4KO,0.03289815265995583,0.03289815265995583,0.027494168944833523,0.027494168944833523,0.023718844837257686,0.023718844837257686,0.03289815265995583,0.03289815265995583
ID_48E1RE,0.033051279714573625,0.033051279714573625,0.027403686241311058,0.027403686241311058,0.02548157817497231,0.02548157817497231,0.033051279714573625,0.033051279714573625
ID_2Q7ZYF,0.03680331649580394,0.03680331649580394,0.03352552288306185,0.03352552288306185,0.023233564328752263,0.023233564328752263,0.03680331649580394,0.03680331649580394
ID_M3E6DB,0.036804553676121385,0.036804553676121385,0.028144233428334053,0.028144233428334053,0.023692640580893175,0.023692640580893175,0.036804553676121385,0.036804553676121385
ID_RBQL63,0.03557726555433058,0.03557726555433058,0.020882413974957274,0.020882413974957274,0.019065263432924515,0.019065263432924515,0.03557726555433058,0.03557726555433058
ID_I06XZJ,0.0383637421496551,0.0383637421496551,0.059559248998158336,0.059559248998158336,0.034667865808100176,0.034667865808100176,0.0383637421496551,0.0383637421496551
ID_LHAJ16,0.0330000994913265,0.0330000994913265,0.03618559173685013,0.03618559173685013,0.02649874698299116,0.02649874698299116,0.0330000994913265,0.0330000994913265
ID_XRH4M1,0.027125385715006514,0.027125385715006514,0.015079338992719502,0.015079338992719502,0.014991114009881717,0.014991114009881717,0.027125385715006514,0.027125385715006514
ID_L6E64E,0.03289815265995583,0.03289815265995583,0.02745333389928823,0.02745333389928823,0.024112045141138176,0.024112045141138176,0.03289815265995583,0.03289815265995583
ID_9FOGDZ,0.037215308769196334,0.037215308769196334,0.028720640011921206,0.028720640011921206,0.024538604686704282,0.024538604686704282,0.037215308769196334,0.037215308769196334
ID_CQUX2K,0.026391247502090716,0.026391247502090716,0.015456243532408796,0.015456243532408796,0.015511890250619187,0.015511890250619187,0.026391247502090716,0.026391247502090716
ID_4VKQYU,0.033144846116702174,0.033144846116702174,0.03844487893757488,0.03844487893757488,0.028798389399247955,0.028798389399247955,0.033144846116702174,0.033144846116702174
ID_KNBOAS,0.032663979690200684,0.032663979690200684,0.03644056164071751,0.03644056164071751,0.026550460143489243,0.026550460143489243,0.032663979690200684,0.032663979690200684
ID_Y3QY4K,0.038855632839503995,0.038855632839503995,0.07248589347379886,0.07248589347379886,0.03823009719163864,0.03823009719163864,0.038855632839503995,0.038855632839503995
ID_UHZ22Y,0.029096718216456777,0.029096718216456777,0.017012443918899084,0.017012443918899084,0.017043571113245108,0.017043571113245108,0.029096718216456777,0.029096718216456777
ID_WVHSDA,0.03664189591834913,0.03664189591834913,0.042183931073754205,0.042183931073754205,0.022800900360628405,0.022800900360628405,0.03664189591834913,0.03664189591834913
ID_LDDHLU,0.034611623733703835,0.034611623733703835,0.033761622266929005,0.033761622266929005,0.0311459234343492,0.0311459234343492,0.034611623733703835,0.034611623733703835
ID_AGSGHY,0.03266167117342271,0.03266167117342271,0.0361722204772291,0.0361722204772291,0.02572044303698957,0.02572044303698957,0.03266167117342271,0.03266167117342271
ID_X2SDKG,0.03326584135606449,0.03326584135606449,0.03674174434101121,0.03674174434101121,0.03226805957469575,0.03226805957469575,0.03326584135606449,0.03326584135606449
ID_S90MML,0.033040896167335486,0.033040896167335486,0.03609974498148222,0.03609974498148222,0.02836454220518309,0.02836454220518309,0.033040896167335486,0.033040896167335486
ID_MG05UN,0.03266167117342271,0.03266167117342271,0.0360835374818708,0.0360835374818708,0.02572044303698957,0.02572044303698957,0.03266167117342271,0.03266167117342271
ID_O973KK,0.03333631351955991,0.03333631351955991,0.03712067650516709,0.03712067650516709,0.03455530585131486,0.03455530585131486,0.03333631351955991,0.03333631351955991
ID_ZPW7TK,0.03266167117342271,0.03266167117342271,0.0360835374818708,0.0360835374818708,0.02572044303698957,0.02572044303698957,0.03266167117342271,0.03266167117342271
ID_PJJ2OK,0.0330000994913265,0.0330000994913265,0.03618559173685013,0.03618559173685013,0.02649874698299116,0.02649874698299116,0.0330000994913265,0.0330000994913265
ID_KEZP3H,0.03266167117342271,0.03266167117342271,0.0361722204772291,0.0361722204772291,0.02572044303698957,0.02572044303698957,0.03266167117342271,0.03266167117342271
ID_82XV8F,0.03338132760323529,0.03338132760323529,0.029958342384682656,0.029958342384682656,0.02715111260244408,0.02715111260244408,0.03338132760323529,0.03338132760323529
ID_KHQLO9,0.03578184839193634,0.03578184839193634,0.03762637025869914,0.03762637025869914,0.021451573925503575,0.021451573925503575,0.03578184839193634,0.03578184839193634
ID_BOVGVS,0.029010362430619125,0.029010362430619125,0.01890352830591816,0.01890352830591816,0.018978824663670683,0.018978824663670683,0.029010362430619125,0.029010362430619125
ID_1FCLJQ,0.032993616023602505,0.032993616023602505,0.037065731983198034,0.037065731983198034,0.033417982781871546,0.033417982781871546,0.032993616023602505,0.032993616023602505
ID_MLL86Y,0.037215308769196334,0.037215308769196334,0.03368800846636075,0.03368800846636075,0.02494090640527649,0.02494090640527649,0.037215308769196334,0.037215308769196334
ID_HCWZN6,0.033193678406289805,0.033193678406289805,0.03427073420545985,0.03427073420545985,0.032921676178137974,0.032921676178137974,0.033193678406289805,0.033193678406289805
ID_607D9L,0.4666359867256363,0.4666359867256363,0.3871984392184746,0.3871984392184746,0.3823646381091378,0.3823646381091378,0.4666359867256363,0.4666359867256363
ID_7L24AW,0.03266167117342271,0.03266167117342271,0.0361722204772291,0.0361722204772291,0.02572044303698957,0.02572044303698957,0.03266167117342271,0.03266167117342271
ID_1I1DP1,0.03323658097785962,0.03323658097785962,0.03608323986838926,0.03608323986838926,0.02649874698299116,0.02649874698299116,0.03323658097785962,0.03323658097785962
ID_Q7IOB2,0.03703245004425611,0.03703245004425611,0.042332159800540094,0.042332159800540094,0.02440842264959423,0.02440842264959423,0.03703245004425611,0.03703245004425611
ID_S1PMMH,0.032993616023602505,0.032993616023602505,0.037065731983198034,0.037065731983198034,0.03333264398685533,0.03333264398685533,0.032993616023602505,0.032993616023602505
ID_0BCHBA,0.029251418212860973,0.029251418212860973,0.021020228764025595,0.021020228764025595,0.0205425148823311,0.0205425148823311,0.029251418212860973,0.029251418212860973
ID_7YF5AP,0.03437404510874356,0.03437404510874356,0.04339457782352059,0.04339457782352059,0.03578726535402227,0.03578726535402227,0.03437404510874356,0.03437404510874356
ID_MQJX8F,0.03585373298302242,0.03585373298302242,0.026017151766223285,0.026017151766223285,0.020290721078613207,0.020290721078613207,0.03585373298302242,0.03585373298302242
ID_SW0MA1,0.032586768117210785,0.032586768117210785,0.03719161241622326,0.03719161241622326,0.03220218753764678,0.03220218753764678,0.032586768117210785,0.032586768117210785
ID_1F0IDO,0.035900140695797354,0.035900140695797354,0.026225506353453318,0.026225506353453318,0.022772899159162675,0.022772899159162675,0.035900140695797354,0.035900140695797354
ID_ZCWDBM,0.033144846116702174,0.033144846116702174,0.03859418073629743,0.03859418073629743,0.028798389399247955,0.028798389399247955,0.033144846116702174,0.033144846116702174
ID_BYW2CL,0.036804553676121385,0.036804553676121385,0.02848525715043474,0.02848525715043474,0.024244503625202057,0.024244503625202057,0.036804553676121385,0.036804553676121385
ID_CGSEQY,0.039210816696367425,0.039210816696367425,0.07285055314296263,0.07285055314296263,0.041788767640583736,0.041788767640583736,0.039210816696367425,0.039210816696367425
ID_MM2BWN,0.033414092821012924,0.033414092821012924,0.03841836339111811,0.03841836339111811,0.02774710092447578,0.02774710092447578,0.033414092821012924,0.033414092821012924
ID_PR6GCS,0.027174118658476302,0.027174118658476302,0.015016921612012533,0.015016921612012533,0.015234092437001374,0.015234092437001374,0.027174118658476302,0.027174118658476302
ID_5T6WFW,0.03351846582967968,0.03351846582967968,0.02895539478247184,0.02895539478247184,0.026726199644186637,0.026726199644186637,0.03351846582967968,0.03351846582967968
ID_VT7750,0.0335669722941711,0.0335669722941711,0.02782493355277705,0.02782493355277705,0.02279399586503752,0.02279399586503752,0.0335669722941711,0.0335669722941711
ID_URURAN,0.032663979690200684,0.032663979690200684,0.03633350521771909,0.03633350521771909,0.026550460143489243,0.026550460143489243,0.032663979690200684,0.032663979690200684
ID_FQKEBR,0.032663979690200684,0.032663979690200684,0.03633350521771909,0.03633350521771909,0.026550460143489243,0.026550460143489243,0.032663979690200684,0.032663979690200684
ID_XC2X41,0.03567302554117585,0.03567302554117585,0.02527116874128591,0.02527116874128591,0.021749767497705713,0.021749767497705713,0.03567302554117585,0.03567302554117585
ID_T8SKEP,0.03266167117342271,0.03266167117342271,0.0361722204772291,0.0361722204772291,0.02572044303698957,0.02572044303698957,0.03266167117342271,0.03266167117342271
ID_ZD760Q,0.03609813769072231,0.03609813769072231,0.03173144034855662,0.03173144034855662,0.02584083180802525,0.02584083180802525,0.03609813769072231,0.03609813769072231
ID_ZDW4YS,0.03266167117342271,0.03266167117342271,0.0361722204772291,0.0361722204772291,0.02572044303698957,0.02572044303698957,0.03266167117342271,0.03266167117342271
ID_4SE3OH,0.033904433129962566,0.033904433129962566,0.04061900499760798,0.04061900499760798,0.02916849026714434,0.02916849026714434,0.033904433129962566,0.033904433129962566
ID_8ZJKZ8,0.03315253370879994,0.03315253370879994,0.0360028379826011,0.0360028379826011,0.028014080903407935,0.028014080903407935,0.03315253370879994,0.03315253370879994
ID_C0J4MJ,0.0330000994913265,0.0330000994913265,0.03608323986838926,0.03608323986838926,0.02649874698299116,0.02649874698299116,0.0330000994913265,0.0330000994913265
ID_OBWYEH,0.4489902554285188,0.4489902554285188,0.40867727921254604,0.40867727921254604,0.4009830257980187,0.4009830257980187,0.4489902554285188,0.4489902554285188
ID_RWRYQ1,0.03680331649580394,0.03680331649580394,0.03335343960808282,0.03335343960808282,0.023999248720000463,0.023999248720000463,0.03680331649580394,0.03680331649580394
ID_HIMNTK,0.026391247502090716,0.026391247502090716,0.015470775337359499,0.015470775337359499,0.015644692375453184,0.015644692375453184,0.026391247502090716,0.026391247502090716
ID_VHRU3S,0.03567302554117585,0.03567302554117585,0.02527116874128591,0.02527116874128591,0.021749767497705713,0.021749767497705713,0.03567302554117585,0.03567302554117585
ID_DUKW5I,0.03266167117342271,0.03266167117342271,0.0361722204772291,0.0361722204772291,0.02572044303698957,0.02572044303698957,0.03266167117342271,0.03266167117342271
ID_RGBU2B,0.03315253370879994,0.03315253370879994,0.0360028379826011,0.0360028379826011,0.028014080903407935,0.028014080903407935,0.03315253370879994,0.03315253370879994
ID_6OROO2,0.0329004611767338,0.0329004611767338,0.0362664361365655,0.0362664361365655,0.026550460143489243,0.026550460143489243,0.0329004611767338,0.0329004611767338
ID_E01AVW,0.033051279714573625,0.033051279714573625,0.027481532957568194,0.027481532957568194,0.024716108082891694,0.024716108082891694,0.033051279714573625,0.033051279714573625
ID_0G0M3Z,0.02656717608875055,0.02656717608875055,0.017004951128099337,0.017004951128099337,0.024020788187956853,0.024020788187956853,0.02656717608875055,0.02656717608875055
ID_75ZEAY,0.03554348833923338,0.03554348833923338,0.0296604205808664,0.0296604205808664,0.021448398929086017,0.021448398929086017,0.03554348833923338,0.03554348833923338
ID_OBGCTB,0.46222254423136616,0.46222254423136616,0.31851532780459507,0.31851532780459507,0.35551022168796487,0.35551022168796487,0.46222254423136616,0.46222254423136616
ID_BSI938,0.03335604584760849,0.03335604584760849,0.03846547520454971,0.03846547520454971,0.030212115321055628,0.030212115321055628,0.03335604584760849,0.03335604584760849
ID_OD3P35,0.03315253370879994,0.03315253370879994,0.027418672756800273,0.027418672756800273,0.026756144309331695,0.026756144309331695,0.03315253370879994,0.03315253370879994
ID_LPR3IG,0.027129684860084033,0.027129684860084033,0.01805571325119189,0.01805571325119189,0.014843036024425703,0.014843036024425703,0.027129684860084033,0.027129684860084033
ID_WW98MI,0.02410422640971982,0.02410422640971982,0.012080487779905264,0.012080487779905264,0.013262034896717952,0.013262034896717952,0.02410422640971982,0.02410422640971982
ID_LKUGYH,0.028701122428895717,0.028701122428895717,0.01777670758811623,0.01777670758811623,0.02504272517389449,0.02504272517389449,0.028701122428895717,0.028701122428895717
ID_8V3O49,0.02413404155581404,0.02413404155581404,0.013867173914772863,0.013867173914772863,0.014741521623100646,0.014741521623100646,0.02413404155581404,0.02413404155581404
ID_NGO91I,0.02410422640971982,0.02410422640971982,0.01178429033212509,0.01178429033212509,0.013256167974989429,0.013256167974989429,0.02410422640971982,0.02410422640971982
ID_3STNLD,0.0336906232384855,0.0336906232384855,0.021065547554254865,0.021065547554254865,0.04358757473536575,0.04358757473536575,0.0336906232384855,0.0336906232384855
ID_D2HYNU,0.02410422640971982,0.02410422640971982,0.011647702873314387,0.011647702873314387,0.013138334572014009,0.013138334572014009,0.02410422640971982,0.02410422640971982
ID_PSEHFM,0.02410422640971982,0.02410422640971982,0.012080487779905264,0.012080487779905264,0.013262034896717952,0.013262034896717952,0.02410422640971982,0.02410422640971982
ID_REZOW5,0.02413404155581404,0.02413404155581404,0.01349840766225214,0.01349840766225214,0.014869621539538271,0.014869621539538271,0.02413404155581404,0.02413404155581404
ID_S64QFC,0.024182167303449034,0.024182167303449034,0.016151171715256384,0.016151171715256384,0.016097585242617243,0.016097585242617243,0.024182167303449034,0.024182167303449034
ID_9O5TIS,0.02413404155581404,0.02413404155581404,0.013727746794272648,0.013727746794272648,0.014912008840087554,0.014912008840087554,0.02413404155581404,0.02413404155581404
ID_KFKH2L,0.02413404155581404,0.02413404155581404,0.013857640250706625,0.013857640250706625,0.014741521623100646,0.014741521623100646,0.02413404155581404,0.02413404155581404
ID_3F0GYV,0.02410422640971982,0.02410422640971982,0.011737554455423363,0.011737554455423363,0.013186903391249909,0.013186903391249909,0.02410422640971982,0.02410422640971982
ID_EPPMFG,0.04226996694954963,0.04226996694954963,0.030352740732342367,0.030352740732342367,0.06602487746685129,0.06602487746685129,0.04226996694954963,0.04226996694954963
ID_WPHAGI,0.02410422640971982,0.02410422640971982,0.011680455126157216,0.011680455126157216,0.013181061687052192,0.013181061687052192,0.02410422640971982,0.02410422640971982
ID_4Y0VT3,0.02413404155581404,0.02413404155581404,0.014548224309146011,0.014548224309146011,0.014750355900696158,0.014750355900696158,0.02413404155581404,0.02413404155581404
ID_WULH1Z,0.02410422640971982,0.02410422640971982,0.012080487779905264,0.012080487779905264,0.013262034896717952,0.013262034896717952,0.02410422640971982,0.02410422640971982
ID_E0WVVY,0.024109603628150303,0.024109603628150303,0.013534210000717563,0.013534210000717563,0.014858532344857992,0.014858532344857992,0.024109603628150303,0.024109603628150303
ID_0RYNOK,0.02410422640971982,0.02410422640971982,0.011737554455423363,0.011737554455423363,0.013186903391249909,0.013186903391249909,0.02410422640971982,0.02410422640971982
ID_WE8RKW,0.02410422640971982,0.02410422640971982,0.011248955352941141,0.011248955352941141,0.01303981932502349,0.01303981932502349,0.02410422640971982,0.02410422640971982
ID_XJJHEX,0.02410422640971982,0.02410422640971982,0.011647702873314387,0.011647702873314387,0.013138334572014009,0.013138334572014009,0.02410422640971982,0.02410422640971982
ID_E44382,0.028184435398027303,0.028184435398027303,0.029874502527729926,0.029874502527729926,0.028463344155526274,0.028463344155526274,0.028184435398027303,0.028184435398027303
ID_D4HUAW,0.024113816511882755,0.024113816511882755,0.013445268945418498,0.013445268945418498,0.014346786169757954,0.014346786169757954,0.024113816511882755,0.024113816511882755
ID_9BLHQS,0.02410422640971982,0.02410422640971982,0.011737554455423363,0.011737554455423363,0.013186903391249909,0.013186903391249909,0.02410422640971982,0.02410422640971982
ID_0PABFC,0.0241725772012861,0.0241725772012861,0.01518171745234439,0.01518171745234439,0.015281312863633966,0.015281312863633966,0.0241725772012861,0.0241725772012861
ID_V5A80P,0.028701122428895717,0.028701122428895717,0.019772338734696783,0.019772338734696783,0.029300593570590477,0.029300593570590477,0.028701122428895717,0.028701122428895717
ID_WLI35N,0.02410422640971982,0.02410422640971982,0.011445010778367012,0.011445010778367012,0.013211234983548883,0.013211234983548883,0.02410422640971982,0.02410422640971982
ID_CAKGEL,0.024398084584185624,0.024398084584185624,0.015677870091676087,0.015677870091676087,0.016102766389046428,0.016102766389046428,0.024398084584185624,0.024398084584185624
ID_L4EYKT,0.02874177748847863,0.02874177748847863,0.014906212084123818,0.014906212084123818,0.024984952483431293,0.024984952483431293,0.02874177748847863,0.02874177748847863
ID_BS8T6P,0.02410422640971982,0.02410422640971982,0.012013368070179414,0.012013368070179414,0.013178249799260565,0.013178249799260565,0.02410422640971982,0.02410422640971982
ID_Z43O7Z,0.02413404155581404,0.02413404155581404,0.013488917936447362,0.013488917936447362,0.014645427441405514,0.014645427441405514,0.02413404155581404,0.02413404155581404
ID_NUI8UC,0.024143631657976974,0.024143631657976974,0.015065803698861317,0.015065803698861317,0.015154653116382928,0.015154653116382928,0.024143631657976974,0.024143631657976974
ID_IT01YY,0.02410422640971982,0.02410422640971982,0.011689645450514386,0.011689645450514386,0.013211234983548883,0.013211234983548883,0.02410422640971982,0.02410422640971982
ID_PHKKLQ,0.028701122428895717,0.028701122428895717,0.023260468361516684,0.023260468361516684,0.029128709379220907,0.029128709379220907,0.028701122428895717,0.028701122428895717
ID_R8M8SS,0.30249061921200554,0.30249061921200554,0.41422503013292616,0.41422503013292616,0.3907122672973733,0.3907122672973733,0.30249061921200554,0.30249061921200554
ID_B6ZZ5P,0.028067226638600926,0.028067226638600926,0.019515256132593965,0.019515256132593965,0.029312625646028604,0.029312625646028604,0.028067226638600926,0.028067226638600926
ID_4IYAMD,0.02410422640971982,0.02410422640971982,0.011737554455423363,0.011737554455423363,0.013186903391249909,0.013186903391249909,0.02410422640971982,0.02410422640971982
ID_T6IF0T,0.02410422640971982,0.02410422640971982,0.012154872040859006,0.012154872040859006,0.013253352307030727,0.013253352307030727,0.02410422640971982,0.02410422640971982
ID_FB09FY,0.02410422640971982,0.02410422640971982,0.011737554455423363,0.011737554455423363,0.013186903391249909,0.013186903391249909,0.02410422640971982,0.02410422640971982
ID_MA8GLI,0.029424406222243203,0.029424406222243203,0.015981885822085713,0.015981885822085713,0.02519855364118449,0.02519855364118449,0.029424406222243203,0.029424406222243203
ID_IFIIGQ,0.024113816511882755,0.024113816511882755,0.011964478665158991,0.011964478665158991,0.01332735699719694,0.01332735699719694,0.024113816511882755,0.024113816511882755
ID_ZARKQN,0.02410422640971982,0.02410422640971982,0.011732953328819913,0.011732953328819913,0.013211234983548883,0.013211234983548883,0.02410422640971982,0.02410422640971982
ID_7DYR0J,0.02413404155581404,0.02413404155581404,0.013794063056292265,0.013794063056292265,0.014983223197152465,0.014983223197152465,0.02413404155581404,0.02413404155581404
ID_QVSE4F,0.028701122428895717,0.028701122428895717,0.023260468361516684,0.023260468361516684,0.029128709379220907,0.029128709379220907,0.028701122428895717,0.028701122428895717
ID_ZUVHL8,0.02410422640971982,0.02410422640971982,0.01156363586733141,0.01156363586733141,0.013138334572014009,0.013138334572014009,0.02410422640971982,0.02410422640971982
ID_6LI3EJ,0.024182167303449034,0.024182167303449034,0.015631172985520116,0.015631172985520116,0.015272522131053684,0.015272522131053684,0.024182167303449034,0.024182167303449034
ID_N8UK21,0.02871071253105865,0.02871071253105865,0.017886253691067847,0.017886253691067847,0.024857984047204143,0.024857984047204143,0.02871071253105865,0.02871071253105865
ID_W3KIQI,0.02410422640971982,0.02410422640971982,0.011737554455423363,0.011737554455423363,0.013186903391249909,0.013186903391249909,0.02410422640971982,0.02410422640971982
ID_L9IPGA,0.02413404155581404,0.02413404155581404,0.014845675260951683,0.014845675260951683,0.01515751156681544,0.01515751156681544,0.02413404155581404,0.02413404155581404
ID_LRLRQB,0.16647919434519995,0.16647919434519995,0.2864159675559,0.2864159675559,0.2705361292333866,0.2705361292333866,0.16647919434519995,0.16647919434519995
ID_Q5H34E,0.02410422640971982,0.02410422640971982,0.012080487779905264,0.012080487779905264,0.013262034896717952,0.013262034896717952,0.02410422640971982,0.02410422640971982
ID_TL6ULM,0.024143631657976974,0.024143631657976974,0.013727746794272648,0.013727746794272648,0.014912008840087554,0.014912008840087554,0.024143631657976974,0.024143631657976974
ID_BAHEHY,0.02410422640971982,0.02410422640971982,0.011732953328819913,0.011732953328819913,0.013211234983548883,0.013211234983548883,0.02410422640971982,0.02410422640971982
ID_IU4G95,0.02410422640971982,0.02410422640971982,0.011587860371832109,0.011587860371832109,0.013138334572014009,0.013138334572014009,0.02410422640971982,0.02410422640971982
ID_ABFR5T,0.0290371560780356,0.0290371560780356,0.03408548698492686,0.03408548698492686,0.10504116180869806,0.10504116180869806,0.0290371560780356,0.0290371560780356
ID_BXIN9D,0.02410422640971982,0.02410422640971982,0.011248955352941141,0.011248955352941141,0.01303981932502349,0.01303981932502349,0.02410422640971982,0.02410422640971982
ID_8FWX6I,0.046134438881279896,0.046134438881279896,0.12992718665083025,0.12992718665083025,0.18545183859037867,0.18545183859037867,0.046134438881279896,0.046134438881279896
ID_5UXMEN,0.02871071253105865,0.02871071253105865,0.01854417319650511,0.01854417319650511,0.026421492917403578,0.026421492917403578,0.02871071253105865,0.02871071253105865
ID_6ALABP,0.02410422640971982,0.02410422640971982,0.011587860371832109,0.011587860371832109,0.013138334572014009,0.013138334572014009,0.02410422640971982,0.02410422640971982
ID_YMZWV2,0.02410422640971982,0.02410422640971982,0.011737554455423363,0.011737554455423363,0.013186903391249909,0.013186903391249909,0.02410422640971982,0.02410422640971982
ID_CAXC7H,0.024278879906869125,0.024278879906869125,0.019000374353897304,0.019000374353897304,0.01989554099847319,0.01989554099847319,0.024278879906869125,0.024278879906869125
ID_JBLH5N,0.0275098845481496,0.0275098845481496,0.0176896328626384,0.0176896328626384,0.027935646564874794,0.027935646564874794,0.0275098845481496,0.0275098845481496
ID_F4L75C,0.0275098845481496,0.0275098845481496,0.023265869134349436,0.023265869134349436,0.027446242492521172,0.027446242492521172,0.0275098845481496,0.0275098845481496
ID_TBE38Z,0.02413404155581404,0.02413404155581404,0.013913877808309523,0.013913877808309523,0.014661722197871721,0.014661722197871721,0.02413404155581404,0.02413404155581404
ID_6GRKUL,0.024143631657976974,0.024143631657976974,0.01389983823893186,0.01389983823893186,0.014659785931620727,0.014659785931620727,0.024143631657976974,0.024143631657976974
ID_13GQDW,0.02410422640971982,0.02410422640971982,0.011732953328819913,0.011732953328819913,0.013211234983548883,0.013211234983548883,0.02410422640971982,0.02410422640971982
ID_KQCZIM,0.02410422640971982,0.02410422640971982,0.011248955352941141,0.011248955352941141,0.01303981932502349,0.01303981932502349,0.02410422640971982,0.02410422640971982
ID_KACN6Q,0.02410422640971982,0.02410422640971982,0.011737554455423363,0.011737554455423363,0.013186903391249909,0.013186903391249909,0.02410422640971982,0.02410422640971982
ID_LPBHAQ,0.02413404155581404,0.02413404155581404,0.01476827459530405,0.01476827459530405,0.01506344403394943,0.01506344403394943,0.02413404155581404,0.02413404155581404
ID_1S1KBW,0.024182167303449034,0.024182167303449034,0.015186538098385901,0.015186538098385901,0.015281312863633966,0.015281312863633966,0.024182167303449034,0.024182167303449034
ID_IUCQZS,0.02410422640971982,0.02410422640971982,0.011737554455423363,0.011737554455423363,0.013186903391249909,0.013186903391249909,0.02410422640971982,0.02410422640971982
ID_62NNPA,0.024182167303449034,0.024182167303449034,0.015238339847869492,0.015238339847869492,0.015272522131053684,0.015272522131053684,0.024182167303449034,0.024182167303449034
ID_V22VHT,0.028018493695131142,0.028018493695131142,0.021169921190015407,0.021169921190015407,0.02920394697723847,0.02920394697723847,0.028018493695131142,0.028018493695131142
ID_HG2OAS,0.024113816511882755,0.024113816511882755,0.012154872040859006,0.012154872040859006,0.013253352307030727,0.013253352307030727,0.024113816511882755,0.024113816511882755
ID_XEC1UB,0.02588320531101921,0.02588320531101921,0.07445993799758523,0.07445993799758523,0.0488979510141708,0.0488979510141708,0.02588320531101921,0.02588320531101921
ID_OYIYH6,0.02410422640971982,0.02410422640971982,0.011689645450514386,0.011689645450514386,0.013211234983548883,0.013211234983548883,0.02410422640971982,0.02410422640971982
ID_B87F80,0.024180658691484638,0.024180658691484638,0.012740928074628247,0.012740928074628247,0.01287811904869405,0.01287811904869405,0.024180658691484638,0.024180658691484638
ID_0GT5MY,0.024079788482056087,0.024079788482056087,0.012932891045413225,0.012932891045413225,0.014207577315082777,0.014207577315082777,0.024079788482056087,0.024079788482056087
ID_3542I1,0.49496491376223684,0.49496491376223684,0.37116255151475674,0.37116255151475674,0.31264407880777634,0.31264407880777634,0.49496491376223684,0.49496491376223684
ID_XIPX8S,0.024079788482056087,0.024079788482056087,0.011375076916938759,0.011375076916938759,0.01255589863621005,0.01255589863621005,0.024079788482056087,0.024079788482056087
ID_60GIV7,0.024079788482056087,0.024079788482056087,0.011375076916938759,0.011375076916938759,0.01255589863621005,0.01255589863621005,0.024079788482056087,0.024079788482056087
ID_K5QXSD,0.24575353923277285,0.24575353923277285,0.18520151983366484,0.18520151983366484,0.18362554061531575,0.18362554061531575,0.24575353923277285,0.24575353923277285
ID_IMWQJR,0.024180658691484638,0.024180658691484638,0.012451784599779818,0.012451784599779818,0.01287811904869405,0.01287811904869405,0.024180658691484638,0.024180658691484638
ID_YKDMVB,0.4752441633920519,0.4752441633920519,0.29026725318657737,0.29026725318657737,0.20417195401641658,0.20417195401641658,0.4752441633920519,0.4752441633920519
ID_DJLRHI,0.024079788482056087,0.024079788482056087,0.012077738997037736,0.012077738997037736,0.013774572916431405,0.013774572916431405,0.024079788482056087,0.024079788482056087
ID_AA0TBB,0.5242008101309809,0.5242008101309809,0.4209786736481167,0.4209786736481167,0.4437998192161972,0.4437998192161972,0.5242008101309809,0.5242008101309809
ID_QQILOV,0.024079788482056087,0.024079788482056087,0.011125514014321786,0.011125514014321786,0.012561765557938571,0.012561765557938571,0.024079788482056087,0.024079788482056087
ID_GU8TDA,0.024180658691484638,0.024180658691484638,0.012451784599779818,0.012451784599779818,0.01287811904869405,0.01287811904869405,0.024180658691484638,0.024180658691484638
ID_GYA6QV,0.47277042238412514,0.47277042238412514,0.3405379586426545,0.3405379586426545,0.20887477872370638,0.20887477872370638,0.47277042238412514,0.47277042238412514
ID_SR9UQ2,0.43889135118893113,0.43889135118893113,0.35450535384487114,0.35450535384487114,0.326374751755732,0.326374751755732,0.43889135118893113,0.43889135118893113
ID_MG1GRK,0.024180658691484638,0.024180658691484638,0.012213020941697267,0.012213020941697267,0.012679114073569671,0.012679114073569671,0.024180658691484638,0.024180658691484638
ID_E8MNFZ,0.024079788482056087,0.024079788482056087,0.011356596569617395,0.011356596569617395,0.012561765557938571,0.012561765557938571,0.024079788482056087,0.024079788482056087
ID_90ES1C,0.024173810438594855,0.024173810438594855,0.013177383612669895,0.013177383612669895,0.012584818929769578,0.012584818929769578,0.024173810438594855,0.024173810438594855
ID_SBTN25,0.024079788482056087,0.024079788482056087,0.012087524367127558,0.012087524367127558,0.013774572916431405,0.013774572916431405,0.024079788482056087,0.024079788482056087
ID_2IT3ZQ,0.4594163215433401,0.4594163215433401,0.4072512837816564,0.4072512837816564,0.442672110566025,0.442672110566025,0.4594163215433401,0.4594163215433401
ID_POM94C,0.5601310557962361,0.5601310557962361,0.49396329597251054,0.49396329597251054,0.5607608038254523,0.5607608038254523,0.5601310557962361,0.5601310557962361
ID_8WSJY9,0.4594163215433401,0.4594163215433401,0.4072512837816564,0.4072512837816564,0.43589030013773344,0.43589030013773344,0.4594163215433401,0.4594163215433401
ID_PISRX6,0.024089378584219022,0.024089378584219022,0.011652471762943812,0.011652471762943812,0.012553083652276255,0.012553083652276255,0.024089378584219022,0.024089378584219022
ID_Z548DO,0.024079788482056087,0.024079788482056087,0.011375076916938759,0.011375076916938759,0.01255589863621005,0.01255589863621005,0.024079788482056087,0.024079788482056087
ID_HN86UX,0.024079788482056087,0.024079788482056087,0.011347385569961977,0.011347385569961977,0.012561765557938571,0.012561765557938571,0.024079788482056087,0.024079788482056087
ID_ENZCKW,0.024079788482056087,0.024079788482056087,0.011321592445694336,0.011321592445694336,0.012561765557938571,0.012561765557938571,0.024079788482056087,0.024079788482056087
ID_NNXHZJ,0.024079788482056087,0.024079788482056087,0.011375076916938759,0.011375076916938759,0.01255589863621005,0.01255589863621005,0.024079788482056087,0.024079788482056087
ID_PWTIJ9,0.024079788482056087,0.024079788482056087,0.011125514014321786,0.011125514014321786,0.012561765557938571,0.012561765557938571,0.024079788482056087,0.024079788482056087
ID_Q2SMTQ,0.5681396992581258,0.5681396992581258,0.48786071637516626,0.48786071637516626,0.5162018993994724,0.5162018993994724,0.5681396992581258,0.5681396992581258
ID_3MCOUT,0.024089378584219022,0.024089378584219022,0.011708306492145375,0.011708306492145375,0.013057679973946046,0.013057679973946046,0.024089378584219022,0.024089378584219022
ID_G7Z1L3,0.5583255954656546,0.5583255954656546,0.48550600183003795,0.48550600183003795,0.533302242517882,0.533302242517882,0.5583255954656546,0.5583255954656546
ID_J5L7RD,0.024079788482056087,0.024079788482056087,0.011375076916938759,0.011375076916938759,0.01255589863621005,0.01255589863621005,0.024079788482056087,0.024079788482056087
ID_JXG6HY,0.026658446449658313,0.026658446449658313,0.02951590185935543,0.02951590185935543,0.02397313688114757,0.02397313688114757,0.026658446449658313,0.026658446449658313
ID_XLV5BF,0.024089378584219022,0.024089378584219022,0.011008984461060977,0.011008984461060977,0.012871018280140692,0.012871018280140692,0.024089378584219022,0.024089378584219022
ID_GBKQ4A,0.02413404155581404,0.02413404155581404,0.013146876797449962,0.013146876797449962,0.015011600865199672,0.015011600865199672,0.02413404155581404,0.02413404155581404
ID_0RNKFD,0.024143631657976974,0.024143631657976974,0.015230347227630607,0.015230347227630607,0.02991586582459409,0.02991586582459409,0.024143631657976974,0.024143631657976974
ID_RNZHE5,0.024109603628150303,0.024109603628150303,0.011527510980814826,0.011527510980814826,0.012421711645637327,0.012421711645637327,0.024109603628150303,0.024109603628150303
ID_O2NKGF,0.024079788482056087,0.024079788482056087,0.011601477062202319,0.011601477062202319,0.012416874856405748,0.012416874856405748,0.024079788482056087,0.024079788482056087
ID_RPS26Y,0.024079788482056087,0.024079788482056087,0.01114780741911144,0.01114780741911144,0.012421651928507,0.012421651928507,0.024079788482056087,0.024079788482056087
ID_K1CKSA,0.024079788482056087,0.024079788482056087,0.01094903120893303,0.01094903120893303,0.012330195226798272,0.012330195226798272,0.024079788482056087,0.024079788482056087
ID_K0MGYR,0.024109603628150303,0.024109603628150303,0.013454126254431938,0.013454126254431938,0.013192421815490183,0.013192421815490183,0.024109603628150303,0.024109603628150303
ID_U0SR28,0.02413404155581404,0.02413404155581404,0.012814630233359606,0.012814630233359606,0.012751232095475485,0.012751232095475485,0.02413404155581404,0.02413404155581404
ID_YDH96X,0.02410422640971982,0.02410422640971982,0.011100530229732845,0.011100530229732845,0.012924275729080462,0.012924275729080462,0.02410422640971982,0.02410422640971982
ID_YHP6IW,0.02410422640971982,0.02410422640971982,0.010944398793854636,0.010944398793854636,0.012383499478355296,0.012383499478355296,0.02410422640971982,0.02410422640971982
ID_IG1LYN,0.02413404155581404,0.02413404155581404,0.011565321198048732,0.011565321198048732,0.013065853572460817,0.013065853572460817,0.02413404155581404,0.02413404155581404
ID_T4NKV6,0.02410422640971982,0.02410422640971982,0.010953520890658826,0.010953520890658826,0.012377632556626772,0.012377632556626772,0.02410422640971982,0.02410422640971982
ID_6711DS,0.024109603628150303,0.024109603628150303,0.010958835107025718,0.010958835107025718,0.012367023479612436,0.012367023479612436,0.024109603628150303,0.024109603628150303
ID_FUJOIH,0.02410422640971982,0.02410422640971982,0.010944398793854636,0.010944398793854636,0.012383499478355296,0.012383499478355296,0.02410422640971982,0.02410422640971982
ID_Q1AOTZ,0.024109603628150303,0.024109603628150303,0.011527510980814826,0.011527510980814826,0.012421711645637327,0.012421711645637327,0.024109603628150303,0.024109603628150303
ID_ZM9CVR,0.02410422640971982,0.02410422640971982,0.011649008592562054,0.011649008592562054,0.012814891015761666,0.012814891015761666,0.02410422640971982,0.02410422640971982
ID_8AYBAW,0.024079788482056087,0.024079788482056087,0.010940424049755244,0.010940424049755244,0.01236624456908983,0.01236624456908983,0.024079788482056087,0.024079788482056087
ID_B1G5TP,0.024167926673783025,0.024167926673783025,0.012908320005096657,0.012908320005096657,0.016836983480045652,0.016836983480045652,0.024167926673783025,0.024167926673783025
ID_568IE8,0.02410422640971982,0.02410422640971982,0.011100530229732845,0.011100530229732845,0.012924275729080462,0.012924275729080462,0.02410422640971982,0.02410422640971982
ID_JOWST8,0.024089378584219022,0.024089378584219022,0.011009823757531921,0.011009823757531921,0.012871018280140692,0.012871018280140692,0.024089378584219022,0.024089378584219022
ID_FVI9F8,0.024089378584219022,0.024089378584219022,0.011009823757531921,0.011009823757531921,0.012871018280140692,0.012871018280140692,0.024089378584219022,0.024089378584219022
ID_74OIAW,0.024109603628150303,0.024109603628150303,0.012541341500093617,0.012541341500093617,0.012848964420058031,0.012848964420058031,0.024109603628150303,0.024109603628150303
ID_XMWVMP,0.024079788482056087,0.024079788482056087,0.010865930264749472,0.010865930264749472,0.012408967956533028,0.012408967956533028,0.024079788482056087,0.024079788482056087
ID_6TS54L,0.024109603628150303,0.024109603628150303,0.012541341500093617,0.012541341500093617,0.012848964420058031,0.012848964420058031,0.024109603628150303,0.024109603628150303
ID_8AII57,0.02430841221880609,0.02430841221880609,0.013113809468746929,0.013113809468746929,0.013779165638455987,0.013779165638455987,0.02430841221880609,0.02430841221880609
ID_RJS1VA,0.024079788482056087,0.024079788482056087,0.010915685247308946,0.010915685247308946,0.012336062148526795,0.012336062148526795,0.024079788482056087,0.024079788482056087
ID_DM8ZXW,0.024079788482056087,0.024079788482056087,0.012948273109582934,0.012948273109582934,0.012986774422978195,0.012986774422978195,0.024079788482056087,0.024079788482056087
ID_5CJYZP,0.1871277598556037,0.1871277598556037,0.18296186889245694,0.18296186889245694,0.13297130078157046,0.13297130078157046,0.1871277598556037,0.1871277598556037
ID_JBXMIO,0.024079788482056087,0.024079788482056087,0.010894103703762101,0.010894103703762101,0.012320708588696884,0.012320708588696884,0.024079788482056087,0.024079788482056087
ID_4TGOWM,0.02410422640971982,0.02410422640971982,0.011044636173732148,0.011044636173732148,0.012383499478355296,0.012383499478355296,0.02410422640971982,0.02410422640971982
ID_0RHXLP,0.024143631657976974,0.024143631657976974,0.013054577295010044,0.013054577295010044,0.013423420887729754,0.013423420887729754,0.024143631657976974,0.024143631657976974
ID_NA6WHB,0.02410422640971982,0.02410422640971982,0.010990490505702806,0.010990490505702806,0.012372830838053484,0.012372830838053484,0.02410422640971982,0.02410422640971982
ID_KKQ9JS,0.02410422640971982,0.02410422640971982,0.010899375229247204,0.010899375229247204,0.012313994503489658,0.012313994503489658,0.02410422640971982,0.02410422640971982
ID_KCZDMC,0.024089378584219022,0.024089378584219022,0.011013525293490083,0.011013525293490083,0.012476486756775944,0.012476486756775944,0.024089378584219022,0.024089378584219022
ID_JHKAO1,0.024079788482056087,0.024079788482056087,0.010932366201916153,0.010932366201916153,0.012336062148526795,0.012336062148526795,0.024079788482056087,0.024079788482056087
ID_EWRTK0,0.02410422640971982,0.02410422640971982,0.010946233760143823,0.010946233760143823,0.012383499478355296,0.012383499478355296,0.02410422640971982,0.02410422640971982
ID_D0XOZS,0.024109603628150303,0.024109603628150303,0.012541341500093617,0.012541341500093617,0.012848964420058031,0.012848964420058031,0.024109603628150303,0.024109603628150303
ID_I4CLRD,0.02410422640971982,0.02410422640971982,0.011044636173732148,0.011044636173732148,0.012383499478355296,0.012383499478355296,0.02410422640971982,0.02410422640971982
ID_5OGH64,0.024079788482056087,0.024079788482056087,0.011267080357958707,0.011267080357958707,0.012476749900294879,0.012476749900294879,0.024079788482056087,0.024079788482056087
ID_KA4RGT,0.024109603628150303,0.024109603628150303,0.011270946595355422,0.011270946595355422,0.012416874856405748,0.012416874856405748,0.024109603628150303,0.024109603628150303
ID_HK8NQI,0.02413404155581404,0.02413404155581404,0.012708686678758243,0.012708686678758243,0.013158110637347288,0.013158110637347288,0.02413404155581404,0.02413404155581404
ID_CZC128,0.024079788482056087,0.024079788482056087,0.011088042816091808,0.011088042816091808,0.012422531330214707,0.012422531330214707,0.024079788482056087,0.024079788482056087
ID_CFEXKG,0.1871277598556037,0.1871277598556037,0.1707610821569737,0.1707610821569737,0.13062425024174884,0.13062425024174884,0.1871277598556037,0.1871277598556037
ID_3UF9YW,0.024079788482056087,0.024079788482056087,0.011267080357958707,0.011267080357958707,0.012476749900294879,0.012476749900294879,0.024079788482056087,0.024079788482056087
ID_4T4T5J,0.024109603628150303,0.024109603628150303,0.012070166388565284,0.012070166388565284,0.013048527432454526,0.013048527432454526,0.024109603628150303,0.024109603628150303
ID_UZSIPN,0.024119193730313238,0.024119193730313238,0.011726473099536996,0.011726473099536996,0.01268701937662426,0.01268701937662426,0.024119193730313238,0.024119193730313238
ID_ZCSVH8,0.024079788482056087,0.024079788482056087,0.010940424049755244,0.010940424049755244,0.01236624456908983,0.01236624456908983,0.024079788482056087,0.024079788482056087
ID_BKIDXK,0.024079788482056087,0.024079788482056087,0.010932366201916153,0.010932366201916153,0.012336062148526795,0.012336062148526795,0.024079788482056087,0.024079788482056087
ID_5BWCPJ,0.02413404155581404,0.02413404155581404,0.013036130704606318,0.013036130704606318,0.01772580050869361,0.01772580050869361,0.02413404155581404,0.02413404155581404
ID_R372RI,0.02410422640971982,0.02410422640971982,0.012105737196581336,0.012105737196581336,0.013194118701964602,0.013194118701964602,0.02410422640971982,0.02410422640971982
ID_MWPK2X,0.02430841221880609,0.02430841221880609,0.013350747201444413,0.013350747201444413,0.013734048131086437,0.013734048131086437,0.02430841221880609,0.02430841221880609
ID_TZP781,0.02413404155581404,0.02413404155581404,0.012563243308264745,0.012563243308264745,0.012629555804641016,0.012629555804641016,0.02413404155581404,0.02413404155581404
ID_Q6P63K,0.02410422640971982,0.02410422640971982,0.010908195865496784,0.010908195865496784,0.012315930769740652,0.012315930769740652,0.02410422640971982,0.02410422640971982
ID_PFF9X5,0.024109603628150303,0.024109603628150303,0.01378971948798855,0.01378971948798855,0.013334533683763366,0.013334533683763366,0.024109603628150303,0.024109603628150303
ID_L4WIOX,0.024079788482056087,0.024079788482056087,0.011088042816091808,0.011088042816091808,0.012422531330214707,0.012422531330214707,0.024079788482056087,0.024079788482056087
ID_S9103X,0.024079788482056087,0.024079788482056087,0.01114780741911144,0.01114780741911144,0.012421651928507,0.012421651928507,0.024079788482056087,0.024079788482056087
ID_RI0O6J,0.02413404155581404,0.02413404155581404,0.012573260735336673,0.012573260735336673,0.012951116477320505,0.012951116477320505,0.02413404155581404,0.02413404155581404
ID_VLCS86,0.02410422640971982,0.02410422640971982,0.010845692870157865,0.010845692870157865,0.012377632556626772,0.012377632556626772,0.02410422640971982,0.02410422640971982
ID_ED3ISP,0.02410422640971982,0.02410422640971982,0.010944398793854636,0.010944398793854636,0.012383499478355296,0.012383499478355296,0.02410422640971982,0.02410422640971982
ID_KCI4WE,0.024079788482056087,0.024079788482056087,0.010940306277840544,0.010940306277840544,0.01236624456908983,0.01236624456908983,0.024079788482056087,0.024079788482056087
ID_M5X6WA,0.024079788482056087,0.024079788482056087,0.01114780741911144,0.01114780741911144,0.012421651928507,0.012421651928507,0.024079788482056087,0.024079788482056087
ID_22VI0T,0.024079788482056087,0.024079788482056087,0.011601477062202319,0.011601477062202319,0.012416874856405748,0.012416874856405748,0.024079788482056087,0.024079788482056087
ID_EJYLK4,0.024109603628150303,0.024109603628150303,0.011527510980814826,0.011527510980814826,0.012421711645637327,0.012421711645637327,0.024109603628150303,0.024109603628150303
ID_ILTCSC,0.026307833388354067,0.026307833388354067,0.013531940602946215,0.013531940602946215,0.01733161535437585,0.01733161535437585,0.026307833388354067,0.026307833388354067
ID_QOIH7K,0.22036065696697285,0.22036065696697285,0.1731779847269596,0.1731779847269596,0.2302561784873401,0.2302561784873401,0.22036065696697285,0.22036065696697285
ID_QOTY6K,0.02413404155581404,0.02413404155581404,0.012708686678758243,0.012708686678758243,0.013158110637347288,0.013158110637347288,0.02413404155581404,0.02413404155581404
ID_EJW3LT,0.02410422640971982,0.02410422640971982,0.01096721735984756,0.01096721735984756,0.012383499478355296,0.012383499478355296,0.02410422640971982,0.02410422640971982
ID_M8HQVC,0.02410422640971982,0.02410422640971982,0.011100530229732845,0.011100530229732845,0.012924275729080462,0.012924275729080462,0.02410422640971982,0.02410422640971982
ID_LU4HLB,0.02413404155581404,0.02413404155581404,0.014427777863694558,0.014427777863694558,0.013872203813166867,0.013872203813166867,0.02413404155581404,0.02413404155581404
ID_E88WHP,0.02413404155581404,0.02413404155581404,0.013895688389400775,0.013895688389400775,0.017979474044458803,0.017979474044458803,0.02413404155581404,0.02413404155581404
ID_P1L1VI,0.024079788482056087,0.024079788482056087,0.010894103703762101,0.010894103703762101,0.012320708588696884,0.012320708588696884,0.024079788482056087,0.024079788482056087
ID_LF7K1G,0.02413404155581404,0.02413404155581404,0.012326944043004027,0.012326944043004027,0.013150693307544523,0.013150693307544523,0.02413404155581404,0.02413404155581404
ID_HUF4P7,0.02413404155581404,0.02413404155581404,0.012449323932327113,0.012449323932327113,0.01315328766594323,0.01315328766594323,0.02413404155581404,0.02413404155581404
ID_64W76C,0.024079788482056087,0.024079788482056087,0.011071192908782532,0.011071192908782532,0.01242839825194323,0.01242839825194323,0.024079788482056087,0.024079788482056087
ID_6QJT3U,0.22517285928192943,0.22517285928192943,0.20161378634007632,0.20161378634007632,0.2771181689778424,0.2771181689778424,0.22517285928192943,0.22517285928192943
ID_OCC1JG,0.02410422640971982,0.02410422640971982,0.010953520890658826,0.010953520890658826,0.012377632556626772,0.012377632556626772,0.02410422640971982,0.02410422640971982
ID_XQBSGS,0.02410422640971982,0.02410422640971982,0.011005604700133051,0.011005604700133051,0.012376753154919064,0.012376753154919064,0.02410422640971982,0.02410422640971982
ID_RIH2IY,0.024119193730313238,0.024119193730313238,0.011726473099536996,0.011726473099536996,0.01268701937662426,0.01268701937662426,0.024119193730313238,0.024119193730313238
ID_K7P1AA,0.02410422640971982,0.02410422640971982,0.010953520890658826,0.010953520890658826,0.012377632556626772,0.012377632556626772,0.02410422640971982,0.02410422640971982
ID_3KN8NF,0.02413404155581404,0.02413404155581404,0.013547716762826354,0.013547716762826354,0.017467375631730418,0.017467375631730418,0.02413404155581404,0.02413404155581404
ID_ANX289,0.024079788482056087,0.024079788482056087,0.011054326814492354,0.011054326814492354,0.01242839825194323,0.01242839825194323,0.024079788482056087,0.024079788482056087
ID_I8VO8O,0.024079788482056087,0.024079788482056087,0.01088620168234902,0.01088620168234902,0.012316203529489485,0.012316203529489485,0.024079788482056087,0.024079788482056087
ID_V9S8P2,0.02410422640971982,0.02410422640971982,0.01096721735984756,0.01096721735984756,0.012383499478355296,0.012383499478355296,0.02410422640971982,0.02410422640971982
ID_OTNE3W,0.02413404155581404,0.02413404155581404,0.011403713171172622,0.011403713171172622,0.01247583558177173,0.01247583558177173,0.02413404155581404,0.02413404155581404
ID_0YXO2D,0.024109603628150303,0.024109603628150303,0.011527510980814826,0.011527510980814826,0.012421711645637327,0.012421711645637327,0.024109603628150303,0.024109603628150303
ID_87V10L,0.02410422640971982,0.02410422640971982,0.01083667090445652,0.01083667090445652,0.012383499478355296,0.012383499478355296,0.02410422640971982,0.02410422640971982
ID_CV5P86,0.024089378584219022,0.024089378584219022,0.01115146553791898,0.01115146553791898,0.01256882286019238,0.01256882286019238,0.024089378584219022,0.024089378584219022
ID_C8HFHN,0.02410422640971982,0.02410422640971982,0.011001417245938687,0.011001417245938687,0.01237481688866807,0.01237481688866807,0.02410422640971982,0.02410422640971982
ID_V7WQM1,0.024079788482056087,0.024079788482056087,0.01114780741911144,0.01114780741911144,0.012421651928507,0.012421651928507,0.024079788482056087,0.024079788482056087
ID_ULO27X,0.02413404155581404,0.02413404155581404,0.011735331852118893,0.011735331852118893,0.012712806742766092,0.012712806742766092,0.02413404155581404,0.02413404155581404
ID_NQ0HE6,0.21851756928762012,0.21851756928762012,0.22658177875996385,0.22658177875996385,0.159567923860461,0.159567923860461,0.21851756928762012,0.21851756928762012
ID_4EDUOF,0.02413404155581404,0.02413404155581404,0.01418538710498899,0.01418538710498899,0.030718740332096657,0.030718740332096657,0.02413404155581404,0.02413404155581404
ID_46O9EK,0.02430841221880609,0.02430841221880609,0.013113809468746929,0.013113809468746929,0.013779165638455987,0.013779165638455987,0.02430841221880609,0.02430841221880609
ID_2JRV0O,0.024109603628150303,0.024109603628150303,0.011527510980814826,0.011527510980814826,0.012421711645637327,0.012421711645637327,0.024109603628150303,0.024109603628150303
ID_4TY6TR,0.024109603628150303,0.024109603628150303,0.011691381922707775,0.011691381922707775,0.012418893453270158,0.012418893453270158,0.024109603628150303,0.024109603628150303
ID_XMQ25Y,0.15911053632953498,0.15911053632953498,0.19175418213070933,0.19175418213070933,0.12177826080828175,0.12177826080828175,0.15911053632953498,0.15911053632953498
ID_GBNTZ0,0.024079788482056087,0.024079788482056087,0.011601477062202319,0.011601477062202319,0.012416874856405748,0.012416874856405748,0.024079788482056087,0.024079788482056087
ID_Y99CP1,0.02410422640971982,0.02410422640971982,0.011044636173732148,0.011044636173732148,0.012383499478355296,0.012383499478355296,0.02410422640971982,0.02410422640971982
ID_ORVW1B,0.02410422640971982,0.02410422640971982,0.01139909796017417,0.01139909796017417,0.01301910115396332,0.01301910115396332,0.02410422640971982,0.02410422640971982
ID_WMO3QN,0.02410422640971982,0.02410422640971982,0.011100530229732845,0.011100530229732845,0.012924275729080462,0.012924275729080462,0.02410422640971982,0.02410422640971982
ID_28T7NF,0.02410422640971982,0.02410422640971982,0.010889511421695959,0.010889511421695959,0.012383499478355296,0.012383499478355296,0.02410422640971982,0.02410422640971982
ID_PXDYR8,0.02410422640971982,0.02410422640971982,0.010897759300834597,0.010897759300834597,0.012376753154919064,0.012376753154919064,0.02410422640971982,0.02410422640971982
ID_8RJBND,0.024079788482056087,0.024079788482056087,0.0109309357910204,0.0109309357910204,0.012317042375889363,0.012317042375889363,0.024079788482056087,0.024079788482056087
ID_DJU36N,0.024079788482056087,0.024079788482056087,0.010940306277840544,0.010940306277840544,0.01236624456908983,0.01236624456908983,0.024079788482056087,0.024079788482056087
ID_EVO7GL,0.024109603628150303,0.024109603628150303,0.011527510980814826,0.011527510980814826,0.012421711645637327,0.012421711645637327,0.024109603628150303,0.024109603628150303
ID_V1PMY3,0.02410422640971982,0.02410422640971982,0.010944398793854636,0.010944398793854636,0.012383499478355296,0.012383499478355296,0.02410422640971982,0.02410422640971982
ID_IK4PH0,0.024109603628150303,0.024109603628150303,0.012070166388565284,0.012070166388565284,0.013048527432454526,0.013048527432454526,0.024109603628150303,0.024109603628150303
ID_P86HSN,0.024119193730313238,0.024119193730313238,0.011726473099536996,0.011726473099536996,0.01268701937662426,0.01268701937662426,0.024119193730313238,0.024119193730313238
ID_6DDVP2,0.024079788482056087,0.024079788482056087,0.011139868284196094,0.011139868284196094,0.012419715662256005,0.012419715662256005,0.024079788482056087,0.024079788482056087
ID_9V09AE,0.02413404155581404,0.02413404155581404,0.012573260735336673,0.012573260735336673,0.012951116477320505,0.012951116477320505,0.02413404155581404,0.02413404155581404
ID_EL2RHW,0.02410422640971982,0.02410422640971982,0.010893545245803205,0.010893545245803205,0.01237481688866807,0.01237481688866807,0.02410422640971982,0.02410422640971982
ID_TDIL0H,0.02430841221880609,0.02430841221880609,0.014752846472469787,0.014752846472469787,0.014209445039443963,0.014209445039443963,0.02430841221880609,0.02430841221880609
ID_UEPV67,0.02842684303644892,0.02842684303644892,0.02382024476238897,0.02382024476238897,0.027350342850334684,0.027350342850334684,0.02842684303644892,0.02842684303644892
ID_MLFWEC,0.024109603628150303,0.024109603628150303,0.013940027989235413,0.013940027989235413,0.01721539093911348,0.01721539093911348,0.024109603628150303,0.024109603628150303
ID_Q8OTC2,0.024109603628150303,0.024109603628150303,0.012541341500093617,0.012541341500093617,0.012848964420058031,0.012848964420058031,0.024109603628150303,0.024109603628150303
ID_Q31MDT,0.024079788482056087,0.024079788482056087,0.012872791109419588,0.012872791109419588,0.013081160543401147,0.013081160543401147,0.024079788482056087,0.024079788482056087
ID_10D3G1,0.24393867957391493,0.24393867957391493,0.20276029249577035,0.20276029249577035,0.254038608544491,0.254038608544491,0.24393867957391493,0.24393867957391493
ID_RE7SCV,0.02410422640971982,0.02410422640971982,0.010835564925527282,0.010835564925527282,0.012322677093176884,0.012322677093176884,0.02410422640971982,0.02410422640971982
ID_K4Q8V0,0.02413404155581404,0.02413404155581404,0.014365553251258547,0.014365553251258547,0.019694178841435154,0.019694178841435154,0.02413404155581404,0.02413404155581404
ID_KCL7CV,0.024109603628150303,0.024109603628150303,0.011527510980814826,0.011527510980814826,0.012421711645637327,0.012421711645637327,0.024109603628150303,0.024109603628150303
ID_J05HUM,0.024248546321083135,0.024248546321083135,0.012600939010807652,0.012600939010807652,0.012803562821823069,0.012803562821823069,0.024248546321083135,0.024248546321083135
ID_LQCAHB,0.02413404155581404,0.02413404155581404,0.013971146361271013,0.013971146361271013,0.017845784501236497,0.017845784501236497,0.02413404155581404,0.02413404155581404
ID_CL4OVC,0.024109603628150303,0.024109603628150303,0.012070166388565284,0.012070166388565284,0.013048527432454526,0.013048527432454526,0.024109603628150303,0.024109603628150303
ID_8KA0CX,0.024079788482056087,0.024079788482056087,0.011139868284196094,0.011139868284196094,0.012419715662256005,0.012419715662256005,0.024079788482056087,0.024079788482056087
ID_3SOK7O,0.02413404155581404,0.02413404155581404,0.012708686678758243,0.012708686678758243,0.013158110637347288,0.013158110637347288,0.02413404155581404,0.02413404155581404
ID_2V1U3K,0.024079788482056087,0.024079788482056087,0.012948273109582934,0.012948273109582934,0.012986774422978195,0.012986774422978195,0.024079788482056087,0.024079788482056087
ID_GZEIYE,0.02410422640971982,0.02410422640971982,0.011005604700133051,0.011005604700133051,0.012376753154919064,0.012376753154919064,0.02410422640971982,0.02410422640971982
ID_WSG62Z,0.024079788482056087,0.024079788482056087,0.011267080357958707,0.011267080357958707,0.012476749900294879,0.012476749900294879,0.024079788482056087,0.024079788482056087
ID_AQLJD9,0.024109603628150303,0.024109603628150303,0.011270946595355422,0.011270946595355422,0.012416874856405748,0.012416874856405748,0.024109603628150303,0.024109603628150303
ID_2JBYR0,0.024113816511882755,0.024113816511882755,0.011003747872561774,0.011003747872561774,0.01237481688866807,0.01237481688866807,0.024113816511882755,0.024113816511882755
ID_HQG7S5,0.024079788482056087,0.024079788482056087,0.011193357261648563,0.011193357261648563,0.012418911613841843,0.012418911613841843,0.024079788482056087,0.024079788482056087
ID_J9X62N,0.024079788482056087,0.024079788482056087,0.011003655112196822,0.011003655112196822,0.01242235301188294,0.01242235301188294,0.024079788482056087,0.024079788482056087
ID_J30HVX,0.024079788482056087,0.024079788482056087,0.010924215605053925,0.010924215605053925,0.012336062148526795,0.012336062148526795,0.024079788482056087,0.024079788482056087
ID_8HCCLB,0.024113816511882755,0.024113816511882755,0.011669444797215224,0.011669444797215224,0.013159214127538637,0.013159214127538637,0.024113816511882755,0.024113816511882755
ID_K7TUMS,0.024519358660131826,0.024519358660131826,0.01177634398492796,0.01177634398492796,0.014894013168016064,0.014894013168016064,0.024519358660131826,0.024519358660131826
ID_2U0TW8,0.024126604961456837,0.024126604961456837,0.010875493650081428,0.010875493650081428,0.012333071374763494,0.012333071374763494,0.024126604961456837,0.024126604961456837
ID_5KMQFT,0.024079788482056087,0.024079788482056087,0.010876333913556612,0.010876333913556612,0.012316631853116593,0.012316631853116593,0.024079788482056087,0.024079788482056087
ID_QK8WP2,0.024109603628150303,0.024109603628150303,0.010818521018336531,0.010818521018336531,0.012330016908466504,0.012330016908466504,0.024109603628150303,0.024109603628150303
ID_O2QO7X,0.02410422640971982,0.02410422640971982,0.012754224958205034,0.012754224958205034,0.015939837957565636,0.015939837957565636,0.02410422640971982,0.02410422640971982
ID_ZQ48WV,0.024079788482056087,0.024079788482056087,0.010934176459044988,0.010934176459044988,0.012324402955017228,0.012324402955017228,0.024079788482056087,0.024079788482056087
ID_8HU32W,0.02410422640971982,0.02410422640971982,0.01272225049803914,0.01272225049803914,0.01452297705736824,0.01452297705736824,0.02410422640971982,0.02410422640971982
ID_4UJ6I0,0.024079788482056087,0.024079788482056087,0.011096061120390358,0.011096061120390358,0.01242235301188294,0.01242235301188294,0.024079788482056087,0.024079788482056087
ID_C45TQX,0.024079788482056087,0.024079788482056087,0.010875493650081428,0.010875493650081428,0.012333071374763494,0.012333071374763494,0.024079788482056087,0.024079788482056087
ID_6CNKK3,0.024079788482056087,0.024079788482056087,0.01080743509537952,0.01080743509537952,0.012336062148526795,0.012336062148526795,0.024079788482056087,0.024079788482056087
ID_3D6P1W,0.024079788482056087,0.024079788482056087,0.010876333913556612,0.010876333913556612,0.012316631853116593,0.012316631853116593,0.024079788482056087,0.024079788482056087
ID_W4LB98,0.024126604961456837,0.024126604961456837,0.010875493650081428,0.010875493650081428,0.012333071374763494,0.012333071374763494,0.024126604961456837,0.024126604961456837
ID_7S0G4C,0.02413404155581404,0.02413404155581404,0.012997896753055285,0.012997896753055285,0.015528795774611047,0.015528795774611047,0.02413404155581404,0.02413404155581404
ID_OOZHOC,0.024079788482056087,0.024079788482056087,0.010829939166229258,0.010829939166229258,0.012336062148526795,0.012336062148526795,0.024079788482056087,0.024079788482056087
ID_ANAD68,0.02413404155581404,0.02413404155581404,0.01280134803966746,0.01280134803966746,0.014496243221397549,0.014496243221397549,0.02413404155581404,0.02413404155581404
ID_ZYBEDD,0.02410422640971982,0.02410422640971982,0.010820060857771997,0.010820060857771997,0.012316631853116593,0.012316631853116593,0.02410422640971982,0.02410422640971982
ID_AZ8323,0.02410422640971982,0.02410422640971982,0.011860092967337947,0.011860092967337947,0.013607796445366423,0.013607796445366423,0.02410422640971982,0.02410422640971982
ID_PDZB8M,0.024747319891183898,0.024747319891183898,0.012175280753652644,0.012175280753652644,0.02147379295864105,0.02147379295864105,0.024747319891183898,0.024747319891183898
ID_N90VSA,0.024079788482056087,0.024079788482056087,0.010860800443479776,0.010860800443479776,0.012333071374763494,0.012333071374763494,0.024079788482056087,0.024079788482056087
ID_4IHET8,0.024232700569952702,0.024232700569952702,0.011199029549615967,0.011199029549615967,0.013421516046338629,0.013421516046338629,0.024232700569952702,0.024232700569952702
ID_2DZRF6,0.024079788482056087,0.024079788482056087,0.011003655112196822,0.011003655112196822,0.01242235301188294,0.01242235301188294,0.024079788482056087,0.024079788482056087
ID_DHD7VN,0.02413404155581404,0.02413404155581404,0.012721676424257155,0.012721676424257155,0.013842988035402643,0.013842988035402643,0.02413404155581404,0.02413404155581404
ID_9KA6N0,0.02410422640971982,0.02410422640971982,0.012494915582022882,0.012494915582022882,0.01382717496272981,0.01382717496272981,0.02410422640971982,0.02410422640971982
ID_39VHVT,0.02410422640971982,0.02410422640971982,0.011850894805678695,0.011850894805678695,0.013782256984163091,0.013782256984163091,0.02410422640971982,0.02410422640971982
ID_6M3VS9,0.024113816511882755,0.024113816511882755,0.01272215178547157,0.01272215178547157,0.014159711847291185,0.014159711847291185,0.024113816511882755,0.024113816511882755
ID_8BASDE,0.02410422640971982,0.02410422640971982,0.011662458851712148,0.011662458851712148,0.013358219102663015,0.013358219102663015,0.02410422640971982,0.02410422640971982
ID_L11QW6,0.024079788482056087,0.024079788482056087,0.010875493650081428,0.010875493650081428,0.012333071374763494,0.012333071374763494,0.024079788482056087,0.024079788482056087
ID_ZC52OO,0.024079788482056087,0.024079788482056087,0.010875493650081428,0.010875493650081428,0.012333071374763494,0.012333071374763494,0.024079788482056087,0.024079788482056087
ID_W4WHIW,0.024079788482056087,0.024079788482056087,0.010875493650081428,0.010875493650081428,0.012333071374763494,0.012333071374763494,0.024079788482056087,0.024079788482056087
ID_XSQ9IH,0.024126604961456837,0.024126604961456837,0.010860800443479776,0.010860800443479776,0.012333071374763494,0.012333071374763494,0.024126604961456837,0.024126604961456837
ID_1DUVNN,0.024079788482056087,0.024079788482056087,0.010860800443479776,0.010860800443479776,0.012330016908466504,0.012330016908466504,0.024079788482056087,0.024079788482056087
ID_1EP7ZJ,0.024079788482056087,0.024079788482056087,0.010913901222138664,0.010913901222138664,0.012330195226798272,0.012330195226798272,0.024079788482056087,0.024079788482056087
ID_EH58J1,0.024079788482056087,0.024079788482056087,0.010875493650081428,0.010875493650081428,0.012333071374763494,0.012333071374763494,0.024079788482056087,0.024079788482056087
ID_CTI20D,0.024079788482056087,0.024079788482056087,0.010875493650081428,0.010875493650081428,0.012333071374763494,0.012333071374763494,0.024079788482056087,0.024079788482056087
ID_0IB50G,0.024113816511882755,0.024113816511882755,0.01272215178547157,0.01272215178547157,0.014159711847291185,0.014159711847291185,0.024113816511882755,0.024113816511882755
ID_4NDO8O,0.024079788482056087,0.024079788482056087,0.013176224474103824,0.013176224474103824,0.014708067440934322,0.014708067440934322,0.024079788482056087,0.024079788482056087
ID_NSH0DU,0.024079788482056087,0.024079788482056087,0.011003655112196822,0.011003655112196822,0.01242235301188294,0.01242235301188294,0.024079788482056087,0.024079788482056087
ID_XXUVDP,0.02410422640971982,0.02410422640971982,0.010820060857771997,0.010820060857771997,0.012316631853116593,0.012316631853116593,0.02410422640971982,0.02410422640971982
ID_WUM26R,0.024519358660131826,0.024519358660131826,0.012509173397709582,0.012509173397709582,0.015315415233318155,0.015315415233318155,0.024519358660131826,0.024519358660131826
ID_JL9J80,0.02410422640971982,0.02410422640971982,0.012048182942930325,0.012048182942930325,0.012778321309472084,0.012778321309472084,0.02410422640971982,0.02410422640971982
ID_68D45A,0.024079788482056087,0.024079788482056087,0.010924215605053925,0.010924215605053925,0.012336062148526795,0.012336062148526795,0.024079788482056087,0.024079788482056087
ID_VYD2TV,0.02410422640971982,0.02410422640971982,0.011798305293778214,0.011798305293778214,0.013354648408405877,0.013354648408405877,0.02410422640971982,0.02410422640971982
ID_CIW99P,0.024089378584219022,0.024089378584219022,0.010936618685640808,0.010936618685640808,0.0128261221997711,0.0128261221997711,0.024089378584219022,0.024089378584219022
ID_D51DUQ,0.02410422640971982,0.02410422640971982,0.0127144684233964,0.0127144684233964,0.014535419515844968,0.014535419515844968,0.02410422640971982,0.02410422640971982
ID_3BGZSO,0.024113816511882755,0.024113816511882755,0.01272215178547157,0.01272215178547157,0.014159711847291185,0.014159711847291185,0.024113816511882755,0.024113816511882755
ID_2EPRTP,0.024079788482056087,0.024079788482056087,0.010849408530051443,0.010849408530051443,0.012319686319413582,0.012319686319413582,0.024079788482056087,0.024079788482056087
ID_XD3292,0.024079788482056087,0.024079788482056087,0.010849408530051443,0.010849408530051443,0.012319686319413582,0.012319686319413582,0.024079788482056087,0.024079788482056087
ID_NIFVOQ,0.024079788482056087,0.024079788482056087,0.010849408530051443,0.010849408530051443,0.012316631853116593,0.012316631853116593,0.024079788482056087,0.024079788482056087
ID_ZU5SYR,0.024113816511882755,0.024113816511882755,0.012721755057413027,0.012721755057413027,0.014159711847291185,0.014159711847291185,0.024113816511882755,0.024113816511882755
ID_Y4PE30,0.024498365728318747,0.024498365728318747,0.011194753337017811,0.011194753337017811,0.019362316316467815,0.019362316316467815,0.024498365728318747,0.024498365728318747
ID_T2OK2R,0.024079788482056087,0.024079788482056087,0.010823257502066003,0.010823257502066003,0.012336062148526795,0.012336062148526795,0.024079788482056087,0.024079788482056087
ID_SP8RIP,0.024079788482056087,0.024079788482056087,0.010875493650081428,0.010875493650081428,0.012333071374763494,0.012333071374763494,0.024079788482056087,0.024079788482056087
ID_VQ9S5D,0.02413404155581404,0.02413404155581404,0.012997098959719204,0.012997098959719204,0.01396604024478829,0.01396604024478829,0.02413404155581404,0.02413404155581404
ID_0JVF3K,0.024926060063283698,0.024926060063283698,0.012208210983712347,0.012208210983712347,0.02052859827780445,0.02052859827780445,0.024926060063283698,0.024926060063283698
ID_7KU1OB,0.024693729323123876,0.024693729323123876,0.012461404800652092,0.012461404800652092,0.015801488744304246,0.015801488744304246,0.024693729323123876,0.024693729323123876
ID_7UYLNU,0.024223980070574854,0.024223980070574854,0.011064794851394267,0.011064794851394267,0.01330509150109535,0.01330509150109535,0.024223980070574854,0.024223980070574854
ID_7YBJBN,0.024079788482056087,0.024079788482056087,0.010897602343216522,0.010897602343216522,0.01242839825194323,0.01242839825194323,0.024079788482056087,0.024079788482056087
ID_CLJ4A6,0.024109603628150303,0.024109603628150303,0.010818521018336531,0.010818521018336531,0.012330016908466504,0.012330016908466504,0.024109603628150303,0.024109603628150303
ID_USIVUY,0.02410422640971982,0.02410422640971982,0.011662458851712148,0.011662458851712148,0.013358219102663015,0.013358219102663015,0.02410422640971982,0.02410422640971982
ID_SWNDPS,0.024079788482056087,0.024079788482056087,0.010823257502066003,0.010823257502066003,0.012336062148526795,0.012336062148526795,0.024079788482056087,0.024079788482056087
ID_781KAZ,0.024079788482056087,0.024079788482056087,0.010820060857771997,0.010820060857771997,0.012319686319413582,0.012319686319413582,0.024079788482056087,0.024079788482056087
ID_QGCAPM,0.024079788482056087,0.024079788482056087,0.010818521018336531,0.010818521018336531,0.012330016908466504,0.012330016908466504,0.024079788482056087,0.024079788482056087
ID_BK64SS,0.02410422640971982,0.02410422640971982,0.012494915582022882,0.012494915582022882,0.01382717496272981,0.01382717496272981,0.02410422640971982,0.02410422640971982
ID_0HVBH9,0.02410422640971982,0.02410422640971982,0.011850894805678695,0.011850894805678695,0.013782256984163091,0.013782256984163091,0.02410422640971982,0.02410422640971982
ID_BAFM4T,0.024248546321083135,0.024248546321083135,0.011225407108269707,0.011225407108269707,0.012532979916760782,0.012532979916760782,0.024248546321083135,0.024248546321083135
ID_3R5UNN,0.02410422640971982,0.02410422640971982,0.010820060857771997,0.010820060857771997,0.012316631853116593,0.012316631853116593,0.02410422640971982,0.02410422640971982
ID_S09JZ1,0.024079788482056087,0.024079788482056087,0.01081395287345463,0.01081395287345463,0.012330016908466504,0.012330016908466504,0.024079788482056087,0.024079788482056087
ID_2Z02YG,0.024079788482056087,0.024079788482056087,0.010897602343216522,0.010897602343216522,0.01242839825194323,0.01242839825194323,0.024079788482056087,0.024079788482056087
ID_9NSFQV,0.024079788482056087,0.024079788482056087,0.010829939166229258,0.010829939166229258,0.012336062148526795,0.012336062148526795,0.024079788482056087,0.024079788482056087
ID_MP6MPH,0.024498365728318747,0.024498365728318747,0.011194753337017811,0.011194753337017811,0.019362316316467815,0.019362316316467815,0.024498365728318747,0.024498365728318747
ID_88VJLH,0.024498365728318747,0.024498365728318747,0.011194753337017811,0.011194753337017811,0.019362316316467815,0.019362316316467815,0.024498365728318747,0.024498365728318747
ID_I3EOVL,0.024926060063283698,0.024926060063283698,0.012274294280009618,0.012274294280009618,0.020357881588589644,0.020357881588589644,0.024926060063283698,0.024926060063283698
ID_TJIJM7,0.024079788482056087,0.024079788482056087,0.010992983509528815,0.010992983509528815,0.01242235301188294,0.01242235301188294,0.024079788482056087,0.024079788482056087
ID_3OB2PY,0.02410422640971982,0.02410422640971982,0.012494915582022882,0.012494915582022882,0.01382717496272981,0.01382717496272981,0.02410422640971982,0.02410422640971982
ID_IWPNJZ,0.024109603628150303,0.024109603628150303,0.010818521018336531,0.010818521018336531,0.012330016908466504,0.012330016908466504,0.024109603628150303,0.024109603628150303
ID_8NFKCL,0.02410422640971982,0.02410422640971982,0.010832191371299534,0.010832191371299534,0.012322677093176884,0.012322677093176884,0.02410422640971982,0.02410422640971982
ID_THH1UR,0.024836797624969143,0.024836797624969143,0.011232606466474487,0.011232606466474487,0.019174140114425236,0.019174140114425236,0.024836797624969143,0.024836797624969143
ID_DIGB5C,0.024079788482056087,0.024079788482056087,0.010924215605053925,0.010924215605053925,0.012336062148526795,0.012336062148526795,0.024079788482056087,0.024079788482056087
ID_RI8Y4C,0.02413404155581404,0.02413404155581404,0.01267139915540165,0.01267139915540165,0.01437543993327481,0.01437543993327481,0.02413404155581404,0.02413404155581404
ID_GGVJTH,0.024232700569952702,0.024232700569952702,0.011225513928232442,0.011225513928232442,0.013349004770792969,0.013349004770792969,0.024232700569952702,0.024232700569952702
ID_LOIPDR,0.02413404155581404,0.02413404155581404,0.012802781684654716,0.012802781684654716,0.014496243221397549,0.014496243221397549,0.02413404155581404,0.02413404155581404
ID_M9K91E,0.024519358660131826,0.024519358660131826,0.012528143914518527,0.012528143914518527,0.015309548311589634,0.015309548311589634,0.024519358660131826,0.024519358660131826
ID_2TZLAV,0.024498365728318747,0.024498365728318747,0.011194753337017811,0.011194753337017811,0.019362316316467815,0.019362316316467815,0.024498365728318747,0.024498365728318747
ID_1HUSLA,0.024079788482056087,0.024079788482056087,0.010872560013725838,0.010872560013725838,0.012333071374763494,0.012333071374763494,0.024079788482056087,0.024079788482056087
ID_I7R7TF,0.02413404155581404,0.02413404155581404,0.01249834843222885,0.01249834843222885,0.01435246644673505,0.01435246644673505,0.02413404155581404,0.02413404155581404
ID_V586YJ,0.024079788482056087,0.024079788482056087,0.011003655112196822,0.011003655112196822,0.01242235301188294,0.01242235301188294,0.024079788482056087,0.024079788482056087
ID_MXWQQ6,0.024113816511882755,0.024113816511882755,0.01089136115393433,0.01089136115393433,0.012463101701426033,0.012463101701426033,0.024113816511882755,0.024113816511882755
ID_VFMFNH,0.024113816511882755,0.024113816511882755,0.011669020244736957,0.011669020244736957,0.013159214127538637,0.013159214127538637,0.024113816511882755,0.024113816511882755
ID_745OT8,0.02410422640971982,0.02410422640971982,0.0127144684233964,0.0127144684233964,0.014535419515844968,0.014535419515844968,0.02410422640971982,0.02410422640971982
ID_N1RPR3,0.024584668489266194,0.024584668489266194,0.0427463194999186,0.0427463194999186,0.021054702051192975,0.021054702051192975,0.024584668489266194,0.024584668489266194
ID_34D3MN,0.024079788482056087,0.024079788482056087,0.011003655112196822,0.011003655112196822,0.01242235301188294,0.01242235301188294,0.024079788482056087,0.024079788482056087
ID_MSZ3TQ,0.02410422640971982,0.02410422640971982,0.010832191371299534,0.010832191371299534,0.012322677093176884,0.012322677093176884,0.02410422640971982,0.02410422640971982
ID_SB3Z4O,0.024079788482056087,0.024079788482056087,0.010947906750967247,0.010947906750967247,0.012381678096853563,0.012381678096853563,0.024079788482056087,0.024079788482056087
ID_4JJJZB,0.02413404155581404,0.02413404155581404,0.012697620933489815,0.012697620933489815,0.014227078727257996,0.014227078727257996,0.02413404155581404,0.02413404155581404
ID_IVHQHJ,0.024232700569952702,0.024232700569952702,0.011182461825834997,0.011182461825834997,0.013537933238780496,0.013537933238780496,0.024232700569952702,0.024232700569952702
ID_3XTXFX,0.024113816511882755,0.024113816511882755,0.01178206625171123,0.01178206625171123,0.013412498208263002,0.013412498208263002,0.024113816511882755,0.024113816511882755
ID_1DVLLY,0.024519358660131826,0.024519358660131826,0.012509173397709582,0.012509173397709582,0.015315415233318155,0.015315415233318155,0.024519358660131826,0.024519358660131826
ID_G7CMRV,0.024498365728318747,0.024498365728318747,0.011432551396066179,0.011432551396066179,0.01882682409315751,0.01882682409315751,0.024498365728318747,0.024498365728318747
ID_PBV8NL,0.026008005065790797,0.026008005065790797,0.040944526057445536,0.040944526057445536,0.018575365137101972,0.018575365137101972,0.026008005065790797,0.026008005065790797
ID_DO3ZD4,0.024079788482056087,0.024079788482056087,0.010871924043315273,0.010871924043315273,0.012321348488720239,0.012321348488720239,0.024079788482056087,0.024079788482056087
ID_BXFZX7,0.02410422640971982,0.02410422640971982,0.010808283130864089,0.010808283130864089,0.012322677093176884,0.012322677093176884,0.02410422640971982,0.02410422640971982
ID_K5JUQC,0.024079788482056087,0.024079788482056087,0.01082079742770193,0.01082079742770193,0.012336062148526795,0.012336062148526795,0.024079788482056087,0.024079788482056087
ID_JQIX21,0.02410422640971982,0.02410422640971982,0.010820060857771997,0.010820060857771997,0.012316631853116593,0.012316631853116593,0.02410422640971982,0.02410422640971982
ID_2ZX8MJ,0.02413404155581404,0.02413404155581404,0.013150947057687464,0.013150947057687464,0.015039678216299155,0.015039678216299155,0.02413404155581404,0.02413404155581404
ID_3WIPGV,0.02410422640971982,0.02410422640971982,0.011662458851712148,0.011662458851712148,0.013358219102663015,0.013358219102663015,0.02410422640971982,0.02410422640971982
ID_ISHX3X,0.024109603628150303,0.024109603628150303,0.010818521018336531,0.010818521018336531,0.012330016908466504,0.012330016908466504,0.024109603628150303,0.024109603628150303
ID_FBFZMG,0.024136195063619772,0.024136195063619772,0.010936618685640808,0.010936618685640808,0.012324402955017228,0.012324402955017228,0.024136195063619772,0.024136195063619772
ID_RHD6O4,0.02410422640971982,0.02410422640971982,0.011662458851712148,0.011662458851712148,0.013358219102663015,0.013358219102663015,0.02410422640971982,0.02410422640971982
ID_P6QK23,0.02626245799199945,0.02626245799199945,0.03899375418757891,0.03899375418757891,0.01942866660961369,0.01942866660961369,0.02626245799199945,0.02626245799199945
ID_8NS4P8,0.024109603628150303,0.024109603628150303,0.010818521018336531,0.010818521018336531,0.012330016908466504,0.012330016908466504,0.024109603628150303,0.024109603628150303
ID_YXAL4N,0.024143631657976974,0.024143631657976974,0.012804503539525816,0.012804503539525816,0.014496243221397549,0.014496243221397549,0.024143631657976974,0.024143631657976974
ID_FHRLXM,0.024113816511882755,0.024113816511882755,0.012721957104422987,0.012721957104422987,0.014756738395700433,0.014756738395700433,0.024113816511882755,0.024113816511882755
ID_4LDI6N,0.024079788482056087,0.024079788482056087,0.010820060857771997,0.010820060857771997,0.012319686319413582,0.012319686319413582,0.024079788482056087,0.024079788482056087
ID_U30UU9,0.024232700569952702,0.024232700569952702,0.011136831213927403,0.011136831213927403,0.013408984173661218,0.013408984173661218,0.024232700569952702,0.024232700569952702
ID_BIVVQ5,0.02410422640971982,0.02410422640971982,0.010825092866479133,0.010825092866479133,0.012322677093176884,0.012322677093176884,0.02410422640971982,0.02410422640971982
ID_V3FU4W,0.02410422640971982,0.02410422640971982,0.011662458851712148,0.011662458851712148,0.013358219102663015,0.013358219102663015,0.02410422640971982,0.02410422640971982
ID_ZBT2OF,0.026008005065790797,0.026008005065790797,0.040944526057445536,0.040944526057445536,0.018575365137101972,0.018575365137101972,0.026008005065790797,0.026008005065790797
ID_U2YCJS,0.02410422640971982,0.02410422640971982,0.010832191371299534,0.010832191371299534,0.012322677093176884,0.012322677093176884,0.02410422640971982,0.02410422640971982
ID_AR0M29,0.024109603628150303,0.024109603628150303,0.010818521018336531,0.010818521018336531,0.012330016908466504,0.012330016908466504,0.024109603628150303,0.024109603628150303
ID_KGELXP,0.02410422640971982,0.02410422640971982,0.011798305293778214,0.011798305293778214,0.013354648408405877,0.013354648408405877,0.02410422640971982,0.02410422640971982
ID_ICMGAL,0.024126604961456837,0.024126604961456837,0.010876333913556612,0.010876333913556612,0.012319686319413582,0.012319686319413582,0.024126604961456837,0.024126604961456837
ID_SATA0V,0.024079788482056087,0.024079788482056087,0.010875493650081428,0.010875493650081428,0.012330016908466504,0.012330016908466504,0.024079788482056087,0.024079788482056087
ID_KLG612,0.024079788482056087,0.024079788482056087,0.010876684117675431,0.010876684117675431,0.012330016908466504,0.012330016908466504,0.024079788482056087,0.024079788482056087
ID_0K6BDO,0.02410422640971982,0.02410422640971982,0.012672143753851003,0.012672143753851003,0.014602851371609781,0.014602851371609781,0.02410422640971982,0.02410422640971982
ID_3GMYTY,0.024113816511882755,0.024113816511882755,0.012721669927715694,0.012721669927715694,0.014159711847291185,0.014159711847291185,0.024113816511882755,0.024113816511882755
ID_75LBON,0.024079788482056087,0.024079788482056087,0.011003655112196822,0.011003655112196822,0.01242235301188294,0.01242235301188294,0.024079788482056087,0.024079788482056087
ID_2XFJZU,0.024079788482056087,0.024079788482056087,0.010924215605053925,0.010924215605053925,0.012336062148526795,0.012336062148526795,0.024079788482056087,0.024079788482056087
ID_DH1QTQ,0.02410422640971982,0.02410422640971982,0.011860092967337947,0.011860092967337947,0.013354648408405877,0.013354648408405877,0.02410422640971982,0.02410422640971982
ID_VCTNE2,0.02413404155581404,0.02413404155581404,0.01267139915540165,0.01267139915540165,0.01437543993327481,0.01437543993327481,0.02413404155581404,0.02413404155581404
ID_TQKOQ0,0.024126604961456837,0.024126604961456837,0.010876333913556612,0.010876333913556612,0.012319686319413582,0.012319686319413582,0.024126604961456837,0.024126604961456837
ID_O4VUD4,0.024113816511882755,0.024113816511882755,0.01272215178547157,0.01272215178547157,0.014159711847291185,0.014159711847291185,0.024113816511882755,0.024113816511882755
ID_5PJ9XO,0.024756909993346832,0.024756909993346832,0.012608047157523871,0.012608047157523871,0.016130827983126345,0.016130827983126345,0.024756909993346832,0.024756909993346832
ID_5BHS0I,0.024079788482056087,0.024079788482056087,0.01148696524290717,0.01148696524290717,0.01242235301188294,0.01242235301188294,0.024079788482056087,0.024079788482056087
ID_UED7H0,0.024079788482056087,0.024079788482056087,0.010875493650081428,0.010875493650081428,0.012333071374763494,0.012333071374763494,0.024079788482056087,0.024079788482056087
ID_7PNRDI,0.024126604961456837,0.024126604961456837,0.010876333913556612,0.010876333913556612,0.012319686319413582,0.012319686319413582,0.024126604961456837,0.024126604961456837
ID_XZXOS2,0.024079788482056087,0.024079788482056087,0.01710575525073087,0.01710575525073087,0.013947516572006189,0.013947516572006189,0.024079788482056087,0.024079788482056087
ID_GKDTYW,0.024201729841682385,0.024201729841682385,0.01102198062544423,0.01102198062544423,0.012484628268409133,0.012484628268409133,0.024201729841682385,0.024201729841682385
ID_XGKFJ2,0.024079788482056087,0.024079788482056087,0.010981668179725589,0.010981668179725589,0.01242839825194323,0.01242839825194323,0.024079788482056087,0.024079788482056087
ID_M0HTKQ,0.024079788482056087,0.024079788482056087,0.011003655112196822,0.011003655112196822,0.01242235301188294,0.01242235301188294,0.024079788482056087,0.024079788482056087
ID_LTDZIO,0.024079788482056087,0.024079788482056087,0.010818521018336531,0.010818521018336531,0.012330016908466504,0.012330016908466504,0.024079788482056087,0.024079788482056087
ID_GLYI5H,0.024113816511882755,0.024113816511882755,0.011674127636563654,0.011674127636563654,0.013159214127538637,0.013159214127538637,0.024113816511882755,0.024113816511882755
ID_8R5FFI,0.031588677966733814,0.031588677966733814,0.13006185762409456,0.13006185762409456,0.03081016262575192,0.03081016262575192,0.031588677966733814,0.031588677966733814
ID_T8RWY3,0.024079788482056087,0.024079788482056087,0.011003655112196822,0.011003655112196822,0.01242235301188294,0.01242235301188294,0.024079788482056087,0.024079788482056087
ID_YUMD4O,0.02410422640971982,0.02410422640971982,0.011789645375448602,0.011789645375448602,0.013782256984163091,0.013782256984163091,0.02410422640971982,0.02410422640971982
ID_V4CJKG,0.02410422640971982,0.02410422640971982,0.012672143753851003,0.012672143753851003,0.01453185310674136,0.01453185310674136,0.02410422640971982,0.02410422640971982
ID_PD844Y,0.02413404155581404,0.02413404155581404,0.01273585476636414,0.01273585476636414,0.014387886676905067,0.014387886676905067,0.02413404155581404,0.02413404155581404
ID_1FJE68,0.024079788482056087,0.024079788482056087,0.010820060857771997,0.010820060857771997,0.012319686319413582,0.012319686319413582,0.024079788482056087,0.024079788482056087
ID_RTAF36,0.024079788482056087,0.024079788482056087,0.01148696524290717,0.01148696524290717,0.01242235301188294,0.01242235301188294,0.024079788482056087,0.024079788482056087
ID_0Q0ASG,0.024286291138012724,0.024286291138012724,0.011228988080314388,0.011228988080314388,0.013182020090258482,0.013182020090258482,0.024286291138012724,0.024286291138012724
ID_WOQ9RN,0.024143631657976974,0.024143631657976974,0.01274470536792147,0.01274470536792147,0.014387886676905067,0.014387886676905067,0.024143631657976974,0.024143631657976974
ID_40HUN8,0.024926060063283698,0.024926060063283698,0.012274075476651443,0.012274075476651443,0.020397123325467677,0.020397123325467677,0.024926060063283698,0.024926060063283698
ID_KP9MAP,0.024079788482056087,0.024079788482056087,0.011096061120390358,0.011096061120390358,0.01242235301188294,0.01242235301188294,0.024079788482056087,0.024079788482056087
ID_9TOISM,0.024079788482056087,0.024079788482056087,0.010820060857771997,0.010820060857771997,0.012319686319413582,0.012319686319413582,0.024079788482056087,0.024079788482056087
ID_604ZNT,0.024519358660131826,0.024519358660131826,0.012456655310313222,0.012456655310313222,0.015319750205032973,0.015319750205032973,0.024519358660131826,0.024519358660131826
ID_R8L0ZF,0.024079788482056087,0.024079788482056087,0.010875493650081428,0.010875493650081428,0.012333071374763494,0.012333071374763494,0.024079788482056087,0.024079788482056087
ID_NEWEUH,0.024079788482056087,0.024079788482056087,0.010883103352629918,0.010883103352629918,0.01242839825194323,0.01242839825194323,0.024079788482056087,0.024079788482056087
ID_POEBAW,0.02410422640971982,0.02410422640971982,0.012672143753851003,0.012672143753851003,0.014602851371609781,0.014602851371609781,0.02410422640971982,0.02410422640971982
ID_M074K8,0.024836797624969143,0.024836797624969143,0.011232606466474487,0.011232606466474487,0.019174140114425236,0.019174140114425236,0.024836797624969143,0.024836797624969143
ID_A0HXDC,0.02410422640971982,0.02410422640971982,0.012714997978192675,0.012714997978192675,0.014535419515844968,0.014535419515844968,0.02410422640971982,0.02410422640971982
ID_SLG2I5,0.024079788482056087,0.024079788482056087,0.010966785762604596,0.010966785762604596,0.012421651928507,0.012421651928507,0.024079788482056087,0.024079788482056087
ID_0ZWEL6,0.02410422640971982,0.02410422640971982,0.012048182942930325,0.012048182942930325,0.012778321309472084,0.012778321309472084,0.02410422640971982,0.02410422640971982
ID_5W8IQ2,0.02410422640971982,0.02410422640971982,0.010889815151462288,0.010889815151462288,0.012313994503489658,0.012313994503489658,0.02410422640971982,0.02410422640971982
ID_X1JF4P,0.024079788482056087,0.024079788482056087,0.010947906750967247,0.010947906750967247,0.012322677093176884,0.012322677093176884,0.024079788482056087,0.024079788482056087
ID_OKPFDW,0.024079788482056087,0.024079788482056087,0.010826113355336349,0.010826113355336349,0.012324162309471889,0.012324162309471889,0.024079788482056087,0.024079788482056087
ID_BG41I8,0.024109603628150303,0.024109603628150303,0.010818521018336531,0.010818521018336531,0.012330016908466504,0.012330016908466504,0.024109603628150303,0.024109603628150303
ID_WLJAHR,0.024079788482056087,0.024079788482056087,0.010985069259291241,0.010985069259291241,0.012321348488720239,0.012321348488720239,0.024079788482056087,0.024079788482056087
ID_CWIW49,0.024079788482056087,0.024079788482056087,0.010918174539689315,0.010918174539689315,0.012415013196593319,0.012415013196593319,0.024079788482056087,0.024079788482056087
ID_KPIEP6,0.02410422640971982,0.02410422640971982,0.010825092866479133,0.010825092866479133,0.012322677093176884,0.012322677093176884,0.02410422640971982,0.02410422640971982
ID_BIPIY7,0.024836797624969143,0.024836797624969143,0.011232606466474487,0.011232606466474487,0.019174140114425236,0.019174140114425236,0.024836797624969143,0.024836797624969143
ID_OV4128,0.02410422640971982,0.02410422640971982,0.012666679256295568,0.012666679256295568,0.01452297705736824,0.01452297705736824,0.02410422640971982,0.02410422640971982
ID_KM14WW,0.024079788482056087,0.024079788482056087,0.010992983509528815,0.010992983509528815,0.01242235301188294,0.01242235301188294,0.024079788482056087,0.024079788482056087
ID_ZR9LL7,0.024079788482056087,0.024079788482056087,0.011003655112196822,0.011003655112196822,0.01242235301188294,0.01242235301188294,0.024079788482056087,0.024079788482056087
ID_MN7JHJ,0.02410422640971982,0.02410422640971982,0.010820060857771997,0.010820060857771997,0.012316631853116593,0.012316631853116593,0.02410422640971982,0.02410422640971982
ID_1YP6FS,0.02413404155581404,0.02413404155581404,0.012681317175225689,0.012681317175225689,0.01438431598264793,0.01438431598264793,0.02413404155581404,0.02413404155581404
ID_LY0FR7,0.024113816511882755,0.024113816511882755,0.011669444797215224,0.011669444797215224,0.013159214127538637,0.013159214127538637,0.024113816511882755,0.024113816511882755
ID_VA8YS0,0.024519358660131826,0.024519358660131826,0.011817696193118716,0.011817696193118716,0.013988497850194263,0.013988497850194263,0.024519358660131826,0.024519358660131826
ID_MGX9C4,0.02410422640971982,0.02410422640971982,0.011860092967337947,0.011860092967337947,0.013354648408405877,0.013354648408405877,0.02410422640971982,0.02410422640971982
ID_ODWSBV,0.02410422640971982,0.02410422640971982,0.011789645375448602,0.011789645375448602,0.013782256984163091,0.013782256984163091,0.02410422640971982,0.02410422640971982
ID_VIB8R6,0.02410422640971982,0.02410422640971982,0.011670220988803713,0.011670220988803713,0.013607796445366423,0.013607796445366423,0.02410422640971982,0.02410422640971982
ID_O3271L,0.024223980070574854,0.024223980070574854,0.011064794851394267,0.011064794851394267,0.01330509150109535,0.01330509150109535,0.024223980070574854,0.024223980070574854
ID_IA7XNG,0.02413404155581404,0.02413404155581404,0.012716359129415898,0.012716359129415898,0.013913986300271065,0.013913986300271065,0.02413404155581404,0.02413404155581404
ID_G5YFIJ,0.03606732031347941,0.03606732031347941,0.021484330820734754,0.021484330820734754,0.04395310469688938,0.04395310469688938,0.03606732031347941,0.03606732031347941
ID_8EA5ZH,0.03644313814120577,0.03644313814120577,0.01760662130919117,0.01760662130919117,0.05193825577853497,0.05193825577853497,0.03644313814120577,0.03644313814120577
ID_VUB2RU,0.042785461318052304,0.042785461318052304,0.024873586007937577,0.024873586007937577,0.0573569817975847,0.0573569817975847,0.042785461318052304,0.042785461318052304
ID_869AS8,0.03644313814120577,0.03644313814120577,0.017725286055708122,0.017725286055708122,0.04426170791902599,0.04426170791902599,0.03644313814120577,0.03644313814120577
ID_TIBN4U,0.04298564307539441,0.04298564307539441,0.028631279259686185,0.028631279259686185,0.060533374167984155,0.060533374167984155,0.04298564307539441,0.04298564307539441
ID_WQ3JF5,0.03644313814120577,0.03644313814120577,0.01760662130919117,0.01760662130919117,0.05193825577853497,0.05193825577853497,0.03644313814120577,0.03644313814120577
ID_5RBXPX,0.04298564307539441,0.04298564307539441,0.028631279259686185,0.028631279259686185,0.060533374167984155,0.060533374167984155,0.04298564307539441,0.04298564307539441
ID_5HD5ZA,0.042785461318052304,0.042785461318052304,0.024873586007937577,0.024873586007937577,0.0573569817975847,0.0573569817975847,0.042785461318052304,0.042785461318052304
ID_2S5VX6,0.04298564307539441,0.04298564307539441,0.028631279259686185,0.028631279259686185,0.060533374167984155,0.060533374167984155,0.04298564307539441,0.04298564307539441
ID_5A16YM,0.042785461318052304,0.042785461318052304,0.024873586007937577,0.024873586007937577,0.0573569817975847,0.0573569817975847,0.042785461318052304,0.042785461318052304
ID_9HWS96,0.03644313814120577,0.03644313814120577,0.01760662130919117,0.01760662130919117,0.05193825577853497,0.05193825577853497,0.03644313814120577,0.03644313814120577
ID_XSG0T2,0.03647805690492324,0.03647805690492324,0.01900623321385012,0.01900623321385012,0.0516806830864098,0.0516806830864098,0.03647805690492324,0.03647805690492324
ID_GKA6X5,0.04222334745756974,0.04222334745756974,0.02806544159911182,0.02806544159911182,0.04926115067584056,0.04926115067584056,0.04222334745756974,0.04222334745756974
ID_IADFLZ,0.04298564307539441,0.04298564307539441,0.028631279259686185,0.028631279259686185,0.060533374167984155,0.060533374167984155,0.04298564307539441,0.04298564307539441
ID_85I0GR,0.03647805690492324,0.03647805690492324,0.01900623321385012,0.01900623321385012,0.0516806830864098,0.0516806830864098,0.03647805690492324,0.03647805690492324
ID_MIJTEW,0.03644313814120577,0.03644313814120577,0.01760662130919117,0.01760662130919117,0.05193825577853497,0.05193825577853497,0.03644313814120577,0.03644313814120577
ID_B8BL0O,0.03647805690492324,0.03647805690492324,0.01900623321385012,0.01900623321385012,0.0516806830864098,0.0516806830864098,0.03647805690492324,0.03647805690492324
ID_QC1WRZ,0.04298564307539441,0.04298564307539441,0.028631279259686185,0.028631279259686185,0.060533374167984155,0.060533374167984155,0.04298564307539441,0.04298564307539441
ID_6UT7IC,0.03644313814120577,0.03644313814120577,0.01760662130919117,0.01760662130919117,0.05193825577853497,0.05193825577853497,0.03644313814120577,0.03644313814120577
ID_54JX22,0.03644313814120577,0.03644313814120577,0.01760662130919117,0.01760662130919117,0.05193825577853497,0.05193825577853497,0.03644313814120577,0.03644313814120577
ID_6TKU5R,0.03644313814120577,0.03644313814120577,0.01760662130919117,0.01760662130919117,0.05193825577853497,0.05193825577853497,0.03644313814120577,0.03644313814120577
ID_1JA2MK,0.03644313814120577,0.03644313814120577,0.017725286055708122,0.017725286055708122,0.04426170791902599,0.04426170791902599,0.03644313814120577,0.03644313814120577
ID_SJWY6D,0.03644313814120577,0.03644313814120577,0.01760662130919117,0.01760662130919117,0.05193825577853497,0.05193825577853497,0.03644313814120577,0.03644313814120577
ID_GIYG6G,0.03647805690492324,0.03647805690492324,0.01900623321385012,0.01900623321385012,0.0516806830864098,0.0516806830864098,0.03647805690492324,0.03647805690492324
ID_LJS85L,0.03644313814120577,0.03644313814120577,0.01760662130919117,0.01760662130919117,0.05193825577853497,0.05193825577853497,0.03644313814120577,0.03644313814120577
ID_TQNBDG,0.04298564307539441,0.04298564307539441,0.028631279259686185,0.028631279259686185,0.060533374167984155,0.060533374167984155,0.04298564307539441,0.04298564307539441
ID_XARP7Q,0.04298564307539441,0.04298564307539441,0.028631279259686185,0.028631279259686185,0.060533374167984155,0.060533374167984155,0.04298564307539441,0.04298564307539441
ID_BMEQA2,0.04298564307539441,0.04298564307539441,0.028631279259686185,0.028631279259686185,0.060533374167984155,0.060533374167984155,0.04298564307539441,0.04298564307539441
ID_O9717W,0.03644313814120577,0.03644313814120577,0.01760662130919117,0.01760662130919117,0.05193825577853497,0.05193825577853497,0.03644313814120577,0.03644313814120577
ID_7A9IEF,0.024927966027674008,0.024927966027674008,0.013623018133539713,0.013623018133539713,0.054523705424612906,0.054523705424612906,0.024927966027674008,0.024927966027674008
ID_YGG57K,0.02420509661914837,0.02420509661914837,0.014331372007939092,0.014331372007939092,0.02141581008431913,0.02141581008431913,0.02420509661914837,0.02420509661914837
ID_QI4XP9,0.024927966027674008,0.024927966027674008,0.013421963672446156,0.013421963672446156,0.0520682566629131,0.0520682566629131,0.024927966027674008,0.024927966027674008
ID_Q18N3W,0.027854992566315698,0.027854992566315698,0.02423416843139333,0.02423416843139333,0.21985157422953516,0.21985157422953516,0.027854992566315698,0.027854992566315698
ID_4VVCQH,0.02920341908552293,0.02920341908552293,0.031728341762630466,0.031728341762630466,0.21686586437518907,0.21686586437518907,0.02920341908552293,0.02920341908552293
ID_XE4IEV,0.024079788482056087,0.024079788482056087,0.01641563965135159,0.01641563965135159,0.026361106837632937,0.026361106837632937,0.024079788482056087,0.024079788482056087
ID_K3MAY0,0.029189334473924522,0.029189334473924522,0.02602130009053363,0.02602130009053363,0.21633514083833055,0.21633514083833055,0.029189334473924522,0.029189334473924522
ID_HW0LWU,0.02479840453277507,0.02479840453277507,0.017229251793780716,0.017229251793780716,0.033224716904675385,0.033224716904675385,0.02479840453277507,0.02479840453277507
ID_UCWQS1,0.024079788482056087,0.024079788482056087,0.017113109845535348,0.017113109845535348,0.021815789445423537,0.021815789445423537,0.024079788482056087,0.024079788482056087
ID_MZ5E9B,0.02413404155581404,0.02413404155581404,0.01338550879787989,0.01338550879787989,0.018672202913472706,0.018672202913472706,0.02413404155581404,0.02413404155581404
ID_C1K50D,0.05912439374172357,0.05912439374172357,0.14219557462230584,0.14219557462230584,0.35672090190180494,0.35672090190180494,0.05912439374172357,0.05912439374172357
ID_MC4KWW,0.36370354041312813,0.36370354041312813,0.3117842486041656,0.3117842486041656,0.462800048529815,0.462800048529815,0.36370354041312813,0.36370354041312813
ID_RH99WO,0.024447450601047343,0.024447450601047343,0.01663460347983113,0.01663460347983113,0.031149872672440626,0.031149872672440626,0.024447450601047343,0.024447450601047343
ID_744B0S,0.02413404155581404,0.02413404155581404,0.011757709962517552,0.011757709962517552,0.016919221487220918,0.016919221487220918,0.02413404155581404,0.02413404155581404
ID_G76EJJ,0.026967418554303627,0.026967418554303627,0.0146959417757304,0.0146959417757304,0.02094508311683299,0.02094508311683299,0.026967418554303627,0.026967418554303627
ID_W3FLE5,0.024459549545357024,0.024459549545357024,0.013289924364508853,0.013289924364508853,0.019265004638236972,0.019265004638236972,0.024459549545357024,0.024459549545357024
ID_EH2GC9,0.024946184594794682,0.024946184594794682,0.01344412243242339,0.01344412243242339,0.045892174036725894,0.045892174036725894,0.024946184594794682,0.024946184594794682
ID_VA32M2,0.027971503847167973,0.027971503847167973,0.030418381377352446,0.030418381377352446,0.23095169187627596,0.23095169187627596,0.027971503847167973,0.027971503847167973
ID_614OQG,0.037091798048925456,0.037091798048925456,0.07513581380141626,0.07513581380141626,0.1405145258695555,0.1405145258695555,0.037091798048925456,0.037091798048925456
ID_3XYEKG,0.02471204874693742,0.02471204874693742,0.016995422526494827,0.016995422526494827,0.03112476070737926,0.03112476070737926,0.02471204874693742,0.02471204874693742
ID_0NEH7M,0.02413404155581404,0.02413404155581404,0.01338550879787989,0.01338550879787989,0.018672202913472706,0.018672202913472706,0.02413404155581404,0.02413404155581404
ID_X56U7A,0.024459549545357024,0.024459549545357024,0.013885471120296509,0.013885471120296509,0.019265004638236972,0.019265004638236972,0.024459549545357024,0.024459549545357024
ID_LVGS8N,0.024459549545357024,0.024459549545357024,0.013885471120296509,0.013885471120296509,0.019265004638236972,0.019265004638236972,0.024459549545357024,0.024459549545357024
ID_8OM0HC,0.024459549545357024,0.024459549545357024,0.013885471120296509,0.013885471120296509,0.019265004638236972,0.019265004638236972,0.024459549545357024,0.024459549545357024
ID_ZF76R9,0.024079788482056087,0.024079788482056087,0.01641563965135159,0.01641563965135159,0.026361106837632937,0.026361106837632937,0.024079788482056087,0.024079788482056087
ID_38Z3AF,0.024079788482056087,0.024079788482056087,0.011076482920552957,0.011076482920552957,0.017541039385100845,0.017541039385100845,0.024079788482056087,0.024079788482056087
ID_MI871Y,0.024109603628150303,0.024109603628150303,0.01075541978099543,0.01075541978099543,0.015473662114506794,0.015473662114506794,0.024109603628150303,0.024109603628150303
ID_Z2O6G6,0.024109603628150303,0.024109603628150303,0.01075541978099543,0.01075541978099543,0.015473662114506794,0.015473662114506794,0.024109603628150303,0.024109603628150303
ID_N4NA0B,0.02496650167314607,0.02496650167314607,0.013236966006102479,0.013236966006102479,0.0386966950255948,0.0386966950255948,0.02496650167314607,0.02496650167314607
ID_CXGCMA,0.024079788482056087,0.024079788482056087,0.01641563965135159,0.01641563965135159,0.026361106837632937,0.026361106837632937,0.024079788482056087,0.024079788482056087
ID_S02NWF,0.024927966027674008,0.024927966027674008,0.013421963672446156,0.013421963672446156,0.0520682566629131,0.0520682566629131,0.024927966027674008,0.024927966027674008
ID_STYUQH,0.026300925819234287,0.026300925819234287,0.015425791138982226,0.015425791138982226,0.03152586472436045,0.03152586472436045,0.026300925819234287,0.026300925819234287
ID_OQ0NNL,0.026300925819234287,0.026300925819234287,0.015478626976321967,0.015478626976321967,0.032579554247571293,0.032579554247571293,0.026300925819234287,0.026300925819234287
ID_LMECJK,0.037091798048925456,0.037091798048925456,0.07512026339804115,0.07512026339804115,0.1405317849422302,0.1405317849422302,0.037091798048925456,0.037091798048925456
ID_D7R1NQ,0.02560308501474204,0.02560308501474204,0.016841740247163325,0.016841740247163325,0.028677022750575643,0.028677022750575643,0.02560308501474204,0.02560308501474204
ID_7XQ792,0.024079788482056087,0.024079788482056087,0.01705184705401433,0.01705184705401433,0.021823213421239027,0.021823213421239027,0.024079788482056087,0.024079788482056087
ID_U8RC44,0.0250570265241808,0.0250570265241808,0.015421255954022554,0.015421255954022554,0.03353349932041493,0.03353349932041493,0.0250570265241808,0.0250570265241808
ID_EBNFRL,0.04957173225023142,0.04957173225023142,0.019141512915214584,0.019141512915214584,0.04515020935640276,0.04515020935640276,0.04957173225023142,0.04957173225023142
ID_GKQ47Z,0.026300925819234287,0.026300925819234287,0.015420065814804127,0.015420065814804127,0.03214418447793187,0.03214418447793187,0.026300925819234287,0.026300925819234287
ID_YE5B6S,0.024571146408592134,0.024571146408592134,0.016364449306112777,0.016364449306112777,0.03536520072293854,0.03536520072293854,0.024571146408592134,0.024571146408592134
ID_W45VF7,0.025211179677152643,0.025211179677152643,0.013239040320209157,0.013239040320209157,0.040774092249573325,0.040774092249573325,0.025211179677152643,0.025211179677152643
ID_1RUKP4,0.03369160889847249,0.03369160889847249,0.0895786760141607,0.0895786760141607,0.25076942270349123,0.25076942270349123,0.03369160889847249,0.03369160889847249
ID_Q4TH3I,0.02413404155581404,0.02413404155581404,0.011408959336463529,0.011408959336463529,0.015825041817725368,0.015825041817725368,0.02413404155581404,0.02413404155581404
ID_DPVS20,0.024946184594794682,0.024946184594794682,0.01342924643338944,0.01342924643338944,0.046132434726184966,0.046132434726184966,0.024946184594794682,0.024946184594794682
ID_22KHLA,0.024198248366258588,0.024198248366258588,0.015412350730075691,0.015412350730075691,0.021557265781926994,0.021557265781926994,0.024198248366258588,0.024198248366258588
ID_S9QE4Q,0.02445270129246724,0.02445270129246724,0.014145568785780441,0.014145568785780441,0.02277157064464969,0.02277157064464969,0.02445270129246724,0.02445270129246724
ID_E7MX6C,0.02471204874693742,0.02471204874693742,0.017211599580308597,0.017211599580308597,0.03477136656019975,0.03477136656019975,0.02471204874693742,0.02471204874693742
ID_U3INRH,0.024198248366258588,0.024198248366258588,0.015412350730075691,0.015412350730075691,0.021557265781926994,0.021557265781926994,0.024198248366258588,0.024198248366258588
ID_DI7YTA,0.0799838935493629,0.0799838935493629,0.06011351235450884,0.06011351235450884,0.1485393302053989,0.1485393302053989,0.0799838935493629,0.0799838935493629
ID_RCOAWN,0.02599613891606529,0.02599613891606529,0.014387738721481526,0.014387738721481526,0.030391640297208797,0.030391640297208797,0.02599613891606529,0.02599613891606529
ID_Z1LRYM,0.02471204874693742,0.02471204874693742,0.018026196156240827,0.018026196156240827,0.031679278916734645,0.031679278916734645,0.02471204874693742,0.02471204874693742
ID_C2LJ70,0.024927966027674008,0.024927966027674008,0.013948512401314441,0.013948512401314441,0.04758327873928245,0.04758327873928245,0.024927966027674008,0.024927966027674008
ID_GIVEZ4,0.024552974582114175,0.024552974582114175,0.016783864955299366,0.016783864955299366,0.024374480365654316,0.024374480365654316,0.024552974582114175,0.024552974582114175
ID_ELDV2E,0.07908967911039236,0.07908967911039236,0.11353082864120803,0.11353082864120803,0.3313328766370477,0.3313328766370477,0.07908967911039236,0.07908967911039236
ID_2BSLWL,0.0250570265241808,0.0250570265241808,0.015421255954022554,0.015421255954022554,0.03353349932041493,0.03353349932041493,0.0250570265241808,0.0250570265241808
ID_SEXM8V,0.0927772602874748,0.0927772602874748,0.11932304095865809,0.11932304095865809,0.40890077372985123,0.40890077372985123,0.0927772602874748,0.0927772602874748
ID_MOIYPK,0.04865641949063786,0.04865641949063786,0.034274687363420216,0.034274687363420216,0.05764616604399861,0.05764616604399861,0.04865641949063786,0.04865641949063786
ID_G5NRPK,0.024198248366258588,0.024198248366258588,0.014599026404521546,0.014599026404521546,0.02476430058997806,0.02476430058997806,0.024198248366258588,0.024198248366258588
ID_JFVGSJ,0.024079788482056087,0.024079788482056087,0.01641563965135159,0.01641563965135159,0.026361106837632937,0.026361106837632937,0.024079788482056087,0.024079788482056087
ID_XWS7HQ,0.04236371638878119,0.04236371638878119,0.03446615828123881,0.03446615828123881,0.05280741573641044,0.05280741573641044,0.04236371638878119,0.04236371638878119
ID_4OYZV6,0.09500235342705388,0.09500235342705388,0.21783687344543667,0.21783687344543667,0.38775445964396876,0.38775445964396876,0.09500235342705388,0.09500235342705388
ID_01RP2A,0.024089378584219022,0.024089378584219022,0.01765720456494194,0.01765720456494194,0.027371745681772076,0.027371745681772076,0.024089378584219022,0.024089378584219022
ID_5PPY2G,0.024927966027674008,0.024927966027674008,0.013630054506755229,0.013630054506755229,0.054478006399084,0.054478006399084,0.024927966027674008,0.024927966027674008
ID_CSM246,0.025890471470718213,0.025890471470718213,0.013581659713178387,0.013581659713178387,0.05400081396919617,0.05400081396919617,0.025890471470718213,0.025890471470718213
ID_UJJ1IK,0.024927966027674008,0.024927966027674008,0.013433619646699785,0.013433619646699785,0.0520682566629131,0.0520682566629131,0.024927966027674008,0.024927966027674008
ID_XBI5K6,0.0542904342432804,0.0542904342432804,0.0181253022966854,0.0181253022966854,0.047941179893856316,0.047941179893856316,0.0542904342432804,0.0542904342432804
ID_WJ9PEO,0.024927966027674008,0.024927966027674008,0.01362247468821739,0.01362247468821739,0.053626646124540975,0.053626646124540975,0.024927966027674008,0.024927966027674008
ID_WY9EAI,0.02420509661914837,0.02420509661914837,0.014331372007939092,0.014331372007939092,0.02141581008431913,0.02141581008431913,0.02420509661914837,0.02420509661914837
ID_UR5OFA,0.024079788482056087,0.024079788482056087,0.01641563965135159,0.01641563965135159,0.026361106837632937,0.026361106837632937,0.024079788482056087,0.024079788482056087
ID_VXVK0E,0.024079788482056087,0.024079788482056087,0.01641563965135159,0.01641563965135159,0.026361106837632937,0.026361106837632937,0.024079788482056087,0.024079788482056087
ID_LKHDH9,0.024776866391331,0.024776866391331,0.013217761602128694,0.013217761602128694,0.037597348321020296,0.037597348321020296,0.024776866391331,0.024776866391331
ID_FS84JN,0.02426928980470619,0.02426928980470619,0.01680094450696341,0.01680094450696341,0.026469783851325437,0.026469783851325437,0.02426928980470619,0.02426928980470619
ID_Q08FAJ,0.024652803659775558,0.024652803659775558,0.01344729487555609,0.01344729487555609,0.04670208374262283,0.04670208374262283,0.024652803659775558,0.024652803659775558
ID_SRKWYT,0.024927966027674008,0.024927966027674008,0.013623018133539713,0.013623018133539713,0.05362025482151425,0.05362025482151425,0.024927966027674008,0.024927966027674008
ID_6ZEMZN,0.024109603628150303,0.024109603628150303,0.01119065862145955,0.01119065862145955,0.015681360927918275,0.015681360927918275,0.024109603628150303,0.024109603628150303
ID_0OW07A,0.024079788482056087,0.024079788482056087,0.01628393965820314,0.01628393965820314,0.021703260023880466,0.021703260023880466,0.024079788482056087,0.024079788482056087
ID_CI8CH1,0.0250570265241808,0.0250570265241808,0.01548725693182389,0.01548725693182389,0.033618367549647046,0.033618367549647046,0.0250570265241808,0.0250570265241808
ID_9FI442,0.024927966027674008,0.024927966027674008,0.013421963672446156,0.013421963672446156,0.0520682566629131,0.0520682566629131,0.024927966027674008,0.024927966027674008
ID_SO0DHO,0.026300925819234287,0.026300925819234287,0.015420065814804127,0.015420065814804127,0.03214418447793187,0.03214418447793187,0.026300925819234287,0.026300925819234287
ID_I3TWPN,0.026300925819234287,0.026300925819234287,0.015420065814804127,0.015420065814804127,0.03214418447793187,0.03214418447793187,0.026300925819234287,0.026300925819234287
ID_PRTLQO,0.02410422640971982,0.02410422640971982,0.010996388075915449,0.010996388075915449,0.015831094810543477,0.015831094810543477,0.02410422640971982,0.02410422640971982
ID_DLJ036,0.024109603628150303,0.024109603628150303,0.010728615991485472,0.010728615991485472,0.015681360927918275,0.015681360927918275,0.024109603628150303,0.024109603628150303
ID_1KRPQG,0.02467055420750918,0.02467055420750918,0.01678295716928558,0.01678295716928558,0.02453646306067552,0.02453646306067552,0.02467055420750918,0.02467055420750918
ID_ER9JGI,0.0250570265241808,0.0250570265241808,0.015421255954022554,0.015421255954022554,0.03353349932041493,0.03353349932041493,0.0250570265241808,0.0250570265241808
ID_URRD8K,0.02496650167314607,0.02496650167314607,0.01348333974477592,0.01348333974477592,0.04799072102632423,0.04799072102632423,0.02496650167314607,0.02496650167314607
ID_LLP2C0,0.02420509661914837,0.02420509661914837,0.014331372007939092,0.014331372007939092,0.02141581008431913,0.02141581008431913,0.02420509661914837,0.02420509661914837
ID_W15EIN,0.03358944612753963,0.03358944612753963,0.02277229117597797,0.02277229117597797,0.03225617903000617,0.03225617903000617,0.03358944612753963,0.03358944612753963
ID_CZ0VWL,0.024163194196210325,0.024163194196210325,0.011370735319857323,0.011370735319857323,0.014386452525617252,0.014386452525617252,0.024163194196210325,0.024163194196210325
ID_OEUEBT,0.02614757660587213,0.02614757660587213,0.015461655842063824,0.015461655842063824,0.17887646157710546,0.17887646157710546,0.02614757660587213,0.02614757660587213
ID_LXTW02,0.024109603628150303,0.024109603628150303,0.011232871236398432,0.011232871236398432,0.016791476834964285,0.016791476834964285,0.024109603628150303,0.024109603628150303
ID_N94SDP,0.024689764317280795,0.024689764317280795,0.013270596724903144,0.013270596724903144,0.046525695420234166,0.046525695420234166,0.024689764317280795,0.024689764317280795
ID_N0AWM0,0.02724966601891991,0.02724966601891991,0.02057955088199462,0.02057955088199462,0.23683638919450153,0.23683638919450153,0.02724966601891991,0.02724966601891991
ID_42NPIG,0.2676423071797547,0.2676423071797547,0.15032522992935815,0.15032522992935815,0.15161925112638885,0.15161925112638885,0.2676423071797547,0.2676423071797547
ID_NSS5HS,0.024807994634938005,0.024807994634938005,0.0172330192758575,0.0172330192758575,0.033224716904675385,0.033224716904675385,0.024807994634938005,0.024807994634938005
ID_ETVXZ7,0.024462291394630176,0.024462291394630176,0.01536618730358021,0.01536618730358021,0.023685662695327625,0.023685662695327625,0.024462291394630176,0.024462291394630176
ID_VEAIU7,0.027650047288068205,0.027650047288068205,0.01426339388650881,0.01426339388650881,0.020653598683284157,0.020653598683284157,0.027650047288068205,0.027650047288068205
ID_FJN84X,0.02599613891606529,0.02599613891606529,0.014387738721481526,0.014387738721481526,0.030391640297208797,0.030391640297208797,0.02599613891606529,0.02599613891606529
ID_HD7QTN,0.024927966027674008,0.024927966027674008,0.013421963672446156,0.013421963672446156,0.0520682566629131,0.0520682566629131,0.024927966027674008,0.024927966027674008
ID_NTR8YK,0.024109603628150303,0.024109603628150303,0.01075541978099543,0.01075541978099543,0.015473662114506794,0.015473662114506794,0.024109603628150303,0.024109603628150303
ID_9856FP,0.026557423423994062,0.026557423423994062,0.015273397754416924,0.015273397754416924,0.02154371444381757,0.02154371444381757,0.026557423423994062,0.026557423423994062
ID_69NK4X,0.024927966027674008,0.024927966027674008,0.013623018133539713,0.013623018133539713,0.054523705424612906,0.054523705424612906,0.024927966027674008,0.024927966027674008
ID_UVABGX,0.02599613891606529,0.02599613891606529,0.014387738721481526,0.014387738721481526,0.030391640297208797,0.030391640297208797,0.02599613891606529,0.02599613891606529
ID_S5C90U,0.36484248501101213,0.36484248501101213,0.37933714686012093,0.37933714686012093,0.47715073440543804,0.47715073440543804,0.36484248501101213,0.36484248501101213
ID_X0NOSD,0.024228063512352807,0.024228063512352807,0.01116547363555663,0.01116547363555663,0.015456479230531544,0.015456479230531544,0.024228063512352807,0.024228063512352807
ID_IJCE63,0.02468316259479911,0.02468316259479911,0.02099199989807785,0.02099199989807785,0.22952219262131934,0.22952219262131934,0.02468316259479911,0.02468316259479911
ID_ME1YJI,0.02426928980470619,0.02426928980470619,0.016783348019542985,0.016783348019542985,0.025815172374656158,0.025815172374656158,0.02426928980470619,0.02426928980470619
ID_CZIO8P,0.024079788482056087,0.024079788482056087,0.010743794348317107,0.010743794348317107,0.014207362442725824,0.014207362442725824,0.024079788482056087,0.024079788482056087
ID_GQKCKG,0.02471204874693742,0.02471204874693742,0.018057631952176828,0.018057631952176828,0.03560263865320719,0.03560263865320719,0.02471204874693742,0.02471204874693742
ID_CDDM41,0.026059666004346366,0.026059666004346366,0.0154450899607937,0.0154450899607937,0.032802795845157516,0.032802795845157516,0.026059666004346366,0.026059666004346366
ID_HOITR8,0.024927966027674008,0.024927966027674008,0.013421963672446156,0.013421963672446156,0.0520682566629131,0.0520682566629131,0.024927966027674008,0.024927966027674008
ID_MWGUUP,0.024927966027674008,0.024927966027674008,0.013623018133539713,0.013623018133539713,0.054523705424612906,0.054523705424612906,0.024927966027674008,0.024927966027674008
ID_TNZJLJ,0.024079788482056087,0.024079788482056087,0.01641563965135159,0.01641563965135159,0.026361106837632937,0.026361106837632937,0.024079788482056087,0.024079788482056087
ID_4RHCTV,0.024109603628150303,0.024109603628150303,0.010733738257744345,0.010733738257744345,0.014207362442725824,0.014207362442725824,0.024109603628150303,0.024109603628150303
ID_3D546N,0.024079788482056087,0.024079788482056087,0.010756491337313797,0.010756491337313797,0.018060367139721298,0.018060367139721298,0.024079788482056087,0.024079788482056087
ID_G3G8F2,0.035369969564790854,0.035369969564790854,0.021501384479383868,0.021501384479383868,0.06696137268213277,0.06696137268213277,0.035369969564790854,0.035369969564790854
ID_R3EVVT,0.06242537450220174,0.06242537450220174,0.032403724281101644,0.032403724281101644,0.2870825835489718,0.2870825835489718,0.06242537450220174,0.06242537450220174
ID_QEM6RQ,0.025549071567580947,0.025549071567580947,0.029714952426951605,0.029714952426951605,0.24980215515099094,0.24980215515099094,0.025549071567580947,0.025549071567580947
ID_NTVN8F,0.024113816511882755,0.024113816511882755,0.011143778647742802,0.011143778647742802,0.019354940886496027,0.019354940886496027,0.024113816511882755,0.024113816511882755
ID_AQTW5A,0.02410422640971982,0.02410422640971982,0.010615275776884167,0.010615275776884167,0.016499416787046205,0.016499416787046205,0.02410422640971982,0.02410422640971982
ID_2BK28V,0.024113816511882755,0.024113816511882755,0.011143778647742802,0.011143778647742802,0.019372199959170715,0.019372199959170715,0.024113816511882755,0.024113816511882755
ID_PXLHVB,0.02410422640971982,0.02410422640971982,0.010927145647749275,0.010927145647749275,0.016491587562477827,0.016491587562477827,0.02410422640971982,0.02410422640971982
ID_BTGNHS,0.02410422640971982,0.02410422640971982,0.010913212574535381,0.010913212574535381,0.016499416787046205,0.016499416787046205,0.02410422640971982,0.02410422640971982
ID_1T7417,0.02410422640971982,0.02410422640971982,0.01103011881660387,0.01103011881660387,0.021377966895103555,0.021377966895103555,0.02410422640971982,0.02410422640971982
ID_5IHZMO,0.02410422640971982,0.02410422640971982,0.011004575317350019,0.011004575317350019,0.01940940987473275,0.01940940987473275,0.02410422640971982,0.02410422640971982
ID_B1UDBV,0.024113816511882755,0.024113816511882755,0.011144910256083457,0.011144910256083457,0.019354940886496027,0.019354940886496027,0.024113816511882755,0.024113816511882755
ID_8HARO9,0.02410422640971982,0.02410422640971982,0.010927145647749275,0.010927145647749275,0.016491587562477827,0.016491587562477827,0.02410422640971982,0.02410422640971982
ID_SZOUS9,0.02410422640971982,0.02410422640971982,0.010980823408751766,0.010980823408751766,0.019401580650164372,0.019401580650164372,0.02410422640971982,0.02410422640971982
ID_BB770Y,0.02410422640971982,0.02410422640971982,0.011004575317350019,0.011004575317350019,0.01940940987473275,0.01940940987473275,0.02410422640971982,0.02410422640971982
ID_JUTR7C,0.02410422640971982,0.02410422640971982,0.010913212574535381,0.010913212574535381,0.016499416787046205,0.016499416787046205,0.02410422640971982,0.02410422640971982
ID_O1K46G,0.027120255334697092,0.027120255334697092,0.011682578496917274,0.011682578496917274,0.022036630386891295,0.022036630386891295,0.027120255334697092,0.027120255334697092
ID_IP98ON,0.02410422640971982,0.02410422640971982,0.010593600276901547,0.010593600276901547,0.016499416787046205,0.016499416787046205,0.02410422640971982,0.02410422640971982
ID_EXAG19,0.02410422640971982,0.02410422640971982,0.010615275776884167,0.010615275776884167,0.016499416787046205,0.016499416787046205,0.02410422640971982,0.02410422640971982
ID_9BDORD,0.025841748865009128,0.025841748865009128,0.01119288381209347,0.01119288381209347,0.021577796402214328,0.021577796402214328,0.025841748865009128,0.025841748865009128
ID_1T2JQX,0.024550809973034864,0.024550809973034864,0.011393253732641993,0.011393253732641993,0.019319446387131282,0.019319446387131282,0.024550809973034864,0.024550809973034864
ID_9EYMB0,0.024113816511882755,0.024113816511882755,0.011143778647742802,0.011143778647742802,0.019372199959170715,0.019372199959170715,0.024113816511882755,0.024113816511882755
ID_1HXO1D,0.02410422640971982,0.02410422640971982,0.01103011881660387,0.01103011881660387,0.021377966895103555,0.021377966895103555,0.02410422640971982,0.02410422640971982
ID_4TOC5J,0.02410422640971982,0.02410422640971982,0.010920643587232172,0.010920643587232172,0.018062516445642822,0.018062516445642822,0.02410422640971982,0.02410422640971982
ID_8IY1R3,0.02410422640971982,0.02410422640971982,0.010913212574535381,0.010913212574535381,0.016499416787046205,0.016499416787046205,0.02410422640971982,0.02410422640971982
ID_LYOJCT,0.02410422640971982,0.02410422640971982,0.010980823408751766,0.010980823408751766,0.019401580650164372,0.019401580650164372,0.02410422640971982,0.02410422640971982
ID_GN7SOH,0.02410422640971982,0.02410422640971982,0.010980823408751766,0.010980823408751766,0.019401580650164372,0.019401580650164372,0.02410422640971982,0.02410422640971982
ID_CBFIEN,0.025277352109626276,0.025277352109626276,0.01118211795276843,0.01118211795276843,0.021648833330042087,0.021648833330042087,0.025277352109626276,0.025277352109626276
ID_CLLIH7,0.025841748865009128,0.025841748865009128,0.011235622500655,0.011235622500655,0.021688346672927673,0.021688346672927673,0.025841748865009128,0.025841748865009128
ID_ZBZ0JX,0.025841748865009128,0.025841748865009128,0.011235622500655,0.011235622500655,0.021688346672927673,0.021688346672927673,0.025841748865009128,0.025841748865009128
ID_XCTTUN,0.02410422640971982,0.02410422640971982,0.010980823408751766,0.010980823408751766,0.019401580650164372,0.019401580650164372,0.02410422640971982,0.02410422640971982
ID_XPCFD0,0.024113816511882755,0.024113816511882755,0.011143778647742802,0.011143778647742802,0.019372199959170715,0.019372199959170715,0.024113816511882755,0.024113816511882755
ID_XLZ4P7,0.024113816511882755,0.024113816511882755,0.011183916058998909,0.011183916058998909,0.02234364154392764,0.02234364154392764,0.024113816511882755,0.024113816511882755
ID_JY1YPW,0.02410422640971982,0.02410422640971982,0.010615275776884167,0.010615275776884167,0.016499416787046205,0.016499416787046205,0.02410422640971982,0.02410422640971982
ID_ZTGLQD,0.02410422640971982,0.02410422640971982,0.010615275776884167,0.010615275776884167,0.016499416787046205,0.016499416787046205,0.02410422640971982,0.02410422640971982
ID_1QRN17,0.02410422640971982,0.02410422640971982,0.011004575317350019,0.011004575317350019,0.01940940987473275,0.01940940987473275,0.02410422640971982,0.02410422640971982
ID_2EA5JN,0.02410422640971982,0.02410422640971982,0.010913212574535381,0.010913212574535381,0.016499416787046205,0.016499416787046205,0.02410422640971982,0.02410422640971982
ID_MSKW1O,0.025277352109626276,0.025277352109626276,0.01118211795276843,0.01118211795276843,0.021648833330042087,0.021648833330042087,0.025277352109626276,0.025277352109626276
ID_2X1SZI,0.02410422640971982,0.02410422640971982,0.010913212574535381,0.010913212574535381,0.016499416787046205,0.016499416787046205,0.02410422640971982,0.02410422640971982
ID_5HSQYT,0.02410422640971982,0.02410422640971982,0.011004575317350019,0.011004575317350019,0.01940940987473275,0.01940940987473275,0.02410422640971982,0.02410422640971982
ID_3VOPJI,0.025277352109626276,0.025277352109626276,0.011182470383926781,0.011182470383926781,0.021730829279805016,0.021730829279805016,0.025277352109626276,0.025277352109626276
ID_71ZROQ,0.02410422640971982,0.02410422640971982,0.010969849049435522,0.010969849049435522,0.01940940987473275,0.01940940987473275,0.02410422640971982,0.02410422640971982
ID_IPWW84,0.02410422640971982,0.02410422640971982,0.010913212574535381,0.010913212574535381,0.016499416787046205,0.016499416787046205,0.02410422640971982,0.02410422640971982
ID_1WDZJ3,0.02410422640971982,0.02410422640971982,0.010593600276901547,0.010593600276901547,0.016499416787046205,0.016499416787046205,0.02410422640971982,0.02410422640971982
ID_X6FV99,0.025015678584613284,0.025015678584613284,0.011266756009482671,0.011266756009482671,0.0176680526424169,0.0176680526424169,0.025015678584613284,0.025015678584613284
ID_VM4SKC,0.02524031636472772,0.02524031636472772,0.01250330392686308,0.01250330392686308,0.01814655067874704,0.01814655067874704,0.02524031636472772,0.02524031636472772
ID_D785R6,0.02524031636472772,0.02524031636472772,0.01250330392686308,0.01250330392686308,0.01814655067874704,0.01814655067874704,0.02524031636472772,0.02524031636472772
ID_UWASJQ,0.02524031636472772,0.02524031636472772,0.0125277408911288,0.0125277408911288,0.017650380254682716,0.017650380254682716,0.02524031636472772,0.02524031636472772
ID_KOHT88,0.025015678584613284,0.025015678584613284,0.011289637111136536,0.011289637111136536,0.01844582727024067,0.01844582727024067,0.025015678584613284,0.025015678584613284
ID_OVJNUH,0.025270131510821935,0.025270131510821935,0.010931099853417243,0.010931099853417243,0.016420246441295687,0.016420246441295687,0.025270131510821935,0.025270131510821935
ID_G6R4XS,0.02524031636472772,0.02524031636472772,0.011964304845057285,0.011964304845057285,0.016402574053561506,0.016402574053561506,0.02524031636472772,0.02524031636472772
ID_KXVGAS,0.025270131510821935,0.025270131510821935,0.01186301938835942,0.01186301938835942,0.018428154882506487,0.018428154882506487,0.025270131510821935,0.025270131510821935
ID_RB8D8D,0.02524031636472772,0.02524031636472772,0.011964304845057285,0.011964304845057285,0.016402574053561506,0.016402574053561506,0.02524031636472772,0.02524031636472772
ID_X6E89R,0.02524031636472772,0.02524031636472772,0.011964304845057285,0.011964304845057285,0.016402574053561506,0.016402574053561506,0.02524031636472772,0.02524031636472772
ID_TA9PM5,0.025270131510821935,0.025270131510821935,0.01127592743962414,0.01127592743962414,0.016420246441295687,0.016420246441295687,0.025270131510821935,0.025270131510821935
ID_SU7MFU,0.02524031636472772,0.02524031636472772,0.011964304845057285,0.011964304845057285,0.016402574053561506,0.016402574053561506,0.02524031636472772,0.02524031636472772
ID_DMS7D1,0.025270131510821935,0.025270131510821935,0.011492298412793778,0.011492298412793778,0.018164223066481223,0.018164223066481223,0.025270131510821935,0.025270131510821935
ID_RUC06M,0.02524031636472772,0.02524031636472772,0.012307033275067233,0.012307033275067233,0.017650380254682716,0.017650380254682716,0.02524031636472772,0.02524031636472772
ID_11E7A7,0.02524031636472772,0.02524031636472772,0.01250330392686308,0.01250330392686308,0.01814655067874704,0.01814655067874704,0.02524031636472772,0.02524031636472772
ID_GJSBDX,0.025015678584613284,0.025015678584613284,0.011258928527626447,0.011258928527626447,0.016420246441295687,0.016420246441295687,0.025015678584613284,0.025015678584613284
ID_OK44US,0.02524031636472772,0.02524031636472772,0.012298185876965653,0.012298185876965653,0.016402574053561506,0.016402574053561506,0.02524031636472772,0.02524031636472772
ID_C8ZEBX,0.02524031636472772,0.02524031636472772,0.012533000437062467,0.012533000437062467,0.017650380254682716,0.017650380254682716,0.02524031636472772,0.02524031636472772
ID_J34RHZ,0.02524031636472772,0.02524031636472772,0.011964304845057285,0.011964304845057285,0.016402574053561506,0.016402574053561506,0.02524031636472772,0.02524031636472772
ID_A2Q37K,0.025544743219804322,0.025544743219804322,0.01184040039038834,0.01184040039038834,0.02155021853700574,0.02155021853700574,0.025544743219804322,0.025544743219804322
ID_FE7367,0.025249906466890654,0.025249906466890654,0.012531526187800643,0.012531526187800643,0.017650380254682716,0.017650380254682716,0.025249906466890654,0.025249906466890654
ID_IKDMI9,0.025015678584613284,0.025015678584613284,0.011266756009482671,0.011266756009482671,0.0176680526424169,0.0176680526424169,0.025015678584613284,0.025015678584613284
ID_UG0NCP,0.025249906466890654,0.025249906466890654,0.012531526187800643,0.012531526187800643,0.017650380254682716,0.017650380254682716,0.025249906466890654,0.025249906466890654
ID_Z695T3,0.025015678584613284,0.025015678584613284,0.011486872248094734,0.011486872248094734,0.0176680526424169,0.0176680526424169,0.025015678584613284,0.025015678584613284
ID_P3LV6I,0.02524031636472772,0.02524031636472772,0.012312884198450403,0.012312884198450403,0.017650380254682716,0.017650380254682716,0.02524031636472772,0.02524031636472772
ID_NWA63L,0.025249906466890654,0.025249906466890654,0.012531526187800643,0.012531526187800643,0.017650380254682716,0.017650380254682716,0.025249906466890654,0.025249906466890654
ID_V32HHY,0.025270131510821935,0.025270131510821935,0.011492298412793778,0.011492298412793778,0.018164223066481223,0.018164223066481223,0.025270131510821935,0.025270131510821935
ID_J4IIGE,0.025544743219804322,0.025544743219804322,0.01184040039038834,0.01184040039038834,0.02155021853700574,0.02155021853700574,0.025544743219804322,0.025544743219804322
ID_PMM0MA,0.02524031636472772,0.02524031636472772,0.01250330392686308,0.01250330392686308,0.01814655067874704,0.01814655067874704,0.02524031636472772,0.02524031636472772
ID_AQG7O8,0.025270131510821935,0.025270131510821935,0.010958921255662113,0.010958921255662113,0.016420246441295687,0.016420246441295687,0.025270131510821935,0.025270131510821935
ID_ZNN0U3,0.025544743219804322,0.025544743219804322,0.01184040039038834,0.01184040039038834,0.02155021853700574,0.02155021853700574,0.025544743219804322,0.025544743219804322
ID_25V33D,0.026784714044020223,0.026784714044020223,0.01265433443882108,0.01265433443882108,0.02228592666304097,0.02228592666304097,0.026784714044020223,0.026784714044020223
ID_BIKMDL,0.025501131016120386,0.025501131016120386,0.01197696197358726,0.01197696197358726,0.019457557644502143,0.019457557644502143,0.025501131016120386,0.025501131016120386
ID_XU2Y8E,0.025015678584613284,0.025015678584613284,0.011266756009482671,0.011266756009482671,0.0176680526424169,0.0176680526424169,0.025015678584613284,0.025015678584613284
ID_STGN0X,0.025015678584613284,0.025015678584613284,0.011279887531344897,0.011279887531344897,0.01641256967203263,0.01641256967203263,0.025015678584613284,0.025015678584613284
ID_JEKWX9,0.025249906466890654,0.025249906466890654,0.012525138414697342,0.012525138414697342,0.0184255726460541,0.0184255726460541,0.025249906466890654,0.025249906466890654
ID_1DT5V6,0.025015678584613284,0.025015678584613284,0.011266756009482671,0.011266756009482671,0.0176680526424169,0.0176680526424169,0.025015678584613284,0.025015678584613284
ID_EA0FL1,0.02410441727287738,0.02410441727287738,0.31887247520318696,0.31887247520318696,0.21270534117919018,0.21270534117919018,0.02410441727287738,0.02410441727287738
ID_7XDH6X,0.02410441727287738,0.02410441727287738,0.3157460063147972,0.3157460063147972,0.19174512229634888,0.19174512229634888,0.02410441727287738,0.02410441727287738
ID_X7UEWP,0.02410441727287738,0.02410441727287738,0.31887247520318696,0.31887247520318696,0.21270534117919018,0.21270534117919018,0.02410441727287738,0.02410441727287738
ID_OYG8BU,0.02410441727287738,0.02410441727287738,0.31887247520318696,0.31887247520318696,0.21270534117919018,0.21270534117919018,0.02410441727287738,0.02410441727287738
ID_ADNSWV,0.02410441727287738,0.02410441727287738,0.31887247520318696,0.31887247520318696,0.21270534117919018,0.21270534117919018,0.02410441727287738,0.02410441727287738
ID_V8G394,0.02410441727287738,0.02410441727287738,0.31887247520318696,0.31887247520318696,0.21270534117919018,0.21270534117919018,0.02410441727287738,0.02410441727287738
ID_HYSZML,0.02410441727287738,0.02410441727287738,0.31887247520318696,0.31887247520318696,0.21270534117919018,0.21270534117919018,0.02410441727287738,0.02410441727287738
ID_ELFXTH,0.02410441727287738,0.02410441727287738,0.31887247520318696,0.31887247520318696,0.21270534117919018,0.21270534117919018,0.02410441727287738,0.02410441727287738
ID_4L5H4Z,0.4625519904454771,0.4625519904454771,0.3599642451407604,0.3599642451407604,0.49522413949044397,0.49522413949044397,0.4625519904454771,0.4625519904454771
ID_65FJEN,0.5168924966560708,0.5168924966560708,0.3619163037658927,0.3619163037658927,0.37134925416416875,0.37134925416416875,0.5168924966560708,0.5168924966560708
ID_J055PC,0.46624671151519187,0.46624671151519187,0.35408724500096916,0.35408724500096916,0.31979627046188835,0.31979627046188835,0.46624671151519187,0.46624671151519187
ID_0EW874,0.45608830063594397,0.45608830063594397,0.3314931817020091,0.3314931817020091,0.49397956406935134,0.49397956406935134,0.45608830063594397,0.45608830063594397
ID_GWFNDL,0.3821705696461866,0.3821705696461866,0.324598231008772,0.324598231008772,0.3379178971857396,0.3379178971857396,0.3821705696461866,0.3821705696461866
ID_FKP6WX,0.5369377358665745,0.5369377358665745,0.3989153779032175,0.3989153779032175,0.39504053438147135,0.39504053438147135,0.5369377358665745,0.5369377358665745
ID_Q3569K,0.46624671151519187,0.46624671151519187,0.3514949995990757,0.3514949995990757,0.31495385736053955,0.31495385736053955,0.46624671151519187,0.46624671151519187
ID_VKIX04,0.4652366819464423,0.4652366819464423,0.31919255546615044,0.31919255546615044,0.3099657819547093,0.3099657819547093,0.4652366819464423,0.4652366819464423
ID_4BV3VQ,0.44489196201077197,0.44489196201077197,0.34246223365125184,0.34246223365125184,0.4907331179741087,0.4907331179741087,0.44489196201077197,0.44489196201077197
ID_D243HP,0.5336255801261177,0.5336255801261177,0.3893699839815264,0.3893699839815264,0.3858649057378814,0.3858649057378814,0.5336255801261177,0.5336255801261177
ID_ENNMFX,0.45691517421542527,0.45691517421542527,0.33202913843624465,0.33202913843624465,0.4532499293771369,0.4532499293771369,0.45691517421542527,0.45691517421542527
ID_56YK11,0.4644855592959577,0.4644855592959577,0.3401957469575879,0.3401957469575879,0.5137055797305519,0.5137055797305519,0.4644855592959577,0.4644855592959577
ID_ZDRSG4,0.5363389791063922,0.5363389791063922,0.402897838023055,0.402897838023055,0.38885288036493837,0.38885288036493837,0.5363389791063922,0.5363389791063922
ID_L5M3EC,0.468072933033179,0.468072933033179,0.31815726393990595,0.31815726393990595,0.465322361202414,0.465322361202414,0.468072933033179,0.468072933033179
ID_JF1SSX,0.46471376804351305,0.46471376804351305,0.3341578740356044,0.3341578740356044,0.31495385736053955,0.31495385736053955,0.46471376804351305,0.46471376804351305
ID_MSLQC3,0.5168924966560708,0.5168924966560708,0.3619163037658927,0.3619163037658927,0.37134925416416875,0.37134925416416875,0.5168924966560708,0.5168924966560708
ID_AH9Q0K,0.537025229527464,0.537025229527464,0.40048760651683024,0.40048760651683024,0.39171004047579927,0.39171004047579927,0.537025229527464,0.537025229527464
ID_FNREC1,0.3894797078051416,0.3894797078051416,0.2961526659823278,0.2961526659823278,0.29485865391132743,0.29485865391132743,0.3894797078051416,0.3894797078051416
ID_NAP7H7,0.49215359892127525,0.49215359892127525,0.41574238952891795,0.41574238952891795,0.3562483276695408,0.3562483276695408,0.49215359892127525,0.49215359892127525
ID_N4FDS5,0.024109603628150303,0.024109603628150303,0.010897402946658984,0.010897402946658984,0.01230853189090907,0.01230853189090907,0.024109603628150303,0.024109603628150303
ID_9JNJ9F,0.024109603628150303,0.024109603628150303,0.01084491259848394,0.01084491259848394,0.012327362757039365,0.012327362757039365,0.024109603628150303,0.024109603628150303
ID_ZA03TJ,0.652157750848824,0.652157750848824,0.7109708188678616,0.7109708188678616,0.7013066433206068,0.7013066433206068,0.652157750848824,0.652157750848824
ID_J6VA25,0.024283974291142357,0.024283974291142357,0.012148048167504824,0.012148048167504824,0.01739685230059596,0.01739685230059596,0.024283974291142357,0.024283974291142357
ID_L1ALDL,0.5741658378929815,0.5741658378929815,0.5053409535902509,0.5053409535902509,0.5676882531505544,0.5676882531505544,0.5741658378929815,0.5741658378929815
ID_VUKG4F,0.024109603628150303,0.024109603628150303,0.010812636264427924,0.010812636264427924,0.012321916946258981,0.012321916946258981,0.024109603628150303,0.024109603628150303
ID_5O53M7,0.5776045599674496,0.5776045599674496,0.5053409535902509,0.5053409535902509,0.5676882531505544,0.5676882531505544,0.5776045599674496,0.5776045599674496
ID_I7DW67,0.5992468731892364,0.5992468731892364,0.5945930143690148,0.5945930143690148,0.6246955664779643,0.6246955664779643,0.5992468731892364,0.5992468731892364
ID_XWNBF6,0.024109603628150303,0.024109603628150303,0.01084328991434712,0.01084328991434712,0.012340747812389277,0.012340747812389277,0.024109603628150303,0.024109603628150303
ID_BC5JMO,0.024109603628150303,0.024109603628150303,0.01425481071260177,0.01425481071260177,0.031678192482725784,0.031678192482725784,0.024109603628150303,0.024109603628150303
ID_FW0L11,0.024283974291142357,0.024283974291142357,0.012111801361718669,0.012111801361718669,0.017330798838242845,0.017330798838242845,0.024283974291142357,0.024283974291142357
ID_EAJN9C,0.024109603628150303,0.024109603628150303,0.013566408368061028,0.013566408368061028,0.019261452538617076,0.019261452538617076,0.024109603628150303,0.024109603628150303
ID_VWWM1B,0.6379622268582932,0.6379622268582932,0.6453670752335026,0.6453670752335026,0.6419825179006541,0.6419825179006541,0.6379622268582932,0.6379622268582932
ID_ACHKGT,0.662359302850029,0.662359302850029,0.7202940933532719,0.7202940933532719,0.7084070520613603,0.7084070520613603,0.662359302850029,0.662359302850029
ID_IF01BZ,0.6118028047832993,0.6118028047832993,0.6144942612903547,0.6144942612903547,0.6112845218022016,0.6112845218022016,0.6118028047832993,0.6118028047832993
ID_352OA7,0.024109603628150303,0.024109603628150303,0.010810454423358118,0.010810454423358118,0.012340747812389277,0.012340747812389277,0.024109603628150303,0.024109603628150303
ID_OAR02I,0.024109603628150303,0.024109603628150303,0.01084969513170618,0.01084969513170618,0.012334893213394661,0.012334893213394661,0.024109603628150303,0.024109603628150303
ID_QT0C2S,0.024109603628150303,0.024109603628150303,0.013705016840426732,0.013705016840426732,0.01932750600097019,0.01932750600097019,0.024109603628150303,0.024109603628150303
ID_RJI8NC,0.5431747931638934,0.5431747931638934,0.4187352666054164,0.4187352666054164,0.5004162000292729,0.5004162000292729,0.5431747931638934,0.5431747931638934
ID_TYJBEE,0.6390990068941971,0.6390990068941971,0.6709948762758094,0.6709948762758094,0.6737123205348883,0.6737123205348883,0.6390990068941971,0.6390990068941971
ID_X4ZZMV,0.5535250390374199,0.5535250390374199,0.5933819043167756,0.5933819043167756,0.5741481799133198,0.5741481799133198,0.5535250390374199,0.5535250390374199
ID_TOVXGP,0.024109603628150303,0.024109603628150303,0.010881257401294395,0.010881257401294395,0.012334015658894006,0.012334015658894006,0.024109603628150303,0.024109603628150303
ID_3U6HHR,0.024109603628150303,0.024109603628150303,0.013566408368061028,0.013566408368061028,0.019261452538617076,0.019261452538617076,0.024109603628150303,0.024109603628150303
ID_27AIBY,0.6633643868241659,0.6633643868241659,0.7253126738727385,0.7253126738727385,0.7306873179802926,0.7306873179802926,0.6633643868241659,0.6633643868241659
ID_A7AZEH,0.024109603628150303,0.024109603628150303,0.014019147198016418,0.014019147198016418,0.020248065834562574,0.020248065834562574,0.024109603628150303,0.024109603628150303
ID_BPO1ZS,0.024109603628150303,0.024109603628150303,0.010812636264427924,0.010812636264427924,0.012321916946258981,0.012321916946258981,0.024109603628150303,0.024109603628150303
ID_WPRF92,0.024109603628150303,0.024109603628150303,0.013705016840426732,0.013705016840426732,0.01932750600097019,0.01932750600097019,0.024109603628150303,0.024109603628150303
ID_JV6D5V,0.024109603628150303,0.024109603628150303,0.01084328991434712,0.01084328991434712,0.012340747812389277,0.012340747812389277,0.024109603628150303,0.024109603628150303
ID_H5U4U0,0.5416705466646995,0.5416705466646995,0.41170548642347543,0.41170548642347543,0.490030333459843,0.490030333459843,0.5416705466646995,0.5416705466646995
ID_TMYMBX,0.024330790770543106,0.024330790770543106,0.012324426024082173,0.012324426024082173,0.0174735538959787,0.0174735538959787,0.024330790770543106,0.024330790770543106
ID_X2SPAZ,0.024330790770543106,0.024330790770543106,0.012324426024082173,0.012324426024082173,0.0174735538959787,0.0174735538959787,0.024330790770543106,0.024330790770543106
ID_UHGZ8K,0.024109603628150303,0.024109603628150303,0.010810454423358118,0.010810454423358118,0.012340747812389277,0.012340747812389277,0.024109603628150303,0.024109603628150303
ID_WGGUI2,0.024109603628150303,0.024109603628150303,0.01084491259848394,0.01084491259848394,0.012327362757039365,0.012327362757039365,0.024109603628150303,0.024109603628150303
ID_3BPFHK,0.5233331075234897,0.5233331075234897,0.4426637648965005,0.4426637648965005,0.5336164791905451,0.5336164791905451,0.5233331075234897,0.5233331075234897
ID_LZH474,0.024109603628150303,0.024109603628150303,0.013689738956839056,0.013689738956839056,0.019075194232063296,0.019075194232063296,0.024109603628150303,0.024109603628150303
ID_NQHCHL,0.6636078293123855,0.6636078293123855,0.7278659343085154,0.7278659343085154,0.7348831057388555,0.7348831057388555,0.6636078293123855,0.6636078293123855
ID_UUZS7P,0.5831319186112405,0.5831319186112405,0.49502549356086256,0.49502549356086256,0.5557427611772803,0.5557427611772803,0.5831319186112405,0.5831319186112405
ID_E9X5DZ,0.024283974291142357,0.024283974291142357,0.012197244937028355,0.012197244937028355,0.01731678255573909,0.01731678255573909,0.024283974291142357,0.024283974291142357
ID_TWO5KW,0.024109603628150303,0.024109603628150303,0.010810454423358118,0.010810454423358118,0.012340747812389277,0.012340747812389277,0.024109603628150303,0.024109603628150303
ID_OVMB93,0.024109603628150303,0.024109603628150303,0.013566408368061028,0.013566408368061028,0.019261452538617076,0.019261452538617076,0.024109603628150303,0.024109603628150303
ID_KMRABQ,0.024109603628150303,0.024109603628150303,0.013566408368061028,0.013566408368061028,0.019261452538617076,0.019261452538617076,0.024109603628150303,0.024109603628150303
ID_BH79J9,0.024283974291142357,0.024283974291142357,0.012168904637038609,0.012168904637038609,0.017324944239248227,0.017324944239248227,0.024283974291142357,0.024283974291142357
ID_E8TVW6,0.024109603628150303,0.024109603628150303,0.010828464077530527,0.010828464077530527,0.012334893213394661,0.012334893213394661,0.024109603628150303,0.024109603628150303
ID_20E17F,0.024109603628150303,0.024109603628150303,0.01360006064137764,0.01360006064137764,0.019261452538617076,0.019261452538617076,0.024109603628150303,0.024109603628150303
ID_SIQFI1,0.46075035130237674,0.46075035130237674,0.445415875082095,0.445415875082095,0.4901756734207146,0.4901756734207146,0.46075035130237674,0.46075035130237674
ID_41NA8W,0.024330790770543106,0.024330790770543106,0.012324426024082173,0.012324426024082173,0.0174735538959787,0.0174735538959787,0.024330790770543106,0.024330790770543106
ID_WGVQO0,0.024109603628150303,0.024109603628150303,0.010810454423358118,0.010810454423358118,0.012340747812389277,0.012340747812389277,0.024109603628150303,0.024109603628150303
ID_LGQONB,0.024109603628150303,0.024109603628150303,0.01082310238267667,0.01082310238267667,0.01230853189090907,0.01230853189090907,0.024109603628150303,0.024109603628150303
ID_8LIA1C,0.024109603628150303,0.024109603628150303,0.010816274110557168,0.010816274110557168,0.012327362757039365,0.012327362757039365,0.024109603628150303,0.024109603628150303
ID_CXKAZG,0.5416705466646995,0.5416705466646995,0.41170548642347543,0.41170548642347543,0.490030333459843,0.490030333459843,0.5416705466646995,0.5416705466646995
ID_BI2AKY,0.024109603628150303,0.024109603628150303,0.013566408368061028,0.013566408368061028,0.019261452538617076,0.019261452538617076,0.024109603628150303,0.024109603628150303
ID_Z2J1B3,0.024109603628150303,0.024109603628150303,0.013649997275831664,0.013649997275831664,0.01925559793962246,0.01925559793962246,0.024109603628150303,0.024109603628150303
ID_V2UWES,0.024330790770543106,0.024330790770543106,0.012324426024082173,0.012324426024082173,0.0174735538959787,0.0174735538959787,0.024330790770543106,0.024330790770543106
ID_AMLGLN,0.024109603628150303,0.024109603628150303,0.01084328991434712,0.01084328991434712,0.012340747812389277,0.012340747812389277,0.024109603628150303,0.024109603628150303
ID_GSJHB8,0.024330790770543106,0.024330790770543106,0.012324426024082173,0.012324426024082173,0.0174735538959787,0.0174735538959787,0.024330790770543106,0.024330790770543106
ID_307KZ4,0.024109603628150303,0.024109603628150303,0.010812636264427924,0.010812636264427924,0.012321916946258981,0.012321916946258981,0.024109603628150303,0.024109603628150303
ID_GVIHSB,0.024109603628150303,0.024109603628150303,0.010812636264427924,0.010812636264427924,0.012321916946258981,0.012321916946258981,0.024109603628150303,0.024109603628150303
ID_YRLG4Z,0.5583953111902711,0.5583953111902711,0.5678190094761746,0.5678190094761746,0.6545317374803709,0.6545317374803709,0.5583953111902711,0.5583953111902711
ID_IYKBYV,0.3285543222294283,0.3285543222294283,0.3107971457699189,0.3107971457699189,0.3527681074768255,0.3527681074768255,0.3285543222294283,0.3285543222294283
ID_YU27DG,0.5176166861261767,0.5176166861261767,0.5407844541514412,0.5407844541514412,0.5726607695228426,0.5726607695228426,0.5176166861261767,0.5176166861261767
ID_YYEH5O,0.6328071494491283,0.6328071494491283,0.6362411877320304,0.6362411877320304,0.6886787633264972,0.6886787633264972,0.6328071494491283,0.6328071494491283
ID_HQCYED,0.652157750848824,0.652157750848824,0.7109708188678616,0.7109708188678616,0.7013066433206068,0.7013066433206068,0.652157750848824,0.652157750848824
ID_5UY94I,0.6640020662751703,0.6640020662751703,0.7105879876585917,0.7105879876585917,0.7242873627411845,0.7242873627411845,0.6640020662751703,0.6640020662751703
ID_DBNNI7,0.024109603628150303,0.024109603628150303,0.01084491259848394,0.01084491259848394,0.012327362757039365,0.012327362757039365,0.024109603628150303,0.024109603628150303
ID_3D6XKC,0.024109603628150303,0.024109603628150303,0.01082310238267667,0.01082310238267667,0.01230853189090907,0.01230853189090907,0.024109603628150303,0.024109603628150303
ID_513OKE,0.024330790770543106,0.024330790770543106,0.012324426024082173,0.012324426024082173,0.0174735538959787,0.0174735538959787,0.024330790770543106,0.024330790770543106
ID_MISHT0,0.5947827346319464,0.5947827346319464,0.5877408276702332,0.5877408276702332,0.6050198196507486,0.6050198196507486,0.5947827346319464,0.5947827346319464
ID_MUUQ2D,0.024109603628150303,0.024109603628150303,0.013649997275831664,0.013649997275831664,0.01925559793962246,0.01925559793962246,0.024109603628150303,0.024109603628150303
ID_AIEZLX,0.6633643868241659,0.6633643868241659,0.7237331135288041,0.7237331135288041,0.7221174047646777,0.7221174047646777,0.6633643868241659,0.6633643868241659
ID_MZIUA6,0.024283974291142357,0.024283974291142357,0.012148248374798111,0.012148248374798111,0.01739685230059596,0.01739685230059596,0.024283974291142357,0.024283974291142357
ID_ANHYB9,0.62722698332667,0.62722698332667,0.6059502754644334,0.6059502754644334,0.6113331371359931,0.6113331371359931,0.62722698332667,0.62722698332667
ID_7TC22K,0.03139004083846867,0.03139004083846867,0.02019372860832696,0.02019372860832696,0.012047216495446166,0.012047216495446166,0.03139004083846867,0.03139004083846867
ID_WECC7T,0.6591121541721893,0.6591121541721893,0.6166130465675489,0.6166130465675489,0.6917618184567722,0.6917618184567722,0.6591121541721893,0.6591121541721893
ID_3E044A,0.033726661756245176,0.033726661756245176,0.03908138830651395,0.03908138830651395,0.023403355827047254,0.023403355827047254,0.033726661756245176,0.033726661756245176
ID_AOJ7HM,0.5174577104200051,0.5174577104200051,0.4408218502258856,0.4408218502258856,0.4818646248727344,0.4818646248727344,0.5174577104200051,0.5174577104200051
ID_ITWWC2,0.04019730630302079,0.04019730630302079,0.07963291469120354,0.07963291469120354,0.04409967407952086,0.04409967407952086,0.04019730630302079,0.04019730630302079
ID_P76XAE,0.3406333035381484,0.3406333035381484,0.25799002412718164,0.25799002412718164,0.2681769497224378,0.2681769497224378,0.3406333035381484,0.3406333035381484
ID_8ALEJI,0.5420552505372844,0.5420552505372844,0.490851069988449,0.490851069988449,0.5278623080828667,0.5278623080828667,0.5420552505372844,0.5420552505372844
ID_X1U8KM,0.032865168400476,0.032865168400476,0.033939910322200686,0.033939910322200686,0.025378378673607038,0.025378378673607038,0.032865168400476,0.032865168400476
ID_INJW15,0.03438037646672996,0.03438037646672996,0.030498207850668535,0.030498207850668535,0.025250834843059913,0.025250834843059913,0.03438037646672996,0.03438037646672996
ID_DYA9YK,0.040034289246892035,0.040034289246892035,0.07601502679461442,0.07601502679461442,0.051442729506696934,0.051442729506696934,0.040034289246892035,0.040034289246892035
ID_6DVPR4,0.024119193730313238,0.024119193730313238,0.010945351874095866,0.010945351874095866,0.012470013193088545,0.012470013193088545,0.024119193730313238,0.024119193730313238
ID_MDBOL8,0.02413404155581404,0.02413404155581404,0.010862502094864996,0.010862502094864996,0.012321685149431534,0.012321685149431534,0.02413404155581404,0.02413404155581404
ID_MLPWMW,0.04009716382082562,0.04009716382082562,0.05875200047104685,0.05875200047104685,0.04316177514982358,0.04316177514982358,0.04009716382082562,0.04009716382082562
ID_MD9VVM,0.46779891880972435,0.46779891880972435,0.346525012889944,0.346525012889944,0.33134382636206916,0.33134382636206916,0.46779891880972435,0.46779891880972435
ID_3BAARO,0.03393972238922191,0.03393972238922191,0.03922325715895772,0.03922325715895772,0.025306581335785353,0.025306581335785353,0.03393972238922191,0.03393972238922191
ID_YFUXFB,0.032077238370447334,0.032077238370447334,0.027902756858860484,0.027902756858860484,0.012883865712429948,0.012883865712429948,0.032077238370447334,0.032077238370447334
ID_X6CKBA,0.033968079994756414,0.033968079994756414,0.039148451575998416,0.039148451575998416,0.02431066880173801,0.02431066880173801,0.033968079994756414,0.033968079994756414
ID_I5WORJ,0.04141000643132347,0.04141000643132347,0.08227441261775897,0.08227441261775897,0.056772089466934746,0.056772089466934746,0.04141000643132347,0.04141000643132347
ID_TDDKA4,0.04019730630302079,0.04019730630302079,0.07964720249044455,0.07964720249044455,0.04420668010816408,0.04420668010816408,0.04019730630302079,0.04019730630302079
ID_EE9QVY,0.0489412652760388,0.0489412652760388,0.18088346036359818,0.18088346036359818,0.0880725418274749,0.0880725418274749,0.0489412652760388,0.0489412652760388
ID_PW51BS,0.03563354703998325,0.03563354703998325,0.039447399969342635,0.039447399969342635,0.022924141456196784,0.022924141456196784,0.03563354703998325,0.03563354703998325
ID_EWE6FR,0.047900042869566666,0.047900042869566666,0.14183573144296308,0.14183573144296308,0.0811396874519655,0.0811396874519655,0.047900042869566666,0.047900042869566666
ID_QNIOX3,0.0362170007526881,0.0362170007526881,0.035872373270884064,0.035872373270884064,0.02538841322161671,0.02538841322161671,0.0362170007526881,0.0362170007526881
ID_K0L9RN,0.03801880641162416,0.03801880641162416,0.030419044180441557,0.030419044180441557,0.02572303514514166,0.02572303514514166,0.03801880641162416,0.03801880641162416
ID_P5OY4C,0.6610252930176107,0.6610252930176107,0.6383070687526265,0.6383070687526265,0.7281643541155569,0.7281643541155569,0.6610252930176107,0.6610252930176107
ID_QN361E,0.3340753429495201,0.3340753429495201,0.2217198013685746,0.2217198013685746,0.24119577899021644,0.24119577899021644,0.3340753429495201,0.3340753429495201
ID_DEH5S2,0.03595418039388744,0.03595418039388744,0.03925085759247779,0.03925085759247779,0.028740481197666885,0.028740481197666885,0.03595418039388744,0.03595418039388744
ID_SPM44L,0.588854155777405,0.588854155777405,0.3985885385333464,0.3985885385333464,0.4210080086753167,0.4210080086753167,0.588854155777405,0.588854155777405
ID_U7XEK7,0.036100999951330495,0.036100999951330495,0.02994543874629213,0.02994543874629213,0.021876682727368257,0.021876682727368257,0.036100999951330495,0.036100999951330495
ID_XZPS7Z,0.33997692100109494,0.33997692100109494,0.25895685517005895,0.25895685517005895,0.26672083985232936,0.26672083985232936,0.33997692100109494,0.33997692100109494
ID_ROYJU2,0.03425664897992251,0.03425664897992251,0.03034220931700883,0.03034220931700883,0.023897034759615084,0.023897034759615084,0.03425664897992251,0.03425664897992251
ID_5UY3S5,0.03593296345879763,0.03593296345879763,0.038952126183424994,0.038952126183424994,0.02292071807591961,0.02292071807591961,0.03593296345879763,0.03593296345879763
ID_ABL5U6,0.04748025963953072,0.04748025963953072,0.04039408715163142,0.04039408715163142,0.023561619642827544,0.023561619642827544,0.04748025963953072,0.04748025963953072
ID_75GT5C,0.034021670562816436,0.034021670562816436,0.030072038455398627,0.030072038455398627,0.021400993892568564,0.021400993892568564,0.034021670562816436,0.034021670562816436
ID_SJ6E5C,0.03588614697939688,0.03588614697939688,0.03918174070786937,0.03918174070786937,0.023893165590928474,0.023893165590928474,0.03588614697939688,0.03588614697939688
ID_EOCGGW,0.034635823957557,0.034635823957557,0.03995873396267391,0.03995873396267391,0.0379686174921543,0.0379686174921543,0.034635823957557,0.034635823957557
ID_1X408O,0.46281459809495634,0.46281459809495634,0.33930680362096666,0.33930680362096666,0.3172906450695715,0.3172906450695715,0.46281459809495634,0.46281459809495634
ID_85M9K8,0.03393972238922191,0.03393972238922191,0.03901244026482859,0.03901244026482859,0.024081675029730347,0.024081675029730347,0.03393972238922191,0.03393972238922191
ID_U1UDRT,0.03410988725072451,0.03410988725072451,0.029828739894933985,0.029828739894933985,0.021154304915866326,0.021154304915866326,0.03410988725072451,0.03410988725072451
ID_3CP868,0.029126949318198515,0.029126949318198515,0.02658750528559503,0.02658750528559503,0.022819799395837344,0.022819799395837344,0.029126949318198515,0.029126949318198515
ID_T9Y63Y,0.049197071759556205,0.049197071759556205,0.03914405280156982,0.03914405280156982,0.02736990812373239,0.02736990812373239,0.049197071759556205,0.049197071759556205
ID_UFQUML,0.04914609487140989,0.04914609487140989,0.039801388594541416,0.039801388594541416,0.029658515848332748,0.029658515848332748,0.04914609487140989,0.04914609487140989
ID_NIBT23,0.0503231043896251,0.0503231043896251,0.19046680996455706,0.19046680996455706,0.10279092027885114,0.10279092027885114,0.0503231043896251,0.0503231043896251
ID_TGLY44,0.04992165529741397,0.04992165529741397,0.18561839557769882,0.18561839557769882,0.10199216351053877,0.10199216351053877,0.04992165529741397,0.04992165529741397
ID_4SFQ8P,0.03602717013574887,0.03602717013574887,0.038938948489878285,0.038938948489878285,0.024059180708631618,0.024059180708631618,0.03602717013574887,0.03602717013574887
ID_0N9HPQ,0.02983134824842673,0.02983134824842673,0.020240877933043844,0.020240877933043844,0.028200121397612903,0.028200121397612903,0.02983134824842673,0.02983134824842673
ID_99E1R1,0.03220053123696825,0.03220053123696825,0.026824795578146834,0.026824795578146834,0.015125406283552117,0.015125406283552117,0.03220053123696825,0.03220053123696825
ID_C72Q1W,0.046109622766851,0.046109622766851,0.03931968723642361,0.03931968723642361,0.021919168602151415,0.021919168602151415,0.046109622766851,0.046109622766851
ID_UI7AWA,0.4403607860444829,0.4403607860444829,0.2882598121428089,0.2882598121428089,0.3031765334027992,0.3031765334027992,0.4403607860444829,0.4403607860444829
ID_2AELK0,0.0359760854941577,0.0359760854941577,0.03894060262044104,0.03894060262044104,0.024059180708631618,0.024059180708631618,0.0359760854941577,0.0359760854941577
ID_ER5H2G,0.0400953014153427,0.0400953014153427,0.07545754996148177,0.07545754996148177,0.04418689823338151,0.04418689823338151,0.0400953014153427,0.0400953014153427
ID_R4G747,0.04821457487400628,0.04821457487400628,0.18481493047414205,0.18481493047414205,0.08562592037260659,0.08562592037260659,0.04821457487400628,0.04821457487400628
ID_G7GMXZ,0.03139087287037484,0.03139087287037484,0.01959029179849381,0.01959029179849381,0.012047216495446166,0.012047216495446166,0.03139087287037484,0.03139087287037484
ID_F2QJQL,0.033896826617747775,0.033896826617747775,0.030428405748036916,0.030428405748036916,0.022408795382659417,0.022408795382659417,0.033896826617747775,0.033896826617747775
ID_L0L85S,0.040307738117270585,0.040307738117270585,0.07777033049401141,0.07777033049401141,0.04418689823338151,0.04418689823338151,0.040307738117270585,0.040307738117270585
ID_9T98SO,0.04416179380846082,0.04416179380846082,0.029379672496707723,0.029379672496707723,0.021713586021432193,0.021713586021432193,0.04416179380846082,0.04416179380846082
ID_QH4YLI,0.03666206244243927,0.03666206244243927,0.030745115456426032,0.030745115456426032,0.026370550398815328,0.026370550398815328,0.03666206244243927,0.03666206244243927
ID_BPRVML,0.03415107835483838,0.03415107835483838,0.030469901452280502,0.030469901452280502,0.02364919773626603,0.02364919773626603,0.03415107835483838,0.03415107835483838
ID_6CG8VP,0.034875370507079666,0.034875370507079666,0.041797366845966834,0.041797366845966834,0.027374566751158503,0.027374566751158503,0.034875370507079666,0.034875370507079666
ID_C5D1GT,0.040256653475679416,0.040256653475679416,0.07815452375261449,0.07815452375261449,0.04406809239121988,0.04406809239121988,0.040256653475679416,0.040256653475679416
ID_YLK0WQ,0.04009716382082562,0.04009716382082562,0.05875200047104685,0.05875200047104685,0.04316177514982358,0.04316177514982358,0.04009716382082562,0.04009716382082562
ID_OGE0SN,0.024109603628150303,0.024109603628150303,0.010866567285247354,0.010866567285247354,0.012327552071160057,0.012327552071160057,0.024109603628150303,0.024109603628150303
ID_LNBIPO,0.0400953014153427,0.0400953014153427,0.07545754996148177,0.07545754996148177,0.04418689823338151,0.04418689823338151,0.0400953014153427,0.0400953014153427
ID_Y4XYBA,0.04708270878788436,0.04708270878788436,0.03281711586095294,0.03281711586095294,0.021597244818265988,0.021597244818265988,0.04708270878788436,0.04708270878788436
ID_B9HQBN,0.041209631052099495,0.041209631052099495,0.084507596260671,0.084507596260671,0.05840317056117912,0.05840317056117912,0.041209631052099495,0.041209631052099495
ID_UTLIIA,0.04196814788681261,0.04196814788681261,0.15133371066227685,0.15133371066227685,0.07221830267836939,0.07221830267836939,0.04196814788681261,0.04196814788681261
ID_9RMHEL,0.04898176690170286,0.04898176690170286,0.045771742231056824,0.045771742231056824,0.026071903103632003,0.026071903103632003,0.04898176690170286,0.04898176690170286
ID_55N807,0.033726661756245176,0.033726661756245176,0.03879640419232101,0.03879640419232101,0.022828358471985884,0.022828358471985884,0.033726661756245176,0.033726661756245176
ID_S6BK0F,0.05007446102513276,0.05007446102513276,0.030989800786927018,0.030989800786927018,0.026464346480688475,0.026464346480688475,0.05007446102513276,0.05007446102513276
ID_RC60JC,0.038648815216945326,0.038648815216945326,0.07028192260962424,0.07028192260962424,0.061010406586595047,0.061010406586595047,0.038648815216945326,0.038648815216945326
ID_IWMYMJ,0.04788384060442974,0.04788384060442974,0.1418543728385227,0.1418543728385227,0.0811396874519655,0.0811396874519655,0.04788384060442974,0.04788384060442974
ID_BNX7SF,0.588854155777405,0.588854155777405,0.4558274305547908,0.4558274305547908,0.4210066935084967,0.4210066935084967,0.588854155777405,0.588854155777405
ID_GB2USC,0.04024672594881992,0.04024672594881992,0.07842489199002181,0.07842489199002181,0.051442729506696934,0.051442729506696934,0.04024672594881992,0.04024672594881992
ID_85E6LK,0.04019730630302079,0.04019730630302079,0.07964720249044455,0.07964720249044455,0.04420668010816408,0.04420668010816408,0.04019730630302079,0.04019730630302079
ID_N4BPLD,0.04034741100761228,0.04034741100761228,0.13144118473631014,0.13144118473631014,0.08711467941141116,0.08711467941141116,0.04034741100761228,0.04034741100761228
ID_GZ4MXV,0.040256653475679416,0.040256653475679416,0.07912105934220395,0.07912105934220395,0.04555202874580865,0.04555202874580865,0.040256653475679416,0.040256653475679416
ID_63SFM4,0.040307738117270585,0.040307738117270585,0.0777665808948981,0.0777665808948981,0.04418689823338151,0.04418689823338151,0.040307738117270585,0.040307738117270585
ID_YBCHN4,0.48715758500984885,0.48715758500984885,0.3741687130075258,0.3741687130075258,0.4084411195493599,0.4084411195493599,0.48715758500984885,0.48715758500984885
ID_T0CW21,0.04695163410060883,0.04695163410060883,0.042487696238288006,0.042487696238288006,0.02408176016082913,0.02408176016082913,0.04695163410060883,0.04695163410060883
ID_EEA7EO,0.33936885082194995,0.33936885082194995,0.24405478739168163,0.24405478739168163,0.2528924673115922,0.2528924673115922,0.33936885082194995,0.33936885082194995
ID_49IRAX,0.050450999043082805,0.050450999043082805,0.18569191802711446,0.18569191802711446,0.10375491217355429,0.10375491217355429,0.050450999043082805,0.050450999043082805
ID_N90DWX,0.049197071759556205,0.049197071759556205,0.03914405280156982,0.03914405280156982,0.02736990812373239,0.02736990812373239,0.049197071759556205,0.049197071759556205
ID_VE17EN,0.03655116157650324,0.03655116157650324,0.030546883383438306,0.030546883383438306,0.02599660067920156,0.02599660067920156,0.03655116157650324,0.03655116157650324
ID_LUR5VG,0.049956730234780415,0.049956730234780415,0.18792688668369065,0.18792688668369065,0.102269635712085,0.102269635712085,0.049956730234780415,0.049956730234780415
ID_EDUPDW,0.04875639870432908,0.04875639870432908,0.036431280157230767,0.036431280157230767,0.02339163738305386,0.02339163738305386,0.04875639870432908,0.04875639870432908
ID_IIPHYO,0.0290717369605985,0.0290717369605985,0.025485019535644818,0.025485019535644818,0.024602605030510708,0.024602605030510708,0.0290717369605985,0.0290717369605985
ID_XYU1T2,0.041016423789794754,0.041016423789794754,0.08058370487111552,0.08058370487111552,0.03387407988561362,0.03387407988561362,0.041016423789794754,0.041016423789794754
ID_YACX3K,0.03635498871070377,0.03635498871070377,0.07121490376325272,0.07121490376325272,0.06102923272299822,0.06102923272299822,0.03635498871070377,0.03635498871070377
ID_U004UL,0.04979472104618573,0.04979472104618573,0.030111017859292807,0.030111017859292807,0.026198457257675188,0.026198457257675188,0.04979472104618573,0.04979472104618573
ID_XXU6IK,0.039984869601092904,0.039984869601092904,0.06077512624784206,0.06077512624784206,0.04242517460894383,0.04242517460894383,0.039984869601092904,0.039984869601092904
ID_KA5MGI,0.04469079246842758,0.04469079246842758,0.22397466482849085,0.22397466482849085,0.12917715731591428,0.12917715731591428,0.04469079246842758,0.04469079246842758
ID_IX1VNT,0.6610252930176107,0.6610252930176107,0.6377118306573885,0.6377118306573885,0.7218699466190692,0.7218699466190692,0.6610252930176107,0.6610252930176107
ID_O55L76,0.04821457487400628,0.04821457487400628,0.18481493047414205,0.18481493047414205,0.08562592037260659,0.08562592037260659,0.04821457487400628,0.04821457487400628
ID_K9MJH1,0.04617556258460384,0.04617556258460384,0.04277325661777083,0.04277325661777083,0.02547193522789882,0.02547193522789882,0.04617556258460384,0.04617556258460384
ID_OH3I7S,0.04004607917923445,0.04004607917923445,0.06008160185811933,0.06008160185811933,0.04413372684286762,0.04413372684286762,0.04004607917923445,0.04004607917923445
ID_XJKE63,0.03605787791597043,0.03605787791597043,0.030344205014615853,0.030344205014615853,0.020950291441739273,0.020950291441739273,0.03605787791597043,0.03605787791597043
ID_A4LTP3,0.031534281135188975,0.031534281135188975,0.021145288158412056,0.021145288158412056,0.012768159325192086,0.012768159325192086,0.031534281135188975,0.031534281135188975
ID_LVSOMI,0.04875639870432908,0.04875639870432908,0.036431280157230767,0.036431280157230767,0.02339163738305386,0.02339163738305386,0.04875639870432908,0.04875639870432908
ID_EZJR6X,0.03610092943922636,0.03610092943922636,0.03915868538424723,0.03915868538424723,0.02292071807591961,0.02292071807591961,0.03610092943922636,0.03610092943922636
ID_NM6OXC,0.04898176690170286,0.04898176690170286,0.045771742231056824,0.045771742231056824,0.026071903103632003,0.026071903103632003,0.04898176690170286,0.04898176690170286
ID_G44S2G,0.0420795197773586,0.0420795197773586,0.04077671406873792,0.04077671406873792,0.033222864053281446,0.033222864053281446,0.0420795197773586,0.0420795197773586
ID_AG0A6S,0.4435117258606004,0.4435117258606004,0.3095632103202343,0.3095632103202343,0.30380942459242694,0.30380942459242694,0.4435117258606004,0.4435117258606004
ID_VMQVWY,0.038595868169871234,0.038595868169871234,0.09529300413404827,0.09529300413404827,0.08213747257830886,0.08213747257830886,0.038595868169871234,0.038595868169871234
ID_00893S,0.04903613868327611,0.04903613868327611,0.03639626391746173,0.03639626391746173,0.02339163738305386,0.02339163738305386,0.04903613868327611,0.04903613868327611
ID_SLD7P4,0.04881962451837958,0.04881962451837958,0.04214744493664745,0.04214744493664745,0.02669760818249281,0.02669760818249281,0.04881962451837958,0.04881962451837958
ID_0U1FIH,0.04019730630302079,0.04019730630302079,0.07963946422001869,0.07963946422001869,0.04420668010816408,0.04420668010816408,0.04019730630302079,0.04019730630302079
ID_4I4AGU,0.040977390612346065,0.040977390612346065,0.07960157401778763,0.07960157401778763,0.05819893622883795,0.05819893622883795,0.040977390612346065,0.040977390612346065
ID_MDUH2H,0.040307738117270585,0.040307738117270585,0.07778024333258168,0.07778024333258168,0.04418689823338151,0.04418689823338151,0.040307738117270585,0.040307738117270585
ID_0I4S28,0.024143631657976974,0.024143631657976974,0.010915723999874215,0.010915723999874215,0.012467976679409206,0.012467976679409206,0.024143631657976974,0.024143631657976974
ID_C9Z8BM,0.032077238370447334,0.032077238370447334,0.027902756858860484,0.027902756858860484,0.012883865712429948,0.012883865712429948,0.032077238370447334,0.032077238370447334
ID_9CS181,0.035673153656308715,0.035673153656308715,0.02282997392503656,0.02282997392503656,0.022615500779148704,0.022615500779148704,0.035673153656308715,0.035673153656308715
ID_NPWZU6,0.03286412792583574,0.03286412792583574,0.03390011102249989,0.03390011102249989,0.025400534525773212,0.025400534525773212,0.03286412792583574,0.03286412792583574
ID_BMM6XG,0.050450999043082805,0.050450999043082805,0.18569191802711446,0.18569191802711446,0.10375491217355429,0.10375491217355429,0.050450999043082805,0.050450999043082805
ID_QFE2RJ,0.04903613868327611,0.04903613868327611,0.03639626391746173,0.03639626391746173,0.02339163738305386,0.02339163738305386,0.04903613868327611,0.04903613868327611
ID_ZWRUMN,0.0400953014153427,0.0400953014153427,0.07545754996148177,0.07545754996148177,0.04418689823338151,0.04418689823338151,0.0400953014153427,0.0400953014153427
ID_N038XC,0.04004421677375153,0.04004421677375153,0.07678841504742481,0.07678841504742481,0.04555202874580865,0.04555202874580865,0.04004421677375153,0.04004421677375153
ID_3L5LS3,0.04009716382082562,0.04009716382082562,0.05875200047104685,0.05875200047104685,0.04316177514982358,0.04316177514982358,0.04009716382082562,0.04009716382082562
ID_Z173PH,0.03423473119579317,0.03423473119579317,0.030473604154042128,0.030473604154042128,0.024459480117567357,0.024459480117567357,0.03423473119579317,0.03423473119579317
ID_YF7UVA,0.040256653475679416,0.040256653475679416,0.07910119557995444,0.07910119557995444,0.04555202874580865,0.04555202874580865,0.040256653475679416,0.040256653475679416
ID_84GSJO,0.036100007794554786,0.036100007794554786,0.030441490026309706,0.030441490026309706,0.022091107753905586,0.022091107753905586,0.036100007794554786,0.036100007794554786
ID_89LK5U,0.03632930590644636,0.03632930590644636,0.030286648890002786,0.030286648890002786,0.022045826067303008,0.022045826067303008,0.03632930590644636,0.03632930590644636
ID_QN303I,0.0484196226429296,0.0484196226429296,0.18073601985166202,0.18073601985166202,0.08536551870697129,0.08536551870697129,0.0484196226429296,0.0484196226429296
ID_HWSMLL,0.028936051201971208,0.028936051201971208,0.026223385089831894,0.026223385089831894,0.022482604701443275,0.022482604701443275,0.028936051201971208,0.028936051201971208
ID_5A6ZTS,0.04857682356986196,0.04857682356986196,0.17398433126976592,0.17398433126976592,0.0887893865694748,0.0887893865694748,0.04857682356986196,0.04857682356986196
ID_9DN1JJ,0.4584502808614316,0.4584502808614316,0.34683613374261235,0.34683613374261235,0.32915405785409335,0.32915405785409335,0.4584502808614316,0.4584502808614316
ID_MEHAVR,0.040307738117270585,0.040307738117270585,0.07778024333258168,0.07778024333258168,0.04418689823338151,0.04418689823338151,0.040307738117270585,0.040307738117270585
ID_YYZUDP,0.041305214530285746,0.041305214530285746,0.0817808311406367,0.0817808311406367,0.05815522821362654,0.05815522821362654,0.041305214530285746,0.041305214530285746
ID_EGXW68,0.04141000643132347,0.04141000643132347,0.08817740265143137,0.08817740265143137,0.0599557659709366,0.0599557659709366,0.04141000643132347,0.04141000643132347
ID_14AZQV,0.4403607860444829,0.4403607860444829,0.2975631439859689,0.2975631439859689,0.304402266246642,0.304402266246642,0.4403607860444829,0.4403607860444829
ID_3HUETZ,0.03592747796717278,0.03592747796717278,0.03922033759195595,0.03922033759195595,0.021746188155053702,0.021746188155053702,0.03592747796717278,0.03592747796717278
ID_MB89IP,0.03563354703998325,0.03563354703998325,0.03922033759195595,0.03922033759195595,0.021746188155053702,0.021746188155053702,0.03563354703998325,0.03563354703998325
ID_9V3JSL,0.04009716382082562,0.04009716382082562,0.05908284049808691,0.05908284049808691,0.04284396646146612,0.04284396646146612,0.04009716382082562,0.04009716382082562
ID_U5RHRN,0.041472930532195515,0.041472930532195515,0.07230854708198468,0.07230854708198468,0.0375772434709046,0.0375772434709046,0.041472930532195515,0.041472930532195515
ID_4POIK6,0.04004421677375153,0.04004421677375153,0.05926360997658701,0.05926360997658701,0.042477197459545354,0.042477197459545354,0.04004421677375153,0.04004421677375153
ID_34CCQR,0.038235552901121496,0.038235552901121496,0.06377857246005231,0.06377857246005231,0.04009831217694453,0.04009831217694453,0.038235552901121496,0.038235552901121496
ID_8D2UXI,0.04004421677375153,0.04004421677375153,0.05926360997658701,0.05926360997658701,0.042477197459545354,0.042477197459545354,0.04004421677375153,0.04004421677375153
ID_HGV8W6,0.04669757698335741,0.04669757698335741,0.031018069116634888,0.031018069116634888,0.021851311277001826,0.021851311277001826,0.04669757698335741,0.04669757698335741
ID_TM22AO,0.04004421677375153,0.04004421677375153,0.07676603653338085,0.07676603653338085,0.04413372684286762,0.04413372684286762,0.04004421677375153,0.04004421677375153
ID_B33LO0,0.03612735792269014,0.03612735792269014,0.030561987832160395,0.030561987832160395,0.02226362901800029,0.02226362901800029,0.03612735792269014,0.03612735792269014
ID_NBXN98,0.035791051866255724,0.035791051866255724,0.062088014052787105,0.062088014052787105,0.04057849936113716,0.04057849936113716,0.035791051866255724,0.035791051866255724
ID_04A56B,0.5085651366241042,0.5085651366241042,0.4800563392056592,0.4800563392056592,0.4975345626965782,0.4975345626965782,0.5085651366241042,0.5085651366241042
ID_34N7CE,0.048470904694211656,0.048470904694211656,0.2219210652054408,0.2219210652054408,0.09054676875995606,0.09054676875995606,0.048470904694211656,0.048470904694211656
ID_970K1N,0.03575839098505191,0.03575839098505191,0.03926532465682596,0.03926532465682596,0.021746188155053702,0.021746188155053702,0.03575839098505191,0.03575839098505191
ID_XROC09,0.04019730630302079,0.04019730630302079,0.07963291469120354,0.07963291469120354,0.04409967407952086,0.04409967407952086,0.04019730630302079,0.04019730630302079
ID_RXQO8E,0.032007653124691185,0.032007653124691185,0.02098765373153928,0.02098765373153928,0.012382654101066636,0.012382654101066636,0.032007653124691185,0.032007653124691185
ID_9NQ4B6,0.04708270878788436,0.04708270878788436,0.03382060129272825,0.03382060129272825,0.02173497007383562,0.02173497007383562,0.04708270878788436,0.04708270878788436
ID_VU6X9A,0.040034289246892035,0.040034289246892035,0.07627145676698786,0.07627145676698786,0.05113400484635296,0.05113400484635296,0.040034289246892035,0.040034289246892035
ID_ALZ6BK,0.029184266451518646,0.029184266451518646,0.023242915743676016,0.023242915743676016,0.023023156790865647,0.023023156790865647,0.029184266451518646,0.029184266451518646
ID_PC7E7E,0.33997692100109494,0.33997692100109494,0.2581099447316991,0.2581099447316991,0.2680685815353207,0.2680685815353207,0.33997692100109494,0.33997692100109494
ID_I0BZX6,0.038648815216945326,0.038648815216945326,0.09369443183124526,0.09369443183124526,0.0826648296643423,0.0826648296643423,0.038648815216945326,0.038648815216945326
ID_6O0K2M,0.049197071759556205,0.049197071759556205,0.03914405280156982,0.03914405280156982,0.02736990812373239,0.02736990812373239,0.049197071759556205,0.049197071759556205
ID_KMW5EI,0.038648815216945326,0.038648815216945326,0.09417126203417184,0.09417126203417184,0.08220121767956064,0.08220121767956064,0.038648815216945326,0.038648815216945326
ID_WRY1CP,0.5161839076853008,0.5161839076853008,0.4264501789361049,0.4264501789361049,0.439718251630005,0.439718251630005,0.5161839076853008,0.5161839076853008
ID_W555RS,0.040307738117270585,0.040307738117270585,0.07778024333258168,0.07778024333258168,0.04418689823338151,0.04418689823338151,0.040307738117270585,0.040307738117270585
ID_YIM0GX,0.0352535105918992,0.0352535105918992,0.032404786328729986,0.032404786328729986,0.024010538073347715,0.024010538073347715,0.0352535105918992,0.0352535105918992
ID_22B3GC,0.04903613868327611,0.04903613868327611,0.04215917656295231,0.04215917656295231,0.025260112671233053,0.025260112671233053,0.04903613868327611,0.04903613868327611
ID_OQ6420,0.049186903470195706,0.049186903470195706,0.18832642611137126,0.18832642611137126,0.10245236740438618,0.10245236740438618,0.049186903470195706,0.049186903470195706
ID_EIJSRA,0.03615201408081753,0.03615201408081753,0.038969707869202036,0.038969707869202036,0.024059180708631618,0.024059180708631618,0.03615201408081753,0.03615201408081753
ID_Z5199X,0.4585979656050938,0.4585979656050938,0.29441577146073905,0.29441577146073905,0.3121195716107631,0.3121195716107631,0.4585979656050938,0.4585979656050938
ID_4RU15B,0.0403492734130952,0.0403492734130952,0.08355723129919612,0.08355723129919612,0.04873167968528696,0.04873167968528696,0.0403492734130952,0.0403492734130952
ID_UKXKPY,0.33997692100109494,0.33997692100109494,0.2583365501294751,0.2583365501294751,0.2680685815353207,0.2680685815353207,0.33997692100109494,0.33997692100109494
ID_2IMX6W,0.031232808927523423,0.031232808927523423,0.024505292840761854,0.024505292840761854,0.013426828621003035,0.013426828621003035,0.031232808927523423,0.031232808927523423
ID_9JAOHA,0.039984869601092904,0.039984869601092904,0.07736599632570026,0.07736599632570026,0.04282658783620379,0.04282658783620379,0.039984869601092904,0.039984869601092904
ID_EVUXO1,0.03271649528533872,0.03271649528533872,0.06609510956045546,0.06609510956045546,0.04233710811442196,0.04233710811442196,0.03271649528533872,0.03271649528533872
ID_9U47O4,0.04617556258460384,0.04617556258460384,0.03800542177876983,0.03800542177876983,0.02547193522789882,0.02547193522789882,0.04617556258460384,0.04617556258460384
ID_152UY7,0.04748025963953072,0.04748025963953072,0.03463646631160407,0.03463646631160407,0.02173497007383562,0.02173497007383562,0.04748025963953072,0.04748025963953072
ID_BS70GA,0.6700079822590098,0.6700079822590098,0.6412491283553041,0.6412491283553041,0.6980799122874792,0.6980799122874792,0.6700079822590098,0.6700079822590098
ID_VE9E3I,0.02413404155581404,0.02413404155581404,0.010879634284192016,0.010879634284192016,0.012327552071160057,0.012327552071160057,0.02413404155581404,0.02413404155581404
ID_T2WVBK,0.048207532843470256,0.048207532843470256,0.18065873953709144,0.18065873953709144,0.09599195135280608,0.09599195135280608,0.048207532843470256,0.048207532843470256
ID_7GF62F,0.029839192122017633,0.029839192122017633,0.014966213891212787,0.014966213891212787,0.014081364539056918,0.014081364539056918,0.029839192122017633,0.029839192122017633
ID_Y3TLDA,0.041558857819805964,0.041558857819805964,0.08479786323945171,0.08479786323945171,0.059708525146701184,0.059708525146701184,0.041558857819805964,0.041558857819805964
ID_W9XHZ2,0.041305214530285746,0.041305214530285746,0.08179530089621082,0.08179530089621082,0.05815522821362654,0.05815522821362654,0.041305214530285746,0.041305214530285746
ID_WM0LSK,0.04992165529741397,0.04992165529741397,0.13270637949877045,0.13270637949877045,0.0945967154435079,0.0945967154435079,0.04992165529741397,0.04992165529741397
ID_ZNFFDC,0.04005561580135994,0.04005561580135994,0.08154140813043012,0.08154140813043012,0.03776521168645126,0.03776521168645126,0.04005561580135994,0.04005561580135994
ID_DEI9SN,0.02928399304173908,0.02928399304173908,0.022718978094246278,0.022718978094246278,0.034364940201615825,0.034364940201615825,0.02928399304173908,0.02928399304173908
ID_9VQ06Y,0.0496996250996265,0.0496996250996265,0.18903610372088553,0.18903610372088553,0.10264286068315721,0.10264286068315721,0.0496996250996265,0.0496996250996265
ID_6AYBN2,0.03801206260082313,0.03801206260082313,0.06223091358915843,0.06223091358915843,0.03874041551321775,0.03874041551321775,0.03801206260082313,0.03801206260082313
ID_SN8PKK,0.04202559144145431,0.04202559144145431,0.058027758086651754,0.058027758086651754,0.04530008286279097,0.04530008286279097,0.04202559144145431,0.04202559144145431
ID_IDJRR2,0.041251166149052845,0.041251166149052845,0.06259386253895671,0.06259386253895671,0.053480093943409204,0.053480093943409204,0.041251166149052845,0.041251166149052845
ID_3MUZN6,0.4435117258606004,0.4435117258606004,0.3000666924080064,0.3000666924080064,0.3039235977876067,0.3039235977876067,0.4435117258606004,0.4435117258606004
ID_DL0WVZ,0.050033479239313006,0.050033479239313006,0.17167214526710423,0.17167214526710423,0.10358262269294949,0.10358262269294949,0.050033479239313006,0.050033479239313006
ID_XXXBX8,0.351710994378281,0.351710994378281,0.26067588381337936,0.26067588381337936,0.2832109447825717,0.2832109447825717,0.351710994378281,0.351710994378281
ID_OLEUCI,0.040256653475679416,0.040256653475679416,0.07817724383183125,0.07817724383183125,0.043805165134427594,0.043805165134427594,0.040256653475679416,0.040256653475679416
ID_1UWDL1,0.04649311388307807,0.04649311388307807,0.03777021458818532,0.03777021458818532,0.024198101363995334,0.024198101363995334,0.04649311388307807,0.04649311388307807
ID_YDX8IK,0.49530134606617093,0.49530134606617093,0.3197783364827242,0.3197783364827242,0.3204448143462356,0.3204448143462356,0.49530134606617093,0.49530134606617093
ID_KOCUZH,0.049197071759556205,0.049197071759556205,0.03914405280156982,0.03914405280156982,0.02736990812373239,0.02736990812373239,0.049197071759556205,0.049197071759556205
ID_6GPIIM,0.030833548248008543,0.030833548248008543,0.02464902343109039,0.02464902343109039,0.018334614874476494,0.018334614874476494,0.030833548248008543,0.030833548248008543
ID_BMBE4U,0.04748025963953072,0.04748025963953072,0.03463646631160407,0.03463646631160407,0.02173497007383562,0.02173497007383562,0.04748025963953072,0.04748025963953072
ID_CDSQZK,0.036308504580578244,0.036308504580578244,0.03905909292665855,0.03905909292665855,0.022863887833879826,0.022863887833879826,0.036308504580578244,0.036308504580578244
ID_XET1P5,0.04019730630302079,0.04019730630302079,0.07963291469120354,0.07963291469120354,0.04409967407952086,0.04409967407952086,0.04019730630302079,0.04019730630302079
ID_Q1BM4A,0.4594982389020793,0.4594982389020793,0.32490561959446657,0.32490561959446657,0.3221364878511232,0.3221364878511232,0.4594982389020793,0.4594982389020793
ID_WPT41W,0.04742588785795747,0.04742588785795747,0.04402860428337246,0.04402860428337246,0.02180282739898521,0.02180282739898521,0.04742588785795747,0.04742588785795747
ID_ETXKKL,0.047207552732953025,0.047207552732953025,0.034667403343058886,0.034667403343058886,0.02173497007383562,0.02173497007383562,0.047207552732953025,0.047207552732953025
ID_KWN3LW,0.040307738117270585,0.040307738117270585,0.07778024333258168,0.07778024333258168,0.04418689823338151,0.04418689823338151,0.040307738117270585,0.040307738117270585
ID_H5LBYY,0.04141000643132347,0.04141000643132347,0.08228260943369659,0.08228260943369659,0.056772089466934746,0.056772089466934746,0.04141000643132347,0.04141000643132347
ID_19BEFN,0.036100999951330495,0.036100999951330495,0.02994543874629213,0.02994543874629213,0.021876682727368257,0.021876682727368257,0.036100999951330495,0.036100999951330495
ID_FFJR5D,0.04230054299063766,0.04230054299063766,0.09055293498296155,0.09055293498296155,0.06344646515618332,0.06344646515618332,0.04230054299063766,0.04230054299063766
ID_QH1EXK,0.039487435649043945,0.039487435649043945,0.07147515467886116,0.07147515467886116,0.033419528317198695,0.033419528317198695,0.039487435649043945,0.039487435649043945
ID_4IJ44Q,0.04862970993940879,0.04862970993940879,0.18450363850048468,0.18450363850048468,0.08562661662975371,0.08562661662975371,0.04862970993940879,0.04862970993940879
ID_MFGCBS,0.03479913562856214,0.03479913562856214,0.03338000386962399,0.03338000386962399,0.023509522725703762,0.023509522725703762,0.03479913562856214,0.03479913562856214
ID_ZLH6YZ,0.044290016875952104,0.044290016875952104,0.033957117110014604,0.033957117110014604,0.03182665711014841,0.03182665711014841,0.044290016875952104,0.044290016875952104
ID_X91UOX,0.04019730630302079,0.04019730630302079,0.07963946422001869,0.07963946422001869,0.04420668010816408,0.04420668010816408,0.04019730630302079,0.04019730630302079
ID_TB4QUV,0.032077238370447334,0.032077238370447334,0.027902756858860484,0.027902756858860484,0.012883865712429948,0.012883865712429948,0.032077238370447334,0.032077238370447334
ID_3B2BGV,0.036183660635509575,0.036183660635509575,0.030146775938191366,0.030146775938191366,0.021279589628223898,0.021279589628223898,0.036183660635509575,0.036183660635509575
ID_39Z87X,0.04862970993940879,0.04862970993940879,0.1841301748718505,0.1841301748718505,0.08638826537527343,0.08638826537527343,0.04862970993940879,0.04862970993940879
ID_UYDE8D,0.025126616762461213,0.025126616762461213,0.01151286613324738,0.01151286613324738,0.015623432437992938,0.015623432437992938,0.025126616762461213,0.025126616762461213
ID_Y7D9MZ,0.02471204874693742,0.02471204874693742,0.012328034263823472,0.012328034263823472,0.025305435529500535,0.025305435529500535,0.02471204874693742,0.02471204874693742
ID_4SML2V,0.027679197969421337,0.027679197969421337,0.015714506863949835,0.015714506863949835,0.11082759419508979,0.11082759419508979,0.027679197969421337,0.027679197969421337
ID_7I8BU9,0.025126616762461213,0.025126616762461213,0.012447277269629445,0.012447277269629445,0.01482007451000257,0.01482007451000257,0.025126616762461213,0.025126616762461213
ID_EC6XNQ,0.14000352099416932,0.14000352099416932,0.12054390957031702,0.12054390957031702,0.17438488901546195,0.17438488901546195,0.14000352099416932,0.14000352099416932
ID_RR3CDL,0.08436606494310522,0.08436606494310522,0.03489337176537721,0.03489337176537721,0.27062277761128584,0.27062277761128584,0.08436606494310522,0.08436606494310522
ID_IGYW5G,0.024829398349817566,0.024829398349817566,0.012810895134329182,0.012810895134329182,0.031517252992990276,0.031517252992990276,0.024829398349817566,0.024829398349817566
ID_BSVW6P,0.02520983525189144,0.02520983525189144,0.011970959278546845,0.011970959278546845,0.016560903297573638,0.016560903297573638,0.02520983525189144,0.02520983525189144
ID_JI3FZX,0.02442200641766158,0.02442200641766158,0.011112198180037478,0.011112198180037478,0.013346238844375146,0.013346238844375146,0.02442200641766158,0.02442200641766158
ID_3CH8CL,0.08789152523575473,0.08789152523575473,0.03358138074573286,0.03358138074573286,0.2567368396207471,0.2567368396207471,0.08789152523575473,0.08789152523575473
ID_WUYKXR,0.024829398349817566,0.024829398349817566,0.012914069143217442,0.012914069143217442,0.029971204522711282,0.029971204522711282,0.024829398349817566,0.024829398349817566
ID_7WZVHY,0.09192032221267084,0.09192032221267084,0.04771922438843545,0.04771922438843545,0.27170442448085597,0.27170442448085597,0.09192032221267084,0.09192032221267084
ID_6H5F9H,0.024931597940605798,0.024931597940605798,0.011601521316864762,0.011601521316864762,0.014377227986997945,0.014377227986997945,0.024931597940605798,0.024931597940605798
ID_21QNKL,0.029831912634438292,0.029831912634438292,0.15796145185610655,0.15796145185610655,0.08369116441330932,0.08369116441330932,0.029831912634438292,0.029831912634438292
ID_M4DZO8,0.025641959168146315,0.025641959168146315,0.011868136360899376,0.011868136360899376,0.03240010541868286,0.03240010541868286,0.025641959168146315,0.025641959168146315
ID_IA6PQX,0.024829398349817566,0.024829398349817566,0.012810895134329182,0.012810895134329182,0.031517252992990276,0.031517252992990276,0.024829398349817566,0.024829398349817566
ID_GRK0QD,0.024660964105346246,0.024660964105346246,0.011340015525728494,0.011340015525728494,0.029106331773856575,0.029106331773856575,0.024660964105346246,0.024660964105346246
ID_VJH0U8,0.07828670592609407,0.07828670592609407,0.050100865465237995,0.050100865465237995,0.08515352336337428,0.08515352336337428,0.07828670592609407,0.07828670592609407
ID_JDWZ6W,0.02442200641766158,0.02442200641766158,0.01118470145200573,0.01118470145200573,0.013557902411978767,0.013557902411978767,0.02442200641766158,0.02442200641766158
ID_Z3ULTI,0.024829398349817566,0.024829398349817566,0.012849516866973394,0.012849516866973394,0.035027434954906705,0.035027434954906705,0.024829398349817566,0.024829398349817566
ID_FZBCVY,0.027973278465319287,0.027973278465319287,0.01661399947105679,0.01661399947105679,0.09428376093423096,0.09428376093423096,0.027973278465319287,0.027973278465319287
ID_DDEZZ4,0.026860478133730232,0.026860478133730232,0.012579278182560515,0.012579278182560515,0.09714217837057378,0.09714217837057378,0.026860478133730232,0.026860478133730232
ID_J1KBN7,0.02442200641766158,0.02442200641766158,0.01118470145200573,0.01118470145200573,0.013557902411978767,0.013557902411978767,0.02442200641766158,0.02442200641766158
ID_R4VI36,0.024829398349817566,0.024829398349817566,0.012866904804365052,0.012866904804365052,0.031144762053032956,0.031144762053032956,0.024829398349817566,0.024829398349817566
ID_ROBCVV,0.02471204874693742,0.02471204874693742,0.012370055425014105,0.012370055425014105,0.024656899238281904,0.024656899238281904,0.02471204874693742,0.02471204874693742
ID_4OFTW1,0.1401319383805963,0.1401319383805963,0.12114703468548274,0.12114703468548274,0.1751394188698277,0.1751394188698277,0.1401319383805963,0.1401319383805963
ID_UED8B7,0.024829398349817566,0.024829398349817566,0.012866904804365052,0.012866904804365052,0.031144762053032956,0.031144762053032956,0.024829398349817566,0.024829398349817566
ID_8UL5RI,0.08436606494310522,0.08436606494310522,0.03489337176537721,0.03489337176537721,0.27062277761128584,0.27062277761128584,0.08436606494310522,0.08436606494310522
ID_GG25SM,0.027679197969421337,0.027679197969421337,0.015714506863949835,0.015714506863949835,0.11082759419508979,0.11082759419508979,0.027679197969421337,0.027679197969421337
ID_KFOW4P,0.026386826586274264,0.026386826586274264,0.012076419984658096,0.012076419984658096,0.016372136719833168,0.016372136719833168,0.026386826586274264,0.026386826586274264
ID_4DZTOE,0.027679197969421337,0.027679197969421337,0.015714506863949835,0.015714506863949835,0.11082759419508979,0.11082759419508979,0.027679197969421337,0.027679197969421337
ID_URIDBD,0.5814414845266146,0.5814414845266146,0.594692079803546,0.594692079803546,0.5508018171628886,0.5508018171628886,0.5814414845266146,0.5814414845266146
ID_MU255K,0.5506437415772468,0.5506437415772468,0.5351426679251432,0.5351426679251432,0.5096691178197733,0.5096691178197733,0.5506437415772468,0.5506437415772468
ID_JHWMUP,0.614080979833945,0.614080979833945,0.6232264838209094,0.6232264838209094,0.6330013091824482,0.6330013091824482,0.614080979833945,0.614080979833945
ID_2SLFP0,0.02413404155581404,0.02413404155581404,0.014677977360663737,0.014677977360663737,0.01423931719629468,0.01423931719629468,0.02413404155581404,0.02413404155581404
ID_BG3G76,0.024562865145014743,0.024562865145014743,0.013350707608312532,0.013350707608312532,0.013362805562378064,0.013362805562378064,0.024562865145014743,0.024562865145014743
ID_S4TMZF,0.20747060370240514,0.20747060370240514,0.14026679024792843,0.14026679024792843,0.23243735109634253,0.23243735109634253,0.20747060370240514,0.20747060370240514
ID_QRZK05,0.024143631657976974,0.024143631657976974,0.011484664709999029,0.011484664709999029,0.012615638064017576,0.012615638064017576,0.024143631657976974,0.024143631657976974
ID_EDY9VV,0.02413404155581404,0.02413404155581404,0.010982336776518905,0.010982336776518905,0.012320481764699166,0.012320481764699166,0.02413404155581404,0.02413404155581404
ID_TK4FYQ,0.02413404155581404,0.02413404155581404,0.010806956736710617,0.010806956736710617,0.01238331445394339,0.01238331445394339,0.02413404155581404,0.02413404155581404
ID_BTKIK1,0.02413404155581404,0.02413404155581404,0.01212979546032947,0.01212979546032947,0.015621323608576893,0.015621323608576893,0.02413404155581404,0.02413404155581404
ID_36M18R,0.02430841221880609,0.02430841221880609,0.011263308770487658,0.011263308770487658,0.01388271248014205,0.01388271248014205,0.02430841221880609,0.02430841221880609
ID_GEWMZ2,0.02413404155581404,0.02413404155581404,0.011826433845201403,0.011826433845201403,0.012629496666142838,0.012629496666142838,0.02413404155581404,0.02413404155581404
ID_WZIGXM,0.02413404155581404,0.02413404155581404,0.011508479409021962,0.011508479409021962,0.012633932597054925,0.012633932597054925,0.02413404155581404,0.02413404155581404
ID_4ZN2VI,0.024143631657976974,0.024143631657976974,0.010859267379140537,0.010859267379140537,0.012529605983921062,0.012529605983921062,0.024143631657976974,0.024143631657976974
ID_I0TZH8,0.05097532508506354,0.05097532508506354,0.021263210448878207,0.021263210448878207,0.02152744418517652,0.02152744418517652,0.05097532508506354,0.05097532508506354
ID_SAL4IQ,0.03891252321646993,0.03891252321646993,0.15204351987833753,0.15204351987833753,0.05842897183646874,0.05842897183646874,0.03891252321646993,0.03891252321646993
ID_OL15N5,0.02821714729128716,0.02821714729128716,0.10514480435907787,0.10514480435907787,0.04162779748326613,0.04162779748326613,0.02821714729128716,0.02821714729128716
ID_VBHXGV,0.02413404155581404,0.02413404155581404,0.011681653865988285,0.011681653865988285,0.012629496666142838,0.012629496666142838,0.02413404155581404,0.02413404155581404
ID_8O2G7K,0.02430841221880609,0.02430841221880609,0.011768459547165334,0.011768459547165334,0.012950014355579789,0.012950014355579789,0.02430841221880609,0.02430841221880609
ID_R9168S,0.02413404155581404,0.02413404155581404,0.012118261951774558,0.012118261951774558,0.015619387342325899,0.015619387342325899,0.02413404155581404,0.02413404155581404
ID_D2BHF7,0.02413404155581404,0.02413404155581404,0.010864815445136265,0.010864815445136265,0.012320481764699166,0.012320481764699166,0.02413404155581404,0.02413404155581404
ID_W4YLRK,0.02413404155581404,0.02413404155581404,0.0119685147417807,0.0119685147417807,0.015470264431705792,0.015470264431705792,0.02413404155581404,0.02413404155581404
ID_H8R1M6,0.024762140863883446,0.024762140863883446,0.013214496546836617,0.013214496546836617,0.015975080887386625,0.015975080887386625,0.024762140863883446,0.024762140863883446
ID_P66879,0.02413404155581404,0.02413404155581404,0.010989562523749764,0.010989562523749764,0.012520272394081355,0.012520272394081355,0.02413404155581404,0.02413404155581404
ID_H6PN64,0.02413404155581404,0.02413404155581404,0.010788391173071194,0.010788391173071194,0.012292582192465722,0.012292582192465722,0.02413404155581404,0.02413404155581404
ID_CE1FVC,0.024572455247177678,0.024572455247177678,0.01406062473366515,0.01406062473366515,0.0171226855336072,0.0171226855336072,0.024572455247177678,0.024572455247177678
ID_N8L8HZ,0.030272148082112697,0.030272148082112697,0.06443574242944093,0.06443574242944093,0.03997984607754239,0.03997984607754239,0.030272148082112697,0.030272148082112697
ID_DZ9KDZ,0.024610990892649738,0.024610990892649738,0.013391009553053529,0.013391009553053529,0.013630931485732167,0.013630931485732167,0.024610990892649738,0.024610990892649738
ID_GWCAWH,0.02413404155581404,0.02413404155581404,0.012835197896041138,0.012835197896041138,0.014727106322396754,0.014727106322396754,0.02413404155581404,0.02413404155581404
ID_BRODNS,0.08266545569713668,0.08266545569713668,0.05056792213831296,0.05056792213831296,0.07732188160333907,0.07732188160333907,0.08266545569713668,0.08266545569713668
ID_2VZDEB,0.024143631657976974,0.024143631657976974,0.012426256200790816,0.012426256200790816,0.013269966423438286,0.013269966423438286,0.024143631657976974,0.024143631657976974
ID_51YUZ8,0.254853668988892,0.254853668988892,0.24319262911368053,0.24319262911368053,0.4030847219777529,0.4030847219777529,0.254853668988892,0.254853668988892
ID_YAINJL,0.024775318275689368,0.024775318275689368,0.01292384989089666,0.01292384989089666,0.015736618294931955,0.015736618294931955,0.024775318275689368,0.024775318275689368
ID_DNQWGC,0.08266545569713668,0.08266545569713668,0.05056792213831296,0.05056792213831296,0.07732188160333907,0.07732188160333907,0.08266545569713668,0.08266545569713668
ID_HPQ2YK,0.024143631657976974,0.024143631657976974,0.013353776347806238,0.013353776347806238,0.017602372963691514,0.017602372963691514,0.024143631657976974,0.024143631657976974
ID_OV2TNO,0.024562865145014743,0.024562865145014743,0.013350707608312532,0.013350707608312532,0.013362805562378064,0.013362805562378064,0.024562865145014743,0.024562865145014743
ID_NRG7OT,0.024143631657976974,0.024143631657976974,0.011652171600874669,0.011652171600874669,0.012631114404687756,0.012631114404687756,0.024143631657976974,0.024143631657976974
ID_1JQ73Y,0.024143631657976974,0.024143631657976974,0.011652171600874669,0.011652171600874669,0.012631114404687756,0.012631114404687756,0.024143631657976974,0.024143631657976974
ID_MQGR7P,0.02413404155581404,0.02413404155581404,0.01156454778293431,0.01156454778293431,0.012424696006195272,0.012424696006195272,0.02413404155581404,0.02413404155581404
ID_9M41ZB,0.20628818376363622,0.20628818376363622,0.14290481550663509,0.14290481550663509,0.2354396686579636,0.2354396686579636,0.20628818376363622,0.20628818376363622
ID_KPUZSL,0.02413404155581404,0.02413404155581404,0.011508479409021962,0.011508479409021962,0.012633932597054925,0.012633932597054925,0.02413404155581404,0.02413404155581404
ID_F5UXS1,0.02413404155581404,0.02413404155581404,0.011642354400540785,0.011642354400540785,0.012631114404687756,0.012631114404687756,0.02413404155581404,0.02413404155581404
ID_VK0JGD,0.02517109863892882,0.02517109863892882,0.023721438225758305,0.023721438225758305,0.023806190012963212,0.023806190012963212,0.02517109863892882,0.02517109863892882
ID_RVRZMX,0.02438849448202269,0.02438849448202269,0.012970520425098527,0.012970520425098527,0.013332162636272986,0.013332162636272986,0.02438849448202269,0.02438849448202269
ID_WQYMPM,0.08781274540233314,0.08781274540233314,0.07603118808481213,0.07603118808481213,0.15344281133970522,0.15344281133970522,0.08781274540233314,0.08781274540233314
ID_5KRD2P,0.02413404155581404,0.02413404155581404,0.010815980387897545,0.010815980387897545,0.012325724965576589,0.012325724965576589,0.02413404155581404,0.02413404155581404
ID_IC3T9Y,0.02413404155581404,0.02413404155581404,0.010865344796154839,0.010865344796154839,0.012320481764699166,0.012320481764699166,0.02413404155581404,0.02413404155581404
ID_8P36CE,0.02413404155581404,0.02413404155581404,0.01081193336750109,0.01081193336750109,0.012400604702085009,0.012400604702085009,0.02413404155581404,0.02413404155581404
ID_4SSZJI,0.02413404155581404,0.02413404155581404,0.012767339507200326,0.012767339507200326,0.015821353371949138,0.015821353371949138,0.02413404155581404,0.02413404155581404
ID_4IBH3D,0.02413404155581404,0.02413404155581404,0.012676073029203087,0.012676073029203087,0.012569623542427156,0.012569623542427156,0.02413404155581404,0.02413404155581404
ID_U2F392,0.024572455247177678,0.024572455247177678,0.014127551651955726,0.014127551651955726,0.020515566455456602,0.020515566455456602,0.024572455247177678,0.024572455247177678
ID_3ZWFOJ,0.02413404155581404,0.02413404155581404,0.01086941836866577,0.01086941836866577,0.012307096709349255,0.012307096709349255,0.02413404155581404,0.02413404155581404
ID_74WU7X,0.02413404155581404,0.02413404155581404,0.01080941241180682,0.01080941241180682,0.012325724965576589,0.012325724965576589,0.02413404155581404,0.02413404155581404
ID_8KE31A,0.024562865145014743,0.024562865145014743,0.013443033484912393,0.013443033484912393,0.016612085474442758,0.016612085474442758,0.024562865145014743,0.024562865145014743
ID_DP9A1C,0.024562865145014743,0.024562865145014743,0.013456417808282495,0.013456417808282495,0.01661956396366041,0.01661956396366041,0.024562865145014743,0.024562865145014743
ID_UV8N77,0.02413404155581404,0.02413404155581404,0.01137604176103372,0.01137604176103372,0.012320481764699166,0.012320481764699166,0.02413404155581404,0.02413404155581404
ID_82ZVWD,0.02413404155581404,0.02413404155581404,0.010822870862473742,0.010822870862473742,0.012529303354082465,0.012529303354082465,0.02413404155581404,0.02413404155581404
ID_YLZXGO,0.024143631657976974,0.024143631657976974,0.01289042486365676,0.01289042486365676,0.01583521880085923,0.01583521880085923,0.024143631657976974,0.024143631657976974
ID_8EYJ8O,0.02413404155581404,0.02413404155581404,0.012115285791358519,0.012115285791358519,0.015670321552162886,0.015670321552162886,0.02413404155581404,0.02413404155581404
ID_97CA4Y,0.23369722945797924,0.23369722945797924,0.2515879523363403,0.2515879523363403,0.24444227740597976,0.24444227740597976,0.23369722945797924,0.23369722945797924
ID_Z100EY,0.02413404155581404,0.02413404155581404,0.010842155831952718,0.010842155831952718,0.012529303354082465,0.012529303354082465,0.02413404155581404,0.02413404155581404
ID_PEM0MC,0.02430841221880609,0.02430841221880609,0.010786575341515402,0.010786575341515402,0.012302885921135834,0.012302885921135834,0.02430841221880609,0.02430841221880609
ID_IJCL0H,0.02413404155581404,0.02413404155581404,0.01081050051367332,0.01081050051367332,0.012297044216938119,0.012297044216938119,0.02413404155581404,0.02413404155581404
ID_7ED0FF,0.029694665812965756,0.029694665812965756,0.06691448715902981,0.06691448715902981,0.040881464978989764,0.040881464978989764,0.029694665812965756,0.029694665812965756
ID_SXNWJQ,0.02430841221880609,0.02430841221880609,0.010981292296780493,0.010981292296780493,0.013993969901493854,0.013993969901493854,0.02430841221880609,0.02430841221880609
ID_I891F5,0.02413404155581404,0.02413404155581404,0.01081050051367332,0.01081050051367332,0.012297044216938119,0.012297044216938119,0.02413404155581404,0.02413404155581404
ID_ZJ8ADL,0.024398350733566908,0.024398350733566908,0.010930155273148516,0.010930155273148516,0.012840447814932774,0.012840447814932774,0.024398350733566908,0.024398350733566908
ID_3W1C1M,0.02413404155581404,0.02413404155581404,0.010788391173071194,0.010788391173071194,0.012292582192465722,0.012292582192465722,0.02413404155581404,0.02413404155581404
ID_566Q18,0.08284655780227988,0.08284655780227988,0.06787827495176776,0.06787827495176776,0.14430437867750426,0.14430437867750426,0.08284655780227988,0.08284655780227988
ID_FPANRJ,0.024854267077415528,0.024854267077415528,0.014957361764241155,0.014957361764241155,0.01905234798697962,0.01905234798697962,0.024854267077415528,0.024854267077415528
ID_04Q0YM,0.02413404155581404,0.02413404155581404,0.013116862121744288,0.013116862121744288,0.015790348023611588,0.015790348023611588,0.02413404155581404,0.02413404155581404
ID_5KRNZJ,0.029289886470911478,0.029289886470911478,0.020759117519524986,0.020759117519524986,0.04051633062745844,0.04051633062745844,0.029289886470911478,0.029289886470911478
ID_HIWMGH,0.02413404155581404,0.02413404155581404,0.012102927594427174,0.012102927594427174,0.013267947826573876,0.013267947826573876,0.02413404155581404,0.02413404155581404
ID_KIINWT,0.024562865145014743,0.024562865145014743,0.013226177132870548,0.013226177132870548,0.013731687573323163,0.013731687573323163,0.024562865145014743,0.024562865145014743
ID_APINN8,0.08284655780227988,0.08284655780227988,0.06787827495176776,0.06787827495176776,0.14430437867750426,0.14430437867750426,0.08284655780227988,0.08284655780227988
ID_JXGHCQ,0.024562865145014743,0.024562865145014743,0.013225972517749143,0.013225972517749143,0.013731687573323163,0.013731687573323163,0.024562865145014743,0.024562865145014743
ID_GXIV13,0.02413404155581404,0.02413404155581404,0.012118261951774558,0.012118261951774558,0.015619387342325899,0.015619387342325899,0.02413404155581404,0.02413404155581404
ID_VBCV33,0.029922627044017828,0.029922627044017828,0.07459075955503897,0.07459075955503897,0.04437268178754996,0.04437268178754996,0.029922627044017828,0.029922627044017828
ID_6G615X,0.02413404155581404,0.02413404155581404,0.0108125357243244,0.0108125357243244,0.012325724965576589,0.012325724965576589,0.02413404155581404,0.02413404155581404
ID_GNQBPW,0.08284655780227988,0.08284655780227988,0.06787827495176776,0.06787827495176776,0.14430437867750426,0.14430437867750426,0.08284655780227988,0.08284655780227988
ID_Z1JH8O,0.02430841221880609,0.02430841221880609,0.010934724933289244,0.010934724933289244,0.013888248742727507,0.013888248742727507,0.02430841221880609,0.02430841221880609
ID_MFYS5T,0.13094232263069006,0.13094232263069006,0.061837689552460065,0.061837689552460065,0.08561516312813139,0.08561516312813139,0.13094232263069006,0.13094232263069006
ID_TTS39J,0.02413404155581404,0.02413404155581404,0.011981101635326761,0.011981101635326761,0.015477763375115668,0.015477763375115668,0.02413404155581404,0.02413404155581404
ID_JENU4O,0.02413404155581404,0.02413404155581404,0.010809448820127993,0.010809448820127993,0.012389181375671913,0.012389181375671913,0.02413404155581404,0.02413404155581404
ID_90XFU4,0.024762140863883446,0.024762140863883446,0.013450873157645652,0.013450873157645652,0.015815368393366225,0.015815368393366225,0.024762140863883446,0.024762140863883446
ID_PHUQGW,0.02413404155581404,0.02413404155581404,0.011943828736754918,0.011943828736754918,0.012731472919908029,0.012731472919908029,0.02413404155581404,0.02413404155581404
ID_9J6CK5,0.024562865145014743,0.024562865145014743,0.01409382120474417,0.01409382120474417,0.016616264123849957,0.016616264123849957,0.024562865145014743,0.024562865145014743
ID_9J9ZHB,0.024562865145014743,0.024562865145014743,0.013226177132870548,0.013226177132870548,0.013731687573323163,0.013731687573323163,0.024562865145014743,0.024562865145014743
ID_WFSRDW,0.02413404155581404,0.02413404155581404,0.010823220840040946,0.010823220840040946,0.012302885921135834,0.012302885921135834,0.02413404155581404,0.02413404155581404
ID_9RA6UC,0.02413404155581404,0.02413404155581404,0.010850092572999737,0.010850092572999737,0.012297044216938119,0.012297044216938119,0.02413404155581404,0.02413404155581404
ID_8K9BSB,0.02413404155581404,0.02413404155581404,0.013026609696107808,0.013026609696107808,0.015570396446526781,0.015570396446526781,0.02413404155581404,0.02413404155581404
ID_X9K3UC,0.024143631657976974,0.024143631657976974,0.013117772825658125,0.013117772825658125,0.015567092877505129,0.015567092877505129,0.024143631657976974,0.024143631657976974
ID_F96FDB,0.02413404155581404,0.02413404155581404,0.012125413586998783,0.012125413586998783,0.015619387342325899,0.015619387342325899,0.02413404155581404,0.02413404155581404
ID_YN5JF8,0.02430841221880609,0.02430841221880609,0.010855377766798801,0.010855377766798801,0.012302885921135834,0.012302885921135834,0.02430841221880609,0.02430841221880609
ID_IY6NOF,0.025503820980431514,0.025503820980431514,0.02895716564752745,0.02895716564752745,0.02781956352360866,0.02781956352360866,0.025503820980431514,0.025503820980431514
ID_FI6W81,0.23837507517321327,0.23837507517321327,0.25553617943726786,0.25553617943726786,0.26979546421190226,0.26979546421190226,0.23837507517321327,0.23837507517321327
ID_04CC0L,0.02413404155581404,0.02413404155581404,0.010903347913206948,0.010903347913206948,0.012320481764699166,0.012320481764699166,0.02413404155581404,0.02413404155581404
ID_1KWZ54,0.02413404155581404,0.02413404155581404,0.010865498625773806,0.010865498625773806,0.012307096709349255,0.012307096709349255,0.02413404155581404,0.02413404155581404
ID_P0EUPF,0.02413404155581404,0.02413404155581404,0.01165701608998234,0.01165701608998234,0.01263305067093875,0.01263305067093875,0.02413404155581404,0.02413404155581404
ID_XWLG1U,0.02413404155581404,0.02413404155581404,0.012115285791358519,0.012115285791358519,0.015619387342325899,0.015619387342325899,0.02413404155581404,0.02413404155581404
ID_4LEWIR,0.024762140863883446,0.024762140863883446,0.01330956987266279,0.01330956987266279,0.015979259536793824,0.015979259536793824,0.024762140863883446,0.024762140863883446
ID_J85QL1,0.028373466687608033,0.028373466687608033,0.019812030275270957,0.019812030275270957,0.022304549213737705,0.022304549213737705,0.028373466687608033,0.028373466687608033
ID_12ZAW0,0.024143631657976974,0.024143631657976974,0.013130622521837016,0.013130622521837016,0.01583521880085923,0.01583521880085923,0.024143631657976974,0.024143631657976974
ID_TXY2FU,0.024371592889029046,0.024371592889029046,0.011282072870729958,0.011282072870729958,0.014524597808019568,0.014524597808019568,0.024371592889029046,0.024371592889029046
ID_HS5K78,0.02413404155581404,0.02413404155581404,0.01300998917808751,0.01300998917808751,0.015821353371949138,0.015821353371949138,0.02413404155581404,0.02413404155581404
ID_0EPYYW,0.02413404155581404,0.02413404155581404,0.011649787325572935,0.011649787325572935,0.012631114404687756,0.012631114404687756,0.02413404155581404,0.02413404155581404
ID_MTJFU7,0.02413404155581404,0.02413404155581404,0.011613829870178378,0.011613829870178378,0.012629496666142838,0.012629496666142838,0.02413404155581404,0.02413404155581404
ID_0WRPJW,0.02413404155581404,0.02413404155581404,0.011981101635326761,0.011981101635326761,0.015477763375115668,0.015477763375115668,0.02413404155581404,0.02413404155581404
ID_KOAZT1,0.02413404155581404,0.02413404155581404,0.012620894950615396,0.012620894950615396,0.014707781436567306,0.014707781436567306,0.02413404155581404,0.02413404155581404
ID_7ZEBRI,0.02413404155581404,0.02413404155581404,0.01086777511429114,0.01086777511429114,0.012400604702085009,0.012400604702085009,0.02413404155581404,0.02413404155581404
ID_41Z3A9,0.02353482782034905,0.02353482782034905,0.012030040045703776,0.012030040045703776,0.01289964118636135,0.01289964118636135,0.02353482782034905,0.02353482782034905
ID_J8JXVY,0.02413404155581404,0.02413404155581404,0.010822870862473742,0.010822870862473742,0.012529303354082465,0.012529303354082465,0.02413404155581404,0.02413404155581404
ID_QKDUFH,0.024143631657976974,0.024143631657976974,0.014237900908290756,0.014237900908290756,0.018038438277173913,0.018038438277173913,0.024143631657976974,0.024143631657976974
ID_AR98VZ,0.02413404155581404,0.02413404155581404,0.010776773775688846,0.010776773775688846,0.012302885921135834,0.012302885921135834,0.02413404155581404,0.02413404155581404
ID_VK9ROW,0.024562865145014743,0.024562865145014743,0.013120888196311251,0.013120888196311251,0.013729680274890743,0.013729680274890743,0.024562865145014743,0.024562865145014743
ID_13419M,0.02413404155581404,0.02413404155581404,0.011832115582928623,0.011832115582928623,0.012634333455374416,0.012634333455374416,0.02413404155581404,0.02413404155581404
ID_RWPCZ6,0.02413404155581404,0.02413404155581404,0.01165701608998234,0.01165701608998234,0.01263305067093875,0.01263305067093875,0.02413404155581404,0.02413404155581404
ID_YP006O,0.08284655780227988,0.08284655780227988,0.06787827495176776,0.06787827495176776,0.14430437867750426,0.14430437867750426,0.08284655780227988,0.08284655780227988
ID_X3Q9JX,0.02413404155581404,0.02413404155581404,0.01081050051367332,0.01081050051367332,0.012297044216938119,0.012297044216938119,0.02413404155581404,0.02413404155581404
ID_4DS9FD,0.02413404155581404,0.02413404155581404,0.010806956736710617,0.010806956736710617,0.01238331445394339,0.01238331445394339,0.02413404155581404,0.02413404155581404
ID_Y9ZFHB,0.024562865145014743,0.024562865145014743,0.014270236395767327,0.014270236395767327,0.016037728187921638,0.016037728187921638,0.024562865145014743,0.024562865145014743
ID_BDJQVU,0.024562865145014743,0.024562865145014743,0.013127395766309956,0.013127395766309956,0.013734503246294799,0.013734503246294799,0.024562865145014743,0.024562865145014743
ID_YOJDUN,0.02413404155581404,0.02413404155581404,0.010858179968634377,0.010858179968634377,0.012382435052235682,0.012382435052235682,0.02413404155581404,0.02413404155581404
ID_0S1SU1,0.08284655780227988,0.08284655780227988,0.06787827495176776,0.06787827495176776,0.14430437867750426,0.14430437867750426,0.08284655780227988,0.08284655780227988
ID_WVY88C,0.02413404155581404,0.02413404155581404,0.010834139737565644,0.010834139737565644,0.012400604702085009,0.012400604702085009,0.02413404155581404,0.02413404155581404
ID_4CWI21,0.02413404155581404,0.02413404155581404,0.01098469366627799,0.01098469366627799,0.012520272394081355,0.012520272394081355,0.02413404155581404,0.02413404155581404
ID_04SS9G,0.02413404155581404,0.02413404155581404,0.0119685147417807,0.0119685147417807,0.015470264431705792,0.015470264431705792,0.02413404155581404,0.02413404155581404
ID_A9QQPQ,0.02413404155581404,0.02413404155581404,0.01080941241180682,0.01080941241180682,0.012325724965576589,0.012325724965576589,0.02413404155581404,0.02413404155581404
ID_DZ75HC,0.02413404155581404,0.02413404155581404,0.010862638260149242,0.010862638260149242,0.012320481764699166,0.012320481764699166,0.02413404155581404,0.02413404155581404
ID_4M4JIH,0.02413404155581404,0.02413404155581404,0.010865344796154839,0.010865344796154839,0.012320481764699166,0.012320481764699166,0.02413404155581404,0.02413404155581404
ID_U0HW2H,0.02413404155581404,0.02413404155581404,0.010809971388889485,0.010809971388889485,0.012529303354082465,0.012529303354082465,0.02413404155581404,0.02413404155581404
ID_P3DEYM,0.02413404155581404,0.02413404155581404,0.010842155831952718,0.010842155831952718,0.012529303354082465,0.012529303354082465,0.02413404155581404,0.02413404155581404
ID_L3102W,0.02413404155581404,0.02413404155581404,0.012118261951774558,0.012118261951774558,0.015619387342325899,0.015619387342325899,0.02413404155581404,0.02413404155581404
ID_HPOX0U,0.02413404155581404,0.02413404155581404,0.012118261951774558,0.012118261951774558,0.014601873652889084,0.014601873652889084,0.02413404155581404,0.02413404155581404
ID_0KT3LA,0.024143631657976974,0.024143631657976974,0.013037013415425623,0.013037013415425623,0.013582781299812736,0.013582781299812736,0.024143631657976974,0.024143631657976974
ID_69NSKI,0.02413404155581404,0.02413404155581404,0.010834139737565644,0.010834139737565644,0.012400604702085009,0.012400604702085009,0.02413404155581404,0.02413404155581404
ID_0SDUWB,0.026005548660929308,0.026005548660929308,0.033467491298630185,0.033467491298630185,0.02891145343249828,0.02891145343249828,0.026005548660929308,0.026005548660929308
ID_0YHV2D,0.20771900100347157,0.20771900100347157,0.13717808802485015,0.13717808802485015,0.23051550458769934,0.23051550458769934,0.20771900100347157,0.20771900100347157
ID_75H233,0.02413404155581404,0.02413404155581404,0.012456718776464919,0.012456718776464919,0.013287019217278056,0.013287019217278056,0.02413404155581404,0.02413404155581404
ID_FKHQWT,0.02413404155581404,0.02413404155581404,0.011837015896765278,0.011837015896765278,0.012629496666142838,0.012629496666142838,0.02413404155581404,0.02413404155581404
ID_U2WUA3,0.08284655780227988,0.08284655780227988,0.06787827495176776,0.06787827495176776,0.14430437867750426,0.14430437867750426,0.08284655780227988,0.08284655780227988
ID_J2UQDN,0.023963651409549754,0.023963651409549754,0.013338578087251191,0.013338578087251191,0.013999813496677265,0.013999813496677265,0.023963651409549754,0.023963651409549754
ID_POVU4C,0.02413404155581404,0.02413404155581404,0.011497189371733213,0.011497189371733213,0.012629095807823346,0.012629095807823346,0.02413404155581404,0.02413404155581404
ID_UZPUB2,0.20628818376363622,0.20628818376363622,0.13858501431885079,0.13858501431885079,0.23229674694143393,0.23229674694143393,0.20628818376363622,0.20628818376363622
ID_J2U4P6,0.02413404155581404,0.02413404155581404,0.01165701608998234,0.01165701608998234,0.01263305067093875,0.01263305067093875,0.02413404155581404,0.02413404155581404
ID_SJLSGJ,0.02413404155581404,0.02413404155581404,0.010865344796154839,0.010865344796154839,0.012320481764699166,0.012320481764699166,0.02413404155581404,0.02413404155581404
ID_DGJX4J,0.02413404155581404,0.02413404155581404,0.01251995142520034,0.01251995142520034,0.013287626354432466,0.013287626354432466,0.02413404155581404,0.02413404155581404
ID_YO2KWH,0.02413404155581404,0.02413404155581404,0.011497189371733213,0.011497189371733213,0.012629095807823346,0.012629095807823346,0.02413404155581404,0.02413404155581404
ID_T02E3F,0.08284655780227988,0.08284655780227988,0.06787827495176776,0.06787827495176776,0.14430437867750426,0.14430437867750426,0.08284655780227988,0.08284655780227988
ID_MYCWCX,0.02413404155581404,0.02413404155581404,0.019207314366724945,0.019207314366724945,0.01770840227966454,0.01770840227966454,0.02413404155581404,0.02413404155581404
ID_NH9AFH,0.02413404155581404,0.02413404155581404,0.01300998917808751,0.01300998917808751,0.015821353371949138,0.015821353371949138,0.02413404155581404,0.02413404155581404
ID_77YG7T,0.024143631657976974,0.024143631657976974,0.011031675090652716,0.011031675090652716,0.01266937959201773,0.01266937959201773,0.024143631657976974,0.024143631657976974
ID_9Y444Y,0.02413404155581404,0.02413404155581404,0.011681653865988285,0.011681653865988285,0.012629496666142838,0.012629496666142838,0.02413404155581404,0.02413404155581404
ID_5L1LZ3,0.024143631657976974,0.024143631657976974,0.012067967867312658,0.012067967867312658,0.015658360705004558,0.015658360705004558,0.024143631657976974,0.024143631657976974
ID_7DDTU6,0.024562865145014743,0.024562865145014743,0.012837470834049866,0.012837470834049866,0.014209504133109794,0.014209504133109794,0.024562865145014743,0.024562865145014743
ID_PJ1GFX,0.024143631657976974,0.024143631657976974,0.010858877994119776,0.010858877994119776,0.012469588962635541,0.012469588962635541,0.024143631657976974,0.024143631657976974
ID_TD09UQ,0.02413404155581404,0.02413404155581404,0.012793438869240743,0.012793438869240743,0.015821353371949138,0.015821353371949138,0.02413404155581404,0.02413404155581404
ID_PPJ0Q7,0.02413404155581404,0.02413404155581404,0.011832115582928623,0.011832115582928623,0.012634333455374416,0.012634333455374416,0.02413404155581404,0.02413404155581404
ID_9T5MZ6,0.02863234029089245,0.02863234029089245,0.09338920935620457,0.09338920935620457,0.04381554746810228,0.04381554746810228,0.02863234029089245,0.02863234029089245
ID_MMW7H1,0.02413404155581404,0.02413404155581404,0.010995085629190734,0.010995085629190734,0.01252220866033235,0.01252220866033235,0.02413404155581404,0.02413404155581404
ID_1W5HMF,0.024562865145014743,0.024562865145014743,0.013456417808282495,0.013456417808282495,0.01661956396366041,0.01661956396366041,0.024562865145014743,0.024562865145014743
ID_EKUPY5,0.02413404155581404,0.02413404155581404,0.01189413946728686,0.01189413946728686,0.012734308313980803,0.012734308313980803,0.02413404155581404,0.02413404155581404
ID_MR0B44,0.02413404155581404,0.02413404155581404,0.011497189371733213,0.011497189371733213,0.012629095807823346,0.012629095807823346,0.02413404155581404,0.02413404155581404
ID_ZV8PXJ,0.02413404155581404,0.02413404155581404,0.01165701608998234,0.01165701608998234,0.01263305067093875,0.01263305067093875,0.02413404155581404,0.02413404155581404
ID_97JMW3,0.02413404155581404,0.02413404155581404,0.012320294982901887,0.012320294982901887,0.013267947826573876,0.013267947826573876,0.02413404155581404,0.02413404155581404
ID_X0BMWM,0.02413404155581404,0.02413404155581404,0.010809448820127993,0.010809448820127993,0.012389181375671913,0.012389181375671913,0.02413404155581404,0.02413404155581404
ID_UXSMV0,0.023963651409549754,0.023963651409549754,0.013338409070492883,0.013338409070492883,0.013999813496677265,0.013999813496677265,0.023963651409549754,0.023963651409549754
ID_9C6FDZ,0.02413404155581404,0.02413404155581404,0.01087767117711209,0.01087767117711209,0.012282783540047575,0.012282783540047575,0.02413404155581404,0.02413404155581404
ID_KXDGFP,0.02430841221880609,0.02430841221880609,0.016264401719762428,0.016264401719762428,0.016253638824931197,0.016253638824931197,0.02430841221880609,0.02430841221880609
ID_EEFOWD,0.02413404155581404,0.02413404155581404,0.012676073029203087,0.012676073029203087,0.012569623542427156,0.012569623542427156,0.02413404155581404,0.02413404155581404
ID_BEDWST,0.024562865145014743,0.024562865145014743,0.0131045661852422,0.0131045661852422,0.013797718825584783,0.013797718825584783,0.024562865145014743,0.024562865145014743
ID_OENI65,0.024562865145014743,0.024562865145014743,0.013199173659276243,0.013199173659276243,0.013360798263945643,0.013360798263945643,0.024562865145014743,0.024562865145014743
ID_S86C7K,0.024143631657976974,0.024143631657976974,0.01167711941967894,0.01167711941967894,0.012899240328041859,0.012899240328041859,0.024143631657976974,0.024143631657976974
ID_QONYCM,0.024143631657976974,0.024143631657976974,0.013131190114891458,0.013131190114891458,0.014355461548656643,0.014355461548656643,0.024143631657976974,0.024143631657976974
ID_FWMKII,0.024572455247177678,0.024572455247177678,0.01406062473366515,0.01406062473366515,0.0171226855336072,0.0171226855336072,0.024572455247177678,0.024572455247177678
ID_HP61FB,0.02413404155581404,0.02413404155581404,0.010989562523749764,0.010989562523749764,0.012520272394081355,0.012520272394081355,0.02413404155581404,0.02413404155581404
ID_JR3K1A,0.3290309231697447,0.3290309231697447,0.18205686224096174,0.18205686224096174,0.12943334665872203,0.12943334665872203,0.3290309231697447,0.3290309231697447
ID_RWCBV3,0.02413404155581404,0.02413404155581404,0.011221455760217878,0.011221455760217878,0.013028726859873557,0.013028726859873557,0.02413404155581404,0.02413404155581404
ID_L6LRCQ,0.4050954175701781,0.4050954175701781,0.2802919742633494,0.2802919742633494,0.38104587746836943,0.38104587746836943,0.4050954175701781,0.4050954175701781
ID_QL2YV1,0.02413404155581404,0.02413404155581404,0.011221455760217878,0.011221455760217878,0.013028726859873557,0.013028726859873557,0.02413404155581404,0.02413404155581404
ID_CMW05K,0.02413404155581404,0.02413404155581404,0.01112528864483526,0.01112528864483526,0.013179105006487534,0.013179105006487534,0.02413404155581404,0.02413404155581404
ID_5COZTI,0.02413404155581404,0.02413404155581404,0.011036875642390056,0.011036875642390056,0.012685371728603253,0.012685371728603253,0.02413404155581404,0.02413404155581404
ID_J74M23,0.2693104021381588,0.2693104021381588,0.13530005837737258,0.13530005837737258,0.08416810492536081,0.08416810492536081,0.2693104021381588,0.2693104021381588
ID_VG59CF,0.36566336450210146,0.36566336450210146,0.17004072237285697,0.17004072237285697,0.19675635305546205,0.19675635305546205,0.36566336450210146,0.36566336450210146
ID_7C3ZMG,0.3402768500456393,0.3402768500456393,0.1788074406898073,0.1788074406898073,0.11400639202046212,0.11400639202046212,0.3402768500456393,0.3402768500456393
ID_JH0R8P,0.3240719844178677,0.3240719844178677,0.17489130922220675,0.17489130922220675,0.11377576851333748,0.11377576851333748,0.3240719844178677,0.3240719844178677
ID_LUPPTN,0.32591478642683175,0.32591478642683175,0.14945438078180376,0.14945438078180376,0.08605580858416013,0.08605580858416013,0.32591478642683175,0.32591478642683175
ID_167YYH,0.19811853674127422,0.19811853674127422,0.10108520598920998,0.10108520598920998,0.06960232927104448,0.06960232927104448,0.19811853674127422,0.19811853674127422
ID_5CM4SB,0.02413404155581404,0.02413404155581404,0.01112528864483526,0.01112528864483526,0.012583971244669276,0.012583971244669276,0.02413404155581404,0.02413404155581404
ID_2M59FO,0.30173886426183366,0.30173886426183366,0.11530375891763148,0.11530375891763148,0.14238104420708497,0.14238104420708497,0.30173886426183366,0.30173886426183366
ID_G6554I,0.4374911204688031,0.4374911204688031,0.3214519001676656,0.3214519001676656,0.42459151098191783,0.42459151098191783,0.4374911204688031,0.4374911204688031
ID_VFGUB6,0.2853810014706123,0.2853810014706123,0.1399372341100601,0.1399372341100601,0.08384509588240992,0.08384509588240992,0.2853810014706123,0.2853810014706123
ID_EWOVVA,0.34126116727793654,0.34126116727793654,0.1963115879408926,0.1963115879408926,0.30044048745454943,0.30044048745454943,0.34126116727793654,0.34126116727793654
ID_6O5T2L,0.37159689134725893,0.37159689134725893,0.20355872230299865,0.20355872230299865,0.13539147870381057,0.13539147870381057,0.37159689134725893,0.37159689134725893
ID_LUDHWT,0.371356463301992,0.371356463301992,0.2019476517815305,0.2019476517815305,0.13672610045948808,0.13672610045948808,0.371356463301992,0.371356463301992
ID_B478DU,0.02413404155581404,0.02413404155581404,0.01112528864483526,0.01112528864483526,0.012583971244669276,0.012583971244669276,0.02413404155581404,0.02413404155581404
ID_QS0A8J,0.37159689134725893,0.37159689134725893,0.20355872230299865,0.20355872230299865,0.13539147870381057,0.13539147870381057,0.37159689134725893,0.37159689134725893
ID_7S6FXQ,0.3865654332667222,0.3865654332667222,0.16907114994512856,0.16907114994512856,0.11016917436383253,0.11016917436383253,0.3865654332667222,0.3865654332667222
ID_DQ7RIZ,0.37702615488587166,0.37702615488587166,0.1754330549969403,0.1754330549969403,0.11006956215761339,0.11006956215761339,0.37702615488587166,0.37702615488587166
ID_O5J9TX,0.024143631657976974,0.024143631657976974,0.011316910260402194,0.011316910260402194,0.01307988566067675,0.01307988566067675,0.024143631657976974,0.024143631657976974
ID_77AITY,0.02413404155581404,0.02413404155581404,0.011059237402271516,0.011059237402271516,0.01257528933900696,0.01257528933900696,0.02413404155581404,0.02413404155581404
ID_H5F13S,0.5277035714521694,0.5277035714521694,0.4852848615360371,0.4852848615360371,0.5396985953808819,0.5396985953808819,0.5277035714521694,0.5277035714521694
ID_24PYQA,0.3445403904899552,0.3445403904899552,0.1901134207423481,0.1901134207423481,0.13499266760774561,0.13499266760774561,0.3445403904899552,0.3445403904899552
ID_SZCPIU,0.02413404155581404,0.02413404155581404,0.011059237402271516,0.011059237402271516,0.01257528933900696,0.01257528933900696,0.02413404155581404,0.02413404155581404
ID_S4H317,0.46619467763364203,0.46619467763364203,0.2629580714960002,0.2629580714960002,0.3807059790422027,0.3807059790422027,0.46619467763364203,0.46619467763364203
ID_TOELN0,0.20187503305000842,0.20187503305000842,0.13092153640606918,0.13092153640606918,0.0896718606436731,0.0896718606436731,0.20187503305000842,0.20187503305000842
ID_IYY83U,0.02413404155581404,0.02413404155581404,0.011093296524373825,0.011093296524373825,0.012577224921233048,0.012577224921233048,0.02413404155581404,0.02413404155581404
ID_5Q8NWL,0.30068336514626726,0.30068336514626726,0.27149486397681927,0.27149486397681927,0.23883507116666355,0.23883507116666355,0.30068336514626726,0.30068336514626726
ID_XYRK3M,0.3524991928382877,0.3524991928382877,0.15126643415803992,0.15126643415803992,0.16765691594164736,0.16765691594164736,0.3524991928382877,0.3524991928382877
ID_JAVEA5,0.34986712643860446,0.34986712643860446,0.19145149068322004,0.19145149068322004,0.13099859192152413,0.13099859192152413,0.34986712643860446,0.34986712643860446
ID_V4EGZ0,0.32591478642683175,0.32591478642683175,0.14945438078180376,0.14945438078180376,0.08605580858416013,0.08605580858416013,0.32591478642683175,0.32591478642683175
ID_WE46Z9,0.3402768500456393,0.3402768500456393,0.1788074406898073,0.1788074406898073,0.11400639202046212,0.11400639202046212,0.3402768500456393,0.3402768500456393
ID_B7O2ZN,0.024143631657976974,0.024143631657976974,0.011289833301613662,0.011289833301613662,0.01307988566067675,0.01307988566067675,0.024143631657976974,0.024143631657976974
ID_4HQTGA,0.3180708415231833,0.3180708415231833,0.15383293292091532,0.15383293292091532,0.1063561203701191,0.1063561203701191,0.3180708415231833,0.3180708415231833
ID_JUWVD9,0.4369348113100256,0.4369348113100256,0.31671426176070105,0.31671426176070105,0.42249686006690307,0.42249686006690307,0.4369348113100256,0.4369348113100256
ID_LI9Y1T,0.34126116727793654,0.34126116727793654,0.1963115879408926,0.1963115879408926,0.30044048745454943,0.30044048745454943,0.34126116727793654,0.34126116727793654
ID_9TYH5Y,0.025200426139554543,0.025200426139554543,0.010713080531145667,0.010713080531145667,0.015230388172109376,0.015230388172109376,0.025200426139554543,0.025200426139554543
ID_N7QCYG,0.02413404155581404,0.02413404155581404,0.011046751232892118,0.011046751232892118,0.01565925257653825,0.01565925257653825,0.02413404155581404,0.02413404155581404
ID_9PQIUL,0.025692773809693623,0.025692773809693623,0.010396068342727681,0.010396068342727681,0.015972942716847446,0.015972942716847446,0.025692773809693623,0.025692773809693623
ID_YUJ38B,0.41344903762533636,0.41344903762533636,0.3409981750076677,0.3409981750076677,0.15439550920281683,0.15439550920281683,0.41344903762533636,0.41344903762533636
ID_5VLR2G,0.025200426139554543,0.025200426139554543,0.010713080531145667,0.010713080531145667,0.015230388172109376,0.015230388172109376,0.025200426139554543,0.025200426139554543
ID_WR6L6P,0.025200426139554543,0.025200426139554543,0.010713080531145667,0.010713080531145667,0.015230388172109376,0.015230388172109376,0.025200426139554543,0.025200426139554543
ID_C4ISDT,0.027592828823744288,0.027592828823744288,0.01199504493172103,0.01199504493172103,0.015292468126226085,0.015292468126226085,0.027592828823744288,0.027592828823744288
ID_A3JPS0,0.025200426139554543,0.025200426139554543,0.010713080531145667,0.010713080531145667,0.015230388172109376,0.015230388172109376,0.025200426139554543,0.025200426139554543
ID_265JD2,0.02501014507592905,0.02501014507592905,0.01118470674783151,0.01118470674783151,0.016245218706532134,0.016245218706532134,0.02501014507592905,0.02501014507592905
ID_PAQVAY,0.024956617216854354,0.024956617216854354,0.010280629232143205,0.010280629232143205,0.014091134077982705,0.014091134077982705,0.024956617216854354,0.024956617216854354
ID_9BMVWJ,0.027699359402378002,0.027699359402378002,0.012052465357370371,0.012052465357370371,0.015977724883201,0.015977724883201,0.027699359402378002,0.027699359402378002
ID_NJ6LSY,0.02413404155581404,0.02413404155581404,0.010911124235150909,0.010911124235150909,0.016277339902610617,0.016277339902610617,0.02413404155581404,0.02413404155581404
ID_G9RESG,0.02413404155581404,0.02413404155581404,0.010878824682391784,0.010878824682391784,0.014079826807632891,0.014079826807632891,0.02413404155581404,0.02413404155581404
ID_07SK9V,0.036642933155060786,0.036642933155060786,0.017306540581076585,0.017306540581076585,0.04911653548128612,0.04911653548128612,0.036642933155060786,0.036642933155060786
ID_T4U0PU,0.025200426139554543,0.025200426139554543,0.010713080531145667,0.010713080531145667,0.015230388172109376,0.015230388172109376,0.025200426139554543,0.025200426139554543
ID_E0JXXI,0.30623479397426756,0.30623479397426756,0.23919953301701233,0.23919953301701233,0.13677669097739367,0.13677669097739367,0.30623479397426756,0.30623479397426756
ID_WMGN2O,0.025200426139554543,0.025200426139554543,0.010713080531145667,0.010713080531145667,0.015230388172109376,0.015230388172109376,0.025200426139554543,0.025200426139554543
ID_3TDLCS,0.042736605712724925,0.042736605712724925,0.023500766398085418,0.023500766398085418,0.056893806379074485,0.056893806379074485,0.042736605712724925,0.042736605712724925
ID_JLWJBX,0.45833740536528883,0.45833740536528883,0.4767509982197371,0.4767509982197371,0.37772895887847524,0.37772895887847524,0.45833740536528883,0.45833740536528883
ID_WGTUF3,0.024956617216854354,0.024956617216854354,0.010325035436031022,0.010325035436031022,0.015886058123622857,0.015886058123622857,0.024956617216854354,0.024956617216854354
ID_4VPY9Q,0.042785461318052304,0.042785461318052304,0.022275935094936063,0.022275935094936063,0.05420078924598383,0.05420078924598383,0.042785461318052304,0.042785461318052304
ID_CVIVFP,0.042650249926887276,0.042650249926887276,0.022953115039129075,0.022953115039129075,0.0641336627376895,0.0641336627376895,0.042650249926887276,0.042650249926887276
ID_P5FGPW,0.042736605712724925,0.042736605712724925,0.023500766398085418,0.023500766398085418,0.056893806379074485,0.056893806379074485,0.042736605712724925,0.042736605712724925
ID_OQ1KFW,0.024601212404089554,0.024601212404089554,0.010278339748992196,0.010278339748992196,0.016800272352614512,0.016800272352614512,0.024601212404089554,0.024601212404089554
ID_48633C,0.042736605712724925,0.042736605712724925,0.023500766398085418,0.023500766398085418,0.056893806379074485,0.056893806379074485,0.042736605712724925,0.042736605712724925
ID_2KMHBK,0.025200426139554543,0.025200426139554543,0.010225310616279182,0.010225310616279182,0.013508081487346503,0.013508081487346503,0.025200426139554543,0.025200426139554543
ID_QDKS15,0.02413404155581404,0.02413404155581404,0.011046751232892118,0.011046751232892118,0.01565925257653825,0.01565925257653825,0.02413404155581404,0.02413404155581404
ID_BCUUEB,0.02413404155581404,0.02413404155581404,0.011007507135875859,0.011007507135875859,0.016256755329061075,0.016256755329061075,0.02413404155581404,0.02413404155581404
ID_WRXH21,0.31294622610279005,0.31294622610279005,0.27285024389195717,0.27285024389195717,0.14225467967882893,0.14225467967882893,0.31294622610279005,0.31294622610279005
ID_PM8ZP3,0.025058878019398836,0.025058878019398836,0.010816203632337021,0.010816203632337021,0.014978841402438488,0.014978841402438488,0.025058878019398836,0.025058878019398836
ID_IIT0BK,0.02413404155581404,0.02413404155581404,0.010893815324627723,0.010893815324627723,0.014677329560155715,0.014677329560155715,0.02413404155581404,0.02413404155581404
ID_IYB7UH,0.042274432099160916,0.042274432099160916,0.025426651269679707,0.025426651269679707,0.04726258628236838,0.04726258628236838,0.042274432099160916,0.042274432099160916
ID_ZKHQZV,0.02413404155581404,0.02413404155581404,0.010911124235150909,0.010911124235150909,0.016277339902610617,0.016277339902610617,0.02413404155581404,0.02413404155581404
ID_U76OOW,0.042736605712724925,0.042736605712724925,0.023500766398085418,0.023500766398085418,0.056893806379074485,0.056893806379074485,0.042736605712724925,0.042736605712724925
ID_JPUGLB,0.024956617216854354,0.024956617216854354,0.010280629232143205,0.010280629232143205,0.014091134077982705,0.014091134077982705,0.024956617216854354,0.024956617216854354
ID_4JFJ04,0.41344903762533636,0.41344903762533636,0.3409981750076677,0.3409981750076677,0.15439550920281683,0.15439550920281683,0.41344903762533636,0.41344903762533636
ID_93FI84,0.025200426139554543,0.025200426139554543,0.010225399461113829,0.010225399461113829,0.013508081487346503,0.013508081487346503,0.025200426139554543,0.025200426139554543
ID_GB5XCD,0.41344903762533636,0.41344903762533636,0.3409981750076677,0.3409981750076677,0.15439550920281683,0.15439550920281683,0.41344903762533636,0.41344903762533636
ID_XAXYZK,0.31294622610279005,0.31294622610279005,0.27285024389195717,0.27285024389195717,0.14225467967882893,0.14225467967882893,0.31294622610279005,0.31294622610279005
ID_FPN3DK,0.02413404155581404,0.02413404155581404,0.011007507135875859,0.011007507135875859,0.016256755329061075,0.016256755329061075,0.02413404155581404,0.02413404155581404
ID_H4MCRV,0.02501014507592905,0.02501014507592905,0.01118470674783151,0.01118470674783151,0.016245218706532134,0.016245218706532134,0.02501014507592905,0.02501014507592905
ID_I94FEK,0.02413404155581404,0.02413404155581404,0.011046751232892118,0.011046751232892118,0.01565925257653825,0.01565925257653825,0.02413404155581404,0.02413404155581404
ID_UA86Y8,0.027699359402378002,0.027699359402378002,0.012052465357370371,0.012052465357370371,0.015977724883201,0.015977724883201,0.027699359402378002,0.027699359402378002
ID_QMO2S4,0.042274432099160916,0.042274432099160916,0.022758217470700948,0.022758217470700948,0.047432339491778004,0.047432339491778004,0.042274432099160916,0.042274432099160916
ID_ICLT74,0.042650249926887276,0.042650249926887276,0.022953115039129075,0.022953115039129075,0.0641336627376895,0.0641336627376895,0.042650249926887276,0.042650249926887276
ID_JRGWMB,0.025200426139554543,0.025200426139554543,0.010261976692172737,0.010261976692172737,0.014774458791440149,0.014774458791440149,0.025200426139554543,0.025200426139554543
ID_C1LESE,0.02413404155581404,0.02413404155581404,0.011007507135875859,0.011007507135875859,0.016256755329061075,0.016256755329061075,0.02413404155581404,0.02413404155581404
ID_LZLMVM,0.02413404155581404,0.02413404155581404,0.011007507135875859,0.011007507135875859,0.016256755329061075,0.016256755329061075,0.02413404155581404,0.02413404155581404
ID_EISUUM,0.025200426139554543,0.025200426139554543,0.010226763142130937,0.010226763142130937,0.013508081487346503,0.013508081487346503,0.025200426139554543,0.025200426139554543
ID_0EMHPX,0.027807454408241287,0.027807454408241287,0.01178510667263629,0.01178510667263629,0.016106192781325128,0.016106192781325128,0.027807454408241287,0.027807454408241287
ID_JAF898,0.042736605712724925,0.042736605712724925,0.023500766398085418,0.023500766398085418,0.056893806379074485,0.056893806379074485,0.042736605712724925,0.042736605712724925
ID_W8YZKT,0.025200426139554543,0.025200426139554543,0.010713080531145667,0.010713080531145667,0.015230388172109376,0.015230388172109376,0.025200426139554543,0.025200426139554543
ID_COJM55,0.02413404155581404,0.02413404155581404,0.011046751232892118,0.011046751232892118,0.01565925257653825,0.01565925257653825,0.02413404155581404,0.02413404155581404
ID_YDNMXU,0.024956617216854354,0.024956617216854354,0.010285138006235059,0.010285138006235059,0.01399879797456627,0.01399879797456627,0.024956617216854354,0.024956617216854354
ID_ZTWXQZ,0.46053118258078923,0.46053118258078923,0.4802695363571268,0.4802695363571268,0.37825099518321426,0.37825099518321426,0.46053118258078923,0.46053118258078923
ID_B0H92W,0.025200426139554543,0.025200426139554543,0.010713080531145667,0.010713080531145667,0.015230388172109376,0.015230388172109376,0.025200426139554543,0.025200426139554543
ID_QY1QFN,0.042736605712724925,0.042736605712724925,0.023500766398085418,0.023500766398085418,0.056893806379074485,0.056893806379074485,0.042736605712724925,0.042736605712724925
ID_6JXJ14,0.41344903762533636,0.41344903762533636,0.3409981750076677,0.3409981750076677,0.15439550920281683,0.15439550920281683,0.41344903762533636,0.41344903762533636
ID_3GS106,0.026567365938207226,0.026567365938207226,0.012915990437541158,0.012915990437541158,0.027803975550394516,0.027803975550394516,0.026567365938207226,0.026567365938207226
ID_0EH8TX,0.03691051395276289,0.03691051395276289,0.023730010384523378,0.023730010384523378,0.06436245126327879,0.06436245126327879,0.03691051395276289,0.03691051395276289
ID_M3RB3O,0.02430841221880609,0.02430841221880609,0.010449813929562778,0.010449813929562778,0.015297399648828704,0.015297399648828704,0.02430841221880609,0.02430841221880609
ID_RFLMG3,0.02544431131065643,0.02544431131065643,0.01030580662519974,0.01030580662519974,0.016563699320609672,0.016563699320609672,0.02544431131065643,0.02544431131065643
ID_32QUF2,0.02457637195196107,0.02457637195196107,0.012770968012835268,0.012770968012835268,0.016520636059152716,0.016520636059152716,0.02457637195196107,0.02457637195196107
ID_E6FA1Y,0.0384360365018442,0.0384360365018442,0.018044956717443418,0.018044956717443418,0.10390111195972149,0.10390111195972149,0.0384360365018442,0.0384360365018442
ID_56Z4H2,0.02544431131065643,0.02544431131065643,0.011000871756178898,0.011000871756178898,0.016245169547264265,0.016245169547264265,0.02544431131065643,0.02544431131065643
ID_6TP6C8,0.026217812976767896,0.026217812976767896,0.013174674772620588,0.013174674772620588,0.032292825427130016,0.032292825427130016,0.026217812976767896,0.026217812976767896
ID_LA2NIK,0.02646014627844889,0.02646014627844889,0.016479665857698396,0.016479665857698396,0.0330863029633154,0.0330863029633154,0.02646014627844889,0.02646014627844889
ID_B2EQV1,0.026567365938207226,0.026567365938207226,0.013845700475192367,0.013845700475192367,0.028175890538715297,0.028175890538715297,0.026567365938207226,0.026567365938207226
ID_A50E5P,0.02430841221880609,0.02430841221880609,0.010199362089946155,0.010199362089946155,0.015627213243451007,0.015627213243451007,0.02430841221880609,0.02430841221880609
ID_X96S3I,0.02413404155581404,0.02413404155581404,0.010435234732572421,0.010435234732572421,0.016893512915231976,0.016893512915231976,0.02413404155581404,0.02413404155581404
ID_Z5H3GL,0.3137592158453156,0.3137592158453156,0.2962135964204004,0.2962135964204004,0.46171513502567985,0.46171513502567985,0.3137592158453156,0.3137592158453156
ID_ADPV8R,0.024948598569559853,0.024948598569559853,0.01031276469637865,0.01031276469637865,0.016245169547264265,0.016245169547264265,0.024948598569559853,0.024948598569559853
ID_OWFAPX,0.026886765575711565,0.026886765575711565,0.013917660071614584,0.013917660071614584,0.02750572703222552,0.02750572703222552,0.026886765575711565,0.026886765575711565
ID_KSMO5R,0.02430841221880609,0.02430841221880609,0.010449813929562778,0.010449813929562778,0.015297399648828704,0.015297399648828704,0.02430841221880609,0.02430841221880609
ID_LCR0WS,0.02430841221880609,0.02430841221880609,0.010449813929562778,0.010449813929562778,0.015297399648828704,0.015297399648828704,0.02430841221880609,0.02430841221880609
ID_WAQDGO,0.026567365938207226,0.026567365938207226,0.013036402129789782,0.013036402129789782,0.02398394591180682,0.02398394591180682,0.026567365938207226,0.026567365938207226
ID_KI0ZBU,0.02430841221880609,0.02430841221880609,0.010424679476284893,0.010424679476284893,0.01534112634959541,0.01534112634959541,0.02430841221880609,0.02430841221880609
ID_0OJ74K,0.02430841221880609,0.02430841221880609,0.010208164800331843,0.010208164800331843,0.015621095886165589,0.015621095886165589,0.02430841221880609,0.02430841221880609
ID_WY97QW,0.02430841221880609,0.02430841221880609,0.010459301646891253,0.010459301646891253,0.015297399648828704,0.015297399648828704,0.02430841221880609,0.02430841221880609
ID_VVIE2W,0.02413404155581404,0.02413404155581404,0.012065117554832434,0.012065117554832434,0.017883301963480338,0.017883301963480338,0.02413404155581404,0.02413404155581404
ID_ZL5Q59,0.044660016463416594,0.044660016463416594,0.035359616665182475,0.035359616665182475,0.06298074796558423,0.06298074796558423,0.044660016463416594,0.044660016463416594
ID_NRFDMQ,0.30605309940172204,0.30605309940172204,0.298102390485625,0.298102390485625,0.4220168396452156,0.4220168396452156,0.30605309940172204,0.30605309940172204
ID_D5IC1O,0.02430841221880609,0.02430841221880609,0.010449813929562778,0.010449813929562778,0.015297399648828704,0.015297399648828704,0.02430841221880609,0.02430841221880609
ID_S7GFPP,0.02430841221880609,0.02430841221880609,0.010256401895214397,0.010256401895214397,0.016811399724562522,0.016811399724562522,0.02430841221880609,0.02430841221880609
ID_1I4R9P,0.026567365938207226,0.026567365938207226,0.013639487029378065,0.013639487029378065,0.025080543271828563,0.025080543271828563,0.026567365938207226,0.026567365938207226
ID_SQ5JRG,0.026498681923920953,0.026498681923920953,0.016315919838094366,0.016315919838094366,0.03095911235981473,0.03095911235981473,0.026498681923920953,0.026498681923920953
ID_AT9XW0,0.02430841221880609,0.02430841221880609,0.010283846777430798,0.010283846777430798,0.014978869875483296,0.014978869875483296,0.02430841221880609,0.02430841221880609
ID_4E0IW9,0.025028680832776453,0.025028680832776453,0.010157382329033161,0.010157382329033161,0.014978869875483296,0.014978869875483296,0.025028680832776453,0.025028680832776453
ID_ME2CF8,0.026567365938207226,0.026567365938207226,0.013536199526231526,0.013536199526231526,0.02606863789213939,0.02606863789213939,0.026567365938207226,0.026567365938207226
ID_QYEVPZ,0.2152240053356296,0.2152240053356296,0.09341763060660792,0.09341763060660792,0.12914563371262128,0.12914563371262128,0.2152240053356296,0.2152240053356296
ID_2FD8VB,0.02430841221880609,0.02430841221880609,0.010061576569828725,0.010061576569828725,0.014978869875483296,0.014978869875483296,0.02430841221880609,0.02430841221880609
ID_ZBDVJD,0.02413404155581404,0.02413404155581404,0.010155972041810821,0.010155972041810821,0.015672106468423663,0.015672106468423663,0.02413404155581404,0.02413404155581404
ID_ZQQ4MM,0.02544431131065643,0.02544431131065643,0.012653803834921129,0.012653803834921129,0.015308115354265803,0.015308115354265803,0.02544431131065643,0.02544431131065643
ID_DOM0PD,0.02430841221880609,0.02430841221880609,0.010449813929562778,0.010449813929562778,0.01538973575224514,0.01538973575224514,0.02430841221880609,0.02430841221880609
ID_ELPHXG,0.03872663479244248,0.03872663479244248,0.022390395888823373,0.022390395888823373,0.11052794478397286,0.11052794478397286,0.03872663479244248,0.03872663479244248
ID_ZJIQCI,0.02430841221880609,0.02430841221880609,0.010061576569828725,0.010061576569828725,0.014978869875483296,0.014978869875483296,0.02430841221880609,0.02430841221880609
ID_R0MPE2,0.026567365938207226,0.026567365938207226,0.0128607734156526,0.0128607734156526,0.027674674936937774,0.027674674936937774,0.026567365938207226,0.026567365938207226
ID_DZ8R48,0.026567365938207226,0.026567365938207226,0.01371514857452915,0.01371514857452915,0.023834564941529357,0.023834564941529357,0.026567365938207226,0.026567365938207226
ID_Y0SXCJ,0.024948598569559853,0.024948598569559853,0.01031276469637865,0.01031276469637865,0.016245169547264265,0.016245169547264265,0.024948598569559853,0.024948598569559853
ID_N1WC7L,0.02430841221880609,0.02430841221880609,0.010449813929562778,0.010449813929562778,0.015297399648828704,0.015297399648828704,0.02430841221880609,0.02430841221880609
ID_BWSAN8,0.04517926713098989,0.04517926713098989,0.03340113271488532,0.03340113271488532,0.13670234903265013,0.13670234903265013,0.04517926713098989,0.04517926713098989
ID_NS1BTM,0.02430841221880609,0.02430841221880609,0.010449813929562778,0.010449813929562778,0.015297399648828704,0.015297399648828704,0.02430841221880609,0.02430841221880609
ID_FN8JFA,0.026486007247252516,0.026486007247252516,0.012882342560850992,0.012882342560850992,0.025060187272264,0.025060187272264,0.026486007247252516,0.026486007247252516
ID_FQA9MM,0.02430841221880609,0.02430841221880609,0.010419729442559447,0.010419729442559447,0.015627213243451007,0.015627213243451007,0.02430841221880609,0.02430841221880609
ID_96NLJM,0.025028680832776453,0.025028680832776453,0.010167339322809232,0.010167339322809232,0.014978869875483296,0.014978869875483296,0.025028680832776453,0.025028680832776453
ID_PVEL7W,0.02430841221880609,0.02430841221880609,0.010419729442559447,0.010419729442559447,0.015627213243451007,0.015627213243451007,0.02430841221880609,0.02430841221880609
ID_XFXZM5,0.025028680832776453,0.025028680832776453,0.009977983713463114,0.009977983713463114,0.015834822353501303,0.015834822353501303,0.025028680832776453,0.025028680832776453
ID_UY3XZG,0.026567365938207226,0.026567365938207226,0.01371400722507994,0.01371400722507994,0.024079753239530682,0.024079753239530682,0.026567365938207226,0.026567365938207226
ID_PN97QK,0.02544431131065643,0.02544431131065643,0.010188161435974726,0.010188161435974726,0.016245169547264265,0.016245169547264265,0.02544431131065643,0.02544431131065643
ID_00DG4G,0.024948598569559853,0.024948598569559853,0.010532995811394686,0.010532995811394686,0.016563699320609672,0.016563699320609672,0.024948598569559853,0.024948598569559853
ID_QHQFQ7,0.02430841221880609,0.02430841221880609,0.010270962854674374,0.010270962854674374,0.01744900349776505,0.01744900349776505,0.02430841221880609,0.02430841221880609
ID_ATS0PR,0.024948598569559853,0.024948598569559853,0.010532995811394686,0.010532995811394686,0.016563699320609672,0.016563699320609672,0.024948598569559853,0.024948598569559853
ID_DSUPIN,0.02430841221880609,0.02430841221880609,0.012604321340167242,0.012604321340167242,0.015540642012392202,0.015540642012392202,0.02430841221880609,0.02430841221880609
ID_HWSETN,0.02430841221880609,0.02430841221880609,0.012842537574113662,0.012842537574113662,0.01554675936967762,0.01554675936967762,0.02430841221880609,0.02430841221880609
ID_9YPBUW,0.02413404155581404,0.02413404155581404,0.01037536708397288,0.01037536708397288,0.015672106468423663,0.015672106468423663,0.02413404155581404,0.02413404155581404
ID_4W9NRO,0.02430841221880609,0.02430841221880609,0.012832201812606142,0.012832201812606142,0.01554675936967762,0.01554675936967762,0.02430841221880609,0.02430841221880609
ID_53B01Q,0.025028680832776453,0.025028680832776453,0.01029461490749388,0.01029461490749388,0.015297399648828704,0.015297399648828704,0.025028680832776453,0.025028680832776453
ID_SM5ONB,0.02413404155581404,0.02413404155581404,0.010435234732572421,0.010435234732572421,0.016893512915231976,0.016893512915231976,0.02413404155581404,0.02413404155581404
ID_YEU9F6,0.024507687937674796,0.024507687937674796,0.012950039543459385,0.012950039543459385,0.01693043239603953,0.01693043239603953,0.024507687937674796,0.024507687937674796
ID_FMI1VW,0.02646014627844889,0.02646014627844889,0.016479665857698396,0.016479665857698396,0.0330863029633154,0.0330863029633154,0.02646014627844889,0.02646014627844889
ID_SWJYU2,0.02630508156570974,0.02630508156570974,0.013457288155011241,0.013457288155011241,0.028401399275597067,0.028401399275597067,0.02630508156570974,0.02630508156570974
ID_DJFGM4,0.024948598569559853,0.024948598569559853,0.010532995811394686,0.010532995811394686,0.016563699320609672,0.016563699320609672,0.024948598569559853,0.024948598569559853
ID_Q0LYKC,0.02430841221880609,0.02430841221880609,0.013076381961392948,0.013076381961392948,0.015639095473094056,0.015639095473094056,0.02430841221880609,0.02430841221880609
ID_UIL74V,0.31402976290899304,0.31402976290899304,0.2360730309022227,0.2360730309022227,0.45727448791838665,0.45727448791838665,0.31402976290899304,0.31402976290899304
ID_M0F7GN,0.02544431131065643,0.02544431131065643,0.01030580662519974,0.01030580662519974,0.016563699320609672,0.016563699320609672,0.02544431131065643,0.02544431131065643
ID_CKRXHI,0.024318002320969024,0.024318002320969024,0.010339828423337284,0.010339828423337284,0.017473836927964167,0.017473836927964167,0.024318002320969024,0.024318002320969024
ID_9LU58J,0.026567365938207226,0.026567365938207226,0.013845700475192367,0.013845700475192367,0.028175890538715297,0.028175890538715297,0.026567365938207226,0.026567365938207226
ID_84BF6M,0.026567365938207226,0.026567365938207226,0.013639487029378065,0.013639487029378065,0.025080543271828563,0.025080543271828563,0.026567365938207226,0.026567365938207226
ID_HY29Y2,0.024143631657976974,0.024143631657976974,0.011716819266291346,0.011716819266291346,0.017204201018319994,0.017204201018319994,0.024143631657976974,0.024143631657976974
ID_VZNNHT,0.02430841221880609,0.02430841221880609,0.012842537574113662,0.012842537574113662,0.01554675936967762,0.01554675936967762,0.02430841221880609,0.02430841221880609
ID_3EDRRO,0.02430841221880609,0.02430841221880609,0.012832201812606142,0.012832201812606142,0.01554675936967762,0.01554675936967762,0.02430841221880609,0.02430841221880609
ID_NPCZIL,0.02430841221880609,0.02430841221880609,0.012832201812606142,0.012832201812606142,0.01554675936967762,0.01554675936967762,0.02430841221880609,0.02430841221880609
ID_23EVXZ,0.02544431131065643,0.02544431131065643,0.010188161435974726,0.010188161435974726,0.016245169547264265,0.016245169547264265,0.02544431131065643,0.02544431131065643
ID_IX6FLE,0.02413404155581404,0.02413404155581404,0.010435234732572421,0.010435234732572421,0.016893512915231976,0.016893512915231976,0.02413404155581404,0.02413404155581404
ID_NB021D,0.02457637195196107,0.02457637195196107,0.012924601617027832,0.012924601617027832,0.015852066890710854,0.015852066890710854,0.02457637195196107,0.02457637195196107
ID_5FJ5OA,0.02430841221880609,0.02430841221880609,0.010218539625193757,0.010218539625193757,0.015291595101497637,0.015291595101497637,0.02430841221880609,0.02430841221880609
ID_GX7MD3,0.026567365938207226,0.026567365938207226,0.013845700475192367,0.013845700475192367,0.028175890538715297,0.028175890538715297,0.026567365938207226,0.026567365938207226
ID_FZ85DE,0.02430841221880609,0.02430841221880609,0.010283846777430798,0.010283846777430798,0.014978869875483296,0.014978869875483296,0.02430841221880609,0.02430841221880609
ID_PUMD7D,0.026567365938207226,0.026567365938207226,0.013517703128422626,0.013517703128422626,0.02503683525661716,0.02503683525661716,0.026567365938207226,0.026567365938207226
ID_BGDOB3,0.024562865145014743,0.024562865145014743,0.010349647725440947,0.010349647725440947,0.015534877140034571,0.015534877140034571,0.024562865145014743,0.024562865145014743
ID_OU67AN,0.02413404155581404,0.02413404155581404,0.01037536708397288,0.01037536708397288,0.015672106468423663,0.015672106468423663,0.02413404155581404,0.02413404155581404
ID_PHQYL9,0.05151363842579001,0.05151363842579001,0.09898993504795806,0.09898993504795806,0.2734621673065194,0.2734621673065194,0.05151363842579001,0.05151363842579001
ID_HPZYN9,0.02544431131065643,0.02544431131065643,0.010751244132867481,0.010751244132867481,0.014978869875483296,0.014978869875483296,0.02544431131065643,0.02544431131065643
ID_4GDBBB,0.02430841221880609,0.02430841221880609,0.010419729442559447,0.010419729442559447,0.015627213243451007,0.015627213243451007,0.02430841221880609,0.02430841221880609
ID_84K1H5,0.02413404155581404,0.02413404155581404,0.010155972041810821,0.010155972041810821,0.015672106468423663,0.015672106468423663,0.02413404155581404,0.02413404155581404
ID_MRXFS5,0.026567365938207226,0.026567365938207226,0.013503643359221874,0.013503643359221874,0.02635159607385211,0.02635159607385211,0.026567365938207226,0.026567365938207226
ID_E2DO2Y,0.02413404155581404,0.02413404155581404,0.010391431907242083,0.010391431907242083,0.016938406140204632,0.016938406140204632,0.02413404155581404,0.02413404155581404
ID_VSR4RJ,0.02430841221880609,0.02430841221880609,0.012610266800327896,0.012610266800327896,0.01554675936967762,0.01554675936967762,0.02430841221880609,0.02430841221880609
ID_JSA4H2,0.026217812976767896,0.026217812976767896,0.013174674772620588,0.013174674772620588,0.032292825427130016,0.032292825427130016,0.026217812976767896,0.026217812976767896
ID_YOFNV6,0.02646014627844889,0.02646014627844889,0.016479665857698396,0.016479665857698396,0.0330863029633154,0.0330863029633154,0.02646014627844889,0.02646014627844889
ID_JBIQNN,0.024562865145014743,0.024562865145014743,0.010236897510046897,0.010236897510046897,0.0158884218958508,0.0158884218958508,0.024562865145014743,0.024562865145014743
ID_7R5UUT,0.02430841221880609,0.02430841221880609,0.010283846777430798,0.010283846777430798,0.014978869875483296,0.014978869875483296,0.02430841221880609,0.02430841221880609
ID_9EL678,0.02430841221880609,0.02430841221880609,0.010419729442559447,0.010419729442559447,0.015627213243451007,0.015627213243451007,0.02430841221880609,0.02430841221880609
ID_GJJRW7,0.027728021029693965,0.027728021029693965,0.015527015448187957,0.015527015448187957,0.03154928728499597,0.03154928728499597,0.027728021029693965,0.027728021029693965
ID_JLHKHD,0.02430841221880609,0.02430841221880609,0.010419729442559447,0.010419729442559447,0.015627213243451007,0.015627213243451007,0.02430841221880609,0.02430841221880609
ID_C42QFG,0.02430841221880609,0.02430841221880609,0.012842537574113662,0.012842537574113662,0.01554675936967762,0.01554675936967762,0.02430841221880609,0.02430841221880609
ID_RV5C5N,0.026567365938207226,0.026567365938207226,0.013249526513336482,0.013249526513336482,0.024996945602823235,0.024996945602823235,0.026567365938207226,0.026567365938207226
ID_Q80MZT,0.02413404155581404,0.02413404155581404,0.01375459000520134,0.01375459000520134,0.018810455399290216,0.018810455399290216,0.02413404155581404,0.02413404155581404
ID_NFFUEW,0.02430841221880609,0.02430841221880609,0.010208164800331843,0.010208164800331843,0.015949352836410174,0.015949352836410174,0.02430841221880609,0.02430841221880609
ID_9EHPRT,0.026567365938207226,0.026567365938207226,0.013277920734603378,0.013277920734603378,0.026670996274098798,0.026670996274098798,0.026567365938207226,0.026567365938207226
ID_CJ57AV,0.02430841221880609,0.02430841221880609,0.012752773232025831,0.012752773232025831,0.014946135027901925,0.014946135027901925,0.02430841221880609,0.02430841221880609
ID_CSCQO1,0.02646014627844889,0.02646014627844889,0.016479665857698396,0.016479665857698396,0.0330863029633154,0.0330863029633154,0.02646014627844889,0.02646014627844889
ID_AQEEKF,0.02430841221880609,0.02430841221880609,0.012602168287670275,0.012602168287670275,0.01587751342932295,0.01587751342932295,0.02430841221880609,0.02430841221880609
ID_ZNHRMQ,0.026567365938207226,0.026567365938207226,0.013845700475192367,0.013845700475192367,0.028175890538715297,0.028175890538715297,0.026567365938207226,0.026567365938207226
ID_1FXKVY,0.024948598569559853,0.024948598569559853,0.010532995811394686,0.010532995811394686,0.016563699320609672,0.016563699320609672,0.024948598569559853,0.024948598569559853
ID_T764ZJ,0.02430841221880609,0.02430841221880609,0.010283846777430798,0.010283846777430798,0.014978869875483296,0.014978869875483296,0.02430841221880609,0.02430841221880609
ID_HVY7YF,0.02430841221880609,0.02430841221880609,0.010449813929562778,0.010449813929562778,0.015297399648828704,0.015297399648828704,0.02430841221880609,0.02430841221880609
ID_G2O1VD,0.026567365938207226,0.026567365938207226,0.013533447632731451,0.013533447632731451,0.02694856861070231,0.02694856861070231,0.026567365938207226,0.026567365938207226
ID_13W4SF,0.02430841221880609,0.02430841221880609,0.011110478205557883,0.011110478205557883,0.016811399724562522,0.016811399724562522,0.02430841221880609,0.02430841221880609
ID_GVDCKX,0.026567365938207226,0.026567365938207226,0.013274844535375406,0.013274844535375406,0.024996945602823235,0.024996945602823235,0.026567365938207226,0.026567365938207226
ID_R387QV,0.03691051395276289,0.03691051395276289,0.023730010384523378,0.023730010384523378,0.06436245126327879,0.06436245126327879,0.03691051395276289,0.03691051395276289
ID_4GSCPU,0.026567365938207226,0.026567365938207226,0.01303115157652827,0.01303115157652827,0.023931368771328933,0.023931368771328933,0.026567365938207226,0.026567365938207226
ID_3O3YPS,0.02413404155581404,0.02413404155581404,0.011899272388794584,0.011899272388794584,0.015985729528637607,0.015985729528637607,0.02413404155581404,0.02413404155581404
ID_3U5QW2,0.02430841221880609,0.02430841221880609,0.011275879883034318,0.011275879883034318,0.0155942022481214,0.0155942022481214,0.02430841221880609,0.02430841221880609
ID_11E3S7,0.02614912896248162,0.02614912896248162,0.013174674772620588,0.013174674772620588,0.03338175602943097,0.03338175602943097,0.02614912896248162,0.02614912896248162
ID_V1QRWL,0.02413404155581404,0.02413404155581404,0.01303769546829674,0.01303769546829674,0.015329432887233443,0.015329432887233443,0.02413404155581404,0.02413404155581404
ID_B7Q4VT,0.026567365938207226,0.026567365938207226,0.013845700475192367,0.013845700475192367,0.028175890538715297,0.028175890538715297,0.026567365938207226,0.026567365938207226
ID_W7FAS9,0.02430841221880609,0.02430841221880609,0.010459301646891253,0.010459301646891253,0.015297399648828704,0.015297399648828704,0.02430841221880609,0.02430841221880609
ID_FM47N0,0.02430841221880609,0.02430841221880609,0.010111586858145857,0.010111586858145857,0.015834822353501303,0.015834822353501303,0.02430841221880609,0.02430841221880609
ID_96L2OE,0.026567365938207226,0.026567365938207226,0.013303603065077843,0.013303603065077843,0.02502796613135068,0.02502796613135068,0.026567365938207226,0.026567365938207226
ID_Q18J6B,0.02413404155581404,0.02413404155581404,0.010391431907242083,0.010391431907242083,0.016938406140204632,0.016938406140204632,0.02413404155581404,0.02413404155581404
ID_J2ZRX7,0.026567365938207226,0.026567365938207226,0.012660272822813502,0.012660272822813502,0.024651223729491422,0.024651223729491422,0.026567365938207226,0.026567365938207226
ID_9F8TC3,0.02430841221880609,0.02430841221880609,0.010061576569828725,0.010061576569828725,0.014978869875483296,0.014978869875483296,0.02430841221880609,0.02430841221880609
ID_V6NJBP,0.23187152376532782,0.23187152376532782,0.10932676088028347,0.10932676088028347,0.13433930918834147,0.13433930918834147,0.23187152376532782,0.23187152376532782
ID_3FWH6E,0.025564925591664713,0.025564925591664713,0.01345749904752935,0.01345749904752935,0.03173096094618827,0.03173096094618827,0.025564925591664713,0.025564925591664713
ID_5B2N7E,0.026756385082445298,0.026756385082445298,0.010458455223147822,0.010458455223147822,0.03104371900839655,0.03104371900839655,0.026756385082445298,0.026756385082445298
ID_BRL39M,0.02573638750888165,0.02573638750888165,0.013054855069910151,0.013054855069910151,0.02997252714163614,0.02997252714163614,0.02573638750888165,0.02573638750888165
ID_NQZ2IX,0.026756385082445298,0.026756385082445298,0.010422896601208532,0.010422896601208532,0.03115878499978124,0.03115878499978124,0.026756385082445298,0.026756385082445298
ID_8XUQIK,0.026756385082445298,0.026756385082445298,0.010422896601208532,0.010422896601208532,0.03115878499978124,0.03115878499978124,0.026756385082445298,0.026756385082445298
ID_Y0ZP9O,0.0257481302537268,0.0257481302537268,0.012715355996863095,0.012715355996863095,0.031052131145569848,0.031052131145569848,0.0257481302537268,0.0257481302537268
ID_Y8YPKV,0.02560804762702478,0.02560804762702478,0.012712318557657218,0.012712318557657218,0.02839864852920815,0.02839864852920815,0.02560804762702478,0.02560804762702478
ID_OTZY1M,0.025706146157707582,0.025706146157707582,0.012834226226130264,0.012834226226130264,0.03159815882135428,0.03159815882135428,0.025706146157707582,0.025706146157707582
ID_8659PM,0.026756385082445298,0.026756385082445298,0.010422896601208532,0.010422896601208532,0.03115878499978124,0.03115878499978124,0.026756385082445298,0.026756385082445298
ID_9B318X,0.025481934582673,0.025481934582673,0.013488922577619184,0.013488922577619184,0.030780739230013475,0.030780739230013475,0.025481934582673,0.025481934582673
ID_UYJIY1,0.02560804762702478,0.02560804762702478,0.012712318557657218,0.012712318557657218,0.02839864852920815,0.02839864852920815,0.02560804762702478,0.02560804762702478
ID_FX76KI,0.028143633103623993,0.028143633103623993,0.01817884662714865,0.01817884662714865,0.17638506785659053,0.17638506785659053,0.028143633103623993,0.028143633103623993
ID_3VPHDX,0.02560804762702478,0.02560804762702478,0.012712318557657218,0.012712318557657218,0.02839864852920815,0.02839864852920815,0.02560804762702478,0.02560804762702478
ID_8MS13L,0.02442200641766158,0.02442200641766158,0.013520449558449823,0.013520449558449823,0.032900388652520395,0.032900388652520395,0.02442200641766158,0.02442200641766158
ID_1Q5P6G,0.0257481302537268,0.0257481302537268,0.012715355996863095,0.012715355996863095,0.031052131145569848,0.031052131145569848,0.0257481302537268,0.0257481302537268
ID_9UO8QX,0.026756385082445298,0.026756385082445298,0.010422896601208532,0.010422896601208532,0.03115878499978124,0.03115878499978124,0.026756385082445298,0.026756385082445298
ID_VKJX7X,0.026567365938207226,0.026567365938207226,0.011479570824420773,0.011479570824420773,0.030277688500770335,0.030277688500770335,0.026567365938207226,0.026567365938207226
ID_OAYA7A,0.02643821267609361,0.02643821267609361,0.011932095996149738,0.011932095996149738,0.020805303089815635,0.020805303089815635,0.02643821267609361,0.02643821267609361
ID_GAMP7V,0.025190049247605338,0.025190049247605338,0.011373048291245233,0.011373048291245233,0.01654550601770765,0.01654550601770765,0.025190049247605338,0.025190049247605338
ID_4NRMAU,0.025190049247605338,0.025190049247605338,0.011373048291245233,0.011373048291245233,0.01654550601770765,0.01654550601770765,0.025190049247605338,0.025190049247605338
ID_AKBWMP,0.025190049247605338,0.025190049247605338,0.011815293552593635,0.011815293552593635,0.016974319280041478,0.016974319280041478,0.025190049247605338,0.025190049247605338
ID_FWYKU6,0.02643821267609361,0.02643821267609361,0.011932095996149738,0.011932095996149738,0.020805303089815635,0.020805303089815635,0.02643821267609361,0.02643821267609361
ID_7M6M1B,0.02826741129328468,0.02826741129328468,0.012314492467612102,0.012314492467612102,0.027949810773598656,0.027949810773598656,0.02826741129328468,0.02826741129328468
ID_3H1L7F,0.02975133490420593,0.02975133490420593,0.03187565560836534,0.03187565560836534,0.05104030724937277,0.05104030724937277,0.02975133490420593,0.02975133490420593
ID_N8FIH8,0.02544450217381399,0.02544450217381399,0.013143764105395602,0.013143764105395602,0.01613546162564041,0.01613546162564041,0.02544450217381399,0.02544450217381399
ID_GBJJLZ,0.025190049247605338,0.025190049247605338,0.011178814901019131,0.011178814901019131,0.016545766337885674,0.016545766337885674,0.025190049247605338,0.025190049247605338
ID_T86IHF,0.02643821267609361,0.02643821267609361,0.011932095996149738,0.011932095996149738,0.020805303089815635,0.020805303089815635,0.02643821267609361,0.02643821267609361
ID_JF3WUN,0.02993080124101836,0.02993080124101836,0.03846848355821723,0.03846848355821723,0.037482809577468405,0.037482809577468405,0.02993080124101836,0.02993080124101836
ID_49KF1T,0.02766095093521266,0.02766095093521266,0.022898344143785086,0.022898344143785086,0.01898391010290597,0.01898391010290597,0.02766095093521266,0.02766095093521266
ID_S79H7Y,0.025190049247605338,0.025190049247605338,0.011815293552593635,0.011815293552593635,0.016974319280041478,0.016974319280041478,0.025190049247605338,0.025190049247605338
ID_QIOC3U,0.025190049247605338,0.025190049247605338,0.013347941209188632,0.013347941209188632,0.0162653173171499,0.0162653173171499,0.025190049247605338,0.025190049247605338
ID_Y4WX50,0.02993080124101836,0.02993080124101836,0.03846848355821723,0.03846848355821723,0.037482809577468405,0.037482809577468405,0.02993080124101836,0.02993080124101836
ID_GUDWDW,0.025190049247605338,0.025190049247605338,0.011178814901019131,0.011178814901019131,0.016545766337885674,0.016545766337885674,0.025190049247605338,0.025190049247605338
ID_5HUIA4,0.02643821267609361,0.02643821267609361,0.011932095996149738,0.011932095996149738,0.020805303089815635,0.020805303089815635,0.02643821267609361,0.02643821267609361
ID_9M4UJW,0.028181055507447025,0.028181055507447025,0.01244849142702472,0.01244849142702472,0.02793409976634793,0.02793409976634793,0.028181055507447025,0.028181055507447025
ID_C1UEMJ,0.025190049247605338,0.025190049247605338,0.010827942135994074,0.010827942135994074,0.0149488211761276,0.0149488211761276,0.025190049247605338,0.025190049247605338
ID_QGS2MR,0.025190049247605338,0.025190049247605338,0.011373048291245233,0.011373048291245233,0.01654550601770765,0.01654550601770765,0.025190049247605338,0.025190049247605338
ID_067XPD,0.02766095093521266,0.02766095093521266,0.022898344143785086,0.022898344143785086,0.01898391010290597,0.01898391010290597,0.02766095093521266,0.02766095093521266
ID_PV8C8G,0.02826741129328468,0.02826741129328468,0.012314492467612102,0.012314492467612102,0.027949810773598656,0.027949810773598656,0.02826741129328468,0.02826741129328468
ID_7SZVJ7,0.025190049247605338,0.025190049247605338,0.011373048291245233,0.011373048291245233,0.01654550601770765,0.01654550601770765,0.025190049247605338,0.025190049247605338
ID_939CFS,0.03357021766488159,0.03357021766488159,0.0524770479593541,0.0524770479593541,0.056070710592809776,0.056070710592809776,0.03357021766488159,0.03357021766488159
ID_4YX26C,0.025190049247605338,0.025190049247605338,0.011178814901019131,0.011178814901019131,0.016545766337885674,0.016545766337885674,0.025190049247605338,0.025190049247605338
ID_CG4YWK,0.02643821267609361,0.02643821267609361,0.011932095996149738,0.011932095996149738,0.020805303089815635,0.020805303089815635,0.02643821267609361,0.02643821267609361
ID_U2O9AQ,0.02643821267609361,0.02643821267609361,0.011932095996149738,0.011932095996149738,0.020805303089815635,0.020805303089815635,0.02643821267609361,0.02643821267609361
ID_W0SUD4,0.02544450217381399,0.02544450217381399,0.01099455037306588,0.01099455037306588,0.0166269354037435,0.0166269354037435,0.02544450217381399,0.02544450217381399
ID_1809CE,0.02643821267609361,0.02643821267609361,0.011932095996149738,0.011932095996149738,0.020805303089815635,0.020805303089815635,0.02643821267609361,0.02643821267609361
ID_T37IC9,0.02544450217381399,0.02544450217381399,0.01066323839039745,0.01066323839039745,0.01504750963483814,0.01504750963483814,0.02544450217381399,0.02544450217381399
ID_APZ0D7,0.027845171731493406,0.027845171731493406,0.018014806068487235,0.018014806068487235,0.02033968086841065,0.02033968086841065,0.027845171731493406,0.027845171731493406
ID_K8IR50,0.02826741129328468,0.02826741129328468,0.012314492467612102,0.012314492467612102,0.027949810773598656,0.027949810773598656,0.02826741129328468,0.02826741129328468
ID_7VXCAN,0.02643821267609361,0.02643821267609361,0.011932095996149738,0.011932095996149738,0.020805303089815635,0.020805303089815635,0.02643821267609361,0.02643821267609361
ID_N4P9RV,0.02826741129328468,0.02826741129328468,0.012314492467612102,0.012314492467612102,0.027949810773598656,0.027949810773598656,0.02826741129328468,0.02826741129328468
ID_S83N82,0.02544450217381399,0.02544450217381399,0.013151834417514255,0.013151834417514255,0.01504750963483814,0.01504750963483814,0.02544450217381399,0.02544450217381399
ID_YEBE3L,0.025190049247605338,0.025190049247605338,0.011178814901019131,0.011178814901019131,0.016545766337885674,0.016545766337885674,0.025190049247605338,0.025190049247605338
ID_5TTIUV,0.02643821267609361,0.02643821267609361,0.011932095996149738,0.011932095996149738,0.020805303089815635,0.020805303089815635,0.02643821267609361,0.02643821267609361
ID_OKQE5S,0.02643821267609361,0.02643821267609361,0.011932095996149738,0.011932095996149738,0.020805303089815635,0.020805303089815635,0.02643821267609361,0.02643821267609361
ID_ZEJRSI,0.02826741129328468,0.02826741129328468,0.012314492467612102,0.012314492467612102,0.027949810773598656,0.027949810773598656,0.02826741129328468,0.02826741129328468
ID_EDHCWN,0.02643821267609361,0.02643821267609361,0.011932095996149738,0.011932095996149738,0.020805303089815635,0.020805303089815635,0.02643821267609361,0.02643821267609361
ID_4YRJRP,0.02766095093521266,0.02766095093521266,0.018136086708336798,0.018136086708336798,0.019054580125418507,0.019054580125418507,0.02766095093521266,0.02766095093521266
ID_GCHBYB,0.028181055507447025,0.028181055507447025,0.01244849142702472,0.01244849142702472,0.02793409976634793,0.02793409976634793,0.028181055507447025,0.028181055507447025
ID_5H4T9K,0.02643821267609361,0.02643821267609361,0.011932095996149738,0.011932095996149738,0.020805303089815635,0.020805303089815635,0.02643821267609361,0.02643821267609361
ID_OECX6J,0.028256304605309118,0.028256304605309118,0.02396452737924345,0.02396452737924345,0.022360226559486336,0.022360226559486336,0.028256304605309118,0.028256304605309118
ID_CADS1W,0.028296628399990323,0.028296628399990323,0.013451049781845768,0.013451049781845768,0.02577113085448772,0.02577113085448772,0.028296628399990323,0.028296628399990323
ID_1G89F8,0.02544450217381399,0.02544450217381399,0.01099455037306588,0.01099455037306588,0.0166269354037435,0.0166269354037435,0.02544450217381399,0.02544450217381399
ID_BFB0U7,0.028296628399990323,0.028296628399990323,0.01347020257592464,0.01347020257592464,0.024514026972693982,0.024514026972693982,0.028296628399990323,0.028296628399990323
ID_ZM7Y7C,0.02826741129328468,0.02826741129328468,0.012314492467612102,0.012314492467612102,0.027949810773598656,0.027949810773598656,0.02826741129328468,0.02826741129328468
ID_ERMOCP,0.025190049247605338,0.025190049247605338,0.011178814901019131,0.011178814901019131,0.016545766337885674,0.016545766337885674,0.025190049247605338,0.025190049247605338
ID_7048GU,0.025190049247605338,0.025190049247605338,0.011373048291245233,0.011373048291245233,0.01654550601770765,0.01654550601770765,0.025190049247605338,0.025190049247605338
ID_5WR4NG,0.025190049247605338,0.025190049247605338,0.011373048291245233,0.011373048291245233,0.01654550601770765,0.01654550601770765,0.025190049247605338,0.025190049247605338
ID_OE94T8,0.025190049247605338,0.025190049247605338,0.011373048291245233,0.011373048291245233,0.01654550601770765,0.01654550601770765,0.025190049247605338,0.025190049247605338
ID_1OCPON,0.025190049247605338,0.025190049247605338,0.011178814901019131,0.011178814901019131,0.016545766337885674,0.016545766337885674,0.025190049247605338,0.025190049247605338
ID_SPM4A3,0.027658232429493022,0.027658232429493022,0.018792005303277112,0.018792005303277112,0.021556363427357516,0.021556363427357516,0.027658232429493022,0.027658232429493022
ID_69O2FI,0.02760736036715264,0.02760736036715264,0.018720348831628278,0.018720348831628278,0.019956533969117587,0.019956533969117587,0.02760736036715264,0.02760736036715264
ID_9XLCIQ,0.027670541037375596,0.027670541037375596,0.03057074368824938,0.03057074368824938,0.022985893249974694,0.022985893249974694,0.027670541037375596,0.027670541037375596
ID_INOMV4,0.02643821267609361,0.02643821267609361,0.011932095996149738,0.011932095996149738,0.020805303089815635,0.020805303089815635,0.02643821267609361,0.02643821267609361
ID_IVW5DG,0.02643821267609361,0.02643821267609361,0.011932095996149738,0.011932095996149738,0.020805303089815635,0.020805303089815635,0.02643821267609361,0.02643821267609361
ID_REKYSY,0.025190049247605338,0.025190049247605338,0.013218428321063186,0.013218428321063186,0.016190500606586184,0.016190500606586184,0.025190049247605338,0.025190049247605338
ID_RGZEPZ,0.028181055507447025,0.028181055507447025,0.01244849142702472,0.01244849142702472,0.02793409976634793,0.02793409976634793,0.028181055507447025,0.028181055507447025
ID_Q032KX,0.028181055507447025,0.028181055507447025,0.01244849142702472,0.01244849142702472,0.02793409976634793,0.02793409976634793,0.028181055507447025,0.028181055507447025
ID_SX073G,0.027658232429493022,0.027658232429493022,0.018792005303277112,0.018792005303277112,0.021556363427357516,0.021556363427357516,0.027658232429493022,0.027658232429493022
ID_VW2JS1,0.02766095093521266,0.02766095093521266,0.018136086708336798,0.018136086708336798,0.019054580125418507,0.019054580125418507,0.02766095093521266,0.02766095093521266
ID_QTFJH6,0.02430860308196365,0.02430860308196365,0.011219900683595657,0.011219900683595657,0.01711780277673208,0.01711780277673208,0.02430860308196365,0.02430860308196365
ID_SJUA3M,0.027845171731493406,0.027845171731493406,0.018014806068487235,0.018014806068487235,0.02033968086841065,0.02033968086841065,0.027845171731493406,0.027845171731493406
ID_WRGV5B,0.02975133490420593,0.02975133490420593,0.03187565560836534,0.03187565560836534,0.05104030724937277,0.05104030724937277,0.02975133490420593,0.02975133490420593
ID_TF0ZBP,0.02643821267609361,0.02643821267609361,0.011932095996149738,0.011932095996149738,0.020805303089815635,0.020805303089815635,0.02643821267609361,0.02643821267609361
ID_XY4R47,0.02643821267609361,0.02643821267609361,0.011932095996149738,0.011932095996149738,0.020805303089815635,0.020805303089815635,0.02643821267609361,0.02643821267609361
ID_TC20Z8,0.02643821267609361,0.02643821267609361,0.011932095996149738,0.011932095996149738,0.020805303089815635,0.020805303089815635,0.02643821267609361,0.02643821267609361
ID_5LZHSA,0.02643821267609361,0.02643821267609361,0.011932095996149738,0.011932095996149738,0.020805303089815635,0.020805303089815635,0.02643821267609361,0.02643821267609361
ID_P33RH4,0.025190049247605338,0.025190049247605338,0.011373048291245233,0.011373048291245233,0.01654550601770765,0.01654550601770765,0.025190049247605338,0.025190049247605338
ID_X0U2Z7,0.025199639349768273,0.025199639349768273,0.013221855597233694,0.013221855597233694,0.01748292504743939,0.01748292504743939,0.025199639349768273,0.025199639349768273
ID_HNASKY,0.028182894447402653,0.028182894447402653,0.01565735121757298,0.01565735121757298,0.02188276874445489,0.02188276874445489,0.028182894447402653,0.028182894447402653
ID_E9746A,0.03357021766488159,0.03357021766488159,0.05247112302981388,0.05247112302981388,0.05623863670532027,0.05623863670532027,0.03357021766488159,0.03357021766488159
ID_KOOJEU,0.02760736036715264,0.02760736036715264,0.018488059204280847,0.018488059204280847,0.019956533969117587,0.019956533969117587,0.02760736036715264,0.02760736036715264
ID_NZDB2W,0.02544450217381399,0.02544450217381399,0.01066323839039745,0.01066323839039745,0.01504750963483814,0.01504750963483814,0.02544450217381399,0.02544450217381399
ID_N8B9Y0,0.02826741129328468,0.02826741129328468,0.013296663630654404,0.013296663630654404,0.031411407210463246,0.031411407210463246,0.02826741129328468,0.02826741129328468
ID_IGRKAA,0.025454092275976923,0.025454092275976923,0.013369252743398743,0.013369252743398743,0.016908505407198772,0.016908505407198772,0.025454092275976923,0.025454092275976923
ID_31FOC7,0.02826741129328468,0.02826741129328468,0.012370502570054195,0.012370502570054195,0.028370340623340075,0.028370340623340075,0.02826741129328468,0.02826741129328468
ID_XYJNSM,0.02544450217381399,0.02544450217381399,0.013148568042914952,0.013148568042914952,0.015041692861728287,0.015041692861728287,0.02544450217381399,0.02544450217381399
ID_QT459C,0.0241342324189716,0.0241342324189716,0.011217897029625869,0.011217897029625869,0.01731725782583322,0.01731725782583322,0.0241342324189716,0.0241342324189716
ID_9HL60U,0.028181055507447025,0.028181055507447025,0.01244849142702472,0.01244849142702472,0.02793409976634793,0.02793409976634793,0.028181055507447025,0.028181055507447025
ID_J8S3V7,0.02643821267609361,0.02643821267609361,0.011932095996149738,0.011932095996149738,0.020805303089815635,0.020805303089815635,0.02643821267609361,0.02643821267609361
ID_FC0BNP,0.02643821267609361,0.02643821267609361,0.011932095996149738,0.011932095996149738,0.020805303089815635,0.020805303089815635,0.02643821267609361,0.02643821267609361
ID_VDKYTG,0.02760736036715264,0.02760736036715264,0.018737900401461113,0.018737900401461113,0.019956533969117587,0.019956533969117587,0.02760736036715264,0.02760736036715264
ID_0LGOS8,0.02947989906204959,0.02947989906204959,0.03587646615869018,0.03587646615869018,0.03490519237670155,0.03490519237670155,0.02947989906204959,0.02947989906204959
ID_GMWQ34,0.025190049247605338,0.025190049247605338,0.013435794582100164,0.013435794582100164,0.019333128612274708,0.019333128612274708,0.025190049247605338,0.025190049247605338
ID_BHJIUD,0.02826741129328468,0.02826741129328468,0.012314492467612102,0.012314492467612102,0.027949810773598656,0.027949810773598656,0.02826741129328468,0.02826741129328468
ID_25WW3Q,0.025190049247605338,0.025190049247605338,0.01301750279148485,0.01301750279148485,0.016967609560655947,0.016967609560655947,0.025190049247605338,0.025190049247605338
ID_B1Q34R,0.02643821267609361,0.02643821267609361,0.012030882607720016,0.012030882607720016,0.018710840341532774,0.018710840341532774,0.02643821267609361,0.02643821267609361
ID_DAM5SV,0.02826741129328468,0.02826741129328468,0.012314492467612102,0.012314492467612102,0.027949810773598656,0.027949810773598656,0.02826741129328468,0.02826741129328468
ID_QFVKE8,0.025454092275976923,0.025454092275976923,0.013369252743398743,0.013369252743398743,0.016908505407198772,0.016908505407198772,0.025454092275976923,0.025454092275976923
ID_AAG1MX,0.02643821267609361,0.02643821267609361,0.011932095996149738,0.011932095996149738,0.020805303089815635,0.020805303089815635,0.02643821267609361,0.02643821267609361
ID_2T39AV,0.02975133490420593,0.02975133490420593,0.03187565560836534,0.03187565560836534,0.05104030724937277,0.05104030724937277,0.02975133490420593,0.02975133490420593
ID_GLHVNV,0.025454092275976923,0.025454092275976923,0.013023713541036661,0.013023713541036661,0.016925694803105358,0.016925694803105358,0.025454092275976923,0.025454092275976923
ID_EL46XL,0.02643821267609361,0.02643821267609361,0.011932095996149738,0.011932095996149738,0.020805303089815635,0.020805303089815635,0.02643821267609361,0.02643821267609361
ID_B1092H,0.027845171731493406,0.027845171731493406,0.018704602641298536,0.018704602641298536,0.021320113176024155,0.021320113176024155,0.027845171731493406,0.027845171731493406
ID_5B1HJQ,0.025190049247605338,0.025190049247605338,0.011178814901019131,0.011178814901019131,0.016545766337885674,0.016545766337885674,0.025190049247605338,0.025190049247605338
ID_7L4RV1,0.02430860308196365,0.02430860308196365,0.16903944036460455,0.16903944036460455,0.1677374320963196,0.1677374320963196,0.02430860308196365,0.02430860308196365
ID_ZW88Z7,0.02430860308196365,0.02430860308196365,0.17649147823072361,0.17649147823072361,0.19585236411884704,0.19585236411884704,0.02430860308196365,0.02430860308196365
ID_44FN7K,0.02430860308196365,0.02430860308196365,0.153825291986451,0.153825291986451,0.11257655099190769,0.11257655099190769,0.02430860308196365,0.02430860308196365
ID_R69I7Q,0.02430860308196365,0.02430860308196365,0.16903944036460455,0.16903944036460455,0.1677374320963196,0.1677374320963196,0.02430860308196365,0.02430860308196365
ID_K2KN9C,0.024507878800832356,0.024507878800832356,0.15325977156031823,0.15325977156031823,0.17972534100239151,0.17972534100239151,0.024507878800832356,0.024507878800832356
ID_UNAGCI,0.024507878800832356,0.024507878800832356,0.15325977156031823,0.15325977156031823,0.17972534100239151,0.17972534100239151,0.024507878800832356,0.024507878800832356
ID_GU9R9I,0.024318193184126584,0.024318193184126584,0.17165453158731933,0.17165453158731933,0.1477844996758494,0.1477844996758494,0.024318193184126584,0.024318193184126584
ID_33BHML,0.02430860308196365,0.02430860308196365,0.15455514564580874,0.15455514564580874,0.164541768194495,0.164541768194495,0.02430860308196365,0.02430860308196365
ID_XZY72G,0.02430860308196365,0.02430860308196365,0.15455514564580874,0.15455514564580874,0.164541768194495,0.164541768194495,0.02430860308196365,0.02430860308196365
ID_0L0GWJ,0.02430860308196365,0.02430860308196365,0.17649147823072361,0.17649147823072361,0.19585236411884704,0.19585236411884704,0.02430860308196365,0.02430860308196365
ID_SPT5AC,0.024507878800832356,0.024507878800832356,0.15325977156031823,0.15325977156031823,0.17972534100239151,0.17972534100239151,0.024507878800832356,0.024507878800832356
ID_CQOYXN,0.024507878800832356,0.024507878800832356,0.15325977156031823,0.15325977156031823,0.17972534100239151,0.17972534100239151,0.024507878800832356,0.024507878800832356
ID_GPUXEY,0.02430860308196365,0.02430860308196365,0.15455514564580874,0.15455514564580874,0.164541768194495,0.164541768194495,0.02430860308196365,0.02430860308196365
ID_7A0TY4,0.02514806515158612,0.02514806515158612,0.12271984293927415,0.12271984293927415,0.17183010760160466,0.17183010760160466,0.02514806515158612,0.02514806515158612
ID_1TKH7D,0.024948789432717413,0.024948789432717413,0.125572120720426,0.125572120720426,0.1663544906007789,0.1663544906007789,0.024948789432717413,0.024948789432717413
ID_FTQ35Z,0.02430860308196365,0.02430860308196365,0.15455514564580874,0.15455514564580874,0.164541768194495,0.164541768194495,0.02430860308196365,0.02430860308196365
ID_BF07MI,0.024948789432717413,0.024948789432717413,0.125572120720426,0.125572120720426,0.1663544906007789,0.1663544906007789,0.024948789432717413,0.024948789432717413
ID_97RNJ4,0.02514806515158612,0.02514806515158612,0.12271984293927415,0.12271984293927415,0.17183010760160466,0.17183010760160466,0.02514806515158612,0.02514806515158612
ID_3JGGNS,0.024507878800832356,0.024507878800832356,0.15325977156031823,0.15325977156031823,0.17972534100239151,0.17972534100239151,0.024507878800832356,0.024507878800832356
ID_Y9Y5X5,0.02430860308196365,0.02430860308196365,0.16903944036460455,0.16903944036460455,0.1677374320963196,0.1677374320963196,0.02430860308196365,0.02430860308196365
ID_XW71QT,0.02430860308196365,0.02430860308196365,0.16903944036460455,0.16903944036460455,0.1677374320963196,0.1677374320963196,0.02430860308196365,0.02430860308196365
ID_BVVDWU,0.02430860308196365,0.02430860308196365,0.12359507232217053,0.12359507232217053,0.11668199248143546,0.11668199248143546,0.02430860308196365,0.02430860308196365
ID_B2X1DI,0.02430860308196365,0.02430860308196365,0.12481990862569843,0.12481990862569843,0.11420153001731063,0.11420153001731063,0.02430860308196365,0.02430860308196365
ID_9PU0VA,0.02430860308196365,0.02430860308196365,0.16784310309080722,0.16784310309080722,0.1121254189196213,0.1121254189196213,0.02430860308196365,0.02430860308196365
ID_SMOQZM,0.02514806515158612,0.02514806515158612,0.12271984293927415,0.12271984293927415,0.17183010760160466,0.17183010760160466,0.02514806515158612,0.02514806515158612
ID_88ZTCU,0.02430860308196365,0.02430860308196365,0.15455514564580874,0.15455514564580874,0.164541768194495,0.164541768194495,0.02430860308196365,0.02430860308196365
ID_U6WG86,0.02430860308196365,0.02430860308196365,0.15517470131483732,0.15517470131483732,0.1042889767118223,0.1042889767118223,0.02430860308196365,0.02430860308196365
ID_4H45P3,0.024507878800832356,0.024507878800832356,0.15325977156031823,0.15325977156031823,0.17972534100239151,0.17972534100239151,0.024507878800832356,0.024507878800832356
ID_6WFJ2Y,0.024507878800832356,0.024507878800832356,0.15325977156031823,0.15325977156031823,0.17972534100239151,0.17972534100239151,0.024507878800832356,0.024507878800832356
ID_K3QT3V,0.4389877033257091,0.4389877033257091,0.3195965232939394,0.3195965232939394,0.3462132566727858,0.3462132566727858,0.4389877033257091,0.4389877033257091
ID_PZ4KLY,0.39667651069599863,0.39667651069599863,0.21186957624550753,0.21186957624550753,0.2679476793460548,0.2679476793460548,0.39667651069599863,0.39667651069599863
ID_Z7GKAM,0.40142799769334997,0.40142799769334997,0.2569696198654168,0.2569696198654168,0.27782281661633595,0.27782281661633595,0.40142799769334997,0.40142799769334997
ID_V6CFFQ,0.28216061704633855,0.28216061704633855,0.22253377192707258,0.22253377192707258,0.1896320941962112,0.1896320941962112,0.28216061704633855,0.28216061704633855
ID_EQJPUR,0.43414167580343344,0.43414167580343344,0.3116458931167406,0.3116458931167406,0.36383899443176226,0.36383899443176226,0.43414167580343344,0.43414167580343344
ID_IQCCG4,0.3699912056600776,0.3699912056600776,0.2884042053616205,0.2884042053616205,0.2609459797546339,0.2609459797546339,0.3699912056600776,0.3699912056600776
ID_HK96CL,0.4039944586329866,0.4039944586329866,0.2641879941906078,0.2641879941906078,0.24419962671718973,0.24419962671718973,0.4039944586329866,0.4039944586329866
ID_W551QM,0.3796616465398113,0.3796616465398113,0.267362072446873,0.267362072446873,0.2826460738727279,0.2826460738727279,0.3796616465398113,0.3796616465398113
ID_HTULB2,0.43903750726265167,0.43903750726265167,0.3133993446910188,0.3133993446910188,0.3709993669518161,0.3709993669518161,0.43903750726265167,0.43903750726265167
ID_FPAEGW,0.40403595931178043,0.40403595931178043,0.23928927320448973,0.23928927320448973,0.2614881820899115,0.2614881820899115,0.40403595931178043,0.40403595931178043
ID_USIVPK,0.4032488769410297,0.4032488769410297,0.25616787939321967,0.25616787939321967,0.28401537954818223,0.28401537954818223,0.4032488769410297,0.4032488769410297
ID_GV4GIF,0.404025378646514,0.404025378646514,0.25763073995625074,0.25763073995625074,0.2694544375290858,0.2694544375290858,0.404025378646514,0.404025378646514
ID_0CTOW2,0.4053646202652784,0.4053646202652784,0.24105767100980025,0.24105767100980025,0.2565643096880948,0.2565643096880948,0.4053646202652784,0.4053646202652784
ID_05TMIM,0.43903750726265167,0.43903750726265167,0.3133993446910188,0.3133993446910188,0.3709993669518161,0.3709993669518161,0.43903750726265167,0.43903750726265167
ID_J0T940,0.6962613347086076,0.6962613347086076,0.7452340461504936,0.7452340461504936,0.7644605578382766,0.7644605578382766,0.6962613347086076,0.6962613347086076
ID_H3YES4,0.5191175812345261,0.5191175812345261,0.39029206913690556,0.39029206913690556,0.44018968513200496,0.44018968513200496,0.5191175812345261,0.5191175812345261
ID_KPTHEC,0.5191175812345261,0.5191175812345261,0.39029206913690556,0.39029206913690556,0.44018968513200496,0.44018968513200496,0.5191175812345261,0.5191175812345261
ID_EKJDOM,0.08190644161873073,0.08190644161873073,0.09751661386565204,0.09751661386565204,0.07245209706071634,0.07245209706071634,0.08190644161873073,0.08190644161873073
ID_XEHOXQ,0.024283974291142357,0.024283974291142357,0.010838382495607578,0.010838382495607578,0.012337665296934227,0.012337665296934227,0.024283974291142357,0.024283974291142357
ID_QXDDYU,0.024283974291142357,0.024283974291142357,0.010838382495607578,0.010838382495607578,0.012337665296934227,0.012337665296934227,0.024283974291142357,0.024283974291142357
ID_4A2QA2,0.5191175812345261,0.5191175812345261,0.39029206913690556,0.39029206913690556,0.44018968513200496,0.44018968513200496,0.5191175812345261,0.5191175812345261
ID_2IQTJO,0.49911942655061714,0.49911942655061714,0.3944378049446522,0.3944378049446522,0.38831500840377225,0.38831500840377225,0.49911942655061714,0.49911942655061714
ID_YZ9922,0.024283974291142357,0.024283974291142357,0.01083984288014969,0.01083984288014969,0.012383951482914018,0.012383951482914018,0.024283974291142357,0.024283974291142357
ID_FCWH1E,0.5019901995208343,0.5019901995208343,0.42984709157688694,0.42984709157688694,0.4010349514386216,0.4010349514386216,0.5019901995208343,0.5019901995208343
ID_SC21VU,0.05042237485255581,0.05042237485255581,0.07831329509891857,0.07831329509891857,0.04432007079044116,0.04432007079044116,0.05042237485255581,0.05042237485255581
ID_GOXV1Z,0.024283974291142357,0.024283974291142357,0.01204837808448391,0.01204837808448391,0.012765722748208025,0.012765722748208025,0.024283974291142357,0.024283974291142357
ID_52ZE81,0.694566736808366,0.694566736808366,0.7413063495901591,0.7413063495901591,0.7476673495163345,0.7476673495163345,0.694566736808366,0.694566736808366
ID_TDZYO5,0.5536633827009533,0.5536633827009533,0.5367948248715216,0.5367948248715216,0.5123786229182227,0.5123786229182227,0.5536633827009533,0.5536633827009533
ID_33W80K,0.667004641176053,0.667004641176053,0.69385595907927,0.69385595907927,0.6949352134294197,0.6949352134294197,0.667004641176053,0.667004641176053
ID_3MMPJG,0.36049686613606424,0.36049686613606424,0.34008939509274083,0.34008939509274083,0.3222790793951553,0.3222790793951553,0.36049686613606424,0.36049686613606424
ID_FJF1VV,0.024109603628150303,0.024109603628150303,0.010877101669313886,0.010877101669313886,0.012319156993890823,0.012319156993890823,0.024109603628150303,0.024109603628150303
ID_FSHJRR,0.024283974291142357,0.024283974291142357,0.01084488664469925,0.01084488664469925,0.012391481939269314,0.012391481939269314,0.024283974291142357,0.024283974291142357
ID_3ZRYR8,0.4998545573851922,0.4998545573851922,0.42629337740074014,0.42629337740074014,0.39926410268573537,0.39926410268573537,0.4998545573851922,0.4998545573851922
ID_ITFJ7K,0.49911942655061714,0.49911942655061714,0.3944378049446522,0.3944378049446522,0.38831500840377225,0.38831500840377225,0.49911942655061714,0.49911942655061714
ID_Q0OHFE,0.3650777552079094,0.3650777552079094,0.3504063957180307,0.3504063957180307,0.3175973907459255,0.3175973907459255,0.3650777552079094,0.3650777552079094
ID_8WDSXP,0.4742313661277089,0.4742313661277089,0.4495436877839418,0.4495436877839418,0.47108413745593636,0.47108413745593636,0.4742313661277089,0.4742313661277089
ID_LBTY56,0.6752328894242641,0.6752328894242641,0.7268651729586226,0.7268651729586226,0.7361192308661205,0.7361192308661205,0.6752328894242641,0.6752328894242641
ID_LEDDTJ,0.4308799478720138,0.4308799478720138,0.3412652605479614,0.3412652605479614,0.37250634175955694,0.37250634175955694,0.4308799478720138,0.4308799478720138
ID_GAJC6C,0.4562389166740332,0.4562389166740332,0.32624134315320663,0.32624134315320663,0.3214191132594825,0.3214191132594825,0.4562389166740332,0.4562389166740332
ID_ELD3MH,0.5465774259407448,0.5465774259407448,0.5026924790715163,0.5026924790715163,0.49127121597609597,0.49127121597609597,0.5465774259407448,0.5465774259407448
ID_N9VEKC,0.024109603628150303,0.024109603628150303,0.010877101669313886,0.010877101669313886,0.012319156993890823,0.012319156993890823,0.024109603628150303,0.024109603628150303
ID_F0JB3Y,0.4307497190593524,0.4307497190593524,0.3444459980357356,0.3444459980357356,0.34390654764207235,0.34390654764207235,0.4307497190593524,0.4307497190593524
ID_BD1I07,0.302231048961487,0.302231048961487,0.2060036307163668,0.2060036307163668,0.1411835809957394,0.1411835809957394,0.302231048961487,0.302231048961487
ID_PK36UB,0.5465497124129585,0.5465497124129585,0.451555374582866,0.451555374582866,0.5127944846745099,0.5127944846745099,0.5465497124129585,0.5465497124129585
ID_Z6LO2B,0.024283974291142357,0.024283974291142357,0.010838382495607578,0.010838382495607578,0.012337665296934227,0.012337665296934227,0.024283974291142357,0.024283974291142357
ID_ZHUK1S,0.4304925174132619,0.4304925174132619,0.3414936814990035,0.3414936814990035,0.34176548463868256,0.34176548463868256,0.4304925174132619,0.4304925174132619
ID_T27921,0.6964452177698814,0.6964452177698814,0.720613357253451,0.720613357253451,0.7626495222672172,0.7626495222672172,0.6964452177698814,0.6964452177698814
ID_JGR6AQ,0.5019901995208343,0.5019901995208343,0.42984709157688694,0.42984709157688694,0.4010349514386216,0.4010349514386216,0.5019901995208343,0.5019901995208343
ID_L33I7Q,0.4940787302564299,0.4940787302564299,0.28038489553164764,0.28038489553164764,0.2254535737316739,0.2254535737316739,0.4940787302564299,0.4940787302564299
ID_SDE2W4,0.5772637871000456,0.5772637871000456,0.5846883591761118,0.5846883591761118,0.5997974325046822,0.5997974325046822,0.5772637871000456,0.5772637871000456
ID_7RLPJ7,0.024283974291142357,0.024283974291142357,0.010832908650859554,0.010832908650859554,0.012383951482914018,0.012383951482914018,0.024283974291142357,0.024283974291142357
ID_CVY7G5,0.5019901995208343,0.5019901995208343,0.42984709157688694,0.42984709157688694,0.4010349514386216,0.4010349514386216,0.5019901995208343,0.5019901995208343
ID_P6R9KZ,0.4863984206043233,0.4863984206043233,0.3819413916048705,0.3819413916048705,0.4445357787346121,0.4445357787346121,0.4863984206043233,0.4863984206043233
ID_T5EPM7,0.08426319311453552,0.08426319311453552,0.22484596562005327,0.22484596562005327,0.15564763798606857,0.15564763798606857,0.08426319311453552,0.08426319311453552
ID_4POEBX,0.4304925174132619,0.4304925174132619,0.3459312509055552,0.3459312509055552,0.34176548463868256,0.34176548463868256,0.4304925174132619,0.4304925174132619
ID_0H3T5P,0.35716400668834314,0.35716400668834314,0.2292699498075127,0.2292699498075127,0.2990548502302677,0.2990548502302677,0.35716400668834314,0.35716400668834314
ID_B8FR1Y,0.4307497190593524,0.4307497190593524,0.3456873789120103,0.3456873789120103,0.34491523047143674,0.34491523047143674,0.4307497190593524,0.4307497190593524
ID_0256XQ,0.2976752178284661,0.2976752178284661,0.19729074480387443,0.19729074480387443,0.11456806656193724,0.11456806656193724,0.2976752178284661,0.2976752178284661
ID_57ZCHT,0.49911942655061714,0.49911942655061714,0.3944378049446522,0.3944378049446522,0.38831500840377225,0.38831500840377225,0.49911942655061714,0.49911942655061714
ID_EJ4SY0,0.024283974291142357,0.024283974291142357,0.010838382495607578,0.010838382495607578,0.012337665296934227,0.012337665296934227,0.024283974291142357,0.024283974291142357
ID_IT9MAB,0.541095008307357,0.541095008307357,0.5034719393241293,0.5034719393241293,0.4806559844134516,0.4806559844134516,0.541095008307357,0.541095008307357
ID_WSFCW5,0.4562389166740332,0.4562389166740332,0.3263464672838484,0.3263464672838484,0.32197012966112626,0.32197012966112626,0.4562389166740332,0.4562389166740332
ID_P1OKAO,0.4863984206043233,0.4863984206043233,0.3819413916048705,0.3819413916048705,0.4445357787346121,0.4445357787346121,0.4863984206043233,0.4863984206043233
ID_2I2J7A,0.541095008307357,0.541095008307357,0.5034719393241293,0.5034719393241293,0.4806559844134516,0.4806559844134516,0.541095008307357,0.541095008307357
ID_F82ACJ,0.4863984206043233,0.4863984206043233,0.3819413916048705,0.3819413916048705,0.4445357787346121,0.4445357787346121,0.4863984206043233,0.4863984206043233
ID_CO3YKB,0.08512152167925763,0.08512152167925763,0.09482188576706041,0.09482188576706041,0.06441490263096784,0.06441490263096784,0.08512152167925763,0.08512152167925763
ID_TRRIAY,0.5532987552935605,0.5532987552935605,0.515374092517595,0.515374092517595,0.533650267467961,0.533650267467961,0.5532987552935605,0.5532987552935605
ID_LADXTU,0.6785616198862836,0.6785616198862836,0.7321643552473145,0.7321643552473145,0.7343995204085507,0.7343995204085507,0.6785616198862836,0.6785616198862836
ID_UFOXTP,0.4308799478720138,0.4308799478720138,0.3412652605479614,0.3412652605479614,0.37250634175955694,0.37250634175955694,0.4308799478720138,0.4308799478720138
ID_9Y8SJ2,0.024283974291142357,0.024283974291142357,0.01083984288014969,0.01083984288014969,0.012383951482914018,0.012383951482914018,0.024283974291142357,0.024283974291142357
ID_SZZNPA,0.024109603628150303,0.024109603628150303,0.010877101669313886,0.010877101669313886,0.012319156993890823,0.012319156993890823,0.024109603628150303,0.024109603628150303
ID_PLYHE5,0.4308799478720138,0.4308799478720138,0.3412652605479614,0.3412652605479614,0.37250634175955694,0.37250634175955694,0.4308799478720138,0.4308799478720138
ID_GY67O6,0.05030160190569591,0.05030160190569591,0.07785710737233416,0.07785710737233416,0.04350418882947579,0.04350418882947579,0.05030160190569591,0.05030160190569591
ID_CFM0IF,0.4304925174132619,0.4304925174132619,0.3459312509055552,0.3459312509055552,0.34176548463868256,0.34176548463868256,0.4304925174132619,0.4304925174132619
ID_XNWBKT,0.4304925174132619,0.4304925174132619,0.3459312509055552,0.3459312509055552,0.34176548463868256,0.34176548463868256,0.4304925174132619,0.4304925174132619
ID_3TOHD0,0.024283974291142357,0.024283974291142357,0.010838382495607578,0.010838382495607578,0.012337665296934227,0.012337665296934227,0.024283974291142357,0.024283974291142357
ID_FS3K1S,0.02413404155581404,0.02413404155581404,0.011188170164365262,0.011188170164365262,0.012428954132329632,0.012428954132329632,0.02413404155581404,0.02413404155581404
ID_15HY2V,0.024109603628150303,0.024109603628150303,0.010899641203648181,0.010899641203648181,0.012313315289693106,0.012313315289693106,0.024109603628150303,0.024109603628150303
ID_6GEWIC,0.5789004419449302,0.5789004419449302,0.6281528518247431,0.6281528518247431,0.5642561967946625,0.5642561967946625,0.5789004419449302,0.5789004419449302
ID_QJ4EVF,0.04731732658974054,0.04731732658974054,0.08642230711662899,0.08642230711662899,0.047666877671803415,0.047666877671803415,0.04731732658974054,0.04731732658974054
ID_V4E8OH,0.4304925174132619,0.4304925174132619,0.3414936814990035,0.3414936814990035,0.34176548463868256,0.34176548463868256,0.4304925174132619,0.4304925174132619
ID_P3LDUK,0.6964452177698814,0.6964452177698814,0.744613520882083,0.744613520882083,0.7509306289984683,0.7509306289984683,0.6964452177698814,0.6964452177698814
ID_XOPAOK,0.024283974291142357,0.024283974291142357,0.010838382495607578,0.010838382495607578,0.012337665296934227,0.012337665296934227,0.024283974291142357,0.024283974291142357
ID_QPL6BJ,0.024109603628150303,0.024109603628150303,0.010877101669313886,0.010877101669313886,0.012319156993890823,0.012319156993890823,0.024109603628150303,0.024109603628150303
ID_Q083IM,0.496983784414975,0.496983784414975,0.3921082432665496,0.3921082432665496,0.38649177574257804,0.38649177574257804,0.496983784414975,0.496983784414975
ID_W8VZXL,0.6658956838671607,0.6658956838671607,0.6716104660508541,0.6716104660508541,0.714551576067306,0.714551576067306,0.6658956838671607,0.6658956838671607
ID_CCE14R,0.024283974291142357,0.024283974291142357,0.010838382495607578,0.010838382495607578,0.012337665296934227,0.012337665296934227,0.024283974291142357,0.024283974291142357
ID_XQGVS0,0.024283974291142357,0.024283974291142357,0.010846564619633464,0.010846564619633464,0.012378096883919403,0.012378096883919403,0.024283974291142357,0.024283974291142357
ID_WQINPU,0.024283974291142357,0.024283974291142357,0.010844654929904335,0.010844654929904335,0.012331810697939611,0.012331810697939611,0.024283974291142357,0.024283974291142357
ID_UYCBVK,0.024109603628150303,0.024109603628150303,0.010877101669313886,0.010877101669313886,0.012319156993890823,0.012319156993890823,0.024109603628150303,0.024109603628150303
ID_32LKHY,0.024283974291142357,0.024283974291142357,0.01083984288014969,0.01083984288014969,0.012383951482914018,0.012383951482914018,0.024283974291142357,0.024283974291142357
ID_1JNSPA,0.08190644161873073,0.08190644161873073,0.09422374766435221,0.09422374766435221,0.06507351367027282,0.06507351367027282,0.08190644161873073,0.08190644161873073
ID_QX05AF,0.4852294922604408,0.4852294922604408,0.44491984005354124,0.44491984005354124,0.3793245614338952,0.3793245614338952,0.4852294922604408,0.4852294922604408
ID_NTVMKZ,0.024283974291142357,0.024283974291142357,0.010838382495607578,0.010838382495607578,0.012337665296934227,0.012337665296934227,0.024283974291142357,0.024283974291142357
ID_TFWN07,0.2976752178284661,0.2976752178284661,0.19729074480387443,0.19729074480387443,0.11456806656193724,0.11456806656193724,0.2976752178284661,0.2976752178284661
ID_17FHGU,0.024109603628150303,0.024109603628150303,0.011183564368306906,0.011183564368306906,0.012571009046500669,0.012571009046500669,0.024109603628150303,0.024109603628150303
ID_XNGF8B,0.024283974291142357,0.024283974291142357,0.0118316662022052,0.0118316662022052,0.01285805885162446,0.01285805885162446,0.024283974291142357,0.024283974291142357
ID_N7XBA6,0.028577086621596786,0.028577086621596786,0.019311082520918104,0.019311082520918104,0.011591758144634211,0.011591758144634211,0.028577086621596786,0.028577086621596786
ID_YBC4D9,0.04355754435032734,0.04355754435032734,0.026807261829607503,0.026807261829607503,0.01477396352346171,0.01477396352346171,0.04355754435032734,0.04355754435032734
ID_QLNWLL,0.024109603628150303,0.024109603628150303,0.01084031679815788,0.01084031679815788,0.012333071374763494,0.012333071374763494,0.024109603628150303,0.024109603628150303
ID_EE4T4P,0.02643228125823749,0.02643228125823749,0.01816364888055879,0.01816364888055879,0.012102224217823723,0.012102224217823723,0.02643228125823749,0.02643228125823749
ID_LM0UJO,0.03335467275802892,0.03335467275802892,0.03314609015047061,0.03314609015047061,0.02122240309422152,0.02122240309422152,0.03335467275802892,0.03335467275802892
ID_KXDRD1,0.03610511157567254,0.03610511157567254,0.059515862684547345,0.059515862684547345,0.022699886135295104,0.022699886135295104,0.03610511157567254,0.03610511157567254
ID_I27KUP,0.043374773122188896,0.043374773122188896,0.06571883239258125,0.06571883239258125,0.023198906444191467,0.023198906444191467,0.043374773122188896,0.043374773122188896
ID_O79OP7,0.04452496546281208,0.04452496546281208,0.030890039548177775,0.030890039548177775,0.02267140636833086,0.02267140636833086,0.04452496546281208,0.04452496546281208
ID_ESOM9C,0.044948159361207135,0.044948159361207135,0.024826902886711476,0.024826902886711476,0.02319659812568652,0.02319659812568652,0.044948159361207135,0.044948159361207135
ID_C1Z14J,0.09722427599775844,0.09722427599775844,0.1330426890816679,0.1330426890816679,0.09859906459844303,0.09859906459844303,0.09722427599775844,0.09722427599775844
ID_KQ2RJU,0.1025815563794419,0.1025815563794419,0.18237669074869206,0.18237669074869206,0.09073275296728146,0.09073275296728146,0.1025815563794419,0.1025815563794419
ID_UIOBYK,0.0345229703887282,0.0345229703887282,0.03681948525414566,0.03681948525414566,0.022048868205098444,0.022048868205098444,0.0345229703887282,0.0345229703887282
ID_9S3MDV,0.04452496546281208,0.04452496546281208,0.030890039548177775,0.030890039548177775,0.02267140636833086,0.02267140636833086,0.04452496546281208,0.04452496546281208
ID_EJ3RGR,0.024109603628150303,0.024109603628150303,0.01085531000522059,0.01085531000522059,0.012333071374763494,0.012333071374763494,0.024109603628150303,0.024109603628150303
ID_DFLOY8,0.03454216050094157,0.03454216050094157,0.03714104057782754,0.03714104057782754,0.02526456951842417,0.02526456951842417,0.03454216050094157,0.03454216050094157
ID_ZMEBI9,0.024109603628150303,0.024109603628150303,0.010830515546881287,0.010830515546881287,0.012316203529489485,0.012316203529489485,0.024109603628150303,0.024109603628150303
ID_NFTFJM,0.03366611967759816,0.03366611967759816,0.03310807107271452,0.03310807107271452,0.02114777813385093,0.02114777813385093,0.03366611967759816,0.03366611967759816
ID_G32IUY,0.024109603628150303,0.024109603628150303,0.01091656633272428,0.01091656633272428,0.012318869481472832,0.012318869481472832,0.024109603628150303,0.024109603628150303
ID_52FYY9,0.024109603628150303,0.024109603628150303,0.010784372829956014,0.010784372829956014,0.012319686319413582,0.012319686319413582,0.024109603628150303,0.024109603628150303
ID_F8KMPL,0.03338766897218046,0.03338766897218046,0.0329112143835146,0.0329112143835146,0.021206819680076643,0.021206819680076643,0.03338766897218046,0.03338766897218046
ID_HX20WC,0.03421615734528802,0.03421615734528802,0.036834711323786386,0.036834711323786386,0.0230784783520787,0.0230784783520787,0.03421615734528802,0.03421615734528802
ID_5GCMEA,0.09495791264264376,0.09495791264264376,0.12220132329090821,0.12220132329090821,0.07879112060416543,0.07879112060416543,0.09495791264264376,0.09495791264264376
ID_7EKCJ1,0.04430845129791555,0.04430845129791555,0.03086114023694469,0.03086114023694469,0.02267140636833086,0.02267140636833086,0.04430845129791555,0.04430845129791555
ID_K440VM,0.04430845129791555,0.04430845129791555,0.03126714179524036,0.03126714179524036,0.02312451360624055,0.02312451360624055,0.04430845129791555,0.04430845129791555
ID_14VB1C,0.03372826352092384,0.03372826352092384,0.032991397817973195,0.032991397817973195,0.021934639734761747,0.021934639734761747,0.03372826352092384,0.03372826352092384
ID_O2QYK1,0.0345229703887282,0.0345229703887282,0.03681948525414566,0.03681948525414566,0.022048868205098444,0.022048868205098444,0.0345229703887282,0.0345229703887282
ID_TVG6X9,0.03371740172888021,0.03371740172888021,0.034868824108632686,0.034868824108632686,0.022842017461092035,0.022842017461092035,0.03371740172888021,0.03371740172888021
ID_5QVDGC,0.02643228125823749,0.02643228125823749,0.01816364888055879,0.01816364888055879,0.012102224217823723,0.012102224217823723,0.02643228125823749,0.02643228125823749
ID_P1R0SN,0.03366611967759816,0.03366611967759816,0.03310424326357332,0.03310424326357332,0.02114777813385093,0.02114777813385093,0.03366611967759816,0.03366611967759816
ID_H1PGJK,0.0575613161627264,0.0575613161627264,0.08573420483193611,0.08573420483193611,0.045210254121164806,0.045210254121164806,0.0575613161627264,0.0575613161627264
ID_BRWHI8,0.09495791264264376,0.09495791264264376,0.12223844077019927,0.12223844077019927,0.07879112060416543,0.07879112060416543,0.09495791264264376,0.09495791264264376
ID_LTPY2G,0.04463020625799654,0.04463020625799654,0.031139444165640653,0.031139444165640653,0.02664028406271494,0.02664028406271494,0.04463020625799654,0.04463020625799654
ID_SZ244L,0.0575613161627264,0.0575613161627264,0.08573420483193611,0.08573420483193611,0.045210254121164806,0.045210254121164806,0.0575613161627264,0.0575613161627264
ID_K1L86J,0.38877503731131896,0.38877503731131896,0.3036429261380014,0.3036429261380014,0.10410898284172185,0.10410898284172185,0.38877503731131896,0.38877503731131896
ID_A6YFT4,0.03160455517750571,0.03160455517750571,0.021169486706924655,0.021169486706924655,0.017035449269967372,0.017035449269967372,0.03160455517750571,0.03160455517750571
ID_GJ2GXZ,0.03738835764419736,0.03738835764419736,0.06928784566408515,0.06928784566408515,0.03137830708721408,0.03137830708721408,0.03738835764419736,0.03738835764419736
ID_5NLU55,0.05802881213940379,0.05802881213940379,0.08121715948578381,0.08121715948578381,0.04549941800553799,0.04549941800553799,0.05802881213940379,0.05802881213940379
ID_5HBYOD,0.3687475510401036,0.3687475510401036,0.2546419892099101,0.2546419892099101,0.2625755164165542,0.2625755164165542,0.3687475510401036,0.3687475510401036
ID_JFHIVO,0.04327780437138031,0.04327780437138031,0.02674140327108807,0.02674140327108807,0.01477396352346171,0.01477396352346171,0.04327780437138031,0.04327780437138031
ID_KXM5JC,0.024109603628150303,0.024109603628150303,0.01086688931261178,0.01086688931261178,0.012321685149431534,0.012321685149431534,0.024109603628150303,0.024109603628150303
ID_9KQ8G6,0.04430845129791555,0.04430845129791555,0.03086114023694469,0.03086114023694469,0.02267140636833086,0.02267140636833086,0.04430845129791555,0.04430845129791555
ID_QRHP7W,0.04424522548386505,0.04424522548386505,0.02638958015711365,0.02638958015711365,0.020855472917729108,0.020855472917729108,0.04424522548386505,0.04424522548386505
ID_G27PI8,0.04042670715496832,0.04042670715496832,0.05653607448615918,0.05653607448615918,0.0188433219517593,0.0188433219517593,0.04042670715496832,0.04042670715496832
ID_SZLKA0,0.026969003616513217,0.026969003616513217,0.015827480573753147,0.015827480573753147,0.020735747702043696,0.020735747702043696,0.026969003616513217,0.026969003616513217
ID_79HBLQ,0.042996587699305124,0.042996587699305124,0.033118807165030545,0.033118807165030545,0.02012592371755002,0.02012592371755002,0.042996587699305124,0.042996587699305124
ID_Y1H3MW,0.024119193730313238,0.024119193730313238,0.010919963785347426,0.010919963785347426,0.012467976679409206,0.012467976679409206,0.024119193730313238,0.024119193730313238
ID_Y3V3CO,0.42524866796677047,0.42524866796677047,0.33271632025276865,0.33271632025276865,0.2929037384453226,0.2929037384453226,0.42524866796677047,0.42524866796677047
ID_JSJ61E,0.033608994524295305,0.033608994524295305,0.03325801988970897,0.03325801988970897,0.02030535596606994,0.02030535596606994,0.033608994524295305,0.033608994524295305
ID_T9D5YO,0.024119193730313238,0.024119193730313238,0.010919963785347426,0.010919963785347426,0.012318869481472832,0.012318869481472832,0.024119193730313238,0.024119193730313238
ID_6MHG7Q,0.4248386294026998,0.4248386294026998,0.3304384397778825,0.3304384397778825,0.29962862629457077,0.29962862629457077,0.4248386294026998,0.4248386294026998
ID_UR8QH2,0.0319687829000048,0.0319687829000048,0.03498925232676064,0.03498925232676064,0.022244626834620567,0.022244626834620567,0.0319687829000048,0.0319687829000048
ID_W3SGDD,0.024109603628150303,0.024109603628150303,0.010877319086913672,0.010877319086913672,0.012327552071160057,0.012327552071160057,0.024109603628150303,0.024109603628150303
ID_B3I0HN,0.04457369840628187,0.04457369840628187,0.034410091343123644,0.034410091343123644,0.021198166571192313,0.021198166571192313,0.04457369840628187,0.04457369840628187
ID_WFV9C0,0.030570362106235555,0.030570362106235555,0.02118780548996011,0.02118780548996011,0.015034788568581203,0.015034788568581203,0.030570362106235555,0.030570362106235555
ID_5IQK6W,0.044948159361207135,0.044948159361207135,0.02559622190909432,0.02559622190909432,0.02345229189369293,0.02345229189369293,0.044948159361207135,0.044948159361207135
ID_PBD5R8,0.028577086621596786,0.028577086621596786,0.019311082520918104,0.019311082520918104,0.011591758144634211,0.011591758144634211,0.028577086621596786,0.028577086621596786
ID_R484DJ,0.03960732249053344,0.03960732249053344,0.05927320893805119,0.05927320893805119,0.02015947790199117,0.02015947790199117,0.03960732249053344,0.03960732249053344
ID_BIVIM6,0.039562918735749825,0.039562918735749825,0.061496563907175145,0.061496563907175145,0.01825271306224439,0.01825271306224439,0.039562918735749825,0.039562918735749825
ID_BXRC0F,0.04424522548386505,0.04424522548386505,0.024482064907717545,0.024482064907717545,0.020778193163399482,0.020778193163399482,0.04424522548386505,0.04424522548386505
ID_6H2MJS,0.032069160718876485,0.032069160718876485,0.034618666840824,0.034618666840824,0.020763352375479414,0.020763352375479414,0.032069160718876485,0.032069160718876485
ID_348H1F,0.09722025786133641,0.09722025786133641,0.13197499141989844,0.13197499141989844,0.08738614625821726,0.08738614625821726,0.09722025786133641,0.09722025786133641
ID_VIP5UD,0.043591926637741925,0.043591926637741925,0.03221355307237302,0.03221355307237302,0.016295053736067815,0.016295053736067815,0.043591926637741925,0.043591926637741925
ID_DJT4KL,0.024109603628150303,0.024109603628150303,0.01086563189862875,0.01086563189862875,0.012321685149431534,0.012321685149431534,0.024109603628150303,0.024109603628150303
ID_4O9FZR,0.032691157459081716,0.032691157459081716,0.03470464118399919,0.03470464118399919,0.020535328180085407,0.020535328180085407,0.032691157459081716,0.032691157459081716
ID_4S1COK,0.033484150579226636,0.033484150579226636,0.03325801988970897,0.03325801988970897,0.02030535596606994,0.02030535596606994,0.033484150579226636,0.033484150579226636
ID_JTBQR7,0.033403412701114944,0.033403412701114944,0.02482899211913147,0.02482899211913147,0.0203536641960896,0.0203536641960896,0.033403412701114944,0.033403412701114944
ID_8XLXKL,0.02643228125823749,0.02643228125823749,0.01816364888055879,0.01816364888055879,0.012102224217823723,0.012102224217823723,0.02643228125823749,0.02643228125823749
ID_30WM42,0.09495791264264376,0.09495791264264376,0.12228794209839511,0.12228794209839511,0.07879112060416543,0.07879112060416543,0.09495791264264376,0.09495791264264376
ID_1IG1YN,0.03335467275802892,0.03335467275802892,0.03314592102460949,0.03314592102460949,0.02122240309422152,0.02122240309422152,0.03335467275802892,0.03335467275802892
ID_OZDM1S,0.024109603628150303,0.024109603628150303,0.01091656633272428,0.01091656633272428,0.012318869481472832,0.012318869481472832,0.024109603628150303,0.024109603628150303
ID_EPIA8E,0.033484150579226636,0.033484150579226636,0.03325801988970897,0.03325801988970897,0.02030535596606994,0.02030535596606994,0.033484150579226636,0.033484150579226636
ID_1PV3T5,0.024119193730313238,0.024119193730313238,0.010919963785347426,0.010919963785347426,0.012467976679409206,0.012467976679409206,0.024119193730313238,0.024119193730313238
ID_8UHEOJ,0.04042670715496832,0.04042670715496832,0.05812841031228787,0.05812841031228787,0.018909195453030908,0.018909195453030908,0.04042670715496832,0.04042670715496832
ID_8EPQZD,0.033583730294401364,0.033583730294401364,0.033093312757996506,0.033093312757996506,0.022151656897498307,0.022151656897498307,0.033583730294401364,0.033583730294401364
ID_V5WCDP,0.4135218276072074,0.4135218276072074,0.2999687680488565,0.2999687680488565,0.2851970313809905,0.2851970313809905,0.4135218276072074,0.4135218276072074
ID_A0P2EE,0.024109603628150303,0.024109603628150303,0.010886920311162498,0.010886920311162498,0.012327552071160057,0.012327552071160057,0.024109603628150303,0.024109603628150303
ID_C0ECIX,0.08401980745719942,0.08401980745719942,0.09040116248146327,0.09040116248146327,0.07425612343926428,0.07425612343926428,0.08401980745719942,0.08401980745719942
ID_C1HUBS,0.024109603628150303,0.024109603628150303,0.01091656633272428,0.01091656633272428,0.012318869481472832,0.012318869481472832,0.024109603628150303,0.024109603628150303
ID_NWDA17,0.03421615734528802,0.03421615734528802,0.027766039100046304,0.027766039100046304,0.021772498288038573,0.021772498288038573,0.03421615734528802,0.03421615734528802
ID_OL060P,0.04334103018543081,0.04334103018543081,0.03097944682206494,0.03097944682206494,0.016295053736067815,0.016295053736067815,0.04334103018543081,0.04334103018543081
ID_XCVVZQ,0.4121839441309111,0.4121839441309111,0.29346379089276176,0.29346379089276176,0.30976709177644257,0.30976709177644257,0.4121839441309111,0.4121839441309111
ID_7RD23T,0.03499999113628407,0.03499999113628407,0.037117686042518784,0.037117686042518784,0.021122198268609834,0.021122198268609834,0.03499999113628407,0.03499999113628407
ID_ZK5F0Y,0.05802881213940379,0.05802881213940379,0.08121715948578381,0.08121715948578381,0.04549941800553799,0.04549941800553799,0.05802881213940379,0.05802881213940379
ID_G84HTM,0.029728777208220244,0.029728777208220244,0.020849903336933075,0.020849903336933075,0.011598927734573656,0.011598927734573656,0.029728777208220244,0.029728777208220244
ID_PU2FBZ,0.02847783038519592,0.02847783038519592,0.022517240957273005,0.022517240957273005,0.02878941276701749,0.02878941276701749,0.02847783038519592,0.02847783038519592
ID_C08HEJ,0.04378724274630601,0.04378724274630601,0.0318151884095892,0.0318151884095892,0.01743294955094903,0.01743294955094903,0.04378724274630601,0.04378724274630601
ID_735U96,0.030811267492289376,0.030811267492289376,0.016628010302672233,0.016628010302672233,0.014999205924591209,0.014999205924591209,0.030811267492289376,0.030811267492289376
ID_NSVW0U,0.03452509386870059,0.03452509386870059,0.036834711323786386,0.036834711323786386,0.0230784783520787,0.0230784783520787,0.03452509386870059,0.03452509386870059
ID_YI1DVD,0.04452496546281208,0.04452496546281208,0.027270277290486422,0.027270277290486422,0.021111166685735518,0.021111166685735518,0.04452496546281208,0.04452496546281208
ID_GRCY09,0.04504992082072969,0.04504992082072969,0.031216656969386778,0.031216656969386778,0.025523314436373058,0.025523314436373058,0.04504992082072969,0.04504992082072969
ID_TP6IPK,0.024109603628150303,0.024109603628150303,0.010844517705539465,0.010844517705539465,0.012333071374763494,0.012333071374763494,0.024109603628150303,0.024109603628150303
ID_HT2H75,0.045227899340154164,0.045227899340154164,0.029153780502301305,0.029153780502301305,0.025047026605471458,0.025047026605471458,0.045227899340154164,0.045227899340154164
ID_S3J1DY,0.033619303198197406,0.033619303198197406,0.03313495586447446,0.03313495586447446,0.021820586610122986,0.021820586610122986,0.033619303198197406,0.033619303198197406
ID_58TJGH,0.03418408540904248,0.03418408540904248,0.029351573988808784,0.029351573988808784,0.030694749668429062,0.030694749668429062,0.03418408540904248,0.03418408540904248
ID_YRLOVX,0.024109603628150303,0.024109603628150303,0.010865647665841052,0.010865647665841052,0.012327552071160057,0.012327552071160057,0.024109603628150303,0.024109603628150303
ID_TZHJRP,0.03347402475801811,0.03347402475801811,0.02470188876703086,0.02470188876703086,0.019951023176580124,0.019951023176580124,0.03347402475801811,0.03347402475801811
ID_KDNPHD,0.4081054765504391,0.4081054765504391,0.30316052378035574,0.30316052378035574,0.39965596722840996,0.39965596722840996,0.4081054765504391,0.4081054765504391
ID_8ZZTUS,0.3693487565282955,0.3693487565282955,0.24891592487110245,0.24891592487110245,0.28025885844679493,0.28025885844679493,0.3693487565282955,0.3693487565282955
ID_FBXD4Q,0.3685222419593404,0.3685222419593404,0.25545609771815425,0.25545609771815425,0.2521115472649045,0.2521115472649045,0.3685222419593404,0.3685222419593404
ID_QXYRCY,0.03188935132340269,0.03188935132340269,0.0241089119711285,0.0241089119711285,0.012470743636008056,0.012470743636008056,0.03188935132340269,0.03188935132340269
ID_OKTZEM,0.045011385175257636,0.045011385175257636,0.02920743906541438,0.02920743906541438,0.02507020719846337,0.02507020719846337,0.045011385175257636,0.045011385175257636
ID_84I8VZ,0.03335659622171419,0.03335659622171419,0.024602131043694183,0.024602131043694183,0.020561496298329967,0.020561496298329967,0.03335659622171419,0.03335659622171419
ID_5IF81A,0.031866934443607914,0.031866934443607914,0.02611490405289757,0.02611490405289757,0.02038047454262494,0.02038047454262494,0.031866934443607914,0.031866934443607914
ID_Y65O7E,0.09638015912798922,0.09638015912798922,0.1290019149838713,0.1290019149838713,0.09398377304806921,0.09398377304806921,0.09638015912798922,0.09638015912798922
ID_DGJE41,0.04334103018543081,0.04334103018543081,0.031050458878498763,0.031050458878498763,0.015946094761444117,0.015946094761444117,0.04334103018543081,0.04334103018543081
ID_5Z8WPJ,0.44915374868714264,0.44915374868714264,0.4140474506489932,0.4140474506489932,0.4504077382683164,0.4504077382683164,0.44915374868714264,0.44915374868714264
ID_KSMN02,0.04424522548386505,0.04424522548386505,0.02638958015711365,0.02638958015711365,0.020855472917729108,0.020855472917729108,0.04424522548386505,0.04424522548386505
ID_37FGZN,0.04299015773757351,0.04299015773757351,0.06438491362417872,0.06438491362417872,0.026357514935439648,0.026357514935439648,0.04299015773757351,0.04299015773757351
ID_5CE2HM,0.05802881213940379,0.05802881213940379,0.08121715948578381,0.08121715948578381,0.04549941800553799,0.04549941800553799,0.05802881213940379,0.05802881213940379
ID_5RBX0G,0.033551667155825624,0.033551667155825624,0.024764617075782765,0.024764617075782765,0.021232806695709518,0.021232806695709518,0.033551667155825624,0.033551667155825624
ID_VC3C3E,0.04042670715496832,0.04042670715496832,0.056631839655987615,0.056631839655987615,0.01878118057917418,0.01878118057917418,0.04042670715496832,0.04042670715496832
ID_CD4GLQ,0.045011385175257636,0.045011385175257636,0.02920743906541438,0.02920743906541438,0.02507020719846337,0.02507020719846337,0.045011385175257636,0.045011385175257636
ID_YYXB5J,0.0319687829000048,0.0319687829000048,0.03498940135597111,0.03498940135597111,0.022244626834620567,0.022244626834620567,0.0319687829000048,0.0319687829000048
ID_QL8IAR,0.04266811477688831,0.04266811477688831,0.026018130455984168,0.026018130455984168,0.020087811510582643,0.020087811510582643,0.04266811477688831,0.04266811477688831
ID_BHNY0O,0.04424522548386505,0.04424522548386505,0.02638958015711365,0.02638958015711365,0.020855472917729108,0.020855472917729108,0.04424522548386505,0.04424522548386505
ID_G6NIUE,0.04334103018543081,0.04334103018543081,0.03097944682206494,0.03097944682206494,0.016295053736067815,0.016295053736067815,0.04334103018543081,0.04334103018543081
ID_ATBCP0,0.03992233954204746,0.03992233954204746,0.06162356074663988,0.06162356074663988,0.029367673142782068,0.029367673142782068,0.03992233954204746,0.03992233954204746
ID_K0PEGT,0.024109603628150303,0.024109603628150303,0.0109166172415741,0.0109166172415741,0.012318869481472832,0.012318869481472832,0.024109603628150303,0.024109603628150303
ID_JDD3BW,0.03096021430924083,0.03096021430924083,0.017560940037495684,0.017560940037495684,0.01534429879729657,0.01534429879729657,0.03096021430924083,0.03096021430924083
ID_KUBEQ7,0.45588588387791823,0.45588588387791823,0.43999003483011484,0.43999003483011484,0.41333167613412386,0.41333167613412386,0.45588588387791823,0.45588588387791823
ID_2UB21W,0.034544283980913956,0.034544283980913956,0.03716689426279802,0.03716689426279802,0.023464574876101,0.023464574876101,0.034544283980913956,0.034544283980913956
ID_Q12WSA,0.03202237346806482,0.03202237346806482,0.03463983245350715,0.03463983245350715,0.02180223271514392,0.02180223271514392,0.03202237346806482,0.03202237346806482
ID_JX2N58,0.03360341957585518,0.03360341957585518,0.032991326751312014,0.032991326751312014,0.021934639734761747,0.021934639734761747,0.03360341957585518,0.03360341957585518
ID_II3KSP,0.03366611967759816,0.03366611967759816,0.033107108154921204,0.033107108154921204,0.02114211997705209,0.02114211997705209,0.03366611967759816,0.03366611967759816
ID_NK8O2D,0.044601743469074764,0.044601743469074764,0.03237304600221585,0.03237304600221585,0.023635559002489443,0.023635559002489443,0.044601743469074764,0.044601743469074764
ID_P452M6,0.024109603628150303,0.024109603628150303,0.010817158862325683,0.010817158862325683,0.012316203529489485,0.012316203529489485,0.024109603628150303,0.024109603628150303
ID_LFFY7U,0.04396750761431342,0.04396750761431342,0.03048173952884338,0.03048173952884338,0.017762157868047943,0.017762157868047943,0.04396750761431342,0.04396750761431342
ID_PTUVXH,0.030570362106235555,0.030570362106235555,0.02118780548996011,0.02118780548996011,0.015034788568581203,0.015034788568581203,0.030570362106235555,0.030570362106235555
ID_0HSCEO,0.02643228125823749,0.02643228125823749,0.01816364888055879,0.01816364888055879,0.012102224217823723,0.012102224217823723,0.02643228125823749,0.02643228125823749
ID_SSW9WR,0.033613460096176606,0.033613460096176606,0.033129440751663464,0.033129440751663464,0.020936742169977082,0.020936742169977082,0.033613460096176606,0.033613460096176606
ID_PD8ZQY,0.024109603628150303,0.024109603628150303,0.010807879928195836,0.010807879928195836,0.012316203529489485,0.012316203529489485,0.024109603628150303,0.024109603628150303
ID_263TA4,0.024109603628150303,0.024109603628150303,0.01091656633272428,0.01091656633272428,0.012318869481472832,0.012318869481472832,0.024109603628150303,0.024109603628150303
ID_B1FONR,0.045227899340154164,0.045227899340154164,0.02569145471710097,0.02569145471710097,0.02345229189369293,0.02345229189369293,0.045227899340154164,0.045227899340154164
ID_7NF6CG,0.362592770590855,0.362592770590855,0.24504445941650418,0.24504445941650418,0.24275666443333224,0.24275666443333224,0.362592770590855,0.362592770590855
ID_ENK045,0.04334103018543081,0.04334103018543081,0.03221355307237302,0.03221355307237302,0.016295053736067815,0.016295053736067815,0.04334103018543081,0.04334103018543081
ID_GR98DJ,0.05802881213940379,0.05802881213940379,0.08354484872604857,0.08354484872604857,0.045185305284306296,0.045185305284306296,0.05802881213940379,0.05802881213940379
ID_QRJ1XO,0.033484150579226636,0.033484150579226636,0.033259824634191,0.033259824634191,0.02030535596606994,0.02030535596606994,0.033484150579226636,0.033484150579226636
ID_3P5A12,0.024109603628150303,0.024109603628150303,0.010784372829956014,0.010784372829956014,0.012319686319413582,0.012319686319413582,0.024109603628150303,0.024109603628150303
ID_PZAIQH,0.04424522548386505,0.04424522548386505,0.02638958015711365,0.02638958015711365,0.020855472917729108,0.020855472917729108,0.04424522548386505,0.04424522548386505
ID_O61SU7,0.024109603628150303,0.024109603628150303,0.01091656633272428,0.01091656633272428,0.012318869481472832,0.012318869481472832,0.024109603628150303,0.024109603628150303
ID_9ZBFLX,0.024109603628150303,0.024109603628150303,0.010817158862325683,0.010817158862325683,0.012316203529489485,0.012316203529489485,0.024109603628150303,0.024109603628150303
ID_BY2R2J,0.4424213371921013,0.4424213371921013,0.4384934660174993,0.4384934660174993,0.42779234157743723,0.42779234157743723,0.4424213371921013,0.4424213371921013
ID_FJIOSZ,0.028577086621596786,0.028577086621596786,0.019311082520918104,0.019311082520918104,0.011591758144634211,0.011591758144634211,0.028577086621596786,0.028577086621596786
ID_OYBZ3H,0.05802881213940379,0.05802881213940379,0.08121715948578381,0.08121715948578381,0.04549941800553799,0.04549941800553799,0.05802881213940379,0.05802881213940379
ID_NQX0O8,0.03335467275802892,0.03335467275802892,0.03314592102460949,0.03314592102460949,0.02122240309422152,0.02122240309422152,0.03335467275802892,0.03335467275802892
ID_SLZDS2,0.024109603628150303,0.024109603628150303,0.0109166172415741,0.0109166172415741,0.012318869481472832,0.012318869481472832,0.024109603628150303,0.024109603628150303
ID_E78DPX,0.09506508035394227,0.09506508035394227,0.12533146279434113,0.12533146279434113,0.07879112060416543,0.07879112060416543,0.09506508035394227,0.09506508035394227
ID_RQP6K9,0.02847783038519592,0.02847783038519592,0.022517508530922065,0.022517508530922065,0.029190100061755188,0.029190100061755188,0.02847783038519592,0.02847783038519592
ID_IOLDZU,0.035197341911610974,0.035197341911610974,0.0275900619963578,0.0275900619963578,0.024581444023346614,0.024581444023346614,0.035197341911610974,0.035197341911610974
ID_SNXHFB,0.024318002320969024,0.024318002320969024,0.011710746475820726,0.011710746475820726,0.01493571012777909,0.01493571012777909,0.024318002320969024,0.024318002320969024
ID_MS1WPS,0.02429356439330529,0.02429356439330529,0.011514366552307302,0.011514366552307302,0.012404893859556392,0.012404893859556392,0.02429356439330529,0.02429356439330529
ID_HN3HHR,0.02413404155581404,0.02413404155581404,0.010922000031203995,0.010922000031203995,0.012381699038385803,0.012381699038385803,0.02413404155581404,0.02413404155581404
ID_HGDR69,0.02429356439330529,0.02429356439330529,0.011704238530841536,0.011704238530841536,0.012404893859556392,0.012404893859556392,0.02429356439330529,0.02429356439330529
ID_KQ5EXO,0.0245055683327414,0.0245055683327414,0.019402552730114576,0.019402552730114576,0.020170024669045,0.020170024669045,0.0245055683327414,0.0245055683327414
ID_CC0VYL,0.024401393185105685,0.024401393185105685,0.0822937335279301,0.0822937335279301,0.04804299237570761,0.04804299237570761,0.024401393185105685,0.024401393185105685
ID_R6WWCC,0.026780336694748462,0.026780336694748462,0.02578222599881178,0.02578222599881178,0.0184106975186443,0.0184106975186443,0.026780336694748462,0.026780336694748462
ID_SWOCAQ,0.024143631657976974,0.024143631657976974,0.012382358876579725,0.012382358876579725,0.012860111946949044,0.012860111946949044,0.024143631657976974,0.024143631657976974
ID_WHGARU,0.034275573884198204,0.034275573884198204,0.0215620629208854,0.0215620629208854,0.024106199297168132,0.024106199297168132,0.034275573884198204,0.034275573884198204
ID_73ULWE,0.02430841221880609,0.02430841221880609,0.012017889404293517,0.012017889404293517,0.013354398673906772,0.013354398673906772,0.02430841221880609,0.02430841221880609
ID_P1B4GG,0.04176263200136944,0.04176263200136944,0.06715595137412585,0.06715595137412585,0.04218687096692588,0.04218687096692588,0.04176263200136944,0.04176263200136944
ID_F5NM15,0.024398084584185624,0.024398084584185624,0.012992295335372443,0.012992295335372443,0.013345988040434138,0.013345988040434138,0.024398084584185624,0.024398084584185624
ID_7XJF6O,0.024143631657976974,0.024143631657976974,0.012414411462969423,0.012414411462969423,0.012549454161629043,0.012549454161629043,0.024143631657976974,0.024143631657976974
ID_ALWNWF,0.02430841221880609,0.02430841221880609,0.012868569425509421,0.012868569425509421,0.01287559433929561,0.01287559433929561,0.02430841221880609,0.02430841221880609
ID_FOX8D1,0.02413404155581404,0.02413404155581404,0.01084978390531605,0.01084978390531605,0.012390381628073028,0.012390381628073028,0.02413404155581404,0.02413404155581404
ID_UO8NL5,0.02430841221880609,0.02430841221880609,0.012151809152114718,0.012151809152114718,0.014718488890239084,0.014718488890239084,0.02430841221880609,0.02430841221880609
ID_004DL7,0.024143631657976974,0.024143631657976974,0.012841388020703214,0.012841388020703214,0.014812416890367231,0.014812416890367231,0.024143631657976974,0.024143631657976974
ID_CFSK8V,0.02430841221880609,0.02430841221880609,0.011395794926138767,0.011395794926138767,0.014669630889211742,0.014669630889211742,0.02430841221880609,0.02430841221880609
ID_X9KR9T,0.024109603628150303,0.024109603628150303,0.010818310840217182,0.010818310840217182,0.012376996572723117,0.012376996572723117,0.024109603628150303,0.024109603628150303
ID_Q3PK1O,0.024143631657976974,0.024143631657976974,0.012382358876579725,0.012382358876579725,0.012860111946949044,0.012860111946949044,0.024143631657976974,0.024143631657976974
ID_M62ZZR,0.02413404155581404,0.02413404155581404,0.012404736599651352,0.012404736599651352,0.012549454161629043,0.012549454161629043,0.02413404155581404,0.02413404155581404
ID_UOIFEC,0.02430841221880609,0.02430841221880609,0.011158171460711337,0.011158171460711337,0.015077340380810473,0.015077340380810473,0.02430841221880609,0.02430841221880609
ID_D1D4RK,0.02413404155581404,0.02413404155581404,0.01237918804386937,0.01237918804386937,0.012860111946949044,0.012860111946949044,0.02413404155581404,0.02413404155581404
ID_YZJB0C,0.02413404155581404,0.02413404155581404,0.012408549718510742,0.012408549718510742,0.012625678157956469,0.012625678157956469,0.02413404155581404,0.02413404155581404
ID_0NPRVJ,0.024318002320969024,0.024318002320969024,0.011470155728866383,0.011470155728866383,0.01493571012777909,0.01493571012777909,0.024318002320969024,0.024318002320969024
ID_8BZS64,0.02430841221880609,0.02430841221880609,0.011219058107423414,0.011219058107423414,0.015168062464789628,0.015168062464789628,0.02430841221880609,0.02430841221880609
ID_ZTXB6J,0.02430841221880609,0.02430841221880609,0.012151809152114718,0.012151809152114718,0.014718488890239084,0.014718488890239084,0.02430841221880609,0.02430841221880609
ID_0ZEYV1,0.04207959591269643,0.04207959591269643,0.06589961900061479,0.06589961900061479,0.043667076280114056,0.043667076280114056,0.04207959591269643,0.04207959591269643
ID_OVMHV9,0.02413404155581404,0.02413404155581404,0.01086724900522697,0.01086724900522697,0.012384514706344505,0.012384514706344505,0.02413404155581404,0.02413404155581404
ID_T6YHHW,0.02430841221880609,0.02430841221880609,0.01170334107921849,0.01170334107921849,0.01493571012777909,0.01493571012777909,0.02430841221880609,0.02430841221880609
ID_L6J9SJ,0.024398084584185624,0.024398084584185624,0.013286213163817699,0.013286213163817699,0.013956611286661222,0.013956611286661222,0.024398084584185624,0.024398084584185624
ID_VD5NIC,0.02446703268726934,0.02446703268726934,0.01897792561988708,0.01897792561988708,0.019610290845822283,0.019610290845822283,0.02446703268726934,0.02446703268726934
ID_AKV0AN,0.024143631657976974,0.024143631657976974,0.010957861066914388,0.010957861066914388,0.012530806236322177,0.012530806236322177,0.024143631657976974,0.024143631657976974
ID_5MQI2A,0.02413404155581404,0.02413404155581404,0.012403103364650232,0.012403103364650232,0.012549454161629043,0.012549454161629043,0.02413404155581404,0.02413404155581404
ID_8T676E,0.024572455247177678,0.024572455247177678,0.013714752314744127,0.013714752314744127,0.01805815298939541,0.01805815298939541,0.024572455247177678,0.024572455247177678
ID_80I3YJ,0.024143631657976974,0.024143631657976974,0.012407907432361708,0.012407907432361708,0.012549454161629043,0.012549454161629043,0.024143631657976974,0.024143631657976974
ID_AJ2J12,0.024109603628150303,0.024109603628150303,0.010818310840217182,0.010818310840217182,0.012376996572723117,0.012376996572723117,0.024109603628150303,0.024109603628150303
ID_IYSD3F,0.02429356439330529,0.02429356439330529,0.01313935445835855,0.01313935445835855,0.01484130701346111,0.01484130701346111,0.02429356439330529,0.02429356439330529
ID_QXMOH6,0.02430841221880609,0.02430841221880609,0.012151809152114718,0.012151809152114718,0.014718488890239084,0.014718488890239084,0.02430841221880609,0.02430841221880609
ID_LRD6RE,0.02438849448202269,0.02438849448202269,0.012732571124092045,0.012732571124092045,0.012905472644406462,0.012905472644406462,0.02438849448202269,0.02438849448202269
ID_8H40BW,0.024143631657976974,0.024143631657976974,0.012414411462969423,0.012414411462969423,0.012549454161629043,0.012549454161629043,0.024143631657976974,0.024143631657976974
ID_KGCLKE,0.02571896508340896,0.02571896508340896,0.025460801618871206,0.025460801618871206,0.01946307278320533,0.01946307278320533,0.02571896508340896,0.02571896508340896
ID_IVC3Q9,0.024143631657976974,0.024143631657976974,0.013110635965481492,0.013110635965481492,0.014736483118097716,0.014736483118097716,0.024143631657976974,0.024143631657976974
ID_YBET63,0.04176263200136944,0.04176263200136944,0.06337866416368498,0.06337866416368498,0.03989678488593557,0.03989678488593557,0.04176263200136944,0.04176263200136944
ID_LKVF8D,0.02430841221880609,0.02430841221880609,0.012789571986306411,0.012789571986306411,0.01599517105954423,0.01599517105954423,0.02430841221880609,0.02430841221880609
ID_N0KRIO,0.024835129133824768,0.024835129133824768,0.013604142291305122,0.013604142291305122,0.017328024140838432,0.017328024140838432,0.024835129133824768,0.024835129133824768
ID_8OUOJV,0.02621508477327252,0.02621508477327252,0.03260609394431774,0.03260609394431774,0.02937906796188216,0.02937906796188216,0.02621508477327252,0.02621508477327252
ID_Y5B1VB,0.024109603628150303,0.024109603628150303,0.010830415867553629,0.010830415867553629,0.012376996572723117,0.012376996572723117,0.024109603628150303,0.024109603628150303
ID_GVBQQE,0.024109603628150303,0.024109603628150303,0.010808573403412762,0.010808573403412762,0.012376996572723117,0.012376996572723117,0.024109603628150303,0.024109603628150303
ID_SE1BFM,0.024585962054124003,0.024585962054124003,0.013114010269608078,0.013114010269608078,0.01512352201897486,0.01512352201897486,0.024585962054124003,0.024585962054124003
ID_MXRB9X,0.02597341800961761,0.02597341800961761,0.0264784132661901,0.0264784132661901,0.019911326399547284,0.019911326399547284,0.02597341800961761,0.02597341800961761
ID_JXBY22,0.024109603628150303,0.024109603628150303,0.010931321023119596,0.010931321023119596,0.012368313983035891,0.012368313983035891,0.024109603628150303,0.024109603628150303
ID_N6FNIX,0.02413404155581404,0.02413404155581404,0.010922000031203995,0.010922000031203995,0.012381699038385803,0.012381699038385803,0.02413404155581404,0.02413404155581404
ID_OORS9Y,0.024283974291142357,0.024283974291142357,0.012464621649942229,0.012464621649942229,0.012463972506739317,0.012463972506739317,0.024283974291142357,0.024283974291142357
ID_VU3YY8,0.02429356439330529,0.02429356439330529,0.011514366552307302,0.011514366552307302,0.012404893859556392,0.012404893859556392,0.02429356439330529,0.02429356439330529
ID_X65SMS,0.024377996247681125,0.024377996247681125,0.011331835359755352,0.011331835359755352,0.012408967956533028,0.012408967956533028,0.024377996247681125,0.024377996247681125
ID_8U14T8,0.024790993823919482,0.024790993823919482,0.017007560201107996,0.017007560201107996,0.01758647589776362,0.01758647589776362,0.024790993823919482,0.024790993823919482
ID_1J3E42,0.02413404155581404,0.02413404155581404,0.0108635024423602,0.0108635024423602,0.012390381628073028,0.012390381628073028,0.02413404155581404,0.02413404155581404
ID_BWGEAG,0.027042129523774678,0.027042129523774678,0.017039560440987356,0.017039560440987356,0.022943023288845513,0.022943023288845513,0.027042129523774678,0.027042129523774678
ID_M2AV6H,0.024632964387935625,0.024632964387935625,0.013599239615279216,0.013599239615279216,0.015358990379682537,0.015358990379682537,0.024632964387935625,0.024632964387935625
ID_WH3JS3,0.024398084584185624,0.024398084584185624,0.012929286569883798,0.012929286569883798,0.013351382866937836,0.013351382866937836,0.024398084584185624,0.024398084584185624
ID_NZ3V3Z,0.024283974291142357,0.024283974291142357,0.012457054968146699,0.012457054968146699,0.012462036240488323,0.012462036240488323,0.024283974291142357,0.024283974291142357
ID_XVUXT6,0.0245055683327414,0.0245055683327414,0.01897792561988708,0.01897792561988708,0.014734253621817036,0.014734253621817036,0.0245055683327414,0.0245055683327414
ID_OQLIHX,0.02413404155581404,0.02413404155581404,0.010919122842398295,0.010919122842398295,0.012381699038385803,0.012381699038385803,0.02413404155581404,0.02413404155581404
ID_ZQJL1B,0.024143631657976974,0.024143631657976974,0.012414411462969423,0.012414411462969423,0.012549454161629043,0.012549454161629043,0.024143631657976974,0.024143631657976974
ID_79Y7EX,0.0256804294379369,0.0256804294379369,0.025366372912544483,0.025366372912544483,0.019026588158074995,0.019026588158074995,0.0256804294379369,0.0256804294379369
ID_28J9J5,0.02432372175313559,0.02432372175313559,0.08195568954149707,0.08195568954149707,0.048318394656966704,0.048318394656966704,0.02432372175313559,0.02432372175313559
ID_910L6Y,0.024959296977818755,0.024959296977818755,0.018954799180337004,0.018954799180337004,0.02001931487612437,0.02001931487612437,0.024959296977818755,0.024959296977818755
ID_EN93YN,0.024394590301753956,0.024394590301753956,0.012991577156262455,0.012991577156262455,0.015263953674619331,0.015263953674619331,0.024394590301753956,0.024394590301753956
ID_38GYOD,0.02413404155581404,0.02413404155581404,0.01237983477793678,0.01237983477793678,0.012936244471069391,0.012936244471069391,0.02413404155581404,0.02413404155581404
ID_G7TIWW,0.02430841221880609,0.02430841221880609,0.012646464384071389,0.012646464384071389,0.01288230725462074,0.01288230725462074,0.02430841221880609,0.02430841221880609
ID_GFIAH6,0.02438758634984406,0.02438758634984406,0.012761347033413396,0.012761347033413396,0.01562690016492205,0.01562690016492205,0.02438758634984406,0.02438758634984406
ID_77P9GP,0.024143631657976974,0.024143631657976974,0.013068267882414537,0.013068267882414537,0.014536772653376774,0.014536772653376774,0.024143631657976974,0.024143631657976974
ID_8AL0A1,0.024398084584185624,0.024398084584185624,0.013193224934656743,0.013193224934656743,0.014608824671432265,0.014608824671432265,0.024398084584185624,0.024398084584185624
ID_EZDTQB,0.024398084584185624,0.024398084584185624,0.012992295335372443,0.012992295335372443,0.013550387842062214,0.013550387842062214,0.024398084584185624,0.024398084584185624
ID_9S11YT,0.024143631657976974,0.024143631657976974,0.012414411462969423,0.012414411462969423,0.012549454161629043,0.012549454161629043,0.024143631657976974,0.024143631657976974
ID_WWIG9X,0.02430841221880609,0.02430841221880609,0.012789571986306411,0.012789571986306411,0.01599517105954423,0.01599517105954423,0.02430841221880609,0.02430841221880609
ID_FH1O04,0.026753066736206203,0.026753066736206203,0.02751782132522435,0.02751782132522435,0.024406892851064614,0.024406892851064614,0.026753066736206203,0.026753066736206203
ID_1G39W0,0.024143631657976974,0.024143631657976974,0.012841388020703214,0.012841388020703214,0.014961239749542067,0.014961239749542067,0.024143631657976974,0.024143631657976974
ID_54AWCS,0.02548060133108642,0.02548060133108642,0.013816348981674232,0.013816348981674232,0.021140388054830594,0.021140388054830594,0.02548060133108642,0.02548060133108642
ID_EFML0I,0.045294228433299194,0.045294228433299194,0.05082775901402116,0.05082775901402116,0.027600454979994568,0.027600454979994568,0.045294228433299194,0.045294228433299194
ID_9561UW,0.025216558302714832,0.025216558302714832,0.012622584966247031,0.012622584966247031,0.016089653487058604,0.016089653487058604,0.025216558302714832,0.025216558302714832
ID_SKRXO8,0.02413404155581404,0.02413404155581404,0.010807800486312993,0.010807800486312993,0.012381352725006574,0.012381352725006574,0.02413404155581404,0.02413404155581404
ID_T1ZFPC,0.04528552591929089,0.04528552591929089,0.05167557776040445,0.05167557776040445,0.027289758533811697,0.027289758533811697,0.04528552591929089,0.04528552591929089
ID_GOZQWK,0.024318002320969024,0.024318002320969024,0.013578295554839413,0.013578295554839413,0.01990621614740632,0.01990621614740632,0.024318002320969024,0.024318002320969024
ID_JKBQHX,0.02413404155581404,0.02413404155581404,0.010897501333745048,0.010897501333745048,0.012305123181315311,0.012305123181315311,0.02413404155581404,0.02413404155581404
ID_IGRJAM,0.02413404155581404,0.02413404155581404,0.010994480441246682,0.010994480441246682,0.012376342226676988,0.012376342226676988,0.02413404155581404,0.02413404155581404
ID_5BWJ28,0.02413404155581404,0.02413404155581404,0.010919168682574485,0.010919168682574485,0.012330195226798272,0.012330195226798272,0.02413404155581404,0.02413404155581404
ID_GKAI11,0.02413404155581404,0.02413404155581404,0.010911748068012745,0.010911748068012745,0.012415013196593319,0.012415013196593319,0.02413404155581404,0.02413404155581404
ID_A6815G,0.024612231161876462,0.024612231161876462,0.013645098429638798,0.013645098429638798,0.033289254715889935,0.033289254715889935,0.024612231161876462,0.024612231161876462
ID_VIDOWQ,0.024143631657976974,0.024143631657976974,0.015094521805873305,0.015094521805873305,0.03031932861195333,0.03031932861195333,0.024143631657976974,0.024143631657976974
ID_OOOX4T,0.045294228433299194,0.045294228433299194,0.05082775901402116,0.05082775901402116,0.027600454979994568,0.027600454979994568,0.045294228433299194,0.045294228433299194
ID_AE9R4L,0.024143631657976974,0.024143631657976974,0.010924349922365415,0.010924349922365415,0.012467476169357049,0.012467476169357049,0.024143631657976974,0.024143631657976974
ID_F8AO95,0.024318002320969024,0.024318002320969024,0.012531440573195093,0.012531440573195093,0.01631341936870944,0.01631341936870944,0.024318002320969024,0.024318002320969024
ID_X6ZOJH,0.045294228433299194,0.045294228433299194,0.05082775901402116,0.05082775901402116,0.027600454979994568,0.027600454979994568,0.045294228433299194,0.045294228433299194
ID_O1TPCL,0.024507687937674796,0.024507687937674796,0.012871329186318507,0.012871329186318507,0.018200584215999207,0.018200584215999207,0.024507687937674796,0.024507687937674796
ID_UHXSJT,0.02413404155581404,0.02413404155581404,0.010915319441236268,0.010915319441236268,0.012322677093176884,0.012322677093176884,0.02413404155581404,0.02413404155581404
ID_O844TL,0.045294228433299194,0.045294228433299194,0.05082775901402116,0.05082775901402116,0.027600454979994568,0.027600454979994568,0.045294228433299194,0.045294228433299194
ID_AS1OS1,0.045294228433299194,0.045294228433299194,0.05082775901402116,0.05082775901402116,0.027600454979994568,0.027600454979994568,0.045294228433299194,0.045294228433299194
ID_MMEHS3,0.02413404155581404,0.02413404155581404,0.010919168682574485,0.010919168682574485,0.012330195226798272,0.012330195226798272,0.02413404155581404,0.02413404155581404
ID_CQFY1Y,0.12469117826247345,0.12469117826247345,0.05013677205662583,0.05013677205662583,0.1146344779163774,0.1146344779163774,0.12469117826247345,0.12469117826247345
ID_JGBB5Z,0.02413404155581404,0.02413404155581404,0.010805758247070354,0.010805758247070354,0.012381352725006574,0.012381352725006574,0.02413404155581404,0.02413404155581404
ID_5844IN,0.024507687937674796,0.024507687937674796,0.012871329186318507,0.012871329186318507,0.018200584215999207,0.018200584215999207,0.024507687937674796,0.024507687937674796
ID_1CHR0U,0.02413404155581404,0.02413404155581404,0.011008757332951787,0.011008757332951787,0.012517029978445072,0.012517029978445072,0.02413404155581404,0.02413404155581404
ID_KA4XEL,0.02548060133108642,0.02548060133108642,0.013499299081669892,0.013499299081669892,0.020612871564283524,0.020612871564283524,0.02548060133108642,0.02548060133108642
ID_HC45O8,0.024609682054064195,0.024609682054064195,0.01234455715778201,0.01234455715778201,0.014259461359536383,0.014259461359536383,0.024609682054064195,0.024609682054064195
ID_Q29LQD,0.045294228433299194,0.045294228433299194,0.05082775901402116,0.05082775901402116,0.027600454979994568,0.027600454979994568,0.045294228433299194,0.045294228433299194
ID_QJV4SK,0.045294228433299194,0.045294228433299194,0.05082775901402116,0.05082775901402116,0.027600454979994568,0.027600454979994568,0.045294228433299194,0.045294228433299194
ID_JNXALI,0.02413404155581404,0.02413404155581404,0.010807800486312993,0.010807800486312993,0.012381352725006574,0.012381352725006574,0.02413404155581404,0.02413404155581404
ID_G1IG7E,0.045294228433299194,0.045294228433299194,0.05082775901402116,0.05082775901402116,0.027600454979994568,0.027600454979994568,0.045294228433299194,0.045294228433299194
ID_8B0B3T,0.04528552591929089,0.04528552591929089,0.05167557776040445,0.05167557776040445,0.027289758533811697,0.027289758533811697,0.04528552591929089,0.04528552591929089
ID_2VT9FI,0.02430841221880609,0.02430841221880609,0.01427354341855149,0.01427354341855149,0.014252210930220499,0.014252210930220499,0.02430841221880609,0.02430841221880609
ID_WACT7O,0.02378836498376965,0.02378836498376965,0.03504920837223101,0.03504920837223101,0.02610874168909539,0.02610874168909539,0.02378836498376965,0.02378836498376965
ID_WNI8DN,0.045294228433299194,0.045294228433299194,0.05082775901402116,0.05082775901402116,0.027600454979994568,0.027600454979994568,0.045294228433299194,0.045294228433299194
ID_FQTAK3,0.02413404155581404,0.02413404155581404,0.010805758247070354,0.010805758247070354,0.012381352725006574,0.012381352725006574,0.02413404155581404,0.02413404155581404
ID_574DIZ,0.045294228433299194,0.045294228433299194,0.05082775901402116,0.05082775901402116,0.027600454979994568,0.027600454979994568,0.045294228433299194,0.045294228433299194
ID_7SDSE9,0.02413404155581404,0.02413404155581404,0.01091042684713888,0.01091042684713888,0.012415013196593319,0.012415013196593319,0.02413404155581404,0.02413404155581404
ID_DFV6SX,0.04577622719377552,0.04577622719377552,0.05099885554765153,0.05099885554765153,0.027378637780414283,0.027378637780414283,0.04577622719377552,0.04577622719377552
ID_SRC95U,0.04528552591929089,0.04528552591929089,0.05167557776040445,0.05167557776040445,0.027289758533811697,0.027289758533811697,0.04528552591929089,0.04528552591929089
ID_22PEEN,0.04409383678291369,0.04409383678291369,0.05078069306746973,0.05078069306746973,0.030097245896815707,0.030097245896815707,0.04409383678291369,0.04409383678291369
ID_NI4J6I,0.02413404155581404,0.02413404155581404,0.010854919312004267,0.010854919312004267,0.012378537057047872,0.012378537057047872,0.02413404155581404,0.02413404155581404
ID_9W1XKU,0.06819943057649024,0.06819943057649024,0.04730910117982919,0.04730910117982919,0.07999418865450722,0.07999418865450722,0.06819943057649024,0.06819943057649024
ID_EXXRVW,0.04528552591929089,0.04528552591929089,0.05167557776040445,0.05167557776040445,0.027289758533811697,0.027289758533811697,0.04528552591929089,0.04528552591929089
ID_X1B7HZ,0.024398350733566908,0.024398350733566908,0.011254221343329141,0.011254221343329141,0.012876659208337646,0.012876659208337646,0.024398350733566908,0.024398350733566908
ID_2Z66EB,0.024507687937674796,0.024507687937674796,0.012871329186318507,0.012871329186318507,0.018200584215999207,0.018200584215999207,0.024507687937674796,0.024507687937674796
ID_3DF023,0.02413404155581404,0.02413404155581404,0.01269672912415016,0.01269672912415016,0.017041988342704078,0.017041988342704078,0.02413404155581404,0.02413404155581404
ID_838T04,0.024143631657976974,0.024143631657976974,0.010981235199309783,0.010981235199309783,0.012419715662256005,0.012419715662256005,0.024143631657976974,0.024143631657976974
ID_DCRP7F,0.02413404155581404,0.02413404155581404,0.011370192827933171,0.011370192827933171,0.012799288738574149,0.012799288738574149,0.02413404155581404,0.02413404155581404
ID_9KDNRL,0.024143631657976974,0.024143631657976974,0.010974063462794581,0.010974063462794581,0.012476486756775944,0.012476486756775944,0.024143631657976974,0.024143631657976974
ID_LVSS4O,0.02430841221880609,0.02430841221880609,0.016045137592725356,0.016045137592725356,0.014391411452628329,0.014391411452628329,0.02430841221880609,0.02430841221880609
ID_YAUK98,0.02413404155581404,0.02413404155581404,0.010919218856156572,0.010919218856156572,0.012336062148526795,0.012336062148526795,0.02413404155581404,0.02413404155581404
ID_VZO2C8,0.02413404155581404,0.02413404155581404,0.01096766657278292,0.01096766657278292,0.01232737955883957,0.01232737955883957,0.02413404155581404,0.02413404155581404
ID_B22C03,0.045294228433299194,0.045294228433299194,0.05082775901402116,0.05082775901402116,0.027600454979994568,0.027600454979994568,0.045294228433299194,0.045294228433299194
ID_OSSELX,0.12469117826247345,0.12469117826247345,0.05013677205662583,0.05013677205662583,0.1146344779163774,0.1146344779163774,0.12469117826247345,0.12469117826247345
ID_RVMS83,0.02413404155581404,0.02413404155581404,0.010914649855670491,0.010914649855670491,0.012336062148526795,0.012336062148526795,0.02413404155581404,0.02413404155581404
ID_N9GDIY,0.046924321475439734,0.046924321475439734,0.05702119376841799,0.05702119376841799,0.028075920728420228,0.028075920728420228,0.046924321475439734,0.046924321475439734
ID_86DS0O,0.045294228433299194,0.045294228433299194,0.05082775901402116,0.05082775901402116,0.027600454979994568,0.027600454979994568,0.045294228433299194,0.045294228433299194
ID_ZBG39I,0.02413404155581404,0.02413404155581404,0.012700548909904762,0.012700548909904762,0.017041988342704078,0.017041988342704078,0.02413404155581404,0.02413404155581404
ID_FLWZUM,0.02413404155581404,0.02413404155581404,0.010914649855670491,0.010914649855670491,0.012336062148526795,0.012336062148526795,0.02413404155581404,0.02413404155581404
ID_B64QFC,0.024143631657976974,0.024143631657976974,0.014821105211738742,0.014821105211738742,0.023352775448080156,0.023352775448080156,0.024143631657976974,0.024143631657976974
ID_STOONH,0.04528552591929089,0.04528552591929089,0.05167557776040445,0.05167557776040445,0.027289758533811697,0.027289758533811697,0.04528552591929089,0.04528552591929089
ID_WOGWV5,0.024318002320969024,0.024318002320969024,0.01253630252246379,0.01253630252246379,0.01711835006827607,0.01711835006827607,0.024318002320969024,0.024318002320969024
ID_DHNB48,0.045294228433299194,0.045294228433299194,0.05082775901402116,0.05082775901402116,0.027600454979994568,0.027600454979994568,0.045294228433299194,0.045294228433299194
ID_VAEHAO,0.025157464390591494,0.025157464390591494,0.01318995946172915,0.01318995946172915,0.018419609602695734,0.018419609602695734,0.025157464390591494,0.025157464390591494
ID_HLN7YL,0.045294228433299194,0.045294228433299194,0.05082775901402116,0.05082775901402116,0.027600454979994568,0.027600454979994568,0.045294228433299194,0.045294228433299194
ID_JSD8GD,0.045294228433299194,0.045294228433299194,0.05082775901402116,0.05082775901402116,0.027600454979994568,0.027600454979994568,0.045294228433299194,0.045294228433299194
ID_YMYL5P,0.02413404155581404,0.02413404155581404,0.010919218856156572,0.010919218856156572,0.012336062148526795,0.012336062148526795,0.02413404155581404,0.02413404155581404
ID_JWJ6LD,0.02413404155581404,0.02413404155581404,0.010807800486312993,0.010807800486312993,0.012381352725006574,0.012381352725006574,0.02413404155581404,0.02413404155581404
ID_YW34VH,0.045294228433299194,0.045294228433299194,0.05082775901402116,0.05082775901402116,0.027600454979994568,0.027600454979994568,0.045294228433299194,0.045294228433299194
ID_X5FI4F,0.025467408219765692,0.025467408219765692,0.013900759606685976,0.013900759606685976,0.03227978315622572,0.03227978315622572,0.025467408219765692,0.025467408219765692
ID_HOX29F,0.02413404155581404,0.02413404155581404,0.010806921094791918,0.010806921094791918,0.01238331445394339,0.01238331445394339,0.02413404155581404,0.02413404155581404
ID_5EH9MJ,0.02548060133108642,0.02548060133108642,0.013752108505498992,0.013752108505498992,0.021140388054830594,0.021140388054830594,0.02548060133108642,0.02548060133108642
ID_D2SQ2F,0.12469117826247345,0.12469117826247345,0.05013677205662583,0.05013677205662583,0.1146344779163774,0.1146344779163774,0.12469117826247345,0.12469117826247345
ID_TMFZSB,0.045294228433299194,0.045294228433299194,0.05082775901402116,0.05082775901402116,0.027600454979994568,0.027600454979994568,0.045294228433299194,0.045294228433299194
ID_WZLIOZ,0.04528552591929089,0.04528552591929089,0.05167557776040445,0.05167557776040445,0.027289758533811697,0.027289758533811697,0.04528552591929089,0.04528552591929089
ID_GW81H7,0.02413404155581404,0.02413404155581404,0.010801467359789329,0.010801467359789329,0.012387219646735097,0.012387219646735097,0.02413404155581404,0.02413404155581404
ID_8H6FU1,0.024143631657976974,0.024143631657976974,0.010859233152084867,0.010859233152084867,0.012529605983921062,0.012529605983921062,0.024143631657976974,0.024143631657976974
ID_8Y8FZW,0.12469117826247345,0.12469117826247345,0.05013677205662583,0.05013677205662583,0.1146344779163774,0.1146344779163774,0.12469117826247345,0.12469117826247345
ID_QTMQF9,0.02430841221880609,0.02430841221880609,0.013543466448855951,0.013543466448855951,0.01963809022405221,0.01963809022405221,0.02430841221880609,0.02430841221880609
ID_MO29LK,0.024318002320969024,0.024318002320969024,0.012517088323940485,0.012517088323940485,0.016850224144921967,0.016850224144921967,0.024318002320969024,0.024318002320969024
ID_HEFVRV,0.12469117826247345,0.12469117826247345,0.05013677205662583,0.05013677205662583,0.1146344779163774,0.1146344779163774,0.12469117826247345,0.12469117826247345
ID_HM2KF9,0.025455039352160213,0.025455039352160213,0.015011584058203317,0.015011584058203317,0.021386229489374246,0.021386229489374246,0.025455039352160213,0.025455039352160213
ID_T2LQRI,0.043410231764320045,0.043410231764320045,0.027953271866270123,0.027953271866270123,0.01559054211934385,0.01559054211934385,0.043410231764320045,0.043410231764320045
ID_WKW5QW,0.024619493987321137,0.024619493987321137,0.011325486925779886,0.011325486925779886,0.013369212787184333,0.013369212787184333,0.024619493987321137,0.024619493987321137
ID_YW71NA,0.02413404155581404,0.02413404155581404,0.010807800486312993,0.010807800486312993,0.012381352725006574,0.012381352725006574,0.02413404155581404,0.02413404155581404
ID_WG14C6,0.024318002320969024,0.024318002320969024,0.01253630252246379,0.01253630252246379,0.01711835006827607,0.01711835006827607,0.024318002320969024,0.024318002320969024
ID_ZWP9EJ,0.02413404155581404,0.02413404155581404,0.010919219693717015,0.010919219693717015,0.012415013196593319,0.012415013196593319,0.02413404155581404,0.02413404155581404
ID_N694IA,0.02413404155581404,0.02413404155581404,0.010809406402820012,0.010809406402820012,0.012389181375671913,0.012389181375671913,0.02413404155581404,0.02413404155581404
ID_BADU0T,0.02430841221880609,0.02430841221880609,0.012289056075423294,0.012289056075423294,0.012990362954068614,0.012990362954068614,0.02430841221880609,0.02430841221880609
ID_3X96G5,0.024318002320969024,0.024318002320969024,0.013553104426353128,0.013553104426353128,0.01963809022405221,0.01963809022405221,0.024318002320969024,0.024318002320969024
ID_C2SL3S,0.026538186807762865,0.026538186807762865,0.011612305190860798,0.011612305190860798,0.01304658422433282,0.01304658422433282,0.026538186807762865,0.026538186807762865
ID_O4DJ6G,0.02413404155581404,0.02413404155581404,0.010826453670675725,0.010826453670675725,0.012389181375671913,0.012389181375671913,0.02413404155581404,0.02413404155581404
ID_71R9X9,0.02413404155581404,0.02413404155581404,0.010807800486312993,0.010807800486312993,0.012381352725006574,0.012381352725006574,0.02413404155581404,0.02413404155581404
ID_ZDM8BX,0.045294228433299194,0.045294228433299194,0.05082775901402116,0.05082775901402116,0.027600454979994568,0.027600454979994568,0.045294228433299194,0.045294228433299194
ID_95AMEG,0.02548060133108642,0.02548060133108642,0.013528305077723648,0.013528305077723648,0.020612871564283524,0.020612871564283524,0.02548060133108642,0.02548060133108642
ID_PFYUD5,0.15565536624586146,0.15565536624586146,0.1380757567796847,0.1380757567796847,0.239383250061532,0.239383250061532,0.15565536624586146,0.15565536624586146
ID_VO4JHF,0.02413404155581404,0.02413404155581404,0.010914649855670491,0.010914649855670491,0.012336062148526795,0.012336062148526795,0.02413404155581404,0.02413404155581404
ID_9VY7H9,0.025471011228923486,0.025471011228923486,0.014731452736210671,0.014731452736210671,0.022938244938186192,0.022938244938186192,0.025471011228923486,0.025471011228923486
ID_PL4QY0,0.024318002320969024,0.024318002320969024,0.01253630252246379,0.01253630252246379,0.01711835006827607,0.01711835006827607,0.024318002320969024,0.024318002320969024
ID_Q3UAV5,0.0442856420766982,0.0442856420766982,0.04303269086291611,0.04303269086291611,0.02737046552360056,0.02737046552360056,0.0442856420766982,0.0442856420766982
ID_23NRCI,0.024318002320969024,0.024318002320969024,0.012539469013494715,0.012539469013494715,0.01711835006827607,0.01711835006827607,0.024318002320969024,0.024318002320969024
ID_T58A3E,0.045294228433299194,0.045294228433299194,0.05082775901402116,0.05082775901402116,0.027600454979994568,0.027600454979994568,0.045294228433299194,0.045294228433299194
ID_VFP3AX,0.10241832935491671,0.10241832935491671,0.13238515528445088,0.13238515528445088,0.20591276264121575,0.20591276264121575,0.10241832935491671,0.10241832935491671
ID_9P0RI1,0.0920037785525085,0.0920037785525085,0.10539806087135867,0.10539806087135867,0.18993558306215647,0.18993558306215647,0.0920037785525085,0.0920037785525085
ID_PM90HD,0.02413404155581404,0.02413404155581404,0.010806921094791918,0.010806921094791918,0.01238331445394339,0.01238331445394339,0.02413404155581404,0.02413404155581404
ID_RGEP75,0.024609682054064195,0.024609682054064195,0.01234455715778201,0.01234455715778201,0.014259461359536383,0.014259461359536383,0.024609682054064195,0.024609682054064195
ID_0V5W7R,0.06224959543279132,0.06224959543279132,0.03770775259706405,0.03770775259706405,0.06522278146634378,0.06522278146634378,0.06224959543279132,0.06224959543279132
ID_13XPOY,0.02500177281739255,0.02500177281739255,0.01729814053878946,0.01729814053878946,0.016240404187095898,0.016240404187095898,0.02500177281739255,0.02500177281739255
ID_34V217,0.02430841221880609,0.02430841221880609,0.017561432107335687,0.017561432107335687,0.03644236063682037,0.03644236063682037,0.02430841221880609,0.02430841221880609
ID_PII98H,0.024143631657976974,0.024143631657976974,0.011056810724703662,0.011056810724703662,0.012543030440419774,0.012543030440419774,0.024143631657976974,0.024143631657976974
ID_0FEW1F,0.02413404155581404,0.02413404155581404,0.010919219693717015,0.010919219693717015,0.012415013196593319,0.012415013196593319,0.02413404155581404,0.02413404155581404
ID_WCKBMG,0.02430841221880609,0.02430841221880609,0.017551823245631676,0.017551823245631676,0.03668065612322351,0.03668065612322351,0.02430841221880609,0.02430841221880609
ID_08DG5M,0.02413404155581404,0.02413404155581404,0.01090810696189315,0.01090810696189315,0.012336062148526795,0.012336062148526795,0.02413404155581404,0.02413404155581404
ID_NR39DV,0.02413404155581404,0.02413404155581404,0.011068371109530665,0.011068371109530665,0.012290141724611256,0.012290141724611256,0.02413404155581404,0.02413404155581404
ID_HL1IVR,0.02413404155581404,0.02413404155581404,0.010964944786498135,0.010964944786498135,0.012406330606906093,0.012406330606906093,0.02413404155581404,0.02413404155581404
ID_M7G1UN,0.045294228433299194,0.045294228433299194,0.05082775901402116,0.05082775901402116,0.027600454979994568,0.027600454979994568,0.045294228433299194,0.045294228433299194
ID_PTXVXA,0.02413404155581404,0.02413404155581404,0.010809162715655183,0.010809162715655183,0.01238331445394339,0.01238331445394339,0.02413404155581404,0.02413404155581404
ID_6M5MZL,0.02413404155581404,0.02413404155581404,0.010856236007982713,0.010856236007982713,0.012380498785984687,0.012380498785984687,0.02413404155581404,0.02413404155581404
ID_DULZGI,0.02413404155581404,0.02413404155581404,0.010964250156282149,0.010964250156282149,0.012406330606906093,0.012406330606906093,0.02413404155581404,0.02413404155581404
ID_LZU656,0.024721638849100353,0.024721638849100353,0.013498222264658128,0.013498222264658128,0.029884032608368166,0.029884032608368166,0.024721638849100353,0.024721638849100353
ID_1UYN03,0.025641959168146315,0.025641959168146315,0.014474783261612336,0.014474783261612336,0.03349321412755127,0.03349321412755127,0.025641959168146315,0.025641959168146315
ID_REBSF2,0.02430841221880609,0.02430841221880609,0.013402473286983711,0.013402473286983711,0.01964202039943795,0.01964202039943795,0.02430841221880609,0.02430841221880609
ID_LFP94I,0.02548060133108642,0.02548060133108642,0.013471829548962623,0.013471829548962623,0.020854756707854062,0.020854756707854062,0.02548060133108642,0.02548060133108642
ID_E8GMOT,0.02413404155581404,0.02413404155581404,0.012700548909904762,0.012700548909904762,0.017041988342704078,0.017041988342704078,0.02413404155581404,0.02413404155581404
ID_SLSO1E,0.024143631657976974,0.024143631657976974,0.010892919497416826,0.010892919497416826,0.01265105177022199,0.01265105177022199,0.024143631657976974,0.024143631657976974
ID_OZ54TY,0.045294228433299194,0.045294228433299194,0.05082775901402116,0.05082775901402116,0.027600454979994568,0.027600454979994568,0.045294228433299194,0.045294228433299194
ID_2XT9TI,0.11019402363543475,0.11019402363543475,0.12405785829891917,0.12405785829891917,0.19591656136363977,0.19591656136363977,0.11019402363543475,0.11019402363543475
ID_6WQFJU,0.12469117826247345,0.12469117826247345,0.05013677205662583,0.05013677205662583,0.1146344779163774,0.1146344779163774,0.12469117826247345,0.12469117826247345
ID_5WL3Y6,0.02413404155581404,0.02413404155581404,0.010915280222515096,0.010915280222515096,0.012409146274864795,0.012409146274864795,0.02413404155581404,0.02413404155581404
ID_H0N40Y,0.025471011228923486,0.025471011228923486,0.013500598796855638,0.013500598796855638,0.020979848997206382,0.020979848997206382,0.025471011228923486,0.025471011228923486
ID_LC7WV1,0.0920037785525085,0.0920037785525085,0.10539806087135867,0.10539806087135867,0.18993558306215647,0.18993558306215647,0.0920037785525085,0.0920037785525085
ID_8JMBE0,0.024318002320969024,0.024318002320969024,0.013992832812449452,0.013992832812449452,0.021908604904671586,0.021908604904671586,0.024318002320969024,0.024318002320969024
ID_D54YT9,0.024143631657976974,0.024143631657976974,0.012715057965508696,0.012715057965508696,0.01731011426605818,0.01731011426605818,0.024143631657976974,0.024143631657976974
ID_AKO2D7,0.02413404155581404,0.02413404155581404,0.011027795788552787,0.011027795788552787,0.012611325122245167,0.012611325122245167,0.02413404155581404,0.02413404155581404
ID_AFFUFE,0.02548060133108642,0.02548060133108642,0.013528305077723648,0.013528305077723648,0.020612871564283524,0.020612871564283524,0.02548060133108642,0.02548060133108642
ID_3G5BHU,0.04528552591929089,0.04528552591929089,0.05167557776040445,0.05167557776040445,0.027289758533811697,0.027289758533811697,0.04528552591929089,0.04528552591929089
ID_SVTUNC,0.045294228433299194,0.045294228433299194,0.05082775901402116,0.05082775901402116,0.027600454979994568,0.027600454979994568,0.045294228433299194,0.045294228433299194
ID_A7DKT7,0.024318002320969024,0.024318002320969024,0.013578295554839413,0.013578295554839413,0.01990621614740632,0.01990621614740632,0.024318002320969024,0.024318002320969024
ID_D1J9QX,0.04528552591929089,0.04528552591929089,0.05167557776040445,0.05167557776040445,0.027289758533811697,0.027289758533811697,0.04528552591929089,0.04528552591929089
ID_OU67R8,0.04528552591929089,0.04528552591929089,0.05167557776040445,0.05167557776040445,0.027289758533811697,0.027289758533811697,0.04528552591929089,0.04528552591929089
ID_QTR8MC,0.024143631657976974,0.024143631657976974,0.010925243320707058,0.010925243320707058,0.012467476169357049,0.012467476169357049,0.024143631657976974,0.024143631657976974
ID_NC86Y4,0.02413404155581404,0.02413404155581404,0.010805629994418656,0.010805629994418656,0.012387219646735097,0.012387219646735097,0.02413404155581404,0.02413404155581404
ID_A8FL82,0.024585962054124003,0.024585962054124003,0.011285457440307156,0.011285457440307156,0.013230902197620402,0.013230902197620402,0.024585962054124003,0.024585962054124003
ID_WC0D1P,0.04394381760903053,0.04394381760903053,0.03629252922091311,0.03629252922091311,0.019977040942811424,0.019977040942811424,0.04394381760903053,0.04394381760903053
ID_PWAUK1,0.0237091984833411,0.0237091984833411,0.01264511646906518,0.01264511646906518,0.017116970179710096,0.017116970179710096,0.0237091984833411,0.0237091984833411
ID_GIFIE7,0.02413404155581404,0.02413404155581404,0.010856236007982713,0.010856236007982713,0.012380498785984687,0.012380498785984687,0.02413404155581404,0.02413404155581404
ID_YOLT7L,0.024318002320969024,0.024318002320969024,0.012517088323940485,0.012517088323940485,0.016850224144921967,0.016850224144921967,0.024318002320969024,0.024318002320969024
ID_AOHLCR,0.02413404155581404,0.02413404155581404,0.010854949096151773,0.010854949096151773,0.012378537057047872,0.012378537057047872,0.02413404155581404,0.02413404155581404
ID_MC4FYO,0.024143631657976974,0.024143631657976974,0.012714824272834817,0.012714824272834817,0.01731011426605818,0.01731011426605818,0.024143631657976974,0.024143631657976974
ID_LGOAXV,0.02413404155581404,0.02413404155581404,0.010808857085981798,0.010808857085981798,0.012387219646735097,0.012387219646735097,0.02413404155581404,0.02413404155581404
ID_DDUFHC,0.024318002320969024,0.024318002320969024,0.013578295554839413,0.013578295554839413,0.01990621614740632,0.01990621614740632,0.024318002320969024,0.024318002320969024
ID_H0RGUD,0.024507687937674796,0.024507687937674796,0.01573176193794211,0.01573176193794211,0.03132604910196567,0.03132604910196567,0.024507687937674796,0.024507687937674796
ID_AMG79K,0.024143631657976974,0.024143631657976974,0.010969724412931418,0.010969724412931418,0.012463101701426033,0.012463101701426033,0.024143631657976974,0.024143631657976974
ID_QJ7ZG7,0.02413404155581404,0.02413404155581404,0.010919168682574485,0.010919168682574485,0.012330195226798272,0.012330195226798272,0.02413404155581404,0.02413404155581404
ID_O1IR2M,0.045294228433299194,0.045294228433299194,0.05082775901402116,0.05082775901402116,0.027600454979994568,0.027600454979994568,0.045294228433299194,0.045294228433299194
ID_NE2WWT,0.025216558302714832,0.025216558302714832,0.011248875628485427,0.011248875628485427,0.013302097504592051,0.013302097504592051,0.025216558302714832,0.025216558302714832
ID_B7S9BY,0.024318002320969024,0.024318002320969024,0.01253630252246379,0.01253630252246379,0.01711835006827607,0.01711835006827607,0.024318002320969024,0.024318002320969024
ID_QPCJON,0.02430841221880609,0.02430841221880609,0.01427354341855149,0.01427354341855149,0.014252210930220499,0.014252210930220499,0.02430841221880609,0.02430841221880609
ID_LBAOGX,0.02413404155581404,0.02413404155581404,0.010833621931624288,0.010833621931624288,0.012381678096853563,0.012381678096853563,0.02413404155581404,0.02413404155581404
ID_ZX88UJ,0.02430841221880609,0.02430841221880609,0.013549903054138328,0.013549903054138328,0.01963809022405221,0.01963809022405221,0.02430841221880609,0.02430841221880609
ID_O5C888,0.024318002320969024,0.024318002320969024,0.012539469013494715,0.012539469013494715,0.01711835006827607,0.01711835006827607,0.024318002320969024,0.024318002320969024
ID_NALJCO,0.02451727803983773,0.02451727803983773,0.015353491031368542,0.015353491031368542,0.03502604301420052,0.03502604301420052,0.02451727803983773,0.02451727803983773
ID_YE6913,0.02413404155581404,0.02413404155581404,0.010826453670675725,0.010826453670675725,0.012389181375671913,0.012389181375671913,0.02413404155581404,0.02413404155581404
ID_11KZ0U,0.026573373593304254,0.026573373593304254,0.04203192886674456,0.04203192886674456,0.0331930648681973,0.0331930648681973,0.026573373593304254,0.026573373593304254
ID_WBNOOL,0.02413404155581404,0.02413404155581404,0.010914649855670491,0.010914649855670491,0.012336062148526795,0.012336062148526795,0.02413404155581404,0.02413404155581404
ID_6W4LRH,0.045294228433299194,0.045294228433299194,0.05082775901402116,0.05082775901402116,0.027600454979994568,0.027600454979994568,0.045294228433299194,0.045294228433299194
ID_WBH8B3,0.02451727803983773,0.02451727803983773,0.012913908230042837,0.012913908230042837,0.018200584215999207,0.018200584215999207,0.02451727803983773,0.02451727803983773
ID_Y1VP8I,0.02430841221880609,0.02430841221880609,0.013543466448855951,0.013543466448855951,0.01963809022405221,0.01963809022405221,0.02430841221880609,0.02430841221880609
ID_RTUQI0,0.02451727803983773,0.02451727803983773,0.012850136884013059,0.012850136884013059,0.018200584215999207,0.018200584215999207,0.02451727803983773,0.02451727803983773
ID_KUH46J,0.02413404155581404,0.02413404155581404,0.010805629994418656,0.010805629994418656,0.012387219646735097,0.012387219646735097,0.02413404155581404,0.02413404155581404
ID_FNPWIO,0.02413404155581404,0.02413404155581404,0.010809162715655183,0.010809162715655183,0.01238331445394339,0.01238331445394339,0.02413404155581404,0.02413404155581404
ID_LL7LKM,0.024398350733566908,0.024398350733566908,0.011254221343329141,0.011254221343329141,0.012876659208337646,0.012876659208337646,0.024398350733566908,0.024398350733566908
ID_8JXK5Z,0.024318002320969024,0.024318002320969024,0.011331354810680767,0.011331354810680767,0.01285404869722979,0.01285404869722979,0.024318002320969024,0.024318002320969024
ID_RVDWFT,0.024318002320969024,0.024318002320969024,0.0162025926686931,0.0162025926686931,0.030660993962775003,0.030660993962775003,0.024318002320969024,0.024318002320969024
ID_8RP3M8,0.02413404155581404,0.02413404155581404,0.010818783108431276,0.010818783108431276,0.012389181375671913,0.012389181375671913,0.02413404155581404,0.02413404155581404
ID_LVL634,0.13127336077250473,0.13127336077250473,0.08317685280356024,0.08317685280356024,0.12576768787127174,0.12576768787127174,0.13127336077250473,0.13127336077250473
ID_DTCNOM,0.024318002320969024,0.024318002320969024,0.012538857360312714,0.012538857360312714,0.01711835006827607,0.01711835006827607,0.024318002320969024,0.024318002320969024
ID_LBOZ73,0.02413404155581404,0.02413404155581404,0.010919218856156572,0.010919218856156572,0.012336062148526795,0.012336062148526795,0.02413404155581404,0.02413404155581404
ID_RYVJD1,0.024585962054124003,0.024585962054124003,0.011284487715399487,0.011284487715399487,0.013230902197620402,0.013230902197620402,0.024585962054124003,0.024585962054124003
ID_XF725L,0.025471011228923486,0.025471011228923486,0.013765091434975297,0.013765091434975297,0.021140388054830594,0.021140388054830594,0.025471011228923486,0.025471011228923486
ID_HPW237,0.02413404155581404,0.02413404155581404,0.010810322466503552,0.010810322466503552,0.012389181375671913,0.012389181375671913,0.02413404155581404,0.02413404155581404
ID_X7D1UM,0.024143631657976974,0.024143631657976974,0.010974469459791865,0.010974469459791865,0.012476486756775944,0.012476486756775944,0.024143631657976974,0.024143631657976974
ID_YOT7XI,0.024318002320969024,0.024318002320969024,0.01253630252246379,0.01253630252246379,0.01711835006827607,0.01711835006827607,0.024318002320969024,0.024318002320969024
ID_98FMQO,0.024629084089484072,0.024629084089484072,0.011380824258066073,0.011380824258066073,0.013288703568338032,0.013288703568338032,0.024629084089484072,0.024629084089484072
ID_HQ0DQ7,0.02413404155581404,0.02413404155581404,0.01091042684713888,0.01091042684713888,0.012415013196593319,0.012415013196593319,0.02413404155581404,0.02413404155581404
ID_POCUA6,0.02451727803983773,0.02451727803983773,0.01292181128234992,0.01292181128234992,0.018200584215999207,0.018200584215999207,0.02451727803983773,0.02451727803983773
ID_CW729L,0.024143631657976974,0.024143631657976974,0.012879738443592796,0.012879738443592796,0.019664331003835783,0.019664331003835783,0.024143631657976974,0.024143631657976974
ID_LCYPU0,0.02413404155581404,0.02413404155581404,0.010919168682574485,0.010919168682574485,0.012330195226798272,0.012330195226798272,0.02413404155581404,0.02413404155581404
ID_NAKHWW,0.02413404155581404,0.02413404155581404,0.01090810696189315,0.01090810696189315,0.012336062148526795,0.012336062148526795,0.02413404155581404,0.02413404155581404
ID_ONQFWS,0.03034809578040174,0.03034809578040174,0.11021658787607287,0.11021658787607287,0.04184993775258422,0.04184993775258422,0.03034809578040174,0.03034809578040174
ID_H1OEWH,0.02413404155581404,0.02413404155581404,0.01090810696189315,0.01090810696189315,0.012336062148526795,0.012336062148526795,0.02413404155581404,0.02413404155581404
ID_Q1IJJJ,0.02413404155581404,0.02413404155581404,0.010833763629185221,0.010833763629185221,0.012327552071160057,0.012327552071160057,0.02413404155581404,0.02413404155581404
ID_LX7DZQ,0.02413404155581404,0.02413404155581404,0.010818783108431276,0.010818783108431276,0.012389181375671913,0.012389181375671913,0.02413404155581404,0.02413404155581404
ID_XQ4CM7,0.02413404155581404,0.02413404155581404,0.010801467359789329,0.010801467359789329,0.012387219646735097,0.012387219646735097,0.02413404155581404,0.02413404155581404
ID_Z32YMV,0.025471011228923486,0.025471011228923486,0.013496294870842238,0.013496294870842238,0.020612871564283524,0.020612871564283524,0.025471011228923486,0.025471011228923486
ID_3Z42A5,0.024143631657976974,0.024143631657976974,0.010859584642308455,0.010859584642308455,0.012380498785984687,0.012380498785984687,0.024143631657976974,0.024143631657976974
ID_U94QW1,0.024507687937674796,0.024507687937674796,0.01306795562646484,0.01306795562646484,0.017903917108202255,0.017903917108202255,0.024507687937674796,0.024507687937674796
ID_VQRFFA,0.024871797493458497,0.024871797493458497,0.013579057418259486,0.013579057418259486,0.0206117876131408,0.0206117876131408,0.024871797493458497,0.024871797493458497
ID_FWAHKC,0.045294228433299194,0.045294228433299194,0.05082775901402116,0.05082775901402116,0.027600454979994568,0.027600454979994568,0.045294228433299194,0.045294228433299194
ID_HXWWIA,0.10298370047822746,0.10298370047822746,0.12363284307165587,0.12363284307165587,0.19591656136363977,0.19591656136363977,0.10298370047822746,0.10298370047822746
ID_OREIPY,0.02413404155581404,0.02413404155581404,0.01091042684713888,0.01091042684713888,0.012415013196593319,0.012415013196593319,0.02413404155581404,0.02413404155581404
ID_U838WM,0.02548060133108642,0.02548060133108642,0.013816348981674232,0.013816348981674232,0.021140388054830594,0.021140388054830594,0.02548060133108642,0.02548060133108642
ID_9N55U9,0.02457637195196107,0.02457637195196107,0.011213135182667368,0.011213135182667368,0.013447025040823936,0.013447025040823936,0.02457637195196107,0.02457637195196107
ID_LB396K,0.02413404155581404,0.02413404155581404,0.010924537581727947,0.010924537581727947,0.012318368971420674,0.012318368971420674,0.02413404155581404,0.02413404155581404
ID_A145CS,0.02457637195196107,0.02457637195196107,0.01123031471943766,0.01123031471943766,0.013455970504527362,0.013455970504527362,0.02457637195196107,0.02457637195196107
ID_X8FLQA,0.045294228433299194,0.045294228433299194,0.05082775901402116,0.05082775901402116,0.027600454979994568,0.027600454979994568,0.045294228433299194,0.045294228433299194
ID_DFZGTP,0.02413404155581404,0.02413404155581404,0.010915280222515096,0.010915280222515096,0.012409146274864795,0.012409146274864795,0.02413404155581404,0.02413404155581404
ID_9WB9ER,0.02413404155581404,0.02413404155581404,0.010808857085981798,0.010808857085981798,0.012387219646735097,0.012387219646735097,0.02413404155581404,0.02413404155581404
ID_9PKSWB,0.06224959543279132,0.06224959543279132,0.04518625457359843,0.04518625457359843,0.06985724830527457,0.06985724830527457,0.06224959543279132,0.06224959543279132
ID_G3JAYX,0.02581634277617697,0.02581634277617697,0.012710785033149008,0.012710785033149008,0.015096458192316174,0.015096458192316174,0.02581634277617697,0.02581634277617697
ID_HSBW0H,0.02548060133108642,0.02548060133108642,0.013782867884822744,0.013782867884822744,0.021140388054830594,0.021140388054830594,0.02548060133108642,0.02548060133108642
ID_0NSO7P,0.02413404155581404,0.02413404155581404,0.010854919312004267,0.010854919312004267,0.012378537057047872,0.012378537057047872,0.02413404155581404,0.02413404155581404
ID_52TFD0,0.025471011228923486,0.025471011228923486,0.013280947026194045,0.013280947026194045,0.02029442267785686,0.02029442267785686,0.025471011228923486,0.025471011228923486
ID_D1FACJ,0.02413404155581404,0.02413404155581404,0.010915319441236268,0.010915319441236268,0.012322677093176884,0.012322677093176884,0.02413404155581404,0.02413404155581404
ID_JL96S9,0.02413404155581404,0.02413404155581404,0.010865568586079316,0.010865568586079316,0.012376342226676988,0.012376342226676988,0.02413404155581404,0.02413404155581404
ID_ZAD0FH,0.024143631657976974,0.024143631657976974,0.01097093039685244,0.01097093039685244,0.01232737955883957,0.01232737955883957,0.024143631657976974,0.024143631657976974
ID_4FWY0M,0.12469117826247345,0.12469117826247345,0.05013677205662583,0.05013677205662583,0.1146344779163774,0.1146344779163774,0.12469117826247345,0.12469117826247345
ID_A8CUPT,0.02413404155581404,0.02413404155581404,0.011000432179813734,0.011000432179813734,0.012376342226676988,0.012376342226676988,0.02413404155581404,0.02413404155581404
ID_94QLF8,0.02413404155581404,0.02413404155581404,0.010919218856156572,0.010919218856156572,0.012336062148526795,0.012336062148526795,0.02413404155581404,0.02413404155581404
ID_70653K,0.02413404155581404,0.02413404155581404,0.012700548909904762,0.012700548909904762,0.017041988342704078,0.017041988342704078,0.02413404155581404,0.02413404155581404
ID_14JUT9,0.024318002320969024,0.024318002320969024,0.013293510988888908,0.013293510988888908,0.02158407623791272,0.02158407623791272,0.024318002320969024,0.024318002320969024
ID_H2V2M0,0.02413404155581404,0.02413404155581404,0.010807800486312993,0.010807800486312993,0.012381352725006574,0.012381352725006574,0.02413404155581404,0.02413404155581404
ID_9WPT8S,0.13126163331789614,0.13126163331789614,0.07522731428462098,0.07522731428462098,0.12346746512954646,0.12346746512954646,0.13126163331789614,0.13126163331789614
ID_MLN1KY,0.02548060133108642,0.02548060133108642,0.013816873554932359,0.013816873554932359,0.021140388054830594,0.021140388054830594,0.02548060133108642,0.02548060133108642
ID_L9BHE4,0.024143631657976974,0.024143631657976974,0.010969724412931418,0.010969724412931418,0.012463101701426033,0.012463101701426033,0.024143631657976974,0.024143631657976974
ID_2E4Z0T,0.04577622719377552,0.04577622719377552,0.05099885554765153,0.05099885554765153,0.027378637780414283,0.027378637780414283,0.04577622719377552,0.04577622719377552
ID_ZT06HL,0.024507687937674796,0.024507687937674796,0.012830404761620895,0.012830404761620895,0.018200584215999207,0.018200584215999207,0.024507687937674796,0.024507687937674796
ID_EZOD1A,0.024948598569559853,0.024948598569559853,0.017275036079019843,0.017275036079019843,0.01445999401397603,0.01445999401397603,0.024948598569559853,0.024948598569559853
ID_8YFFOF,0.025157464390591494,0.025157464390591494,0.01313645491384258,0.01313645491384258,0.018419609602695734,0.018419609602695734,0.025157464390591494,0.025157464390591494
ID_HU2O61,0.038037745556065664,0.038037745556065664,0.031382213268211355,0.031382213268211355,0.043983843444684374,0.043983843444684374,0.038037745556065664,0.038037745556065664
ID_OWCHBD,0.045294228433299194,0.045294228433299194,0.05082775901402116,0.05082775901402116,0.027600454979994568,0.027600454979994568,0.045294228433299194,0.045294228433299194
ID_IG2VDI,0.04528552591929089,0.04528552591929089,0.05167557776040445,0.05167557776040445,0.027289758533811697,0.027289758533811697,0.04528552591929089,0.04528552591929089
ID_VAJXTJ,0.024143631657976974,0.024143631657976974,0.011473415329180444,0.011473415329180444,0.012940892584100066,0.012940892584100066,0.024143631657976974,0.024143631657976974
ID_6IAYCJ,0.02413404155581404,0.02413404155581404,0.010919168682574485,0.010919168682574485,0.012330195226798272,0.012330195226798272,0.02413404155581404,0.02413404155581404
ID_9T1VYC,0.04577622719377552,0.04577622719377552,0.05099885554765153,0.05099885554765153,0.027378637780414283,0.027378637780414283,0.04577622719377552,0.04577622719377552
ID_24SH8X,0.04578972712398019,0.04578972712398019,0.06507211088220459,0.06507211088220459,0.03618792818717314,0.03618792818717314,0.04578972712398019,0.04578972712398019
ID_8I7C6M,0.045294228433299194,0.045294228433299194,0.05082775901402116,0.05082775901402116,0.027600454979994568,0.027600454979994568,0.045294228433299194,0.045294228433299194
ID_ABKXZ5,0.045294228433299194,0.045294228433299194,0.05082775901402116,0.05082775901402116,0.027600454979994568,0.027600454979994568,0.045294228433299194,0.045294228433299194
ID_V86WTI,0.02413404155581404,0.02413404155581404,0.010854919312004267,0.010854919312004267,0.012378537057047872,0.012378537057047872,0.02413404155581404,0.02413404155581404
ID_CXZJ2V,0.0237091984833411,0.0237091984833411,0.013686861616261784,0.013686861616261784,0.019904715460887283,0.019904715460887283,0.0237091984833411,0.0237091984833411
ID_HTMPB2,0.04677981656070887,0.04677981656070887,0.05033850785124515,0.05033850785124515,0.027396599472644296,0.027396599472644296,0.04677981656070887,0.04677981656070887
ID_LE7AJZ,0.024357145162275877,0.024357145162275877,0.011883795773198957,0.011883795773198957,0.012604258241657661,0.012604258241657661,0.024357145162275877,0.024357145162275877
ID_JWE28K,0.024619493987321137,0.024619493987321137,0.011503441760571173,0.011503441760571173,0.013712407453463662,0.013712407453463662,0.024619493987321137,0.024619493987321137
ID_SO53CK,0.045294228433299194,0.045294228433299194,0.05082775901402116,0.05082775901402116,0.027600454979994568,0.027600454979994568,0.045294228433299194,0.045294228433299194
ID_0CG34U,0.02413404155581404,0.02413404155581404,0.010901429239105427,0.010901429239105427,0.012376342226676988,0.012376342226676988,0.02413404155581404,0.02413404155581404
ID_2MRPP3,0.024143631657976974,0.024143631657976974,0.010859233152084867,0.010859233152084867,0.012529605983921062,0.012529605983921062,0.024143631657976974,0.024143631657976974
ID_PMXN5K,0.025226148404877767,0.025226148404877767,0.01597808502765473,0.01597808502765473,0.03570563611610473,0.03570563611610473,0.025226148404877767,0.025226148404877767
ID_Z6SJMN,0.045294228433299194,0.045294228433299194,0.05082775901402116,0.05082775901402116,0.027600454979994568,0.027600454979994568,0.045294228433299194,0.045294228433299194
ID_A7GI40,0.02413404155581404,0.02413404155581404,0.010838475307000503,0.010838475307000503,0.01237581117512504,0.01237581117512504,0.02413404155581404,0.02413404155581404
ID_0KZUAR,0.024143631657976974,0.024143631657976974,0.010859233152084867,0.010859233152084867,0.012529605983921062,0.012529605983921062,0.024143631657976974,0.024143631657976974
ID_DG3MSI,0.045886847259287274,0.045886847259287274,0.05735779575882533,0.05735779575882533,0.029734332877434336,0.029734332877434336,0.045886847259287274,0.045886847259287274
ID_5J1CC3,0.024562865145014743,0.024562865145014743,0.01089471835327099,0.01089471835327099,0.012321811145317963,0.012321811145317963,0.024562865145014743,0.024562865145014743
ID_J415GF,0.02413404155581404,0.02413404155581404,0.010878297791749671,0.010878297791749671,0.012376342226676988,0.012376342226676988,0.02413404155581404,0.02413404155581404
ID_Q1L2TI,0.02413404155581404,0.02413404155581404,0.01085690252546178,0.01085690252546178,0.012380498785984687,0.012380498785984687,0.02413404155581404,0.02413404155581404
ID_MOHLRS,0.045294228433299194,0.045294228433299194,0.05082775901402116,0.05082775901402116,0.027600454979994568,0.027600454979994568,0.045294228433299194,0.045294228433299194
ID_C774J9,0.025471011228923486,0.025471011228923486,0.020500985746104133,0.020500985746104133,0.03895422954066332,0.03895422954066332,0.025471011228923486,0.025471011228923486
ID_SPCQ85,0.02413404155581404,0.02413404155581404,0.010808857085981798,0.010808857085981798,0.012387219646735097,0.012387219646735097,0.02413404155581404,0.02413404155581404
ID_GMYJFP,0.02451727803983773,0.02451727803983773,0.012913908230042837,0.012913908230042837,0.018200584215999207,0.018200584215999207,0.02451727803983773,0.02451727803983773
ID_ERHVEE,0.02413404155581404,0.02413404155581404,0.010878297791749671,0.010878297791749671,0.012376342226676988,0.012376342226676988,0.02413404155581404,0.02413404155581404
ID_WT1HQ6,0.024507687937674796,0.024507687937674796,0.015358753297551148,0.015358753297551148,0.03502797928045152,0.03502797928045152,0.024507687937674796,0.024507687937674796
ID_TYY327,0.042988030047337214,0.042988030047337214,0.03831160294297479,0.03831160294297479,0.02353019684347749,0.02353019684347749,0.042988030047337214,0.042988030047337214
ID_2W993C,0.02413404155581404,0.02413404155581404,0.010855543459614161,0.010855543459614161,0.012378537057047872,0.012378537057047872,0.02413404155581404,0.02413404155581404
ID_Q85Q17,0.12469117826247345,0.12469117826247345,0.05013677205662583,0.05013677205662583,0.1146344779163774,0.1146344779163774,0.12469117826247345,0.12469117826247345
ID_SNMSY2,0.02413404155581404,0.02413404155581404,0.012768523093206807,0.012768523093206807,0.019568061368377913,0.019568061368377913,0.02413404155581404,0.02413404155581404
ID_90FA7U,0.045692792944725606,0.045692792944725606,0.053450924361458776,0.053450924361458776,0.03111810854784643,0.03111810854784643,0.045692792944725606,0.045692792944725606
ID_X675QX,0.02466327219247551,0.02466327219247551,0.012527946888543876,0.012527946888543876,0.01249327889025096,0.01249327889025096,0.02466327219247551,0.02466327219247551
ID_5IAUIV,0.02413404155581404,0.02413404155581404,0.010919168682574485,0.010919168682574485,0.012330195226798272,0.012330195226798272,0.02413404155581404,0.02413404155581404
ID_HUVJV5,0.024318002320969024,0.024318002320969024,0.012517088323940485,0.012517088323940485,0.016850224144921967,0.016850224144921967,0.024318002320969024,0.024318002320969024
ID_PLDU8V,0.02413404155581404,0.02413404155581404,0.010919168682574485,0.010919168682574485,0.012330195226798272,0.012330195226798272,0.02413404155581404,0.02413404155581404
ID_NAL8DL,0.02457637195196107,0.02457637195196107,0.011139976182490338,0.011139976182490338,0.012976152984881311,0.012976152984881311,0.02457637195196107,0.02457637195196107
ID_JHAC5O,0.02413404155581404,0.02413404155581404,0.010915319441236268,0.010915319441236268,0.012322677093176884,0.012322677093176884,0.02413404155581404,0.02413404155581404
ID_APH98Z,0.02413404155581404,0.02413404155581404,0.01096766657278292,0.01096766657278292,0.01232737955883957,0.01232737955883957,0.02413404155581404,0.02413404155581404
ID_FHNDKH,0.26398688298204714,0.26398688298204714,0.15441410721728122,0.15441410721728122,0.13486108337182245,0.13486108337182245,0.26398688298204714,0.26398688298204714
ID_64A0TW,0.04298564307539441,0.04298564307539441,0.02831175072667306,0.02831175072667306,0.061906768251745306,0.061906768251745306,0.04298564307539441,0.04298564307539441
ID_ZP6A8U,0.2873995687198913,0.2873995687198913,0.26134742331911087,0.26134742331911087,0.15310328999285333,0.15310328999285333,0.2873995687198913,0.2873995687198913
ID_LTA2T4,0.02413404155581404,0.02413404155581404,0.010881543729076263,0.010881543729076263,0.016090560578990516,0.016090560578990516,0.02413404155581404,0.02413404155581404
ID_QXDAZX,0.04298564307539441,0.04298564307539441,0.02831175072667306,0.02831175072667306,0.061906768251745306,0.061906768251745306,0.04298564307539441,0.04298564307539441
ID_8F32YO,0.04298564307539441,0.04298564307539441,0.02831175072667306,0.02831175072667306,0.061906768251745306,0.061906768251745306,0.04298564307539441,0.04298564307539441
ID_0WZ4DT,0.02912869255626265,0.02912869255626265,0.014246956894540558,0.014246956894540558,0.016972678420920997,0.016972678420920997,0.02912869255626265,0.02912869255626265
ID_QJMYFP,0.02909015691079059,0.02909015691079059,0.014225682468627944,0.014225682468627944,0.0179968225949958,0.0179968225949958,0.02909015691079059,0.02909015691079059
ID_BRNJFB,0.025883054873319118,0.025883054873319118,0.011193416279687474,0.011193416279687474,0.014431504927491361,0.014431504927491361,0.025883054873319118,0.025883054873319118
ID_ZFJSZL,0.02413404155581404,0.02413404155581404,0.01078567297122955,0.01078567297122955,0.01639593609820625,0.01639593609820625,0.02413404155581404,0.02413404155581404
ID_GN401Z,0.028946336967276234,0.028946336967276234,0.015795665035236654,0.015795665035236654,0.018620703295284705,0.018620703295284705,0.028946336967276234,0.028946336967276234
ID_0GZD1A,0.042785461318052304,0.042785461318052304,0.024877492092629495,0.024877492092629495,0.058756464670898734,0.058756464670898734,0.042785461318052304,0.042785461318052304
ID_HUX15L,0.04903936100299115,0.04903936100299115,0.045470535511772964,0.045470535511772964,0.024989028097948687,0.024989028097948687,0.04903936100299115,0.04903936100299115
ID_W83YWB,0.029807572594826526,0.029807572594826526,0.017257287131607787,0.017257287131607787,0.015195293527857798,0.015195293527857798,0.029807572594826526,0.029807572594826526
ID_YBE59H,0.029851976349610142,0.029851976349610142,0.014157717317225189,0.014157717317225189,0.015409172496048416,0.015409172496048416,0.029851976349610142,0.029851976349610142
ID_UGYJJ1,0.02912869255626265,0.02912869255626265,0.014251304881268564,0.014251304881268564,0.0179968225949958,0.0179968225949958,0.02912869255626265,0.02912869255626265
ID_WFF4P7,0.029224704464324444,0.029224704464324444,0.012604984697347367,0.012604984697347367,0.017294510170169825,0.017294510170169825,0.029224704464324444,0.029224704464324444
ID_QO8HIH,0.2873995687198913,0.2873995687198913,0.26134742331911087,0.26134742331911087,0.15310328999285333,0.15310328999285333,0.2873995687198913,0.2873995687198913
ID_8K23T6,0.029851976349610142,0.029851976349610142,0.014242033564495478,0.014242033564495478,0.016972678420920997,0.016972678420920997,0.029851976349610142,0.029851976349610142
ID_4K41LT,0.34778691101265574,0.34778691101265574,0.20119381003287634,0.20119381003287634,0.16766557002844493,0.16766557002844493,0.34778691101265574,0.34778691101265574
ID_QZEY8Z,0.04911309456145983,0.04911309456145983,0.05418813248511295,0.05418813248511295,0.0310526182293989,0.0310526182293989,0.04911309456145983,0.04911309456145983
ID_DA24DX,0.3693143709559208,0.3693143709559208,0.23306638940694213,0.23306638940694213,0.40118866424500066,0.40118866424500066,0.3693143709559208,0.3693143709559208
ID_F4HZIQ,0.025883054873319118,0.025883054873319118,0.011193416279687474,0.011193416279687474,0.014431504927491361,0.014431504927491361,0.025883054873319118,0.025883054873319118
ID_EJQPOR,0.02413404155581404,0.02413404155581404,0.010776129248821166,0.010776129248821166,0.01481651032930089,0.01481651032930089,0.02413404155581404,0.02413404155581404
ID_TEZ9WM,0.04298564307539441,0.04298564307539441,0.02831175072667306,0.02831175072667306,0.061906768251745306,0.061906768251745306,0.04298564307539441,0.04298564307539441
ID_BSMYYX,0.025883054873319118,0.025883054873319118,0.010819123802395907,0.010819123802395907,0.01486186581162461,0.01486186581162461,0.025883054873319118,0.025883054873319118
ID_9UFWRG,0.33835652358871177,0.33835652358871177,0.19867978067738712,0.19867978067738712,0.14474570511992071,0.14474570511992071,0.33835652358871177,0.33835652358871177
ID_495ND2,0.042225209863052664,0.042225209863052664,0.025003325980108466,0.025003325980108466,0.05069308725805644,0.05069308725805644,0.042225209863052664,0.042225209863052664
ID_XO0E78,0.02528384113785413,0.02528384113785413,0.01125224575293313,0.01125224575293313,0.016295005334419906,0.016295005334419906,0.02528384113785413,0.02528384113785413
ID_FN7QN6,0.3629436668631989,0.3629436668631989,0.19416938469528264,0.19416938469528264,0.3974171772187008,0.3974171772187008,0.3629436668631989,0.3629436668631989
ID_KCT2EE,0.04911309456145983,0.04911309456145983,0.053682355821743716,0.053682355821743716,0.0310526182293989,0.0310526182293989,0.04911309456145983,0.04911309456145983
ID_F6IK16,0.025735895845053692,0.025735895845053692,0.011917752988203977,0.011917752988203977,0.01616709348314959,0.01616709348314959,0.025735895845053692,0.025735895845053692
ID_DST3IB,0.02413404155581404,0.02413404155581404,0.010881543729076263,0.010881543729076263,0.016090560578990516,0.016090560578990516,0.02413404155581404,0.02413404155581404
ID_AHVSYQ,0.02912869255626265,0.02912869255626265,0.014246956894540558,0.014246956894540558,0.016972678420920997,0.016972678420920997,0.02912869255626265,0.02912869255626265
ID_HO8R7K,0.27019193314531936,0.27019193314531936,0.166594723833014,0.166594723833014,0.1512116667282603,0.1512116667282603,0.27019193314531936,0.27019193314531936
ID_F8I9VJ,0.35922029737540706,0.35922029737540706,0.26156631263784946,0.26156631263784946,0.16998918253277295,0.16998918253277295,0.35922029737540706,0.35922029737540706
ID_L4Z7FR,0.04298564307539441,0.04298564307539441,0.02831175072667306,0.02831175072667306,0.061906768251745306,0.061906768251745306,0.04298564307539441,0.04298564307539441
ID_Z5ZLR0,0.02561879266543299,0.02561879266543299,0.011975553092641499,0.011975553092641499,0.014363977464228185,0.014363977464228185,0.02561879266543299,0.02561879266543299
ID_JIR3BK,0.025831772822037066,0.025831772822037066,0.011522667745256279,0.011522667745256279,0.015039110881523916,0.015039110881523916,0.025831772822037066,0.025831772822037066
ID_RWDQGP,0.02528384113785413,0.02528384113785413,0.011445361486098784,0.011445361486098784,0.016295005334419906,0.016295005334419906,0.02528384113785413,0.02528384113785413
ID_9ID54G,0.02690209547038501,0.02690209547038501,0.014546741403000746,0.014546741403000746,0.01599226362948591,0.01599226362948591,0.02690209547038501,0.02690209547038501
ID_Z0WTDF,0.2865409722934974,0.2865409722934974,0.24365134193676635,0.24365134193676635,0.16092726390385242,0.16092726390385242,0.2865409722934974,0.2865409722934974
ID_7W5KVT,0.042785461318052304,0.042785461318052304,0.024877492092629495,0.024877492092629495,0.058756464670898734,0.058756464670898734,0.042785461318052304,0.042785461318052304
ID_69Z23E,0.02430841221880609,0.02430841221880609,0.010839337480530576,0.010839337480530576,0.015540371043671267,0.015540371043671267,0.02430841221880609,0.02430841221880609
ID_OEY4YT,0.04911309456145983,0.04911309456145983,0.054292149658667244,0.054292149658667244,0.03520249129573063,0.03520249129573063,0.04911309456145983,0.04911309456145983
ID_60YB9F,0.35520482991648855,0.35520482991648855,0.28052109200307423,0.28052109200307423,0.1639330317290189,0.1639330317290189,0.35520482991648855,0.35520482991648855
ID_PYWPUB,0.02690209547038501,0.02690209547038501,0.014546741403000746,0.014546741403000746,0.01599226362948591,0.01599226362948591,0.02690209547038501,0.02690209547038501
ID_XA4WSH,0.0425991652852961,0.0425991652852961,0.02478145224009544,0.02478145224009544,0.06714097469323645,0.06714097469323645,0.0425991652852961,0.0425991652852961
ID_74JAB8,0.04298564307539441,0.04298564307539441,0.02831175072667306,0.02831175072667306,0.061906768251745306,0.061906768251745306,0.04298564307539441,0.04298564307539441
ID_3ZNQ5E,0.02413404155581404,0.02413404155581404,0.01078567297122955,0.01078567297122955,0.01639593609820625,0.01639593609820625,0.02413404155581404,0.02413404155581404
ID_170KNW,0.0425991652852961,0.0425991652852961,0.025249151176433185,0.025249151176433185,0.05845655899642125,0.05845655899642125,0.0425991652852961,0.0425991652852961
ID_C8C5DP,0.029275986515606495,0.029275986515606495,0.012354534888234025,0.012354534888234025,0.01641476895808035,0.01641476895808035,0.029275986515606495,0.029275986515606495
ID_EGZ2JX,0.02430841221880609,0.02430841221880609,0.01084141623608555,0.01084141623608555,0.013987209657403764,0.013987209657403764,0.02430841221880609,0.02430841221880609
ID_ZWEMTO,0.04298564307539441,0.04298564307539441,0.02831175072667306,0.02831175072667306,0.061906768251745306,0.061906768251745306,0.04298564307539441,0.04298564307539441
ID_PN64SH,0.02690993934397591,0.02690993934397591,0.014671905323568938,0.014671905323568938,0.01613067418276893,0.01613067418276893,0.02690993934397591,0.02690993934397591
ID_WQGKWB,0.025735895845053692,0.025735895845053692,0.011917752988203977,0.011917752988203977,0.01616709348314959,0.01616709348314959,0.025735895845053692,0.025735895845053692
ID_QT9D5C,0.029732771242644937,0.029732771242644937,0.015633576281046183,0.015633576281046183,0.015618800492762017,0.015618800492762017,0.029732771242644937,0.029732771242644937
ID_73YX5O,0.04911309456145983,0.04911309456145983,0.052235021249368116,0.052235021249368116,0.03180009446144104,0.03180009446144104,0.04911309456145983,0.04911309456145983
ID_PDXWIS,0.042225209863052664,0.042225209863052664,0.028356326908814997,0.028356326908814997,0.050358792265327294,0.050358792265327294,0.042225209863052664,0.042225209863052664
ID_BOEF4Q,0.029807572594826526,0.029807572594826526,0.014178475150237188,0.014178475150237188,0.015409172496048416,0.015409172496048416,0.029807572594826526,0.029807572594826526
ID_9XMKQP,0.02413404155581404,0.02413404155581404,0.010776129248821166,0.010776129248821166,0.01481651032930089,0.01481651032930089,0.02413404155581404,0.02413404155581404
ID_KIS1RR,0.042601027690779024,0.042601027690779024,0.025291636947117124,0.025291636947117124,0.05068730922101585,0.05068730922101585,0.042601027690779024,0.042601027690779024
ID_G4DDGB,0.029807572594826526,0.029807572594826526,0.01663062106606697,0.01663062106606697,0.015101040008599772,0.015101040008599772,0.029807572594826526,0.029807572594826526
ID_XVO0XE,0.02413404155581404,0.02413404155581404,0.010881543729076263,0.010881543729076263,0.016090560578990516,0.016090560578990516,0.02413404155581404,0.02413404155581404
ID_1SU765,0.03737452226016432,0.03737452226016432,0.019747108141392248,0.019747108141392248,0.053092281020302584,0.053092281020302584,0.03737452226016432,0.03737452226016432
ID_II16H0,0.029732771242644937,0.029732771242644937,0.01581440237734226,0.01581440237734226,0.017730537312882915,0.017730537312882915,0.029732771242644937,0.029732771242644937
ID_ZJDJST,0.2788258434091918,0.2788258434091918,0.22804528630310142,0.22804528630310142,0.1432773645903755,0.1432773645903755,0.2788258434091918,0.2788258434091918
ID_ITM93O,0.027401042385852094,0.027401042385852094,0.012188160384447628,0.012188160384447628,0.01589341054312061,0.01589341054312061,0.027401042385852094,0.027401042385852094
ID_ACIYGQ,0.33511970458691176,0.33511970458691176,0.19380030992322156,0.19380030992322156,0.1448269590106615,0.1448269590106615,0.33511970458691176,0.33511970458691176
ID_I3D2M6,0.04035671935104918,0.04035671935104918,0.06614550571038198,0.06614550571038198,0.06110476413774995,0.06110476413774995,0.04035671935104918,0.04035671935104918
ID_XPS7OD,0.04189783279652769,0.04189783279652769,0.06570966036577826,0.06570966036577826,0.06110476413774995,0.06110476413774995,0.04189783279652769,0.04189783279652769
ID_X6MHWN,0.02841956130988049,0.02841956130988049,0.016587980944710236,0.016587980944710236,0.017449323792355104,0.017449323792355104,0.02841956130988049,0.02841956130988049
ID_4H6ZU0,0.04298564307539441,0.04298564307539441,0.02831175072667306,0.02831175072667306,0.061906768251745306,0.061906768251745306,0.04298564307539441,0.04298564307539441
ID_VJRY9K,0.04298564307539441,0.04298564307539441,0.02831175072667306,0.02831175072667306,0.061906768251745306,0.061906768251745306,0.04298564307539441,0.04298564307539441
ID_JRQ0K2,0.042785461318052304,0.042785461318052304,0.024877492092629495,0.024877492092629495,0.058756464670898734,0.058756464670898734,0.042785461318052304,0.042785461318052304
ID_CVP7U0,0.04911309456145983,0.04911309456145983,0.05418813248511295,0.05418813248511295,0.0310526182293989,0.0310526182293989,0.04911309456145983,0.04911309456145983
ID_OC1T6J,0.02912869255626265,0.02912869255626265,0.014251304881268564,0.014251304881268564,0.016972678420920997,0.016972678420920997,0.02912869255626265,0.02912869255626265
ID_5BJWT7,0.042785461318052304,0.042785461318052304,0.024877492092629495,0.024877492092629495,0.058756464670898734,0.058756464670898734,0.042785461318052304,0.042785461318052304
ID_E72G1X,0.35922029737540706,0.35922029737540706,0.26156631263784946,0.26156631263784946,0.16998918253277295,0.16998918253277295,0.35922029737540706,0.35922029737540706
ID_A38G0Y,0.028890609849899662,0.028890609849899662,0.013272562733023128,0.013272562733023128,0.015663364375184084,0.015663364375184084,0.028890609849899662,0.028890609849899662
ID_Z63P61,0.04298564307539441,0.04298564307539441,0.02831175072667306,0.02831175072667306,0.061906768251745306,0.061906768251745306,0.04298564307539441,0.04298564307539441
ID_ZMXHIG,0.042785461318052304,0.042785461318052304,0.024877492092629495,0.024877492092629495,0.058756464670898734,0.058756464670898734,0.042785461318052304,0.042785461318052304
ID_80C6RQ,0.0361809145123349,0.0361809145123349,0.022054955481207127,0.022054955481207127,0.04536249185245736,0.04536249185245736,0.0361809145123349,0.0361809145123349
ID_Q02CHP,0.04298564307539441,0.04298564307539441,0.02831175072667306,0.02831175072667306,0.061906768251745306,0.061906768251745306,0.04298564307539441,0.04298564307539441
ID_K4CEJB,0.02912869255626265,0.02912869255626265,0.014251304881268564,0.014251304881268564,0.0179968225949958,0.0179968225949958,0.02912869255626265,0.02912869255626265
ID_IOMK3G,0.36216467482957526,0.36216467482957526,0.2660972887429581,0.2660972887429581,0.17562869969440284,0.17562869969440284,0.36216467482957526,0.36216467482957526
ID_N8X2DM,0.042225209863052664,0.042225209863052664,0.025003325980108466,0.025003325980108466,0.05069308725805644,0.05069308725805644,0.042225209863052664,0.042225209863052664
ID_R44Y09,0.025831772822037066,0.025831772822037066,0.011522667745256279,0.011522667745256279,0.015039110881523916,0.015039110881523916,0.025831772822037066,0.025831772822037066
ID_QHMV04,0.04298564307539441,0.04298564307539441,0.02831175072667306,0.02831175072667306,0.061906768251745306,0.061906768251745306,0.04298564307539441,0.04298564307539441
ID_2IZGEP,0.04298564307539441,0.04298564307539441,0.02831175072667306,0.02831175072667306,0.061906768251745306,0.061906768251745306,0.04298564307539441,0.04298564307539441
ID_OY9WWL,0.029938284649206743,0.029938284649206743,0.013892926178900073,0.013892926178900073,0.016291167296124252,0.016291167296124252,0.029938284649206743,0.029938284649206743
ID_7AMIMW,0.2465821370816324,0.2465821370816324,0.271182302796482,0.271182302796482,0.2594513121270142,0.2594513121270142,0.2465821370816324,0.2465821370816324
ID_6E9QFF,0.025883054873319118,0.025883054873319118,0.011193416279687474,0.011193416279687474,0.014431504927491361,0.014431504927491361,0.025883054873319118,0.025883054873319118
ID_PQW5VH,0.025232559086572078,0.025232559086572078,0.01157402124718045,0.01157402124718045,0.015442504014508274,0.015442504014508274,0.025232559086572078,0.025232559086572078
ID_F81GRT,0.029807572594826526,0.029807572594826526,0.017257287131607787,0.017257287131607787,0.015195293527857798,0.015195293527857798,0.029807572594826526,0.029807572594826526
ID_2P41YW,0.04927347253858132,0.04927347253858132,0.05477226271749195,0.05477226271749195,0.026928921161890704,0.026928921161890704,0.04927347253858132,0.04927347253858132
ID_LT4IZ3,0.04911309456145983,0.04911309456145983,0.051627899649286754,0.051627899649286754,0.02823192204240277,0.02823192204240277,0.04911309456145983,0.04911309456145983
ID_F16709,0.029732771242644937,0.029732771242644937,0.01579814998602804,0.01579814998602804,0.017467610056090627,0.017467610056090627,0.029732771242644937,0.029732771242644937
ID_OICH3X,0.029168498229514474,0.029168498229514474,0.017129737757861203,0.017129737757861203,0.020410080595069505,0.020410080595069505,0.029168498229514474,0.029168498229514474
ID_A7LTX0,0.3693143709559208,0.3693143709559208,0.23306638940694213,0.23306638940694213,0.40118866424500066,0.40118866424500066,0.3693143709559208,0.3693143709559208
ID_JA5369,0.04911309456145983,0.04911309456145983,0.05418813248511295,0.05418813248511295,0.0310526182293989,0.0310526182293989,0.04911309456145983,0.04911309456145983
ID_DH8BE3,0.025831772822037066,0.025831772822037066,0.011522667745256279,0.011522667745256279,0.015039110881523916,0.015039110881523916,0.025831772822037066,0.025831772822037066
ID_086L0X,0.04911309456145983,0.04911309456145983,0.052235021249368116,0.052235021249368116,0.03180009446144104,0.03180009446144104,0.04911309456145983,0.04911309456145983
ID_Z5HPTI,0.02912869255626265,0.02912869255626265,0.014251304881268564,0.014251304881268564,0.0179968225949958,0.0179968225949958,0.02912869255626265,0.02912869255626265
ID_OE1QUG,0.042785461318052304,0.042785461318052304,0.024877492092629495,0.024877492092629495,0.058756464670898734,0.058756464670898734,0.042785461318052304,0.042785461318052304
ID_9RTFXI,0.02528384113785413,0.02528384113785413,0.011445361486098784,0.011445361486098784,0.016295005334419906,0.016295005334419906,0.02528384113785413,0.02528384113785413
ID_JLIJV2,0.025883054873319118,0.025883054873319118,0.011193416279687474,0.011193416279687474,0.014431504927491361,0.014431504927491361,0.025883054873319118,0.025883054873319118
ID_JP0H9B,0.029938284649206743,0.029938284649206743,0.013892926178900073,0.013892926178900073,0.016291167296124252,0.016291167296124252,0.029938284649206743,0.029938284649206743
ID_BIVWYY,0.34693036358190416,0.34693036358190416,0.20311552048878329,0.20311552048878329,0.1672007377911772,0.1672007377911772,0.34693036358190416,0.34693036358190416
ID_AKLZO2,0.028946336967276234,0.028946336967276234,0.01554337896067139,0.01554337896067139,0.015747749557881295,0.015747749557881295,0.028946336967276234,0.028946336967276234
ID_NWHLNN,0.35922029737540706,0.35922029737540706,0.26156631263784946,0.26156631263784946,0.16998918253277295,0.16998918253277295,0.35922029737540706,0.35922029737540706
ID_JCTVHU,0.04903936100299115,0.04903936100299115,0.045470535511772964,0.045470535511772964,0.024989028097948687,0.024989028097948687,0.04903936100299115,0.04903936100299115
ID_LV7EWN,0.3532332773546091,0.3532332773546091,0.2370214817349596,0.2370214817349596,0.16626784616792142,0.16626784616792142,0.3532332773546091,0.3532332773546091
ID_0H0H1X,0.02413404155581404,0.02413404155581404,0.010776129248821166,0.010776129248821166,0.01481651032930089,0.01481651032930089,0.02413404155581404,0.02413404155581404
ID_OK3KGD,0.04936546716252242,0.04936546716252242,0.051627899649286754,0.051627899649286754,0.02747790716222144,0.02747790716222144,0.04936546716252242,0.04936546716252242
ID_XOLVVP,0.042785461318052304,0.042785461318052304,0.024877492092629495,0.024877492092629495,0.058756464670898734,0.058756464670898734,0.042785461318052304,0.042785461318052304
ID_XC1UCY,0.029938284649206743,0.029938284649206743,0.013892926178900073,0.013892926178900073,0.016291167296124252,0.016291167296124252,0.029938284649206743,0.029938284649206743
ID_WNRKKF,0.04298564307539441,0.04298564307539441,0.02831175072667306,0.02831175072667306,0.061906768251745306,0.061906768251745306,0.04298564307539441,0.04298564307539441
ID_CHT575,0.029851976349610142,0.029851976349610142,0.014242033564495478,0.014242033564495478,0.016972678420920997,0.016972678420920997,0.029851976349610142,0.029851976349610142
ID_IASVT4,0.04298564307539441,0.04298564307539441,0.02831175072667306,0.02831175072667306,0.061906768251745306,0.061906768251745306,0.04298564307539441,0.04298564307539441
ID_HQD8DQ,0.042785461318052304,0.042785461318052304,0.024877492092629495,0.024877492092629495,0.058756464670898734,0.058756464670898734,0.042785461318052304,0.042785461318052304
ID_WHC7HZ,0.025883054873319118,0.025883054873319118,0.011193416279687474,0.011193416279687474,0.014431504927491361,0.014431504927491361,0.025883054873319118,0.025883054873319118
ID_SP7WBC,0.029851976349610142,0.029851976349610142,0.013917544244329207,0.013917544244329207,0.015449867227600536,0.015449867227600536,0.029851976349610142,0.029851976349610142
ID_Y5TWK4,0.04911309456145983,0.04911309456145983,0.05418813248511295,0.05418813248511295,0.0310526182293989,0.0310526182293989,0.04911309456145983,0.04911309456145983
ID_VG1ZFI,0.029732771242644937,0.029732771242644937,0.015595391680516064,0.015595391680516064,0.015578105761209896,0.015578105761209896,0.029732771242644937,0.029732771242644937
ID_GL5NBY,0.029851976349610142,0.029851976349610142,0.014157717317225189,0.014157717317225189,0.015409172496048416,0.015409172496048416,0.029851976349610142,0.029851976349610142
ID_0M8ZAR,0.04298564307539441,0.04298564307539441,0.02831175072667306,0.02831175072667306,0.061906768251745306,0.061906768251745306,0.04298564307539441,0.04298564307539441
ID_WMX71G,0.04911309456145983,0.04911309456145983,0.052235021249368116,0.052235021249368116,0.03180009446144104,0.03180009446144104,0.04911309456145983,0.04911309456145983
ID_FV08L5,0.2788258434091918,0.2788258434091918,0.22804528630310142,0.22804528630310142,0.1432773645903755,0.1432773645903755,0.2788258434091918,0.2788258434091918
ID_3O27FX,0.025883054873319118,0.025883054873319118,0.010655925335691253,0.010655925335691253,0.013116239944908294,0.013116239944908294,0.025883054873319118,0.025883054873319118
ID_6V10CF,0.34260574964468177,0.34260574964468177,0.17553213718918484,0.17553213718918484,0.1411134909439165,0.1411134909439165,0.34260574964468177,0.34260574964468177
ID_PDVNE2,0.042601027690779024,0.042601027690779024,0.025291636947117124,0.025291636947117124,0.05068730922101585,0.05068730922101585,0.042601027690779024,0.042601027690779024
ID_53TEOE,0.029851976349610142,0.029851976349610142,0.014242033564495478,0.014242033564495478,0.016972678420920997,0.016972678420920997,0.029851976349610142,0.029851976349610142
ID_IDZWVW,0.04298564307539441,0.04298564307539441,0.02831175072667306,0.02831175072667306,0.061906768251745306,0.061906768251745306,0.04298564307539441,0.04298564307539441
ID_GB0OWZ,0.029851976349610142,0.029851976349610142,0.014242033564495478,0.014242033564495478,0.016972678420920997,0.016972678420920997,0.029851976349610142,0.029851976349610142
ID_P3UMEG,0.34260574964468177,0.34260574964468177,0.17157179681833576,0.17157179681833576,0.13522844158548303,0.13522844158548303,0.34260574964468177,0.34260574964468177
ID_ODQ1LG,0.042601027690779024,0.042601027690779024,0.02520210474029573,0.02520210474029573,0.05838975304564967,0.05838975304564967,0.042601027690779024,0.042601027690779024
ID_F313VZ,0.02413404155581404,0.02413404155581404,0.010950398340034308,0.010950398340034308,0.016107949504588263,0.016107949504588263,0.02413404155581404,0.02413404155581404
ID_8CSCDS,0.029224704464324444,0.029224704464324444,0.012604984697347367,0.012604984697347367,0.017294510170169825,0.017294510170169825,0.029224704464324444,0.029224704464324444
ID_4TNBZF,0.029732771242644937,0.029732771242644937,0.015885862355611447,0.015885862355611447,0.018491754230165428,0.018491754230165428,0.029732771242644937,0.029732771242644937
ID_4BYR7P,0.3696093307044801,0.3696093307044801,0.23141794781122885,0.23141794781122885,0.3973484730930317,0.3973484730930317,0.3696093307044801,0.3696093307044801
ID_T3LYCI,0.04298564307539441,0.04298564307539441,0.02831175072667306,0.02831175072667306,0.061906768251745306,0.061906768251745306,0.04298564307539441,0.04298564307539441
ID_BHZQ1G,0.025883054873319118,0.025883054873319118,0.010683872709991153,0.010683872709991153,0.013110600629371133,0.013110600629371133,0.025883054873319118,0.025883054873319118
ID_47HOMT,0.025883054873319118,0.025883054873319118,0.011193416279687474,0.011193416279687474,0.014431504927491361,0.014431504927491361,0.025883054873319118,0.025883054873319118
ID_6J0OA0,0.05258541195458054,0.05258541195458054,0.08874202232659624,0.08874202232659624,0.07291834031035893,0.07291834031035893,0.05258541195458054,0.05258541195458054
ID_K1APAR,0.025883054873319118,0.025883054873319118,0.011193416279687474,0.011193416279687474,0.014431504927491361,0.014431504927491361,0.025883054873319118,0.025883054873319118
ID_MHTTNO,0.025831772822037066,0.025831772822037066,0.011522667745256279,0.011522667745256279,0.015039110881523916,0.015039110881523916,0.025831772822037066,0.025831772822037066
ID_SUPIL0,0.02528384113785413,0.02528384113785413,0.011445361486098784,0.011445361486098784,0.016295005334419906,0.016295005334419906,0.02528384113785413,0.02528384113785413
ID_V9KJ8F,0.02698147757737931,0.02698147757737931,0.0119194038487811,0.0119194038487811,0.014745793611829984,0.014745793611829984,0.02698147757737931,0.02698147757737931
ID_WUKPEX,0.025692773809693623,0.025692773809693623,0.011855756126010985,0.011855756126010985,0.014456601972399839,0.014456601972399839,0.025692773809693623,0.025692773809693623
ID_7AXVF1,0.02413404155581404,0.02413404155581404,0.010881543729076263,0.010881543729076263,0.016090560578990516,0.016090560578990516,0.02413404155581404,0.02413404155581404
ID_332Y6S,0.029224704464324444,0.029224704464324444,0.012604984697347367,0.012604984697347367,0.017294510170169825,0.017294510170169825,0.029224704464324444,0.029224704464324444
ID_6Z7LIY,0.04927347253858132,0.04927347253858132,0.05477226271749195,0.05477226271749195,0.026928921161890704,0.026928921161890704,0.04927347253858132,0.04927347253858132
ID_VBBWXW,0.02413404155581404,0.02413404155581404,0.010880113551984509,0.010880113551984509,0.01606429619635266,0.01606429619635266,0.02413404155581404,0.02413404155581404
ID_PZ53IA,0.0425991652852961,0.0425991652852961,0.0247801080244632,0.0247801080244632,0.05845655899642125,0.05845655899642125,0.0425991652852961,0.0425991652852961
ID_BTQVAR,0.026932744633909524,0.026932744633909524,0.012017919758167595,0.012017919758167595,0.016287519824356184,0.016287519824356184,0.026932744633909524,0.026932744633909524
ID_SR0RDK,0.025883054873319118,0.025883054873319118,0.010683872709991153,0.010683872709991153,0.013110600629371133,0.013110600629371133,0.025883054873319118,0.025883054873319118
ID_XE2CME,0.04298564307539441,0.04298564307539441,0.02831175072667306,0.02831175072667306,0.061906768251745306,0.061906768251745306,0.04298564307539441,0.04298564307539441
ID_UWLODH,0.04298564307539441,0.04298564307539441,0.02831175072667306,0.02831175072667306,0.061906768251745306,0.061906768251745306,0.04298564307539441,0.04298564307539441
ID_T29X5H,0.04911309456145983,0.04911309456145983,0.05418813248511295,0.05418813248511295,0.0310526182293989,0.0310526182293989,0.04911309456145983,0.04911309456145983
ID_OZP07A,0.0425991652852961,0.0425991652852961,0.024770060840602057,0.024770060840602057,0.06743337235405517,0.06743337235405517,0.0425991652852961,0.0425991652852961
ID_D69JXQ,0.20383210437093846,0.20383210437093846,0.2117910396831715,0.2117910396831715,0.36152515478298686,0.36152515478298686,0.20383210437093846,0.20383210437093846
ID_VCTTSG,0.04911309456145983,0.04911309456145983,0.05373316084489302,0.05373316084489302,0.03520249129573063,0.03520249129573063,0.04911309456145983,0.04911309456145983
ID_6VLM19,0.029732771242644937,0.029732771242644937,0.015595391680516064,0.015595391680516064,0.015578105761209896,0.015578105761209896,0.029732771242644937,0.029732771242644937
ID_6K8DCI,0.026916787596865693,0.026916787596865693,0.014426860806788882,0.014426860806788882,0.014625717901115115,0.014625717901115115,0.026916787596865693,0.026916787596865693
ID_5F3FW3,0.0425991652852961,0.0425991652852961,0.024770060840602057,0.024770060840602057,0.06743337235405517,0.06743337235405517,0.0425991652852961,0.0425991652852961
ID_UG4L8G,0.02690890710497651,0.02690890710497651,0.014371581052985628,0.014371581052985628,0.014617813885037063,0.014617813885037063,0.02690890710497651,0.02690890710497651
ID_PMIYX1,0.26398688298204714,0.26398688298204714,0.15073192981026956,0.15073192981026956,0.12897603401338897,0.12897603401338897,0.26398688298204714,0.26398688298204714
ID_KVE8Y5,0.025831772822037066,0.025831772822037066,0.011250975816173172,0.011250975816173172,0.013678571618861532,0.013678571618861532,0.025831772822037066,0.025831772822037066
ID_TXR3M8,0.02430841221880609,0.02430841221880609,0.010846296437515758,0.010846296437515758,0.014227153839330759,0.014227153839330759,0.02430841221880609,0.02430841221880609
ID_FGU02Z,0.025883054873319118,0.025883054873319118,0.011193416279687474,0.011193416279687474,0.014431504927491361,0.014431504927491361,0.025883054873319118,0.025883054873319118
ID_SLT0Y1,0.04911309456145983,0.04911309456145983,0.05362483323932462,0.05362483323932462,0.03487649292572248,0.03487649292572248,0.04911309456145983,0.04911309456145983
ID_0Q5QSV,0.029851976349610142,0.029851976349610142,0.014253917775947271,0.014253917775947271,0.017441785672832184,0.017441785672832184,0.029851976349610142,0.029851976349610142
ID_50ELBR,0.20729854146302298,0.20729854146302298,0.19213943658123117,0.19213943658123117,0.3490415476554656,0.3490415476554656,0.20729854146302298,0.20729854146302298
ID_GQZQS4,0.029807572594826526,0.029807572594826526,0.01663062106606697,0.01663062106606697,0.015101040008599772,0.015101040008599772,0.029807572594826526,0.029807572594826526
ID_OQ2HIA,0.029275986515606495,0.029275986515606495,0.012354534888234025,0.012354534888234025,0.01641476895808035,0.01641476895808035,0.029275986515606495,0.029275986515606495
ID_O6E93Q,0.04035671935104918,0.04035671935104918,0.06614550571038198,0.06614550571038198,0.06110476413774995,0.06110476413774995,0.04035671935104918,0.04035671935104918
ID_HOZ3DC,0.02413404155581404,0.02413404155581404,0.010845406277780814,0.010845406277780814,0.01591509153000505,0.01591509153000505,0.02413404155581404,0.02413404155581404
ID_ELJCIV,0.0336906232384855,0.0336906232384855,0.04249549766319512,0.04249549766319512,0.028344422591779918,0.028344422591779918,0.0336906232384855,0.0336906232384855
ID_2UAKPX,0.03822962147968491,0.03822962147968491,0.03994734789723169,0.03994734789723169,0.04287230509852662,0.04287230509852662,0.03822962147968491,0.03822962147968491
ID_WJH6IB,0.03225462823862981,0.03225462823862981,0.022959529273394928,0.022959529273394928,0.02471525598411594,0.02471525598411594,0.03225462823862981,0.03225462823862981
ID_8JO374,0.03251173337378373,0.03251173337378373,0.023070996145121633,0.023070996145121633,0.024706615777431263,0.024706615777431263,0.03251173337378373,0.03251173337378373
ID_ZPTVXF,0.025203051495768507,0.025203051495768507,0.011092489857828724,0.011092489857828724,0.01371634815778494,0.01371634815778494,0.025203051495768507,0.025203051495768507
ID_ZAEIQP,0.024948598569559853,0.024948598569559853,0.010903698169151741,0.010903698169151741,0.014982647829565909,0.014982647829565909,0.024948598569559853,0.024948598569559853
ID_PBP9ZY,0.03369220222700387,0.03369220222700387,0.03128144658199204,0.03128144658199204,0.04137171834100334,0.04137171834100334,0.03369220222700387,0.03369220222700387
ID_4WJ0SO,0.025409233648392517,0.025409233648392517,0.01084693736805202,0.01084693736805202,0.01371634815778494,0.01371634815778494,0.025409233648392517,0.025409233648392517
ID_H973J5,0.02544431131065643,0.02544431131065643,0.01085647746977953,0.01085647746977953,0.014982647829565909,0.014982647829565909,0.02544431131065643,0.02544431131065643
ID_QQK6J6,0.025619802861079212,0.025619802861079212,0.01675686686785032,0.01675686686785032,0.01757520032359829,0.01757520032359829,0.025619802861079212,0.025619802861079212
ID_8CR3X0,0.025203051495768507,0.025203051495768507,0.013282588217434489,0.013282588217434489,0.01371634815778494,0.01371634815778494,0.025203051495768507,0.025203051495768507
ID_BS1PBY,0.025643587029525135,0.025643587029525135,0.01076798038724248,0.01076798038724248,0.01496506905139319,0.01496506905139319,0.025643587029525135,0.025643587029525135
ID_EMRG7L,0.041748270890164745,0.041748270890164745,0.04096022445254485,0.04096022445254485,0.046020524977742325,0.046020524977742325,0.041748270890164745,0.041748270890164745
ID_CZ1QYM,0.033052903461995506,0.033052903461995506,0.029968112355841427,0.029968112355841427,0.040584784967863066,0.040584784967863066,0.033052903461995506,0.033052903461995506
ID_OE25L3,0.03211102401344399,0.03211102401344399,0.026150002015565027,0.026150002015565027,0.024785407417991068,0.024785407417991068,0.03211102401344399,0.03211102401344399
ID_DSYW1S,0.047508476312929766,0.047508476312929766,0.06159769864459966,0.06159769864459966,0.11872897185152294,0.11872897185152294,0.047508476312929766,0.047508476312929766
ID_36YJHO,0.027595132665794303,0.027595132665794303,0.020501843934064446,0.020501843934064446,0.019772006847216243,0.019772006847216243,0.027595132665794303,0.027595132665794303
ID_BH8KBA,0.024928923838501225,0.024928923838501225,0.015665388592251014,0.015665388592251014,0.017547315205101523,0.017547315205101523,0.024928923838501225,0.024928923838501225
ID_DV95UI,0.02544431131065643,0.02544431131065643,0.010748716535864143,0.010748716535864143,0.014982647829565909,0.014982647829565909,0.02544431131065643,0.02544431131065643
ID_2CIKWQ,0.025643587029525135,0.025643587029525135,0.01076798038724248,0.01076798038724248,0.01496506905139319,0.01496506905139319,0.025643587029525135,0.025643587029525135
ID_5DHFGC,0.02544431131065643,0.02544431131065643,0.013345195339453761,0.013345195339453761,0.014084843466823807,0.014084843466823807,0.02544431131065643,0.02544431131065643
ID_AD0JB4,0.02430841221880609,0.02430841221880609,0.010821560854479707,0.010821560854479707,0.01371634815778494,0.01371634815778494,0.02430841221880609,0.02430841221880609
ID_SJB2PH,0.02522839402991984,0.02522839402991984,0.010985168636551872,0.010985168636551872,0.015271048160553165,0.015271048160553165,0.02522839402991984,0.02522839402991984
ID_Q2JGMI,0.02544431131065643,0.02544431131065643,0.013272641019228384,0.013272641019228384,0.013224877314119778,0.013224877314119778,0.02544431131065643,0.02544431131065643
ID_90Z3KA,0.02837294410426659,0.02837294410426659,0.022160603286479102,0.022160603286479102,0.023500614940150606,0.023500614940150606,0.02837294410426659,0.02837294410426659
ID_BLJT0F,0.02544431131065643,0.02544431131065643,0.013281105106547708,0.013281105106547708,0.013219072766788714,0.013219072766788714,0.02544431131065643,0.02544431131065643
ID_19LZOV,0.03822962147968491,0.03822962147968491,0.039948596488330296,0.039948596488330296,0.04293417667786259,0.04293417667786259,0.03822962147968491,0.03822962147968491
ID_HXU4D4,0.024948598569559853,0.024948598569559853,0.010895929329380858,0.010895929329380858,0.013224877314119778,0.013224877314119778,0.024948598569559853,0.024948598569559853
ID_PMTTW1,0.045911444561098746,0.045911444561098746,0.1805342449773012,0.1805342449773012,0.22829155646824328,0.22829155646824328,0.045911444561098746,0.045911444561098746
ID_F6SO3R,0.045911444561098746,0.045911444561098746,0.1805342449773012,0.1805342449773012,0.22829155646824328,0.22829155646824328,0.045911444561098746,0.045911444561098746
ID_NZ0L9S,0.025431466846356887,0.025431466846356887,0.01667913864353899,0.01667913864353899,0.017865576167271458,0.017865576167271458,0.025431466846356887,0.025431466846356887
ID_CO06H0,0.025643587029525135,0.025643587029525135,0.010850693723084719,0.010850693723084719,0.014474129637022914,0.014474129637022914,0.025643587029525135,0.025643587029525135
ID_F1SPJM,0.025306622901288225,0.025306622901288225,0.01636734879600395,0.01636734879600395,0.018180714678293148,0.018180714678293148,0.025306622901288225,0.025306622901288225
ID_Q2S367,0.025189858384447778,0.025189858384447778,0.010988824559755191,0.010988824559755191,0.014491176985900748,0.014491176985900748,0.025189858384447778,0.025189858384447778
ID_0A1W1B,0.02646836485413574,0.02646836485413574,0.011478743478738413,0.011478743478738413,0.015363384263969602,0.015363384263969602,0.02646836485413574,0.02646836485413574
ID_J1H455,0.024958188671722788,0.024958188671722788,0.013594171746131138,0.013594171746131138,0.014736159593120742,0.014736159593120742,0.024958188671722788,0.024958188671722788
ID_PNFU37,0.025643587029525135,0.025643587029525135,0.01076798038724248,0.01076798038724248,0.01496506905139319,0.01496506905139319,0.025643587029525135,0.025643587029525135
ID_X2I29Y,0.025409233648392517,0.025409233648392517,0.013390349151349875,0.013390349151349875,0.01371634815778494,0.01371634815778494,0.025409233648392517,0.025409233648392517
ID_I2EHXW,0.025831394561752475,0.025831394561752475,0.016641821269966665,0.016641821269966665,0.017804799652859717,0.017804799652859717,0.025831394561752475,0.025831394561752475
ID_K8D9L9,0.02544431131065643,0.02544431131065643,0.010748716535864143,0.010748716535864143,0.014982647829565909,0.014982647829565909,0.02544431131065643,0.02544431131065643
ID_XW3QM1,0.02544431131065643,0.02544431131065643,0.010830321811585126,0.010830321811585126,0.014491176985900748,0.014491176985900748,0.02544431131065643,0.02544431131065643
ID_HR6DTW,0.024928923838501225,0.024928923838501225,0.015665388592251014,0.015665388592251014,0.017547315205101523,0.017547315205101523,0.024928923838501225,0.024928923838501225
ID_J70B1Q,0.024948598569559853,0.024948598569559853,0.010903698169151741,0.010903698169151741,0.014982647829565909,0.014982647829565909,0.024948598569559853,0.024948598569559853
ID_CG7535,0.025431466846356887,0.025431466846356887,0.019406979404731503,0.019406979404731503,0.01777852007219719,0.01777852007219719,0.025431466846356887,0.025431466846356887
ID_BJ7RH7,0.02430841221880609,0.02430841221880609,0.011179862426365707,0.011179862426365707,0.01371634815778494,0.01371634815778494,0.02430841221880609,0.02430841221880609
ID_95B75E,0.024958188671722788,0.024958188671722788,0.01360303491075168,0.01360303491075168,0.014736159593120742,0.014736159593120742,0.024958188671722788,0.024958188671722788
ID_VST6U7,0.026185876458744536,0.026185876458744536,0.015321517366670515,0.015321517366670515,0.017051336181392186,0.017051336181392186,0.026185876458744536,0.026185876458744536
ID_G3ZX83,0.0247742279065678,0.0247742279065678,0.010848312479724117,0.010848312479724117,0.014982647829565909,0.014982647829565909,0.0247742279065678,0.0247742279065678
ID_OBGAY8,0.024958188671722788,0.024958188671722788,0.01360303491075168,0.01360303491075168,0.014084843466823807,0.014084843466823807,0.024958188671722788,0.024958188671722788
ID_7898T5,0.02522839402991984,0.02522839402991984,0.01167678408619102,0.01167678408619102,0.014828860714414782,0.014828860714414782,0.02522839402991984,0.02522839402991984
ID_GA55FI,0.025424442676904198,0.025424442676904198,0.016494190860476588,0.016494190860476588,0.018796730093405597,0.018796730093405597,0.025424442676904198,0.025424442676904198
ID_IP9G8X,0.024652803659775558,0.024652803659775558,0.015650107875968357,0.015650107875968357,0.018103997982728794,0.018103997982728794,0.024652803659775558,0.024652803659775558
ID_I1NTQJ,0.03607826407475523,0.03607826407475523,0.10655074570389152,0.10655074570389152,0.1641050550112712,0.1641050550112712,0.03607826407475523,0.03607826407475523
ID_J1IMQO,0.02430841221880609,0.02430841221880609,0.013377352850223111,0.013377352850223111,0.01371634815778494,0.01371634815778494,0.02430841221880609,0.02430841221880609
ID_FJY7M6,0.024948598569559853,0.024948598569559853,0.010903698169151741,0.010903698169151741,0.014982647829565909,0.014982647829565909,0.024948598569559853,0.024948598569559853
ID_XXD9VX,0.0247742279065678,0.0247742279065678,0.010725174145419968,0.010725174145419968,0.013224877314119778,0.013224877314119778,0.0247742279065678,0.0247742279065678
ID_95Y6Y3,0.024948598569559853,0.024948598569559853,0.010903698169151741,0.010903698169151741,0.014982647829565909,0.014982647829565909,0.024948598569559853,0.024948598569559853
ID_IEG8FD,0.02544431131065643,0.02544431131065643,0.013345195339453761,0.013345195339453761,0.014084843466823807,0.014084843466823807,0.02544431131065643,0.02544431131065643
ID_UUT71P,0.025809368824613165,0.025809368824613165,0.015667467751733596,0.015667467751733596,0.01731308737134546,0.01731308737134546,0.025809368824613165,0.025809368824613165
ID_ZVGYIZ,0.025203051495768507,0.025203051495768507,0.010739176434136632,0.010739176434136632,0.01371634815778494,0.01371634815778494,0.025203051495768507,0.025203051495768507
ID_GSRCHF,0.025847947838787758,0.025847947838787758,0.016114345822332836,0.016114345822332836,0.01645728297681871,0.01645728297681871,0.025847947838787758,0.025847947838787758
ID_KBNPFA,0.024948598569559853,0.024948598569559853,0.010895929329380858,0.010895929329380858,0.013224877314119778,0.013224877314119778,0.024948598569559853,0.024948598569559853
ID_K92S3H,0.024948598569559853,0.024948598569559853,0.010895929329380858,0.010895929329380858,0.013224877314119778,0.013224877314119778,0.024948598569559853,0.024948598569559853
ID_TIZ8GI,0.024948598569559853,0.024948598569559853,0.01343995017418924,0.01343995017418924,0.013224877314119778,0.013224877314119778,0.024948598569559853,0.024948598569559853
ID_43O6DO,0.025643587029525135,0.025643587029525135,0.01076798038724248,0.01076798038724248,0.01496506905139319,0.01496506905139319,0.025643587029525135,0.025643587029525135
ID_I69X2E,0.02544431131065643,0.02544431131065643,0.010736557969667118,0.010736557969667118,0.014982647829565909,0.014982647829565909,0.02544431131065643,0.02544431131065643
ID_IGUSKY,0.03966605056654808,0.03966605056654808,0.12089994952227809,0.12089994952227809,0.2374680625626638,0.2374680625626638,0.03966605056654808,0.03966605056654808
ID_IO9T8L,0.02607165319711065,0.02607165319711065,0.016717094564841908,0.016717094564841908,0.01816782619410227,0.01816782619410227,0.02607165319711065,0.02607165319711065
ID_GP1DHX,0.025203051495768507,0.025203051495768507,0.013282588217434489,0.013282588217434489,0.01371634815778494,0.01371634815778494,0.025203051495768507,0.025203051495768507
ID_6072SC,0.024948598569559853,0.024948598569559853,0.010895929329380858,0.010895929329380858,0.013224877314119778,0.013224877314119778,0.024948598569559853,0.024948598569559853
ID_60NL3S,0.026091302310937297,0.026091302310937297,0.015456131291275137,0.015456131291275137,0.017817617773041004,0.017817617773041004,0.026091302310937297,0.026091302310937297
ID_ITEO5N,0.025453901412819363,0.025453901412819363,0.013433147842523283,0.013433147842523283,0.014736159593120742,0.014736159593120742,0.025453901412819363,0.025453901412819363
ID_OYNTET,0.025994350766856147,0.025994350766856147,0.015413600514189338,0.015413600514189338,0.01741929487885351,0.01741929487885351,0.025994350766856147,0.025994350766856147
ID_D4YOQ7,0.04179678621142363,0.04179678621142363,0.044595534943176016,0.044595534943176016,0.04700965572558713,0.04700965572558713,0.04179678621142363,0.04179678621142363
ID_6REL2T,0.02544431131065643,0.02544431131065643,0.010737729254888712,0.010737729254888712,0.013224877314119778,0.013224877314119778,0.02544431131065643,0.02544431131065643
ID_88HS7P,0.025189858384447778,0.025189858384447778,0.01074153155189983,0.01074153155189983,0.014491176985900748,0.014491176985900748,0.025189858384447778,0.025189858384447778
ID_UST3WB,0.025813044106247483,0.025813044106247483,0.015268069626146916,0.015268069626146916,0.01783366195305845,0.01783366195305845,0.025813044106247483,0.025813044106247483
ID_ETJ0ZE,0.02430841221880609,0.02430841221880609,0.010821560854479707,0.010821560854479707,0.01371634815778494,0.01371634815778494,0.02430841221880609,0.02430841221880609
ID_7BGHTB,0.02514787428842856,0.02514787428842856,0.013487146707236664,0.013487146707236664,0.013224877314119778,0.013224877314119778,0.02514787428842856,0.02514787428842856
ID_ZDJ1XZ,0.02413404155581404,0.02413404155581404,0.010773888807570126,0.010773888807570126,0.016237482545814873,0.016237482545814873,0.02413404155581404,0.02413404155581404
ID_Y7ND6Y,0.025203051495768507,0.025203051495768507,0.010739176434136632,0.010739176434136632,0.01371634815778494,0.01371634815778494,0.025203051495768507,0.025203051495768507
ID_QRPH0R,0.024918315458655384,0.024918315458655384,0.015802584211283912,0.015802584211283912,0.01802436059068468,0.01802436059068468,0.024918315458655384,0.024918315458655384
ID_C01ZXM,0.02544431131065643,0.02544431131065643,0.010845490188804098,0.010845490188804098,0.013224877314119778,0.013224877314119778,0.02544431131065643,0.02544431131065643
ID_ZN6VHC,0.02560850936726122,0.02560850936726122,0.010757766793935695,0.010757766793935695,0.01369876937961222,0.01369876937961222,0.02560850936726122,0.02560850936726122
ID_3RTO71,0.02430841221880609,0.02430841221880609,0.010821560854479707,0.010821560854479707,0.01371634815778494,0.01371634815778494,0.02430841221880609,0.02430841221880609
ID_7AWBEY,0.024775318275689368,0.024775318275689368,0.015437550220781684,0.015437550220781684,0.018169253867262557,0.018169253867262557,0.024775318275689368,0.024775318275689368
ID_6OBWMT,0.024928923838501225,0.024928923838501225,0.015665388592251014,0.015665388592251014,0.017547315205101523,0.017547315205101523,0.024928923838501225,0.024928923838501225
ID_70AEKG,0.024948598569559853,0.024948598569559853,0.010895929329380858,0.010895929329380858,0.013224877314119778,0.013224877314119778,0.024948598569559853,0.024948598569559853
ID_MVQMU6,0.02430841221880609,0.02430841221880609,0.011179862426365707,0.011179862426365707,0.01371634815778494,0.01371634815778494,0.02430841221880609,0.02430841221880609
ID_XNFNA4,0.02413404155581404,0.02413404155581404,0.013401697654800279,0.013401697654800279,0.013710543610453875,0.013710543610453875,0.02413404155581404,0.02413404155581404
ID_1Y57MO,0.02544431131065643,0.02544431131065643,0.01085647746977953,0.01085647746977953,0.014982647829565909,0.014982647829565909,0.02544431131065643,0.02544431131065643
ID_GAOFDO,0.025409233648392517,0.025409233648392517,0.013470354934694343,0.013470354934694343,0.014576314310488968,0.014576314310488968,0.025409233648392517,0.025409233648392517
ID_WBEYQ0,0.024948598569559853,0.024948598569559853,0.010903698169151741,0.010903698169151741,0.014982647829565909,0.014982647829565909,0.024948598569559853,0.024948598569559853
ID_46KU2G,0.02544431131065643,0.02544431131065643,0.01109212056703853,0.01109212056703853,0.013224877314119778,0.013224877314119778,0.02544431131065643,0.02544431131065643
ID_IR8LH0,0.024948598569559853,0.024948598569559853,0.013516709624099617,0.013516709624099617,0.014084843466823807,0.014084843466823807,0.024948598569559853,0.024948598569559853
ID_S85UA7,0.02413404155581404,0.02413404155581404,0.010737272572103527,0.010737272572103527,0.017494517298910408,0.017494517298910408,0.02413404155581404,0.02413404155581404
ID_JI8Z14,0.025409233648392517,0.025409233648392517,0.013470354934694343,0.013470354934694343,0.014576314310488968,0.014576314310488968,0.025409233648392517,0.025409233648392517
ID_RNSP8B,0.029230664920030222,0.029230664920030222,0.02579923053692669,0.02579923053692669,0.023362187865287362,0.023362187865287362,0.029230664920030222,0.029230664920030222
ID_4GRPQ9,0.033052903461995506,0.033052903461995506,0.029968112355841427,0.029968112355841427,0.040584784967863066,0.040584784967863066,0.033052903461995506,0.033052903461995506
ID_8JTFNT,0.025203051495768507,0.025203051495768507,0.010739176434136632,0.010739176434136632,0.01371634815778494,0.01371634815778494,0.025203051495768507,0.025203051495768507
ID_2TMUS6,0.024948598569559853,0.024948598569559853,0.010903698169151741,0.010903698169151741,0.014982647829565909,0.014982647829565909,0.024948598569559853,0.024948598569559853
ID_UBIINM,0.025216558302714832,0.025216558302714832,0.010913697026164435,0.010913697026164435,0.01369876937961222,0.01369876937961222,0.025216558302714832,0.025216558302714832
ID_TFLD6S,0.02544431131065643,0.02544431131065643,0.010736557969667118,0.010736557969667118,0.014982647829565909,0.014982647829565909,0.02544431131065643,0.02544431131065643
ID_ESYJ2B,0.02430841221880609,0.02430841221880609,0.010821560854479707,0.010821560854479707,0.01371634815778494,0.01371634815778494,0.02430841221880609,0.02430841221880609
ID_KNDB9Y,0.02544431131065643,0.02544431131065643,0.013281105106547708,0.013281105106547708,0.013219072766788714,0.013219072766788714,0.02544431131065643,0.02544431131065643
ID_KBMX7S,0.024948598569559853,0.024948598569559853,0.010903698169151741,0.010903698169151741,0.014982647829565909,0.014982647829565909,0.024948598569559853,0.024948598569559853
ID_UFWO9L,0.02662996624674169,0.02662996624674169,0.016213797596614312,0.016213797596614312,0.017549730071820067,0.017549730071820067,0.02662996624674169,0.02662996624674169
ID_LFO2EU,0.02544431131065643,0.02544431131065643,0.01085647746977953,0.01085647746977953,0.014982647829565909,0.014982647829565909,0.02544431131065643,0.02544431131065643
ID_2ZBL24,0.025643587029525135,0.025643587029525135,0.010756510617349035,0.010756510617349035,0.013207829965241944,0.013207829965241944,0.025643587029525135,0.025643587029525135
ID_2WWX3O,0.025015487721455724,0.025015487721455724,0.010933784072790779,0.010933784072790779,0.014491176985900748,0.014491176985900748,0.025015487721455724,0.025015487721455724
ID_L9N1KK,0.02662996624674169,0.02662996624674169,0.016213797596614312,0.016213797596614312,0.017549730071820067,0.017549730071820067,0.02662996624674169,0.02662996624674169
ID_MFBDFI,0.025643587029525135,0.025643587029525135,0.01076798038724248,0.01076798038724248,0.01496506905139319,0.01496506905139319,0.025643587029525135,0.025643587029525135
ID_FSYPFJ,0.025190049247605338,0.025190049247605338,0.011551239126820451,0.011551239126820451,0.016483989804965165,0.016483989804965165,0.025190049247605338,0.025190049247605338
ID_7DOBZ7,0.024951929682267632,0.024951929682267632,0.010842586327160595,0.010842586327160595,0.016680825082566263,0.016680825082566263,0.024951929682267632,0.024951929682267632
ID_C6D32M,0.02730122292795095,0.02730122292795095,0.01649455144102954,0.01649455144102954,0.04429735965700539,0.04429735965700539,0.02730122292795095,0.02730122292795095
ID_UZW285,0.025203242358926067,0.025203242358926067,0.015976147523558058,0.015976147523558058,0.06896603318133442,0.06896603318133442,0.025203242358926067,0.025203242358926067
ID_5BJBQN,0.024601591653644363,0.024601591653644363,0.016911093508394523,0.016911093508394523,0.03505679050802824,0.03505679050802824,0.024601591653644363,0.024601591653644363
ID_IIL1YE,0.024948789432717413,0.024948789432717413,0.010840917323734914,0.010840917323734914,0.016663305689713546,0.016663305689713546,0.024948789432717413,0.024948789432717413
ID_35Q4VL,0.024951929682267632,0.024951929682267632,0.010749191682987385,0.010749191682987385,0.016680825082566263,0.016680825082566263,0.024951929682267632,0.024951929682267632
ID_0D8BV7,0.024951929682267632,0.024951929682267632,0.010842586327160595,0.010842586327160595,0.016680825082566263,0.016680825082566263,0.024951929682267632,0.024951929682267632
ID_F1CKKX,0.024318193184126584,0.024318193184126584,0.011600489310066091,0.011600489310066091,0.017645714027239426,0.017645714027239426,0.024318193184126584,0.024318193184126584
ID_NWINB1,0.21891783227117126,0.21891783227117126,0.10361607879616883,0.10361607879616883,0.14680310758108267,0.14680310758108267,0.21891783227117126,0.21891783227117126
ID_M3FL8L,0.02544450217381399,0.02544450217381399,0.011213489118610037,0.011213489118610037,0.017098137891590613,0.017098137891590613,0.02544450217381399,0.02544450217381399
ID_2L800L,0.02544450217381399,0.02544450217381399,0.010794640062213604,0.010794640062213604,0.017724584656050136,0.017724584656050136,0.02544450217381399,0.02544450217381399
ID_WE66R6,0.024948789432717413,0.024948789432717413,0.010840917323734914,0.010840917323734914,0.016663305689713546,0.016663305689713546,0.024948789432717413,0.024948789432717413
ID_3P9NV3,0.024948789432717413,0.024948789432717413,0.010840917323734914,0.010840917323734914,0.016663305689713546,0.016663305689713546,0.024948789432717413,0.024948789432717413
ID_GV31Z2,0.21713601755821293,0.21713601755821293,0.10964812116209152,0.10964812116209152,0.14493487220353152,0.14493487220353152,0.21713601755821293,0.21713601755821293
ID_JF5PXT,0.02742442582853124,0.02742442582853124,0.017645758929687803,0.017645758929687803,0.044311862665215807,0.044311862665215807,0.02742442582853124,0.02742442582853124
ID_DHMWLG,0.024951929682267632,0.024951929682267632,0.010842586327160595,0.010842586327160595,0.016680825082566263,0.016680825082566263,0.024951929682267632,0.024951929682267632
ID_6UCW4P,0.02544450217381399,0.02544450217381399,0.011557507801818113,0.011557507801818113,0.015214869722011297,0.015214869722011297,0.02544450217381399,0.02544450217381399
ID_YA5S91,0.02544450217381399,0.02544450217381399,0.010979176388214952,0.010979176388214952,0.01775065325446163,0.01775065325446163,0.02544450217381399,0.02544450217381399
ID_8IPOB2,0.02544450217381399,0.02544450217381399,0.011207703281067466,0.011207703281067466,0.01632102893752085,0.01632102893752085,0.02544450217381399,0.02544450217381399
ID_13CYF8,0.027172361689500425,0.027172361689500425,0.017751785466604168,0.017751785466604168,0.043855790392458356,0.043855790392458356,0.027172361689500425,0.027172361689500425
ID_MHUXYA,0.024601591653644363,0.024601591653644363,0.01671792239524412,0.01671792239524412,0.07162111907481643,0.07162111907481643,0.024601591653644363,0.024601591653644363
ID_QAMSN8,0.024611181755807298,0.024611181755807298,0.018137975819050817,0.018137975819050817,0.058251897209905576,0.058251897209905576,0.024611181755807298,0.024611181755807298
ID_4QEJQO,0.02544450217381399,0.02544450217381399,0.011209633312105753,0.011209633312105753,0.015227260173608727,0.015227260173608727,0.02544450217381399,0.02544450217381399
ID_AESDDG,0.02544450217381399,0.02544450217381399,0.011554280713961975,0.011554280713961975,0.015209052948901444,0.015209052948901444,0.02544450217381399,0.02544450217381399
ID_9Z1OH9,0.02544450217381399,0.02544450217381399,0.011429005830428938,0.011429005830428938,0.01632102893752085,0.01632102893752085,0.02544450217381399,0.02544450217381399
ID_AG8V7R,0.02544450217381399,0.02544450217381399,0.010979176388214952,0.010979176388214952,0.01775065325446163,0.01775065325446163,0.02544450217381399,0.02544450217381399
ID_W6WUS8,0.02544450217381399,0.02544450217381399,0.011209633312105753,0.011209633312105753,0.015227260173608727,0.015227260173608727,0.02544450217381399,0.02544450217381399
ID_M5OV7R,0.02544450217381399,0.02544450217381399,0.011551741594074145,0.011551741594074145,0.016302821712813567,0.016302821712813567,0.02544450217381399,0.02544450217381399
ID_OQBR7N,0.02544450217381399,0.02544450217381399,0.01072026566493211,0.01072026566493211,0.016975463583068253,0.016975463583068253,0.02544450217381399,0.02544450217381399
ID_VYAECN,0.028134643881081358,0.028134643881081358,0.016778798352975126,0.016778798352975126,0.05721331136555802,0.05721331136555802,0.028134643881081358,0.028134643881081358
ID_26AKFY,0.027439480751119197,0.027439480751119197,0.01645484544448061,0.01645484544448061,0.04495292318332853,0.04495292318332853,0.027439480751119197,0.027439480751119197
ID_VQGG2L,0.024601591653644363,0.024601591653644363,0.01671792239524412,0.01671792239524412,0.07162111907481643,0.07162111907481643,0.024601591653644363,0.024601591653644363
ID_Z2H98N,0.024601591653644363,0.024601591653644363,0.01605188287789793,0.01605188287789793,0.0397816790045201,0.0397816790045201,0.024601591653644363,0.024601591653644363
ID_DMNH7M,0.024601591653644363,0.024601591653644363,0.01596781857364973,0.01596781857364973,0.06894351927623922,0.06894351927623922,0.024601591653644363,0.024601591653644363
ID_BGOJK7,0.024601591653644363,0.024601591653644363,0.0160422478075134,0.0160422478075134,0.03889772291205258,0.03889772291205258,0.024601591653644363,0.024601591653644363
ID_7R8S23,0.02544450217381399,0.02544450217381399,0.011006454224489103,0.011006454224489103,0.01681250271562394,0.01681250271562394,0.02544450217381399,0.02544450217381399
ID_MQO3VY,0.024601591653644363,0.024601591653644363,0.0160422478075134,0.0160422478075134,0.03889772291205258,0.03889772291205258,0.024601591653644363,0.024601591653644363
ID_O51O42,0.024601591653644363,0.024601591653644363,0.015871418452897454,0.015871418452897454,0.06759304375019501,0.06759304375019501,0.024601591653644363,0.024601591653644363
ID_4ISUVM,0.024601591653644363,0.024601591653644363,0.0160422478075134,0.0160422478075134,0.03889772291205258,0.03889772291205258,0.024601591653644363,0.024601591653644363
ID_PGEE11,0.02544450217381399,0.02544450217381399,0.011211279581217372,0.011211279581217372,0.015227260173608727,0.015227260173608727,0.02544450217381399,0.02544450217381399
ID_I5VRO5,0.02430860308196365,0.02430860308196365,0.011380379106251394,0.011380379106251394,0.015101399313660904,0.015101399313660904,0.02430860308196365,0.02430860308196365
ID_T0N43N,0.0241342324189716,0.0241342324189716,0.011134956820172534,0.011134956820172534,0.017239308526300148,0.017239308526300148,0.0241342324189716,0.0241342324189716
ID_15F3L2,0.027439480751119197,0.027439480751119197,0.016737563677144837,0.016737563677144837,0.04495292318332853,0.04495292318332853,0.027439480751119197,0.027439480751119197
ID_MYJQBV,0.21648156946332267,0.21648156946332267,0.11541786423896942,0.11541786423896942,0.1571679790945192,0.1571679790945192,0.21648156946332267,0.21648156946332267
ID_SIXKWK,0.02544450217381399,0.02544450217381399,0.011109310345338366,0.011109310345338366,0.017724584656050136,0.017724584656050136,0.02544450217381399,0.02544450217381399
ID_R062SB,0.02544450217381399,0.02544450217381399,0.011550481257128122,0.011550481257128122,0.016302821712813567,0.016302821712813567,0.02544450217381399,0.02544450217381399
ID_JQMJO8,0.02430860308196365,0.02430860308196365,0.011388706140189919,0.011388706140189919,0.015095594766329839,0.015095594766329839,0.02430860308196365,0.02430860308196365
ID_N1KQ0P,0.027439480751119197,0.027439480751119197,0.01645484544448061,0.01645484544448061,0.04495292318332853,0.04495292318332853,0.027439480751119197,0.027439480751119197
ID_17EH3F,0.02544450217381399,0.02544450217381399,0.010979176388214952,0.010979176388214952,0.01775065325446163,0.01775065325446163,0.02544450217381399,0.02544450217381399
ID_WHQS9J,0.02544450217381399,0.02544450217381399,0.011208889591816875,0.011208889591816875,0.01632102893752085,0.01632102893752085,0.02544450217381399,0.02544450217381399
ID_E9MYEG,0.02544450217381399,0.02544450217381399,0.011006454224489103,0.011006454224489103,0.01681250271562394,0.01681250271562394,0.02544450217381399,0.02544450217381399
ID_P4VAZC,0.025199639349768273,0.025199639349768273,0.011547186768982004,0.011547186768982004,0.017257033586523526,0.017257033586523526,0.025199639349768273,0.025199639349768273
ID_8EUWNU,0.02430860308196365,0.02430860308196365,0.011086151019444606,0.011086151019444606,0.015101399313660904,0.015101399313660904,0.02430860308196365,0.02430860308196365
ID_S5TAQL,0.025454092275976923,0.025454092275976923,0.011776008262925429,0.011776008262925429,0.017075865494371928,0.017075865494371928,0.025454092275976923,0.025454092275976923
ID_0S0PVH,0.02544450217381399,0.02544450217381399,0.010979176388214952,0.010979176388214952,0.01775065325446163,0.01775065325446163,0.02544450217381399,0.02544450217381399
ID_HKCU5C,0.026659570991083178,0.026659570991083178,0.01639890654220024,0.01639890654220024,0.048096980092045376,0.048096980092045376,0.026659570991083178,0.026659570991083178
ID_9SXKX7,0.02544450217381399,0.02544450217381399,0.010979176388214952,0.010979176388214952,0.01775065325446163,0.01775065325446163,0.02544450217381399,0.02544450217381399
ID_CAC8HA,0.02544450217381399,0.02544450217381399,0.011557507801818113,0.011557507801818113,0.015214869722011297,0.015214869722011297,0.02544450217381399,0.02544450217381399
ID_LTTNP4,0.02430860308196365,0.02430860308196365,0.010731578583974737,0.010731578583974737,0.015101399313660904,0.015101399313660904,0.02430860308196365,0.02430860308196365
ID_8Y6GYA,0.02544450217381399,0.02544450217381399,0.010947671108129192,0.010947671108129192,0.015332909923011654,0.015332909923011654,0.02544450217381399,0.02544450217381399
ID_JAHUY4,0.02544450217381399,0.02544450217381399,0.010979176388214952,0.010979176388214952,0.01775065325446163,0.01775065325446163,0.02544450217381399,0.02544450217381399
ID_7WRXP5,0.02544450217381399,0.02544450217381399,0.011209633312105753,0.011209633312105753,0.015227260173608727,0.015227260173608727,0.02544450217381399,0.02544450217381399
ID_E6FGS1,0.027385890183059175,0.027385890183059175,0.01585124116594275,0.01585124116594275,0.04376927698205656,0.04376927698205656,0.027385890183059175,0.027385890183059175
ID_J23PY3,0.027473158772001023,0.027473158772001023,0.016223097211061643,0.016223097211061643,0.050240453922535545,0.050240453922535545,0.027473158772001023,0.027473158772001023
ID_I8EM0Z,0.3803901562449521,0.3803901562449521,0.2650623418938679,0.2650623418938679,0.21773902496453487,0.21773902496453487,0.3803901562449521,0.3803901562449521
ID_M0AGW7,0.025199639349768273,0.025199639349768273,0.01177064089940433,0.01177064089940433,0.017257033586523526,0.017257033586523526,0.025199639349768273,0.025199639349768273
ID_FM2PGK,0.02544450217381399,0.02544450217381399,0.011365011384474516,0.011365011384474516,0.017232445204193043,0.017232445204193043,0.02544450217381399,0.02544450217381399
ID_WR1UYY,0.02544450217381399,0.02544450217381399,0.01104383722741009,0.01104383722741009,0.016975463583068253,0.016975463583068253,0.02544450217381399,0.02544450217381399
ID_G2J9TV,0.027385890183059175,0.027385890183059175,0.01585124116594275,0.01585124116594275,0.04376927698205656,0.04376927698205656,0.027385890183059175,0.027385890183059175
ID_XCOLR8,0.02544450217381399,0.02544450217381399,0.011207643833479764,0.011207643833479764,0.01632102893752085,0.01632102893752085,0.02544450217381399,0.02544450217381399
ID_9J6DPQ,0.02544450217381399,0.02544450217381399,0.010979176388214952,0.010979176388214952,0.01775065325446163,0.01775065325446163,0.02544450217381399,0.02544450217381399
ID_X6MXTF,0.02544450217381399,0.02544450217381399,0.011209633312105753,0.011209633312105753,0.015227260173608727,0.015227260173608727,0.02544450217381399,0.02544450217381399
ID_YFL07C,0.02544450217381399,0.02544450217381399,0.011209633312105753,0.011209633312105753,0.015227260173608727,0.015227260173608727,0.02544450217381399,0.02544450217381399
ID_BCF7Y5,0.21737876307462164,0.21737876307462164,0.09890147780809726,0.09890147780809726,0.14631636678273824,0.14631636678273824,0.21737876307462164,0.21737876307462164
ID_WW13YS,0.02544450217381399,0.02544450217381399,0.011588931326545716,0.011588931326545716,0.016171227485556272,0.016171227485556272,0.02544450217381399,0.02544450217381399
ID_DEQONK,0.02544450217381399,0.02544450217381399,0.011551741594074145,0.011551741594074145,0.016302821712813567,0.016302821712813567,0.02544450217381399,0.02544450217381399
ID_8NIMUF,0.02796822582958535,0.02796822582958535,0.01632121566681275,0.01632121566681275,0.05292777597364166,0.05292777597364166,0.02796822582958535,0.02796822582958535
ID_AN1U1Q,0.02544450217381399,0.02544450217381399,0.011374724252026375,0.011374724252026375,0.016257746815862853,0.016257746815862853,0.02544450217381399,0.02544450217381399
ID_SYTJK4,0.02544450217381399,0.02544450217381399,0.011014872809078674,0.011014872809078674,0.01549834095787195,0.01549834095787195,0.02544450217381399,0.02544450217381399
ID_GE0PML,0.025454092275976923,0.025454092275976923,0.01143236680431542,0.01143236680431542,0.01709407271907921,0.01709407271907921,0.025454092275976923,0.025454092275976923
ID_2HISEV,0.025199639349768273,0.025199639349768273,0.011774877888071524,0.011774877888071524,0.017257033586523526,0.017257033586523526,0.025199639349768273,0.025199639349768273
ID_MDD7FZ,0.02544450217381399,0.02544450217381399,0.011550418099941492,0.011550418099941492,0.016302821712813567,0.016302821712813567,0.02544450217381399,0.02544450217381399
ID_FQNAWD,0.02544450217381399,0.02544450217381399,0.011586679470743886,0.011586679470743886,0.016145158887144778,0.016145158887144778,0.02544450217381399,0.02544450217381399
ID_FVWFLK,0.02544450217381399,0.02544450217381399,0.011074361000419726,0.011074361000419726,0.01623749499056121,0.01623749499056121,0.02544450217381399,0.02544450217381399
ID_ADU6RR,0.025190049247605338,0.025190049247605338,0.011317697220511722,0.011317697220511722,0.016483989804965165,0.016483989804965165,0.025190049247605338,0.025190049247605338
ID_XH1LC3,0.025190049247605338,0.025190049247605338,0.011564166688454596,0.011564166688454596,0.017261098759034928,0.017261098759034928,0.025190049247605338,0.025190049247605338
ID_P98LKD,0.024563056008172303,0.024563056008172303,0.016810870713894886,0.016810870713894886,0.036026953279508035,0.036026953279508035,0.024563056008172303,0.024563056008172303
ID_9OMVON,0.027439480751119197,0.027439480751119197,0.01645484544448061,0.01645484544448061,0.04495292318332853,0.04495292318332853,0.027439480751119197,0.027439480751119197
ID_FKYCE5,0.027385890183059175,0.027385890183059175,0.016218810579400483,0.016218810579400483,0.04359321522257896,0.04359321522257896,0.027385890183059175,0.027385890183059175
ID_V3YM6S,0.02544450217381399,0.02544450217381399,0.011372332066234215,0.011372332066234215,0.01735084990602097,0.01735084990602097,0.02544450217381399,0.02544450217381399
ID_HRFMYC,0.024563056008172303,0.024563056008172303,0.015679832922015465,0.015679832922015465,0.040549099859527586,0.040549099859527586,0.024563056008172303,0.024563056008172303
ID_D088YD,0.02430860308196365,0.02430860308196365,0.011388706140189919,0.011388706140189919,0.015348939065293445,0.015348939065293445,0.02430860308196365,0.02430860308196365
ID_CLQ4CW,0.02544450217381399,0.02544450217381399,0.011577760060624056,0.011577760060624056,0.016139342114034925,0.016139342114034925,0.02544450217381399,0.02544450217381399
ID_RL7E2I,0.02544450217381399,0.02544450217381399,0.010979176388214952,0.010979176388214952,0.01775065325446163,0.01775065325446163,0.02544450217381399,0.02544450217381399
ID_VK25IA,0.029077711407166765,0.029077711407166765,0.01691298875299775,0.01691298875299775,0.04856684737395788,0.04856684737395788,0.029077711407166765,0.029077711407166765
ID_RN5N5F,0.025454092275976923,0.025454092275976923,0.011432814201579189,0.011432814201579189,0.01632102893752085,0.01632102893752085,0.025454092275976923,0.025454092275976923
ID_5TLZMB,0.02544450217381399,0.02544450217381399,0.011374724252026375,0.011374724252026375,0.016257746815862853,0.016257746815862853,0.02544450217381399,0.02544450217381399
ID_7OSIUD,0.02544450217381399,0.02544450217381399,0.011211279581217372,0.011211279581217372,0.015227260173608727,0.015227260173608727,0.02544450217381399,0.02544450217381399
ID_MZPJPB,0.027385890183059175,0.027385890183059175,0.016218810579400483,0.016218810579400483,0.04359321522257896,0.04359321522257896,0.027385890183059175,0.027385890183059175
ID_1QMC23,0.025190049247605338,0.025190049247605338,0.011556461784130622,0.011556461784130622,0.01539022104105304,0.01539022104105304,0.025190049247605338,0.025190049247605338
ID_HE9HVL,0.02544450217381399,0.02544450217381399,0.011074361000419726,0.011074361000419726,0.01623749499056121,0.01623749499056121,0.02544450217381399,0.02544450217381399
ID_H2IQKE,0.02544450217381399,0.02544450217381399,0.011109310345338366,0.011109310345338366,0.017724584656050136,0.017724584656050136,0.02544450217381399,0.02544450217381399
ID_YHLHJU,0.02544450217381399,0.02544450217381399,0.011551741594074145,0.011551741594074145,0.016302821712813567,0.016302821712813567,0.02544450217381399,0.02544450217381399
ID_5QLFQX,0.02544450217381399,0.02544450217381399,0.011213489118610037,0.011213489118610037,0.017098137891590613,0.017098137891590613,0.02544450217381399,0.02544450217381399
ID_8XAE26,0.02911597944908248,0.02911597944908248,0.02283200957025779,0.02283200957025779,0.23457692918681164,0.23457692918681164,0.02911597944908248,0.02911597944908248
ID_4OPMF7,0.0241342324189716,0.0241342324189716,0.011133134821421392,0.011133134821421392,0.017309780798962265,0.017309780798962265,0.0241342324189716,0.0241342324189716
ID_N4FQXD,0.0241342324189716,0.0241342324189716,0.01113519513480082,0.01113519513480082,0.017239308526300148,0.017239308526300148,0.0241342324189716,0.0241342324189716
ID_BLEVN1,0.025190049247605338,0.025190049247605338,0.011564166688454596,0.011564166688454596,0.017261098759034928,0.017261098759034928,0.025190049247605338,0.025190049247605338
ID_LHUDOH,0.02544450217381399,0.02544450217381399,0.010934639817301525,0.010934639817301525,0.016145158887144778,0.016145158887144778,0.02544450217381399,0.02544450217381399
ID_OKOAZY,0.02544450217381399,0.02544450217381399,0.01155253172181147,0.01155253172181147,0.015209052948901444,0.015209052948901444,0.02544450217381399,0.02544450217381399
ID_E57G26,0.025199639349768273,0.025199639349768273,0.011774877888071524,0.011774877888071524,0.017257033586523526,0.017257033586523526,0.025199639349768273,0.025199639349768273
ID_2STV22,0.02796822582958535,0.02796822582958535,0.016315906255335813,0.016315906255335813,0.053650315454789384,0.053650315454789384,0.02796822582958535,0.02796822582958535
ID_7UZ55C,0.025454092275976923,0.025454092275976923,0.01177339202937942,0.01177339202937942,0.017075865494371928,0.017075865494371928,0.025454092275976923,0.025454092275976923
ID_DD2PDS,0.025190049247605338,0.025190049247605338,0.01137247336203206,0.01137247336203206,0.017261098759034928,0.017261098759034928,0.025190049247605338,0.025190049247605338
ID_KDHH6J,0.02544450217381399,0.02544450217381399,0.011207703281067466,0.011207703281067466,0.01632102893752085,0.01632102893752085,0.02544450217381399,0.02544450217381399
ID_A7UKVZ,0.027385890183059175,0.027385890183059175,0.01645920835348908,0.01645920835348908,0.043485801028689076,0.043485801028689076,0.027385890183059175,0.027385890183059175
ID_663PZ9,0.02544450217381399,0.02544450217381399,0.011006454224489103,0.011006454224489103,0.01681250271562394,0.01681250271562394,0.02544450217381399,0.02544450217381399
ID_URF0I1,0.027271095815786746,0.027271095815786746,0.017140326757192865,0.017140326757192865,0.0485243670651503,0.0485243670651503,0.027271095815786746,0.027271095815786746
ID_4N5TQ6,0.02544450217381399,0.02544450217381399,0.01155253172181147,0.01155253172181147,0.015209052948901444,0.015209052948901444,0.02544450217381399,0.02544450217381399
ID_60ZK2I,0.025199639349768273,0.025199639349768273,0.011779083265462738,0.011779083265462738,0.017257033586523526,0.017257033586523526,0.025199639349768273,0.025199639349768273
ID_QC43VZ,0.026659570991083178,0.026659570991083178,0.01639890654220024,0.01639890654220024,0.048096980092045376,0.048096980092045376,0.026659570991083178,0.026659570991083178
ID_13U1NY,0.025190049247605338,0.025190049247605338,0.01156599781588008,0.01156599781588008,0.015396037814162893,0.015396037814162893,0.025190049247605338,0.025190049247605338
ID_1VBX12,0.02544450217381399,0.02544450217381399,0.01136851611918332,0.01136851611918332,0.01735084990602097,0.01735084990602097,0.02544450217381399,0.02544450217381399
ID_7HH53L,0.02544450217381399,0.02544450217381399,0.01155253172181147,0.01155253172181147,0.015209052948901444,0.015209052948901444,0.02544450217381399,0.02544450217381399
ID_O7C7KQ,0.02544450217381399,0.02544450217381399,0.011207703281067466,0.011207703281067466,0.01632102893752085,0.01632102893752085,0.02544450217381399,0.02544450217381399
ID_G5JSBH,0.025190049247605338,0.025190049247605338,0.011542726142985037,0.011542726142985037,0.016483989804965165,0.016483989804965165,0.025190049247605338,0.025190049247605338
ID_VKKIH3,0.025199639349768273,0.025199639349768273,0.011555935669102096,0.011555935669102096,0.017257033586523526,0.017257033586523526,0.025199639349768273,0.025199639349768273
ID_665YVK,0.0241342324189716,0.0241342324189716,0.011133134821421392,0.011133134821421392,0.017309780798962265,0.017309780798962265,0.0241342324189716,0.0241342324189716
ID_I3WYPK,0.0241342324189716,0.0241342324189716,0.01113519513480082,0.01113519513480082,0.017239308526300148,0.017239308526300148,0.0241342324189716,0.0241342324189716
ID_UVJVQX,0.026659570991083178,0.026659570991083178,0.01639890654220024,0.01639890654220024,0.048096980092045376,0.048096980092045376,0.026659570991083178,0.026659570991083178
ID_574Q8E,0.02544450217381399,0.02544450217381399,0.011014872809078674,0.011014872809078674,0.01549834095787195,0.01549834095787195,0.02544450217381399,0.02544450217381399
ID_L6LXEE,0.027385890183059175,0.027385890183059175,0.016218810579400483,0.016218810579400483,0.04359321522257896,0.04359321522257896,0.027385890183059175,0.027385890183059175
ID_74MOYS,0.025199639349768273,0.025199639349768273,0.011557877893866444,0.011557877893866444,0.017257033586523526,0.017257033586523526,0.025199639349768273,0.025199639349768273
ID_N6IRKL,0.02544450217381399,0.02544450217381399,0.011014872809078674,0.011014872809078674,0.01549834095787195,0.01549834095787195,0.02544450217381399,0.02544450217381399
ID_3F60LX,0.025190049247605338,0.025190049247605338,0.011307131149091727,0.011307131149091727,0.01541487418633965,0.01541487418633965,0.025190049247605338,0.025190049247605338
ID_D6GTQM,0.02544450217381399,0.02544450217381399,0.010670045222871778,0.010670045222871778,0.01549834095787195,0.01549834095787195,0.02544450217381399,0.02544450217381399
ID_28MU6X,0.02544450217381399,0.02544450217381399,0.010979176388214952,0.010979176388214952,0.01775065325446163,0.01775065325446163,0.02544450217381399,0.02544450217381399
ID_4EA27V,0.02544450217381399,0.02544450217381399,0.011209633312105753,0.011209633312105753,0.015227260173608727,0.015227260173608727,0.02544450217381399,0.02544450217381399
ID_JMKVHA,0.02430860308196365,0.02430860308196365,0.011086151019444606,0.011086151019444606,0.015101399313660904,0.015101399313660904,0.02430860308196365,0.02430860308196365
ID_T8PROT,0.02544450217381399,0.02544450217381399,0.011554280713961975,0.011554280713961975,0.015209052948901444,0.015209052948901444,0.02544450217381399,0.02544450217381399
ID_KFZT1Z,0.21784034298688282,0.21784034298688282,0.11079826085402308,0.11079826085402308,0.1512957764302112,0.1512957764302112,0.21784034298688282,0.21784034298688282
ID_1L92EP,0.02544450217381399,0.02544450217381399,0.010934521186512839,0.010934521186512839,0.01531375873851365,0.01531375873851365,0.02544450217381399,0.02544450217381399
ID_D16TQ3,0.024951929682267632,0.024951929682267632,0.010842586327160595,0.010842586327160595,0.016680825082566263,0.016680825082566263,0.024951929682267632,0.024951929682267632
ID_4KJBXU,0.0241342324189716,0.0241342324189716,0.011134956820172534,0.011134956820172534,0.017239308526300148,0.017239308526300148,0.0241342324189716,0.0241342324189716
ID_HAGZ8S,0.02544450217381399,0.02544450217381399,0.011291109274175442,0.011291109274175442,0.016171227485556272,0.016171227485556272,0.02544450217381399,0.02544450217381399
ID_BZOPQK,0.025199639349768273,0.025199639349768273,0.011779083265462738,0.011779083265462738,0.016483989804965165,0.016483989804965165,0.025199639349768273,0.025199639349768273
ID_83J5WV,0.025190049247605338,0.025190049247605338,0.01137247336203206,0.01137247336203206,0.017261098759034928,0.017261098759034928,0.025190049247605338,0.025190049247605338
ID_2WYS02,0.02544450217381399,0.02544450217381399,0.01093792654635765,0.01093792654635765,0.016171227485556272,0.016171227485556272,0.02544450217381399,0.02544450217381399
ID_OHLMK5,0.21706587376536224,0.21706587376536224,0.11146179553335231,0.11146179553335231,0.1508468453181132,0.1508468453181132,0.21706587376536224,0.21706587376536224
ID_TENL85,0.02544450217381399,0.02544450217381399,0.011588931326545716,0.011588931326545716,0.016171227485556272,0.016171227485556272,0.02544450217381399,0.02544450217381399
ID_BIVD7V,0.02544450217381399,0.02544450217381399,0.011211279581217372,0.011211279581217372,0.015227260173608727,0.015227260173608727,0.02544450217381399,0.02544450217381399
ID_J28DNK,0.02544450217381399,0.02544450217381399,0.011772222966253586,0.011772222966253586,0.016302821712813567,0.016302821712813567,0.02544450217381399,0.02544450217381399
ID_BWIO8Z,0.025454092275976923,0.025454092275976923,0.011776008262925429,0.011776008262925429,0.016302821712813567,0.016302821712813567,0.025454092275976923,0.025454092275976923
ID_OCWO27,0.02544450217381399,0.02544450217381399,0.011576742045367813,0.011576742045367813,0.017258513802604538,0.017258513802604538,0.02544450217381399,0.02544450217381399
ID_IGHXNY,0.024601591653644363,0.024601591653644363,0.01577728555500888,0.01577728555500888,0.0386347956552603,0.0386347956552603,0.024601591653644363,0.024601591653644363
ID_LIIIBA,0.026894673056865458,0.026894673056865458,0.01603289116843485,0.01603289116843485,0.056059100603048626,0.056059100603048626,0.026894673056865458,0.026894673056865458
ID_1PO93P,0.0241342324189716,0.0241342324189716,0.011134956820172534,0.011134956820172534,0.017239308526300148,0.017239308526300148,0.0241342324189716,0.0241342324189716
ID_JS0FD0,0.025454092275976923,0.025454092275976923,0.011430351635107935,0.011430351635107935,0.01709407271907921,0.01709407271907921,0.025454092275976923,0.025454092275976923
ID_4YQUG6,0.024601591653644363,0.024601591653644363,0.016047608423255623,0.016047608423255623,0.03342804662440373,0.03342804662440373,0.024601591653644363,0.024601591653644363
ID_GGCNVE,0.38070642230982016,0.38070642230982016,0.2836786852741848,0.2836786852741848,0.2419217755176553,0.2419217755176553,0.38070642230982016,0.38070642230982016
ID_4MU095,0.02752113843195133,0.02752113843195133,0.016103279185471314,0.016103279185471314,0.03930012132154358,0.03930012132154358,0.02752113843195133,0.02752113843195133
ID_CF2J5G,0.38212388152865656,0.38212388152865656,0.294182769477762,0.294182769477762,0.23722649526023906,0.23722649526023906,0.38212388152865656,0.38212388152865656
ID_69KUSA,0.025454092275976923,0.025454092275976923,0.011432814201579189,0.011432814201579189,0.01709407271907921,0.01709407271907921,0.025454092275976923,0.025454092275976923
ID_47WWSO,0.02544450217381399,0.02544450217381399,0.011557507801818113,0.011557507801818113,0.015214869722011297,0.015214869722011297,0.02544450217381399,0.02544450217381399
ID_8EMU7E,0.02544450217381399,0.02544450217381399,0.011557507801818113,0.011557507801818113,0.015214869722011297,0.015214869722011297,0.02544450217381399,0.02544450217381399
ID_SSSQEE,0.02544450217381399,0.02544450217381399,0.010708705255420746,0.010708705255420746,0.01699429995524501,0.01699429995524501,0.02544450217381399,0.02544450217381399
ID_NC40LD,0.024601591653644363,0.024601591653644363,0.016049727808394885,0.016049727808394885,0.033419177499137254,0.033419177499137254,0.024601591653644363,0.024601591653644363
ID_RXX5K6,0.025454092275976923,0.025454092275976923,0.011841698641864061,0.011841698641864061,0.017258513802604538,0.017258513802604538,0.025454092275976923,0.025454092275976923
ID_O60MXV,0.02430860308196365,0.02430860308196365,0.010731816898603024,0.010731816898603024,0.015101399313660904,0.015101399313660904,0.02430860308196365,0.02430860308196365
ID_OG238E,0.025454092275976923,0.025454092275976923,0.01143236680431542,0.01143236680431542,0.01709407271907921,0.01709407271907921,0.025454092275976923,0.025454092275976923
ID_VA27BH,0.025199639349768273,0.025199639349768273,0.01154940482943274,0.01154940482943274,0.01727586995870028,0.01727586995870028,0.025199639349768273,0.025199639349768273
ID_5GVW6U,0.02544450217381399,0.02544450217381399,0.01072026566493211,0.01072026566493211,0.016975463583068253,0.016975463583068253,0.02544450217381399,0.02544450217381399
ID_74LR12,0.027385890183059175,0.027385890183059175,0.015561573675839973,0.015561573675839973,0.04376927698205656,0.04376927698205656,0.027385890183059175,0.027385890183059175
ID_345SCW,0.02544450217381399,0.02544450217381399,0.011550418099941492,0.011550418099941492,0.016302821712813567,0.016302821712813567,0.02544450217381399,0.02544450217381399
ID_AYT8DU,0.025454092275976923,0.025454092275976923,0.011430351635107935,0.011430351635107935,0.01709407271907921,0.01709407271907921,0.025454092275976923,0.025454092275976923
ID_XW5DPZ,0.02430860308196365,0.02430860308196365,0.010731578583974737,0.010731578583974737,0.015101399313660904,0.015101399313660904,0.02430860308196365,0.02430860308196365
ID_4IB9N7,0.02544450217381399,0.02544450217381399,0.011208889591816875,0.011208889591816875,0.01632102893752085,0.01632102893752085,0.02544450217381399,0.02544450217381399
ID_270DJ8,0.025190049247605338,0.025190049247605338,0.011316145714730524,0.011316145714730524,0.016483989804965165,0.016483989804965165,0.025190049247605338,0.025190049247605338
ID_NSAKGY,0.02544450217381399,0.02544450217381399,0.011005604824430738,0.011005604824430738,0.016794295490916655,0.016794295490916655,0.02544450217381399,0.02544450217381399
ID_1PTB19,0.02544450217381399,0.02544450217381399,0.011213489118610037,0.011213489118610037,0.017098137891590613,0.017098137891590613,0.02544450217381399,0.02544450217381399
ID_RDTW4J,0.025190049247605338,0.025190049247605338,0.011322244770805595,0.011322244770805595,0.016483989804965165,0.016483989804965165,0.025190049247605338,0.025190049247605338
ID_R8D4HS,0.024951929682267632,0.024951929682267632,0.010842586327160595,0.010842586327160595,0.016680825082566263,0.016680825082566263,0.024951929682267632,0.024951929682267632
ID_UF3LOQ,0.21648156946332267,0.21648156946332267,0.11541786423896942,0.11541786423896942,0.1571679790945192,0.1571679790945192,0.21648156946332267,0.21648156946332267
ID_AZRY44,0.02544450217381399,0.02544450217381399,0.011213489118610037,0.011213489118610037,0.017098137891590613,0.017098137891590613,0.02544450217381399,0.02544450217381399
ID_2KRTKC,0.02430860308196365,0.02430860308196365,0.020029057286139244,0.020029057286139244,0.030130805581248952,0.030130805581248952,0.02430860308196365,0.02430860308196365
ID_ISJZ5E,0.02430860308196365,0.02430860308196365,0.01998801738091632,0.01998801738091632,0.03685542047388578,0.03685542047388578,0.02430860308196365,0.02430860308196365
ID_DB3FQ6,0.02430860308196365,0.02430860308196365,0.01998801738091632,0.01998801738091632,0.03685542047388578,0.03685542047388578,0.02430860308196365,0.02430860308196365
ID_55KL6G,0.02430860308196365,0.02430860308196365,0.01998801738091632,0.01998801738091632,0.03685542047388578,0.03685542047388578,0.02430860308196365,0.02430860308196365
ID_X7RL40,0.02430860308196365,0.02430860308196365,0.020648462021146098,0.020648462021146098,0.03362665835383934,0.03362665835383934,0.02430860308196365,0.02430860308196365
ID_38TR4Q,0.02430860308196365,0.02430860308196365,0.019514728876644776,0.019514728876644776,0.030130805581248952,0.030130805581248952,0.02430860308196365,0.02430860308196365
ID_L8T6ZB,0.024318193184126584,0.024318193184126584,0.021889777046633058,0.021889777046633058,0.0379574124525601,0.0379574124525601,0.024318193184126584,0.024318193184126584
ID_D1SBOO,0.02430860308196365,0.02430860308196365,0.019902796100093222,0.019902796100093222,0.030528974423939516,0.030528974423939516,0.02430860308196365,0.02430860308196365
ID_83M5MJ,0.02430860308196365,0.02430860308196365,0.01998801738091632,0.01998801738091632,0.03685542047388578,0.03685542047388578,0.02430860308196365,0.02430860308196365
ID_XOU76K,0.02430860308196365,0.02430860308196365,0.019902796100093222,0.019902796100093222,0.030528974423939516,0.030528974423939516,0.02430860308196365,0.02430860308196365
ID_IWZ84Z,0.02430860308196365,0.02430860308196365,0.019969894449485853,0.019969894449485853,0.03181477972128768,0.03181477972128768,0.02430860308196365,0.02430860308196365
